row	matrix	label_orig	label_norm	fix
1	BMS	UNOCF	UNOCF	
2	Empty Matrix	0	0	
3	(0)	psi(0)=1	psi(0)=1	
4	(0)(0)	2	2	
5	(0)(0)(0)	3	3	
6	(0)(0)(0)(0)	4	4	
7	(0)(0)(0)(0)(0)	5	5	
8	(0)(1)	psi(1)=w	psi(1)=w	
9	(0)(1)(0)	w+1	w+1	
10	(0)(1)(0)(0)	w+2	w+2	
11	(0)(1)(0)(0)(0)	w+3	w+3	
12	(0)(1)(0)(1)	w2	w2	
13	(0)(1)(0)(1)(0)	w2+1	w2+1	
14	(0)(1)(0)(1)(0)(1)	w3	w3	
15	(0)(1)(1)	w^2 = psi(2)	w^2	alias2
16	(0)(1)(1)(0)	w^2+1	w^2+1	
17	(0)(1)(1)(0)(1)	w^2+w	w^2+w	
18	(0)(1)(1)(0)(1)(1)	w^2*2	w^2*2	
19	(0)(1)(1)(1)	w^3 = psi(3)	w^3	alias2
20	(0)(1)(2)	psi(w)	psi(w)	
21	(0)(1)(2)(0)	w^w+1	w^w+1	
22	(0)(1)(2)(0)(1)	w^w+2	w^w+2	
23	(0)(1)(2)(0)(1)(1)	w^w+w^2	w^w+w^2	
24	(0)(1)(2)(0)(1)(2)	w^w*2	w^w*2	
25	(0)(1)(2)(1)	w^(w+1) = psi(w+1)	w^(w+1)	alias2
26	(0)(1)(2)(1)(1)	w^(w+2) = psi(w+2)	w^(w+2)	alias2
27	(0)(1)(2)(1)(2)	w^(w2) = psi(w2)	w^(w2)	alias2
28	(0)(1)(2)(2)	w^w^2 = psi(psi(2))	w^w^2	alias2
29	(0)(1)(2)(3)	w^w^w = psi(psi(w))	w^w^w	alias2
30	(0)(1)(2)(3)(4)	w^w^w^w = psi(psi(psi(w)))	w^w^w^w	alias2
31	(0,0)(1,1)	psi(W)	psi(W)	
32	(0,0)(1,1)(0,0)	e0+1	e0+1	
33	(0,0)(1,1)(0,0)(1,0)	e0+w	e0+w	
34	(0,0)(1,1)(0,0)(1,0)(2,0)	e0+w^w	e0+w^w	
35	(0,0)(1,1)(0,0)(1,1)	e0*2	e0*2	
36	(0,0)(1,1)(0,0)(1,1)(0,0)(1,1)	e0*3	e0*3	
37	(0,0)(1,1)(1,0)	psi(W+1)	psi(W+1)	
38	(0,0)(1,1)(1,0)(0,0)(1,1)	e0*w+e0	e0*w+e0	
39	(0,0)(1,1)(1,0)(0,0)(1,1)(1,0)	e0*w2	e0*w2	
40	(0,0)(1,1)(1,0)(1,0)	e0*w^2 = psi(W+2)	psi(W+2)	alias2
41	(0,0)(1,1)(1,0)(2,0)	e0*w^w = psi(W+w)	psi(W+w)	alias2
42	(0,0)(1,1)(1,0)(2,0)(3,0)	e0*w^w^w = psi(W+w^w)	psi(W+w^w)	alias2
43	(0,0)(1,1)(1,0)(2,1)	e0^2 = psi(W+e0)	psi(W+e0)	alias2
44	(0,0)(1,1)(1,0)(2,1)(1,0)	e0^2*w = psi(W+e0+1)	psi(W+e0+1)	alias2
45	(0,0)(1,1)(1,0)(2,1)(1,0)(2,0)	e0^2*w^w = psi(W+e0+w)	psi(W+e0+w)	alias2
46	(0,0)(1,1)(1,0)(2,1)(1,0)(2,1)	e0^3 = psi(W+e0*2)	psi(W+e0*2)	alias2
47	(0,0)(1,1)(1,0)(2,1)(2,0)	e0^w = psi(W+e0*w)	psi(W+e0*w)	alias2
48	(0,0)(1,1)(1,0)(2,1)(2,0)(1,0)	e0^w*w = psi(W+e0*w+1)	psi(W+e0*w+1)	alias2
49	(0,0)(1,1)(1,0)(2,1)(2,0)(1,0)(2,1)	e0^(w+1) = psi(W+e0*w+e0)	psi(W+e0*w+e0)	alias2
50	(0,0)(1,1)(1,0)(2,1)(2,0)(1,0)(2,1)(2,0)	e0^(w2) = psi(W+e0*w2)	psi(W+e0*w2)	alias2
51	(0,0)(1,1)(1,0)(2,1)(2,0)(2,0)	e0^w^2 = psi(W+e0*w^2)	psi(W+e0*w^2)	alias2
52	(0,0)(1,1)(1,0)(2,1)(2,0)(3,0)	e0^w^w = psi(W+e0*w^w)	psi(W+e0*w^w)	alias2
53	(0,0)(1,1)(1,0)(2,1)(2,0)(3,1)	e0^e0 = psi(W+e0^2)	psi(W+e0^2)	alias2
54	(0,0)(1,1)(1,0)(2,1)(2,0)(3,1)(2,0)	e0^(e0*w) = psi(W+e0^2*w)	psi(W+e0^2*w)	alias2
55	(0,0)(1,1)(1,0)(2,1)(2,0)(3,1)(2,0)(3,1)	e0^e0^2 = psi(W+e0^3)	psi(W+e0^3)	alias2
56	(0,0)(1,1)(1,0)(2,1)(2,0)(3,1)(3,0)	e0^e0^w = psi(W+e0^w)	psi(W+e0^w)	alias2
57	(0,0)(1,1)(1,0)(2,1)(2,0)(3,1)(3,0)(3,0)	e0^e0^w^2 = psi(W+e0^w^2)	psi(W+e0^w^2)	alias2
58	(0,0)(1,1)(1,0)(2,1)(2,0)(3,1)(3,0)(4,0)	e0^e0^w^w = psi(W+e0^w^w)	psi(W+e0^w^w)	alias2
59	(0,0)(1,1)(1,0)(2,1)(2,0)(3,1)(3,0)(4,1)	e0^e0^e0 = psi(W+e0^e0)	psi(W+e0^e0)	alias2
60	(0,0)(1,1)(1,1)	e1 = psi(W2)	psi(W2)	alias2
61	(0,0)(1,1)(1,1)(0,0)	e1+1	e1+1	
62	(0,0)(1,1)(1,1)(0,0)(1,1)(1,1)	e1*2	e1*2	
63	(0,0)(1,1)(1,1)(1,0)	e1*w = psi(W2+1)	psi(W2+1)	alias2
64	(0,0)(1,1)(1,1)(1,0)(2,1)(2,1)	e1^2 = psi(W2+e1)	psi(W2+e1)	alias2
65	(0,0)(1,1)(1,1)(1,0)(2,1)(2,1)(2,0)	e1^w = psi(W2+e1*w)	psi(W2+e1*w)	alias2
66	(0,0)(1,1)(1,1)(1,0)(2,1)(2,1)(2,0)(3,1)(3,1)	e1^e1 = psi(W2+e1^2)	psi(W2+e1^2)	alias2
67	(0,0)(1,1)(1,1)(1,1)	e2 = psi(W3)	psi(W3)	alias2
68	(0,0)(1,1)(1,1)(1,1)(1,1)	e3 = psi(W4)	psi(W4)	alias2
69	(0,0)(1,1)(2,0)	ew = psi(W*w) = psi(psi_1(1))	psi(W*w)	alias3
70	(0,0)(1,1)(2,0)(0,0)	ew+1	ew+1	
71	(0,0)(1,1)(2,0)(0,0)(1,1)(2,0)	ew*2	ew*2	
72	(0,0)(1,1)(2,0)(1,0)	ew*w = psi(W*w+1)	psi(W*w+1)	alias2
73	(0,0)(1,1)(2,0)(1,0)(2,1)(3,0)	ew^2 = psi(W*w+ew)	psi(W*w+ew)	alias2
74	(0,0)(1,1)(2,0)(1,0)(2,1)(3,0)(2,0)	ew^w = psi(W*w+ew*w)	psi(W*w+ew*w)	alias2
75	(0,0)(1,1)(2,0)(1,0)(2,1)(3,0)(2,0)(3,1)(4,0)	ew^ew = psi(W*w+ew^2)	psi(W*w+ew^2)	alias2
76	(0,0)(1,1)(2,0)(1,1)	e(w+1) = psi(W*w+W)	psi(W*w+W)	alias2
77	(0,0)(1,1)(2,0)(1,1)(1,1)	e(w+2) = psi(W*w+W2)	psi(W*w+W2)	alias2
78	(0,0)(1,1)(2,0)(1,1)(2,0)	e(w2) = psi(W*w2)	psi(W*w2)	alias2
79	(0,0)(1,1)(2,0)(2,0)	e(w^2) = psi(W*w^2) = psi(psi_1(2))	psi(W*w^2)	alias3
80	(0,0)(1,1)(2,0)(3,0)	e(w^w) = psi(W*w^w) = psi(psi_1(w))	psi(W*w^w)	alias3
81	(0,0)(1,1)(2,0)(3,1)	ee0 = psi(W*e0) = psi(psi_1(e0))	psi(W*e0)	alias3
82	(0,0)(1,1)(2,0)(3,1)(1,1)	e(e0+1) = psi(W*e0+W)	psi(W*e0+W)	alias2
83	(0,0)(1,1)(2,0)(3,1)(1,1)(2,0)(3,1)	e(e0*2) = psi(W*e0*2)	psi(W*e0*2)	alias2
84	(0,0)(1,1)(2,0)(3,1)(2,0)	e(e0*w) = psi(W*e0*w)	psi(W*e0*w)	alias2
85	(0,0)(1,1)(2,0)(3,1)(2,0)(3,1)	e(e0^2) = psi(W*e0^2)	psi(W*e0^2)	alias2
86	(0,0)(1,1)(2,0)(3,1)(3,0)	e(e0^w) = psi(W*e0^w)	psi(W*e0^w)	alias2
87	(0,0)(1,1)(2,0)(3,1)(3,0)(4,1)	e(e0^e0) = psi(W*e0^e0)	psi(W*e0^e0)	alias2
88	(0,0)(1,1)(2,0)(3,1)(3,1)	ee1 = psi(W*e1)	psi(W*e1)	alias2
89	(0,0)(1,1)(2,0)(3,1)(4,0)	eew = psi(W*ew)	psi(W*ew)	alias2
90	(0,0)(1,1)(2,0)(3,1)(4,0)(5,1)	eee0 = psi(W*ee0)	psi(W*ee0)	alias2
91	(0,0)(1,1)(2,1)	z0 = psi(W^2) = psi(psi_1(W))	psi(W^2)	alias3
92	(0,0)(1,1)(2,1)(0,0)	z0+1	z0+1	
93	(0,0)(1,1)(2,1)(0,0)(1,1)(2,1)	z0*2	z0*2	
94	(0,0)(1,1)(2,1)(1,0)	z0*w = psi(W^2+1)	psi(W^2+1)	alias2
95	(0,0)(1,1)(2,1)(1,0)(2,1)(3,1)	z0^2 = psi(W^2+z0)	psi(W^2+z0)	alias2
96	(0,0)(1,1)(2,1)(1,0)(2,1)(3,1)(2,0)	z0^w = psi(W^2+z0*w)	psi(W^2+z0*w)	alias2
97	(0,0)(1,1)(2,1)(1,0)(2,1)(3,1)(2,0)(3,1)(4,1)	z0^z0 = psi(W^2+z0^2)	psi(W^2+z0^2)	alias2
98	(0,0)(1,1)(2,1)(1,1)	e(z0+1) = psi(W^2+W)	psi(W^2+W)	alias2
99	(0,0)(1,1)(2,1)(1,1)(1,1)	e(z0+2) = psi(W^2+W2)	psi(W^2+W2)	alias2
100	(0,0)(1,1)(2,1)(1,1)(2,0)	e(z0+w) = psi(W^2+W*w)	psi(W^2+W*w)	alias2
101	(0,0)(1,1)(2,1)(1,1)(2,0)(3,1)	e(z0+e0) = psi(W^2+W*e0)	psi(W^2+W*e0)	alias2
102	(0,0)(1,1)(2,1)(1,1)(2,0)(3,1)(4,1)	e(z0*2) = psi(W^2+W*z0)	psi(W^2+W*z0)	alias2
103	(0,0)(1,1)(2,1)(1,1)(2,0)(3,1)(4,1)(2,0)	e(z0*w) = psi(W^2+W*z0*w)	psi(W^2+W*z0*w)	alias2
104	(0,0)(1,1)(2,1)(1,1)(2,0)(3,1)(4,1)(2,0)(3,1)(4,1)	e(z0^2) = psi(W^2+W*z0^2)	psi(W^2+W*z0^2)	alias2
105	(0,0)(1,1)(2,1)(1,1)(2,0)(3,1)(4,1)(3,0)	e(z0^w) = psi(W^2+W*z0^w)	psi(W^2+W*z0^w)	alias2
106	(0,0)(1,1)(2,1)(1,1)(2,0)(3,1)(4,1)(3,0)(4,1)(5,1)	e(z0^z0) = psi(W^2+W*z0^z0)	psi(W^2+W*z0^z0)	alias2
107	(0,0)(1,1)(2,1)(1,1)(2,0)(3,1)(4,1)(3,1)	ee(z0+1) = psi(W^2+W*e(z0+1))	psi(W^2+W*e(z0+1))	alias2
108	(0,0)(1,1)(2,1)(1,1)(2,1)	z1 = psi(W^2*2)	psi(W^2*2)	alias2
109	(0,0)(1,1)(2,1)(1,1)(2,1)(1,1)(2,1)	z2 = psi(W^2*3)	psi(W^2*3)	alias2
110	(0,0)(1,1)(2,1)(2,0)	zw = psi(W^2*w) = psi(psi_1(W+1))	psi(W^2*w)	alias3
111	(0,0)(1,1)(2,1)(2,0)(2,0)	z(w^2) = psi(W^2*w^2) = psi(psi_1(W+2))	psi(W^2*w^2)	alias3
112	(0,0)(1,1)(2,1)(2,0)(3,0)	z(w^w) = psi(W^2*w^w) = psi(psi_1(W+w))	psi(W^2*w^w)	alias3
113	(0,0)(1,1)(2,1)(2,0)(3,1)	ze0 = psi(W^2*e0) = psi(psi_1(W+e0))	psi(W^2*e0)	alias3
114	(0,0)(1,1)(2,1)(2,0)(3,1)(3,1)	ze1 = psi(W^2*e1)	psi(W^2*e1)	alias2
115	(0,0)(1,1)(2,1)(2,0)(3,1)(4,0)	zew = psi(W^2*ew)	psi(W^2*ew)	alias2
116	(0,0)(1,1)(2,1)(2,0)(3,1)(4,0)(5,1)	zee0 = psi(W^2*ee0)	psi(W^2*ee0)	alias2
117	(0,0)(1,1)(2,1)(2,0)(3,1)(4,1)	zz0 = psi(W^2*z0) = psi(psi_1(W+z0))	psi(W^2*z0)	alias3
118	(0,0)(1,1)(2,1)(2,0)(3,1)(4,1)(3,1)(4,1)	zz1 = psi(W^2*z1)	psi(W^2*z1)	alias2
119	(0,0)(1,1)(2,1)(2,0)(3,1)(4,1)(4,0)	zzw = psi(W^2*zw)	psi(W^2*zw)	alias2
120	(0,0)(1,1)(2,1)(2,0)(3,1)(4,1)(4,0)(5,1)	zze0 = psi(W^2*ze0)	psi(W^2*ze0)	alias2
121	(0,0)(1,1)(2,1)(2,0)(3,1)(4,1)(4,0)(5,1)(6,1)	zzz0 = psi(W^2*zz0)	psi(W^2*zz0)	alias2
122	(0,0)(1,1)(2,1)(2,1)	phi(3,0) = psi(W^3) = psi(psi_1(W2))	psi(W^3)	alias3
123	(0,0)(1,1)(2,1)(2,1)(1,1)	e(phi(3,0)+1) = psi(W^3+W)	psi(W^3+W)	alias2
124	(0,0)(1,1)(2,1)(2,1)(1,1)(2,1)	z(phi(3,0)+1) = psi(W^3+W^2)	psi(W^3+W^2)	alias2
125	(0,0)(1,1)(2,1)(2,1)(1,1)(2,1)(2,1)	phi(3,1) = psi(W^3*2)	psi(W^3*2)	alias2
126	(0,0)(1,1)(2,1)(2,1)(2,0)	phi(3,w) = psi(W^3*w) = psi(psi_1(W2+1))	psi(W^3*w)	alias3
127	(0,0)(1,1)(2,1)(2,1)(2,0)(3,1)	phi(3,e0) = psi(W^3*e0)	psi(W^3*e0)	alias2
128	(0,0)(1,1)(2,1)(2,1)(2,0)(3,1)(4,1)	phi(3,z0) = psi(W^3*z0)	psi(W^3*z0)	alias2
129	(0,0)(1,1)(2,1)(2,1)(2,0)(3,1)(4,1)(4,1)	phi(3,phi(3,0)) = psi(W^3*phi(3,0))	psi(W^3*phi(3,0))	alias2
130	(0,0)(1,1)(2,1)(2,1)(2,1)	phi(4,0) = psi(W^4) = psi(psi_1(W3))	psi(W^4)	alias3
131	(0,0)(1,1)(2,1)(2,1)(2,1)(2,1)	phi(5,0) = psi(W^5) = psi(psi_1(W4))	psi(W^5)	alias3
132	(0,0)(1,1)(2,1)(3,0)	phi(w,0) = psi(W^w) = psi(psi_1(W*w))	psi(W^w)	alias3
133	(0,0)(1,1)(2,1)(3,0)(1,1)	e(phi(w,0)+1) = psi(W^w+W)	psi(W^w+W)	alias2
134	(0,0)(1,1)(2,1)(3,0)(1,1)(2,1)	z(phi(w,0)+1) = psi(W^w+W^2)	psi(W^w+W^2)	alias2
135	(0,0)(1,1)(2,1)(3,0)(1,1)(2,1)(2,1)	phi(3,phi(w,0)+1) = psi(W^w+W^3)	psi(W^w+W^3)	alias2
136	(0,0)(1,1)(2,1)(3,0)(1,1)(2,1)(3,0)	phi(w,1) = psi(W^w*2)	psi(W^w*2)	alias2
137	(0,0)(1,1)(2,1)(3,0)(2,0)	phi(w,w) = psi(W^w*w) = psi(psi_1(W*w+1))	psi(W^w*w)	alias3
138	(0,0)(1,1)(2,1)(3,0)(2,0)(3,1)(4,1)(5,0)	phi(w,phi(w,0)) = psi(W^w*phi(w,0))	psi(W^w*phi(w,0))	alias2
139	(0,0)(1,1)(2,1)(3,0)(2,1)	phi(w+1,0) = psi(W^(w+1)) = psi(psi_1(W*w+W))	psi(W^(w+1))	alias3
140	(0,0)(1,1)(2,1)(3,0)(2,1)(3,0)	phi(w2,0) = psi(W^(w2)) = psi(psi_1(W*w2))	psi(W^(w2))	alias3
141	(0,0)(1,1)(2,1)(3,0)(3,0)	phi(w^2,0) = psi(W^w^2) = psi(psi_1(W*w^2))	psi(W^w^2)	alias3
142	(0,0)(1,1)(2,1)(3,0)(4,0)	phi(w^w,0) = psi(W^w^w) = psi(psi_1(W*w^w))	psi(W^w^w)	alias3
143	(0,0)(1,1)(2,1)(3,0)(4,1)	phi(e0,0) = psi(W^e0) = psi(psi_1(W*e0))	psi(W^e0)	alias3
144	(0,0)(1,1)(2,1)(3,0)(4,1)(5,1)	phi(z0,0) = psi(W^z0) = psi(psi_1(W*z0))	psi(W^z0)	alias3
145	(0,0)(1,1)(2,1)(3,0)(4,1)(5,1)(6,0)	phi(phi(w,0),0) = psi(W^phi(w,0))	psi(W^phi(w,0))	alias2
146	(0,0)(1,1)(2,1)(3,1)	G0 = psi(W^W) = psi(psi_1(W^2))	psi(W^W)	alias3
147	(0,0)(1,1)(2,1)(3,1)(1,1)	e(G0+1) = psi(W^W+W)	psi(W^W+W)	alias2
148	(0,0)(1,1)(2,1)(3,1)(1,1)(2,1)	z(G0+1) = psi(W^W+W^2)	psi(W^W+W^2)	alias2
149	(0,0)(1,1)(2,1)(3,1)(1,1)(2,1)(3,0)	phi(w,G0+1) = psi(W^W+W^w)	psi(W^W+W^w)	alias2
150	(0,0)(1,1)(2,1)(3,1)(1,1)(2,1)(3,0)(4,1)(5,1)(6,1)	phi(G0,1) = psi(W^W+W^G0)	psi(W^W+W^G0)	alias2
151	(0,0)(1,1)(2,1)(3,1)(1,1)(2,1)(3,0)(4,1)(5,1)(6,1)(2,1)	phi(G0+1,0) = psi(W^W+W^(G0+1))	psi(W^W+W^(G0+1))	alias2
152	(0,0)(1,1)(2,1)(3,1)(1,1)(2,1)(3,1)	G1 = psi(W^W*2)	psi(W^W*2)	alias2
153	(0,0)(1,1)(2,1)(3,1)(2,0)	Gw = psi(W^W*w) = psi(psi_1(W^2+1))	psi(W^W*w)	alias3
154	(0,0)(1,1)(2,1)(3,1)(2,0)(3,1)(4,1)(5,1)	GG0 = psi(W^W*G0) = psi(psi_1(W^2+G0))	psi(W^W*G0)	alias3
155	(0,0)(1,1)(2,1)(3,1)(2,1)	phi(1,1,0) = psi(W^(W+1)) = psi(psi_1(W^2+W))	psi(W^(W+1))	alias3
156	(0,0)(1,1)(2,1)(3,1)(2,1)(2,1)	phi(1,2,0) = psi(W^(W+2)) = psi(psi_1(W^2+W2))	psi(W^(W+2))	alias3
157	(0,0)(1,1)(2,1)(3,1)(2,1)(3,0)	phi(1,w,0) = psi(W^(W+w)) = psi(psi_1(W^2+W*w))	psi(W^(W+w))	alias3
158	(0,0)(1,1)(2,1)(3,1)(2,1)(3,1)	phi(2,0,0) = psi(W^(W2)) = psi(psi_1(W^2*2))	psi(W^(W2))	alias3
159	(0,0)(1,1)(2,1)(3,1)(3,0)	phi(w,0,0) = psi(W^(W*w)) = psi(psi_1(W^2*w))	psi(W^(W*w))	alias3
160	(0,0)(1,1)(2,1)(3,1)(3,1)	phi(1,0,0,0) = psi(W^W^2) = psi(psi_1(W^3))	psi(W^W^2)	alias3
161	(0,0)(1,1)(2,1)(3,1)(3,1)(3,1)	phi(1,0,0,0,0) = psi(W^W^3) = psi(psi_1(W^4))	psi(W^W^3)	alias3
162	(0,0)(1,1)(2,1)(3,1)(4,0)	psi(W^W^w) = psi(psi_1(W^w))	psi(W^W^w)	alias2
163	(0,0)(1,1)(2,1)(3,1)(4,0)(3,0)	psi(W^(W^w*w) = psi(psi_1(W^w+1))	psi(W^(W^w*w))	alias2,paren+1
164	(0,0)(1,1)(2,1)(3,1)(4,0)(3,1)	psi(W^W^(w+1)) = psi(psi_1(W^(w+1)))	psi(W^W^(w+1))	alias2
165	(0,0)(1,1)(2,1)(3,1)(4,0)(3,1)(4,0)	psi(W^W^(w2)) = psi(psi_1(W^(w2)))	psi(W^W^(w2))	alias2
166	(0,0)(1,1)(2,1)(3,1)(4,0)(4,0)	psi(W^W^w^2) = psi(psi_1(W^w^2))	psi(W^W^w^2)	alias2
167	(0,0)(1,1)(2,1)(3,1)(4,0)(5,0)	psi(W^W^w^w) = psi(psi_1(W^w^w))	psi(W^W^w^w)	alias2
168	(0,0)(1,1)(2,1)(3,1)(4,0)(5,1)	psi(W^W^e0) = psi(psi_1(W^e0))	psi(W^W^e0)	alias2
169	(0,0)(1,1)(2,1)(3,1)(4,1)	psi(W^W^W) = psi(psi_1(W^W))	psi(W^W^W)	alias2
170	(0,0)(1,1)(2,1)(3,1)(4,1)(3,1)	psi(W^W^(W+1)) = psi(psi_1(W^(W+1)))	psi(W^W^(W+1))	alias2
171	(0,0)(1,1)(2,1)(3,1)(4,1)(3,1)(4,0)	psi(W^W^(W+w)) = psi(psi_1(W^(W+w)))	psi(W^W^(W+w))	alias2
172	(0,0)(1,1)(2,1)(3,1)(4,1)(3,1)(4,1)	psi(W^W^(W2)) = psi(psi_1(W^(W2)))	psi(W^W^(W2))	alias2
173	(0,0)(1,1)(2,1)(3,1)(4,1)(4,0)	psi(W^W^(W*w)) = psi(psi_1(W^(W*w)))	psi(W^W^(W*w))	alias2
174	(0,0)(1,1)(2,1)(3,1)(4,1)(4,0)(5,1)	psi(W^W^(W*e0)) = psi(psi_1(w^(W*e0)))	psi(W^W^(W*e0))	alias2
175	(0,0)(1,1)(2,1)(3,1)(4,1)(4,1)	psi(W^W^W^2) = psi(psi_1(W^W^2))	psi(W^W^W^2)	alias2
176	(0,0)(1,1)(2,1)(3,1)(4,1)(5,0)	psi(W^W^W^w) = psi(psi_1(W^W^w)))	psi(W^W^W^w)	alias2,paren-1
177	(0,0)(1,1)(2,1)(3,1)(4,1)(5,0)(6,1)	psi(W^W^W^e0) = psi(psi_1(W^W^e0))	psi(W^W^W^e0)	alias2
178	(0,0)(1,1)(2,1)(3,1)(4,1)(5,1)	psi(W^W^W^W) = psi(psi_1(W^W^W))	psi(W^W^W^W)	alias2
179	(0,0)(1,1)(2,1)(3,1)(4,1)(5,1)(6,1)	psi(W^W^W^W^W) = psi(psi_1(W^W^W^W))	psi(W^W^W^W^W)	alias2
180	(0,0)(1,1)(2,2)	psi(W_2) = psi(psi_2(0)) = psi(psi_I(1))	psi(W_2)	alias3
181	(0,0)(1,1)(2,2)(1,0)	psi(W_2)*w	psi(W_2)*w	
182	(0,0)(1,1)(2,2)(1,1)	psi(W_2+W)	psi(W_2+W)	
183	(0,0)(1,1)(2,2)(1,1)(1,1)	psi(W_2+W*2)	psi(W_2+W*2)	
184	(0,0)(1,1)(2,2)(1,1)(2,0)	psi(W_2+W*w)	psi(W_2+W*w)	
185	(0,0)(1,1)(2,2)(1,1)(2,1)	psi(W_2+W^2)	psi(W_2+W^2)	
186	(0,0)(1,1)(2,2)(1,1)(2,1)(3,0)	psi(W_2+W^w)	psi(W_2+W^w)	
187	(0,0)(1,1)(2,2)(1,1)(2,1)(3,1)	psi(W_2+W^W)	psi(W_2+W^W)	
188	(0,0)(1,1)(2,2)(1,1)(2,2)	psi(W_2+e(W+1)) = psi(W_2+psi_1(W_2))	psi(W_2+e(W+1))	alias2
189	(0,0)(1,1)(2,2)(1,1)(2,2)(1,1)(2,2)	psi(W_2+psi_1(W_2)*2) = psi(W_2+e(W+1)*2)	psi(W_2+psi_1(W_2)*2)	alias2
190	(0,0)(1,1)(2,2)(2,0)	psi(W_2+psi_1(W_2)*w) = psi(W_2+e(W+1)*w) = psi(W_2+psi_1(W_2+1))	psi(W_2+psi_1(W_2)*w)	alias3
191	(0,0)(1,1)(2,2)(2,1)	psi(W_2+psi_1(W_2)*W) = psi(W_2+e(W+1)*W) = psi(W_2+psi_1(W_2+W))	psi(W_2+psi_1(W_2)*W)	alias3
192	(0,0)(1,1)(2,2)(2,1)(2,1)	psi(W_2+psi_1(W_2)*W^2) = psi(W_2+e(W+1)*W^2) = psi(W_2+psi_1(W_2+W*2))	psi(W_2+psi_1(W_2)*W^2)	alias3
193	(0,0)(1,1)(2,2)(2,1)(3,0)	psi(W_2+psi_1(W_2)*W^w) = psi(W_2+e(W+1)*W^w) = psi(W_2+psi_1(W_2+W*w))	psi(W_2+psi_1(W_2)*W^w)	alias3
194	(0,0)(1,1)(2,2)(2,1)(3,1)	psi(W_2+psi_1(W_2)*W^W) = psi(W_2+e(W+1)*W^W) = psi(W_2+psi_1(W_2+W^2))	psi(W_2+psi_1(W_2)*W^W)	alias3
195	(0,0)(1,1)(2,2)(2,1)(3,2)	psi(W_2+psi_1(W_2)^2) = psi(W_2+e(W+1)^2) = psi(W_2+psi_1(W_2+psi_1(W_2)))	psi(W_2+psi_1(W_2)^2)	alias3
196	(0,0)(1,1)(2,2)(2,1)(3,2)(2,1)	psi(W_2+psi_1(W_2)^2*W) = psi(W_2+e(W+1)^2*W) = psi(W_2+psi_1(W_2+psi_1(W_2)+W))	psi(W_2+psi_1(W_2)^2*W)	alias3
197	(0,0)(1,1)(2,2)(2,1)(3,2)(2,1)(3,2)	psi(W_2+psi_1(W_2)^3) = psi(W_2+e(W+1)^3) = psi(W_2+psi_1(W_2+psi_1(W_2)*2))	psi(W_2+psi_1(W_2)^3)	alias3
198	(0,0)(1,1)(2,2)(2,1)(3,2)(3,0)	psi(W_2+psi_1(W_2)^w) = psi(W_2+e(W+1)^w) = psi(W_2+psi_1(W_2+psi_1(W_2+1)))	psi(W_2+psi_1(W_2)^w)	alias3
199	(0,0)(1,1)(2,2)(2,1)(3,2)(3,1)	psi(W_2+psi_1(W_2)^W) = psi(W_2+e(W+1)^W) = psi(W_2+psi_1(W_2+psi_1(W_2+W)))	psi(W_2+psi_1(W_2)^W)	alias3
200	(0,0)(1,1)(2,2)(2,1)(3,2)(3,1)(4,2)	psi(W_2+psi_1(W_2)^psi_1(W_2)) = psi(W_2+e(W+1)^e(W+1)) = psi(W_2+psi_1(W_2+psi_1(W_2+psi_1(W_2))))	psi(W_2+psi_1(W_2)^psi_1(W_2))	alias3
201	(0,0)(1,1)(2,2)(2,2)	psi(W_2*2)	psi(W_2*2)	
202	(0,0)(1,1)(2,2)(2,2)(2,2)	psi(W_2*3)	psi(W_2*3)	
203	(0,0)(1,1)(2,2)(3,0)	psi(W_2*w) = psi(psi_2(1))	psi(W_2*w)	alias2
204	(0,0)(1,1)(2,2)(3,1)	psi(W_2*W) = psi(psi_2(W))	psi(W_2*W)	alias2
205	(0,0)(1,1)(2,2)(3,1)(2,2)	psi(W_2*W+W_2)	psi(W_2*W+W_2)	
206	(0,0)(1,1)(2,2)(3,1)(2,2)(3,0)	psi(W_2*W+W_2*w)	psi(W_2*W+W_2*w)	
207	(0,0)(1,1)(2,2)(3,1)(2,2)(3,1)	psi(W_2*W2)	psi(W_2*W2)	
208	(0,0)(1,1)(2,2)(3,1)(3,0)	psi(W_2*W*w) = psi(psi_2(W+1))	psi(W_2*W*w)	alias2
209	(0,0)(1,1)(2,2)(3,1)(3,1)	psi(W_2*W^2) = psi(psi_2(W2))	psi(W_2*W^2)	alias2
210	(0,0)(1,1)(2,2)(3,1)(4,0)	psi(W_2*W^w) = psi(psi_2(W*w))	psi(W_2*W^w)	alias2
211	(0,0)(1,1)(2,2)(3,1)(4,1)	psi(W_2*W^W) = psi(psi_2(W^2))	psi(W_2*W^W)	alias2
212	(0,0)(1,1)(2,2)(3,1)(4,1)(5,1)	psi(W_2*W^W^W) = psi(psi_2(W^W))	psi(W_2*W^W^W)	alias2
213	(0,0)(1,1)(2,2)(3,1)(4,2)	psi(W_2*psi_1(W_2)) = psi(W_2*e(W+1)) = psi(psi_2(psi_1(W_2)))	psi(W_2*psi_1(W_2))	alias3
214	(0,0)(1,1)(2,2)(3,1)(4,2)(5,1)	psi(W_2*psi_1(W_2*W)) = psi(W_2*e(W2)) = psi(psi_2(psi_1(W_2*W)))	psi(W_2*psi_1(W_2*W))	alias3
215	(0,0)(1,1)(2,2)(3,1)(4,2)(5,1)(6,2)	psi(W_2*psi_1(W_2*psi_1(W_2))) = psi(W_2*ee(W+1)) = psi(psi_2(psi_1(psi_2(psi_1(W_2)))))	psi(W_2*psi_1(W_2*psi_1(W_2)))	alias3
216	(0,0)(1,1)(2,2)(3,2)	psi(W_2^2) = psi(psi_2(W_2))	psi(W_2^2)	alias2
217	(0,0)(1,1)(2,2)(3,2)(2,2)	psi(W_2^2+W_2)	psi(W_2^2+W_2)	
218	(0,0)(1,1)(2,2)(3,2)(2,2)(3,2)	psi(W_2^2*2)	psi(W_2^2*2)	
219	(0,0)(1,1)(2,2)(3,2)(3,0)	psi(W_2^2*w) = psi(psi_2(W_2+1))	psi(W_2^2*w)	alias2
220	(0,0)(1,1)(2,2)(3,2)(3,1)	psi(W_2^2*W) = psi(psi_2(W_2+W))	psi(W_2^2*W)	alias2
221	(0,0)(1,1)(2,2)(3,2)(3,2)	psi(W_2^3) = psi(psi_2(W_2^2))	psi(W_2^3)	alias2
222	(0,0)(1,1)(2,2)(3,2)(4,0)	psi(W_2^w) = psi(psi_2(W_2*w))	psi(W_2^w)	alias2
223	(0,0)(1,1)(2,2)(3,2)(4,1)	psi(W_2^W) = psi(psi_2(W_2*W))	psi(W_2^W)	alias2
224	(0,0)(1,1)(2,2)(3,2)(4,1)(5,2)	psi(W_2^psi_1(W_2)) = psi(W_2^e(W+1)) = psi(psi_2(W*psi_1(W_2)))	psi(W_2^psi_1(W_2))	alias3
225	(0,0)(1,1)(2,2)(3,2)(4,2)	psi(W_2^W_2) = psi(psi_2(W_2^2))	psi(W_2^W_2)	alias2
226	(0,0)(1,1)(2,2)(3,2)(4,2)(2,2)(3,2)(4,2)	psi(W_2^W_2*2)	psi(W_2^W_2*2)	
227	(0,0)(1,1)(2,2)(3,2)(4,2)(3,0)	psi(W_2^W_2*w) = psi(psi_2(W_2^2+1))	psi(W_2^W_2*w)	alias2
228	(0,0)(1,1)(2,2)(3,2)(4,2)(3,1)	psi(W_2^W_2*W) = psi(psi_2(W_2^2+W))	psi(W_2^W_2*W)	alias2
229	(0,0)(1,1)(2,2)(3,2)(4,2)(3,2)	psi(W_2^(W_2+1)) = psi(psi_2(W_2^2+W_2))	psi(W_2^(W_2+1))	alias2
230	(0,0)(1,1)(2,2)(3,2)(4,2)(3,2)(4,0)	psi(W_2^(W_2+w)) = psi(psi_2(W_2^2+W_2*w))	psi(W_2^(W_2+w))	alias2
231	(0,0)(1,1)(2,2)(3,2)(4,2)(3,2)(4,1)	psi(W_2^(W_2+W)) = psi(psi_2(W_2^2+W_2*W))	psi(W_2^(W_2+W))	alias2
232	(0,0)(1,1)(2,2)(3,2)(4,2)(3,2)(4,2)	psi(W_2^(W_2*2)) = psi(psi_2(W_2^2*2))	psi(W_2^(W_2*2))	alias2
233	(0,0)(1,1)(2,2)(3,2)(4,2)(4,0)	psi(W_2^(W_2*w)) = psi(psi_2(W_2^2*w))	psi(W_2^(W_2*w))	alias2
234	(0,0)(1,1)(2,2)(3,2)(4,2)(4,1)	psi(W_2^(W_2*W)) = psi(psi_2(W_2^2*W))	psi(W_2^(W_2*W))	alias2
235	(0,0)(1,1)(2,2)(3,2)(4,2)(4,2)	psi(W_2^W_2^2) = psi(psi_2(W_2^3))	psi(W_2^W_2^2)	alias2
236	(0,0)(1,1)(2,2)(3,2)(4,2)(4,2)(4,2)	psi(W_2^W_2^3) = psi(psi_2(W_2^4))	psi(W_2^W_2^3)	alias2
237	(0,0)(1,1)(2,2)(3,2)(4,2)(5,0)	psi(W_2^W_2^w) = psi(psi_2(W_2^w))	psi(W_2^W_2^w)	alias2
238	(0,0)(1,1)(2,2)(3,2)(4,2)(5,1)	psi(W_2^W_2^W) = psi(psi_2(W_2^W))	psi(W_2^W_2^W)	alias2
239	(0,0)(1,1)(2,2)(3,2)(4,2)(5,2)	psi(W_2^W_2^W_2) = psi(psi_2(W_2^W_2))	psi(W_2^W_2^W_2)	alias2
240	(0,0)(1,1)(2,2)(3,2)(4,2)(5,2)(6,2)	psi(W_2^W_2^W_2^W_2) = psi(psi_2(W_2^W_2^W_2))	psi(W_2^W_2^W_2^W_2)	alias2
241	(0,0)(1,1)(2,2)(3,3)	psi(W_3) = psi(psi_3(0)) = psi(psi_I(2))	psi(W_3)	alias3
242	(0,0)(1,1)(2,2)(3,3)(1,1)	psi(W_3+W)	psi(W_3+W)	
243	(0,0)(1,1)(2,2)(3,3)(1,1)(2,2)	psi(W_3+psi_1(W_2))	psi(W_3+psi_1(W_2))	
244	(0,0)(1,1)(2,2)(3,3)(1,1)(2,2)(3,3)	psi(W_3+psi_1(W_3))	psi(W_3+psi_1(W_3))	
245	(0,0)(1,1)(2,2)(3,3)(2,0)	psi(W_3+psi_1(W_3)*w) = psi(W_3+psi_1(W_3+1))	psi(W_3+psi_1(W_3)*w)	alias2
246	(0,0)(1,1)(2,2)(3,3)(2,1)	psi(W_3+psi_1(W_3)*W) = psi(W_3+psi_1(W_3+W))	psi(W_3+psi_1(W_3)*W)	alias2
247	(0,0)(1,1)(2,2)(3,3)(2,2)	psi(W_3+W_2)	psi(W_3+W_2)	
248	(0,0)(1,1)(2,2)(3,3)(2,2)(3,3)	psi(W_3+psi_2(W_3)) = psi(W_3+e(W_2+1))	psi(W_3+psi_2(W_3))	alias2
249	(0,0)(1,1)(2,2)(3,3)(3,0)	psi(W_3+psi_2(W_3)*w) = psi(W_3+psi_2(W_3+1))	psi(W_3+psi_2(W_3)*w)	alias2
250	(0,0)(1,1)(2,2)(3,3)(3,1)	psi(W_3+psi_2(W_3)*W) = psi(W_3+psi_2(W_3+W))	psi(W_3+psi_2(W_3)*W)	alias2
251	(0,0)(1,1)(2,2)(3,3)(3,2)	psi(W_3+psi_2(W_3)*W_2) = psi(W_3+psi_2(W_3+W_2))	psi(W_3+psi_2(W_3)*W_2)	alias2
252	(0,0)(1,1)(2,2)(3,3)(3,3)	psi(W_3*2)	psi(W_3*2)	
253	(0,0)(1,1)(2,2)(3,3)(4,0)	psi(W_3*w) = psi(psi_3(1))	psi(W_3*w)	alias2
254	(0,0)(1,1)(2,2)(3,3)(4,1)	psi(W_3*W) = psi(psi_3(W))	psi(W_3*W)	alias2
255	(0,0)(1,1)(2,2)(3,3)(4,2)	psi(W_3*W_2) = psi(psi_3(W_2))	psi(W_3*W_2)	alias2
256	(0,0)(1,1)(2,2)(3,3)(4,3)	psi(W_3^2) = psi(psi_3(W_3))	psi(W_3^2)	alias2
257	(0,0)(1,1)(2,2)(3,3)(4,3)(4,3)	psi(W_3^3) = psi(psi_3(W_3*2))	psi(W_3^3)	alias2
258	(0,0)(1,1)(2,2)(3,3)(4,3)(5,0)	psi(W_3^w) = psi(psi_3(W_3*w))	psi(W_3^w)	alias2
259	(0,0)(1,1)(2,2)(3,3)(4,3)(5,3)	psi(W_3^W_3) = psi(psi_3(W_3^2))	psi(W_3^W_3)	alias2
260	(0,0)(1,1)(2,2)(3,3)(4,3)(5,3)(6,3)	psi(W_3^W_3^W_3) = psi(psi_3(W_3^W_3))	psi(W_3^W_3^W_3)	alias2
261	(0,0)(1,1)(2,2)(3,3)(4,4)	psi(W_4) = psi(psi_4(0)) = psi(psi_I(3))	psi(W_4)	alias3
262	(0,0)(1,1)(2,2)(3,3)(4,4)(4,4)	psi(W_4*2)	psi(W_4*2)	
263	(0,0)(1,1)(2,2)(3,3)(4,4)(5,4)	psi(W_4^2) = psi(psi_4(W_4))	psi(W_4^2)	alias2
264	(0,0)(1,1)(2,2)(3,3)(4,4)(5,4)(6,4)	psi(W_4^W_4) = psi(psi_4(W_4^2))	psi(W_4^W_4)	alias2
265	(0,0)(1,1)(2,2)(3,3)(4,4)(5,5)	psi(W_5) = psi(psi_I(4))	psi(W_5)	alias2
266	(0,0)(1,1)(2,2)(3,3)(4,4)(5,5)(6,6)	psi(W_6) = psi(psi_I(5))	psi(W_6)	alias2
267	(0,0,0)(1,1,1)	psi(W_w)	psi(W_w)	
269	(0,0,0)(1,1,1)(0,0,0)	psi(W_w)+1	psi(W_w)+1	
270	(0,0,0)(1,1,1)(0,0,0)(1,0,0)	psi(W_w)+w	psi(W_w)+w	
271	(0,0,0)(1,1,1)(0,0,0)(1,1,0)	psi(W_w)+psi(W)	psi(W_w)+psi(W)	
272	(0,0,0)(1,1,1)(0,0,0)(1,1,0)(2,2,0)	psi(W_w)+psi(W_2)	psi(W_w)+psi(W_2)	
273	(0,0,0)(1,1,1)(0,0,0)(1,1,1)	psi(W_w)*2	psi(W_w)*2	
274	(0,0,0)(1,1,1)(0,0,0)(1,1,1)(0,0,0)(1,1,1)	psi(W_w)*3	psi(W_w)*3	
275	(0,0,0)(1,1,1)(1,0,0)	psi(W_w)*w = psi(W_w+1)	psi(W_w)*w	alias2
276	(0,0,0)(1,1,1)(1,0,0)(1,0,0)	psi(W_w)*w^2 = psi(W_w+2)	psi(W_w)*w^2	alias2
277	(0,0,0)(1,1,1)(1,0,0)(2,0,0)	psi(W_w)*w^w = psi(W_w+w)	psi(W_w)*w^w	alias2
278	(0,0,0)(1,1,1)(1,0,0)(2,1,0)	psi(W_w)*psi(W) = psi(W_w+psi(W))	psi(W_w)*psi(W)	alias2
279	(0,0,0)(1,1,1)(1,0,0)(2,1,0)(3,2,0)	psi(W_w)*psi(W_2) = psi(W_w+psi(W_2))	psi(W_w)*psi(W_2)	alias2
280	(0,0,0)(1,1,1)(1,0,0)(2,1,1)	psi(W_w)^2 = psi(W_w+psi(W_w))	psi(W_w)^2	alias2
281	(0,0,0)(1,1,1)(1,0,0)(2,1,1)(1,0,0)(2,1,1)	psi(W_w)^3 = psi(W_w+psi(W_w)*2)	psi(W_w)^3	alias2
282	(0,0,0)(1,1,1)(1,0,0)(2,1,1)(2,0,0)	psi(W_w)^w = psi(W_w+psi(W_w+1))	psi(W_w)^w	alias2
283	(0,0,0)(1,1,1)(1,0,0)(2,1,1)(2,0,0)(3,1,1)	psi(W_w)^psi(W_w) = psi(W_w+psi(W_w+psi(W_w)))	psi(W_w)^psi(W_w)	alias2
284	(0,0,0)(1,1,1)(1,1,0)	psi(W_w+W)	psi(W_w+W)	
285	(0,0,0)(1,1,1)(1,1,0)(1,1,0)	psi(W_w+W2)	psi(W_w+W2)	
286	(0,0,0)(1,1,1)(1,1,0)(2,0,0)	psi(W_w+W*w)	psi(W_w+W*w)	
287	(0,0,0)(1,1,1)(1,1,0)(2,0,0)(3,1,1)	psi(W_w+W*psi(W_w))	psi(W_w+W*psi(W_w))	
288	(0,0,0)(1,1,1)(1,1,0)(2,1,0)	psi(W_w+W^2)	psi(W_w+W^2)	
289	(0,0,0)(1,1,1)(1,1,0)(2,1,0)(3,0,0)	psi(W_w+W^w)	psi(W_w+W^w)	
290	(0,0,0)(1,1,1)(1,1,0)(2,1,0)(3,1,0)	psi(W_w+W^W)	psi(W_w+W^W)	
291	(0,0,0)(1,1,1)(1,1,0)(2,1,0)(3,1,0)(4,1,0)	psi(W_w+W^W^W)	psi(W_w+W^W^W)	
292	(0,0,0)(1,1,1)(1,1,0)(2,2,0)	psi(W_w+psi_1(W_2))	psi(W_w+psi_1(W_2))	
293	(0,0,0)(1,1,1)(1,1,0)(2,2,0)(3,2,0)	psi(W_w+psi_1(W_2^2))	psi(W_w+psi_1(W_2^2))	
294	(0,0,0)(1,1,1)(1,1,0)(2,2,0)(3,3,0)	psi(W_w+psi_1(W_3))	psi(W_w+psi_1(W_3))	
295	(0,0,0)(1,1,1)(1,1,0)(2,2,0)(3,3,0)(4,4,0)	psi(W_w+psi_1(W_4))	psi(W_w+psi_1(W_4))	
296	(0,0,0)(1,1,1)(1,1,0)(2,2,1)	psi(W_w+psi_1(W_w))	psi(W_w+psi_1(W_w))	
297	(0,0,0)(1,1,1)(1,1,0)(2,2,1)(1,1,0)	psi(W_w+psi_1(W_w)+W)	psi(W_w+psi_1(W_w)+W)	
298	(0,0,0)(1,1,1)(1,1,0)(2,2,1)(1,1,0)(2,2,1)	psi(W_w+psi_1(W_w)*2)	psi(W_w+psi_1(W_w)*2)	
299	(0,0,0)(1,1,1)(1,1,0)(2,2,1)(2,0,0)	psi(W_w+psi_1(W_w)*w)	psi(W_w+psi_1(W_w)*w)	
300	(0,0,0)(1,1,1)(1,1,0)(2,2,1)(2,1,0)	psi(W_w+psi_1(W_w)*W)	psi(W_w+psi_1(W_w)*W)	
301	(0,0,0)(1,1,1)(1,1,0)(2,2,1)(2,1,0)(3,1,0)	psi(W_w+psi_1(W_w)*W^W)	psi(W_w+psi_1(W_w)*W^W)	
302	(0,0,0)(1,1,1)(1,1,0)(2,2,1)(2,1,0)(3,2,0)	psi(W_w+psi_1(W_w)*psi_1(W_2))	psi(W_w+psi_1(W_w)*psi_1(W_2))	
303	(0,0,0)(1,1,1)(1,1,0)(2,2,1)(2,1,0)(3,2,1)	psi(W_w+psi_1(W_w)^2)	psi(W_w+psi_1(W_w)^2)	
304	(0,0,0)(1,1,1)(1,1,0)(2,2,1)(2,1,0)(3,2,1)(3,1,0)	psi(W_w+psi_1(W_w)^W)	psi(W_w+psi_1(W_w)^W)	
305	(0,0,0)(1,1,1)(1,1,0)(2,2,1)(2,1,0)(3,2,1)(3,1,0)(4,2,1)	psi(W_w+psi_1(W_w)^psi_1(W_w))	psi(W_w+psi_1(W_w)^psi_1(W_w))	
306	(0,0,0)(1,1,1)(1,1,0)(2,2,1)(2,2,0)	psi(W_w+W_2)	psi(W_w+W_2)	
307	(0,0,0)(1,1,1)(1,1,0)(2,2,1)(2,2,0)(2,2,0)	psi(W_w+W_2*2)	psi(W_w+W_2*2)	
308	(0,0,0)(1,1,1)(1,1,0)(2,2,1)(2,2,0)(3,2,0)	psi(W_w+W_2^2)	psi(W_w+W_2^2)	
309	(0,0,0)(1,1,1)(1,1,0)(2,2,1)(2,2,0)(3,3,0)	psi(W_w+psi_2(W_3))	psi(W_w+psi_2(W_3))	
310	(0,0,0)(1,1,1)(1,1,0)(2,2,1)(2,2,0)(3,3,1)	psi(W_w+psi_2(W_w))	psi(W_w+psi_2(W_w))	
311	(0,0,0)(1,1,1)(1,1,0)(2,2,1)(2,2,0)(3,3,1)(3,2,0)	psi(W_w+psi_2(W_w)*W_2)	psi(W_w+psi_2(W_w)*W_2)	
312	(0,0,0)(1,1,1)(1,1,0)(2,2,1)(2,2,0)(3,3,1)(3,3,0)	psi(W_w+W_3)	psi(W_w+W_3)	
313	(0,0,0)(1,1,1)(1,1,0)(2,2,1)(2,2,0)(3,3,1)(3,3,0)(4,4,1)	psi(W_w+psi_3(W_w))	psi(W_w+psi_3(W_w))	
314	(0,0,0)(1,1,1)(1,1,0)(2,2,1)(2,2,0)(3,3,1)(3,3,0)(4,4,1)(4,4,0)	psi(W_w+W_4)	psi(W_w+W_4)	
315	(0,0,0)(1,1,1)(1,1,0)(2,2,1)(2,2,0)(3,3,1)(3,3,0)(4,4,1)(4,4,0)(5,5,1)(5,5,0)	psi(W_w+W_5)	psi(W_w+W_5)	
316	(0,0,0)(1,1,1)(1,1,1)	psi(W_w*2)	psi(W_w*2)	
317	(0,0,0)(1,1,1)(1,1,1)(1,1,0)	psi(W_w*2+W)	psi(W_w*2+W)	
318	(0,0,0)(1,1,1)(1,1,1)(1,1,0)(2,2,1)	psi(W_w*2+psi_1(W_w))	psi(W_w*2+psi_1(W_w))	
319	(0,0,0)(1,1,1)(1,1,1)(1,1,0)(2,2,1)(2,2,1)	psi(W_w*2+psi_1(W_w*2))	psi(W_w*2+psi_1(W_w*2))	
320	(0,0,0)(1,1,1)(1,1,1)(1,1,0)(2,2,1)(2,2,1)(2,1,0)	psi(W_w*2+psi_1(W_w*2)*W)	psi(W_w*2+psi_1(W_w*2)*W)	
321	(0,0,0)(1,1,1)(1,1,1)(1,1,0)(2,2,1)(2,2,1)(2,2,0)	psi(W_w*2+W_2)	psi(W_w*2+W_2)	
322	(0,0,0)(1,1,1)(1,1,1)(1,1,0)(2,2,1)(2,2,1)(2,2,0)(3,3,1)(3,3,1)(3,3,0)	psi(W_w*2+W_3)	psi(W_w*2+W_3)	
323	(0,0,0)(1,1,1)(1,1,1)(1,1,1)	psi(W_w*3)	psi(W_w*3)	
324	(0,0,0)(1,1,1)(1,1,1)(1,1,1)(1,1,1)	psi(W_w*4)	psi(W_w*4)	
325	(0,0,0)(1,1,1)(2,0,0)	psi(W_w*w)	psi(W_w*w)	
326	(0,0,0)(1,1,1)(2,0,0)(1,1,0)	psi(W_w*w+W)	psi(W_w*w+W)	
327	(0,0,0)(1,1,1)(2,0,0)(1,1,0)(2,2,1)	psi(W_w*w+psi_1(W_w))	psi(W_w*w+psi_1(W_w))	
328	(0,0,0)(1,1,1)(2,0,0)(1,1,0)(2,2,1)(3,0,0)	psi(W_w*w+psi_1(W_w*w))	psi(W_w*w+psi_1(W_w*w))	
329	(0,0,0)(1,1,1)(2,0,0)(1,1,0)(2,2,1)(3,0,0)(2,2,0)	psi(W_w*w+W_2)	psi(W_w*w+W_2)	
330	(0,0,0)(1,1,1)(2,0,0)(1,1,0)(2,2,1)(3,0,0)(2,2,0)(3,3,1)(4,0,0)(3,3,0)	psi(W_w*w+W_3)	psi(W_w*w+W_3)	
331	(0,0,0)(1,1,1)(2,0,0)(1,1,1)	psi(W_w*w+W_w)	psi(W_w*w+W_w)	
332	(0,0,0)(1,1,1)(2,0,0)(1,1,1)(1,1,1)	psi(W_w*w+W_w*2)	psi(W_w*w+W_w*2)	
333	(0,0,0)(1,1,1)(2,0,0)(1,1,1)(2,0,0)	psi(W_w*w2)	psi(W_w*w2)	
334	(0,0,0)(1,1,1)(2,0,0)(2,0,0)	psi(W_w*w^2)	psi(W_w*w^2)	
335	(0,0,0)(1,1,1)(2,0,0)(3,0,0)	psi(W_w*w^w)	psi(W_w*w^w)	
336	(0,0,0)(1,1,1)(2,0,0)(3,1,0)	psi(W_w*psi(W))	psi(W_w*psi(W))	
337	(0,0,0)(1,1,1)(2,0,0)(3,1,1)	psi(W_w*psi(W_w))	psi(W_w*psi(W_w))	
338	(0,0,0)(1,1,1)(2,1,0)	psi(W_w*W)	psi(W_w*W)	
339	(0,0,0)(1,1,1)(2,1,0)(1,1,0)	psi(W_w*W+W)	psi(W_w*W+W)	
340	(0,0,0)(1,1,1)(2,1,0)(1,1,0)(2,2,0)	psi(W_w*W+psi_1(W_2))	psi(W_w*W+psi_1(W_2))	
341	(0,0,0)(1,1,1)(2,1,0)(1,1,0)(2,2,1)	psi(W_w*W+psi_1(W_w))	psi(W_w*W+psi_1(W_w))	
342	(0,0,0)(1,1,1)(2,1,0)(1,1,0)(2,2,1)(3,0,0)	psi(W_w*W+psi_1(W_w*w))	psi(W_w*W+psi_1(W_w*w))	
343	(0,0,0)(1,1,1)(2,1,0)(1,1,0)(2,2,1)(3,0,0)(4,1,1)	psi(W_w*W+psi_1(W_w*psi(W_w)))	psi(W_w*W+psi_1(W_w*psi(W_w)))	
344	(0,0,0)(1,1,1)(2,1,0)(1,1,0)(2,2,1)(3,1,0)	psi(W_w*W+psi_1(W_w*W))	psi(W_w*W+psi_1(W_w*W))	
345	(0,0,0)(1,1,1)(2,1,0)(1,1,0)(2,2,1)(3,1,0)(1,1,0)(2,2,1)(3,1,0)	psi(W_w*W+psi_1(W_w*W)*2)	psi(W_w*W+psi_1(W_w*W)*2)	
346	(0,0,0)(1,1,1)(2,1,0)(1,1,0)(2,2,1)(3,1,0)(2,1,0)	psi(W_w*W+psi_1(W_w*W)*w)	psi(W_w*W+psi_1(W_w*W)*w)	
347	(0,0,0)(1,1,1)(2,1,0)(1,1,0)(2,2,1)(3,1,0)(2,2,0)	psi(W_w*W+W_2)	psi(W_w*W+W_2)	
348	(0,0,0)(1,1,1)(2,1,0)(1,1,0)(2,2,1)(3,1,0)(2,2,0)(3,3,1)	psi(W_w*W+psi_2(W_w))	psi(W_w*W+psi_2(W_w))	
349	(0,0,0)(1,1,1)(2,1,0)(1,1,0)(2,2,1)(3,1,0)(2,2,0)(3,3,1)(4,1,0)	psi(W_w*W+psi_2(W_w*W))	psi(W_w*W+psi_2(W_w*W))	
350	(0,0,0)(1,1,1)(2,1,0)(1,1,0)(2,2,1)(3,1,0)(2,2,0)(3,3,1)(4,1,0)(3,3,0)	psi(W_w*W+W_3)	psi(W_w*W+W_3)	
351	(0,0,0)(1,1,1)(2,1,0)(1,1,0)(2,2,1)(3,1,0)(2,2,1)	psi(W_w*W+W_w)	psi(W_w*W+W_w)	
352	(0,0,0)(1,1,1)(2,1,0)(1,1,0)(2,2,1)(3,1,0)(2,2,1)(1,1,0)	psi(W_w*W+W_w+W)	psi(W_w*W+W_w+W)	
353	(0,0,0)(1,1,1)(2,1,0)(1,1,0)(2,2,1)(3,1,0)(2,2,1)(1,1,0)(2,2,1)(3,1,0)	psi(W_w*W+W_w+psi_1(W_w*W))	psi(W_w*W+W_w+psi_1(W_w*W))	
354	(0,0,0)(1,1,1)(2,1,0)(1,1,0)(2,2,1)(3,1,0)(2,2,1)(1,1,0)(2,2,1)(3,1,0)(2,2,1)	psi(W_w*W+W_w+psi_1(W_w*W+W_w))	psi(W_w*W+W_w+psi_1(W_w*W+W_w))	
355	(0,0,0)(1,1,1)(2,1,0)(1,1,0)(2,2,1)(3,1,0)(2,2,1)(2,1,0)	psi(W_w*W+W_w+psi_1(W_w*W+W_w)*W)	psi(W_w*W+W_w+psi_1(W_w*W+W_w)*W)	
356	(0,0,0)(1,1,1)(2,1,0)(1,1,0)(2,2,1)(3,1,0)(2,2,1)(2,2,0)	psi(W_w*W+W_w+W_2)	psi(W_w*W+W_w+W_2)	
357	(0,0,0)(1,1,1)(2,1,0)(1,1,0)(2,2,1)(3,1,0)(2,2,1)(2,2,0)(3,3,1)(4,1,0)(3,3,1)	psi(W_w*W+W_w+psi_2(W_w*W+W_w))	psi(W_w*W+W_w+psi_2(W_w*W+W_w))	
358	(0,0,0)(1,1,1)(2,1,0)(1,1,0)(2,2,1)(3,1,0)(2,2,1)(2,2,0)(3,3,1)(4,1,0)(3,3,1)(3,3,0)	psi(W_w*W+W_w+W_3)	psi(W_w*W+W_w+W_3)	
359	(0,0,0)(1,1,1)(2,1,0)(1,1,0)(2,2,1)(3,1,0)(2,2,1)(2,2,1)	psi(W_w*W+W_w*2)	psi(W_w*W+W_w*2)	
360	(0,0,0)(1,1,1)(2,1,0)(1,1,0)(2,2,1)(3,1,0)(2,2,1)(2,2,1)(2,2,1)	psi(W_w*W+W_w*3)	psi(W_w*W+W_w*3)	
361	(0,0,0)(1,1,1)(2,1,0)(1,1,0)(2,2,1)(3,1,0)(2,2,1)(3,0,0)	psi(W_w*W+W_w*w)	psi(W_w*W+W_w*w)	
362	(0,0,0)(1,1,1)(2,1,0)(1,1,0)(2,2,1)(3,1,0)(2,2,1)(3,0,0)(4,1,1)	psi(W_w*W+W_w*psi(W_w))	psi(W_w*W+W_w*psi(W_w))	
363	(0,0,0)(1,1,1)(2,1,0)(1,1,0)(2,2,1)(3,1,0)(2,2,1)(3,1,0)	psi(W_w*W2)	psi(W_w*W2)	
364	(0,0,0)(1,1,1)(2,1,0)(1,1,0)(2,2,1)(3,1,0)(2,2,1)(3,1,0)(2,2,1)	psi(W_w*W2+W_w)	psi(W_w*W2+W_w)	
365	(0,0,0)(1,1,1)(2,1,0)(1,1,0)(2,2,1)(3,1,0)(2,2,1)(3,1,0)(2,2,1)(3,1,0)	psi(W_w*W3)	psi(W_w*W3)	
366	(0,0,0)(1,1,1)(2,1,0)(1,1,0)(2,2,1)(3,1,0)(3,0,0)	psi(W_w*W*w)	psi(W_w*W*w)	
367	(0,0,0)(1,1,1)(2,1,0)(1,1,0)(2,2,1)(3,1,0)(3,0,0)(4,1,1)	psi(W_w*W*psi(W_w))	psi(W_w*W*psi(W_w))	
368	(0,0,0)(1,1,1)(2,1,0)(1,1,0)(2,2,1)(3,1,0)(3,1,0)	psi(W_w*W^2)	psi(W_w*W^2)	
369	(0,0,0)(1,1,1)(2,1,0)(1,1,0)(2,2,1)(3,1,0)(3,1,0)(3,1,0)	psi(W_w*W^3)	psi(W_w*W^3)	
370	(0,0,0)(1,1,1)(2,1,0)(1,1,0)(2,2,1)(3,1,0)(4,0,0)	psi(W_w*W^w)	psi(W_w*W^w)	
371	(0,0,0)(1,1,1)(2,1,0)(1,1,0)(2,2,1)(3,1,0)(4,1,0)	psi(W_w*W^W)	psi(W_w*W^W)	
372	(0,0,0)(1,1,1)(2,1,0)(1,1,0)(2,2,1)(3,1,0)(4,1,0)(5,1,0)	psi(W_w*W^W^W)	psi(W_w*W^W^W)	
373	(0,0,0)(1,1,1)(2,1,0)(1,1,0)(2,2,1)(3,1,0)(4,2,0)	psi(W_w*psi_1(W_2))	psi(W_w*psi_1(W_2))	
374	(0,0,0)(1,1,1)(2,1,0)(1,1,0)(2,2,1)(3,1,0)(4,2,0)(4,2,0)	psi(W_w*psi_1(W_2*2))	psi(W_w*psi_1(W_2*2))	
375	(0,0,0)(1,1,1)(2,1,0)(1,1,0)(2,2,1)(3,1,0)(4,2,0)(5,2,0)	psi(W_w*psi_1(W_2^2))	psi(W_w*psi_1(W_2^2))	
376	(0,0,0)(1,1,1)(2,1,0)(1,1,0)(2,2,1)(3,1,0)(4,2,0)(5,3,0)	psi(W_w*psi_1(W_3))	psi(W_w*psi_1(W_3))	
377	(0,0,0)(1,1,1)(2,1,0)(1,1,0)(2,2,1)(3,1,0)(4,2,1)	psi(W_w*psi_1(W_w))	psi(W_w*psi_1(W_w))	
378	(0,0,0)(1,1,1)(2,1,0)(1,1,0)(2,2,1)(3,1,0)(4,2,1)(4,2,1)	psi(W_w*psi_1(W_w*2))	psi(W_w*psi_1(W_w*2))	
379	(0,0,0)(1,1,1)(2,1,0)(1,1,0)(2,2,1)(3,1,0)(4,2,1)(5,1,0)	psi(W_w*psi_1(W_w*W))	psi(W_w*psi_1(W_w*W))	
380	(0,0,0)(1,1,1)(2,1,0)(1,1,0)(2,2,1)(3,1,0)(4,2,1)(5,1,0)(4,2,1)	psi(W_w*psi_1(W_w*W+W_w))	psi(W_w*psi_1(W_w*W+W_w))	
381	(0,0,0)(1,1,1)(2,1,0)(1,1,0)(2,2,1)(3,1,0)(4,2,1)(5,1,0)(5,1,0)	psi(W_w*psi_1(W_w*W^2))	psi(W_w*psi_1(W_w*W^2))	
382	(0,0,0)(1,1,1)(2,1,0)(1,1,0)(2,2,1)(3,1,0)(4,2,1)(5,1,0)(6,2,0)	psi(W_w*psi_1(W_w*psi_1(W_2)))	psi(W_w*psi_1(W_w*psi_1(W_2)))	
383	(0,0,0)(1,1,1)(2,1,0)(1,1,0)(2,2,1)(3,1,0)(4,2,1)(5,1,0)(6,2,1)	psi(W_w*psi_1(W_w*psi_1(W_w)))	psi(W_w*psi_1(W_w*psi_1(W_w)))	
384	(0,0,0)(1,1,1)(2,1,0)(1,1,0)(2,2,1)(3,1,0)(4,2,1)(5,1,0)(6,2,1)(7,1,0)	psi(W_w*psi_1(W_w*psi_1(W_w*W)))	psi(W_w*psi_1(W_w*psi_1(W_w*W)))	
385	(0,0,0)(1,1,1)(2,1,0)(1,1,0)(2,2,1)(3,2,0)	psi(W_w*W_2)	psi(W_w*W_2)	
386	(0,0,0)(1,1,1)(2,1,0)(1,1,0)(2,2,1)(3,2,0)(1,1,0)	psi(W_w*W_2+W)	psi(W_w*W_2+W)	
387	(0,0,0)(1,1,1)(2,1,0)(1,1,0)(2,2,1)(3,2,0)(1,1,0)(2,2,1)	psi(W_w*W_2+psi_1(W_w))	psi(W_w*W_2+psi_1(W_w))	
388	(0,0,0)(1,1,1)(2,1,0)(1,1,0)(2,2,1)(3,2,0)(1,1,0)(2,2,1)(3,1,0)	psi(W_w*W_2+psi_1(W_w*W))	psi(W_w*W_2+psi_1(W_w*W))	
389	(0,0,0)(1,1,1)(2,1,0)(1,1,0)(2,2,1)(3,2,0)(1,1,0)(2,2,1)(3,2,0)	psi(W_w*W_2+psi_1(W_w*W_2))	psi(W_w*W_2+psi_1(W_w*W_2))	
390	(0,0,0)(1,1,1)(2,1,0)(1,1,0)(2,2,1)(3,2,0)(2,0,0)	psi(W_w*W_2+psi_1(W_w*W_2)*w)	psi(W_w*W_2+psi_1(W_w*W_2)*w)	
391	(0,0,0)(1,1,1)(2,1,0)(1,1,0)(2,2,1)(3,2,0)(2,1,0)	psi(W_w*W_2+psi_1(W_w*W_2)*W)	psi(W_w*W_2+psi_1(W_w*W_2)*W)	
392	(0,0,0)(1,1,1)(2,1,0)(1,1,0)(2,2,1)(3,2,0)(2,2,0)	psi(W_w*W_2+W_2)	psi(W_w*W_2+W_2)	
393	(0,0,0)(1,1,1)(2,1,0)(1,1,0)(2,2,1)(3,2,0)(2,2,0)(3,3,1)	psi(W_w*W_2+psi_2(W_w))	psi(W_w*W_2+psi_2(W_w))	
394	(0,0,0)(1,1,1)(2,1,0)(1,1,0)(2,2,1)(3,2,0)(2,2,0)(3,3,1)(4,1,0)	psi(W_w*W_2+psi_2(W_w*W))	psi(W_w*W_2+psi_2(W_w*W))	
395	(0,0,0)(1,1,1)(2,1,0)(1,1,0)(2,2,1)(3,2,0)(2,2,0)(3,3,1)(4,2,0)	psi(W_w*W_2+psi_2(W_w*W_2))	psi(W_w*W_2+psi_2(W_w*W_2))	
396	(0,0,0)(1,1,1)(2,1,0)(1,1,0)(2,2,1)(3,2,0)(2,2,0)(3,3,1)(4,2,0)(2,2,0)(3,3,1)(4,2,0)	psi(W_w*W_2+psi_2(W_w*W_2)*2)	psi(W_w*W_2+psi_2(W_w*W_2)*2)	
397	(0,0,0)(1,1,1)(2,1,0)(1,1,0)(2,2,1)(3,2,0)(2,2,0)(3,3,1)(4,2,0)(3,0,0)	psi(W_w*W_2+psi_2(W_w*W_2)*w)	psi(W_w*W_2+psi_2(W_w*W_2)*w)	
398	(0,0,0)(1,1,1)(2,1,0)(1,1,0)(2,2,1)(3,2,0)(2,2,0)(3,3,1)(4,2,0)(3,2,0)	psi(W_w*W_2+psi_2(W_w*W_2)*W_2)	psi(W_w*W_2+psi_2(W_w*W_2)*W_2)	
399	(0,0,0)(1,1,1)(2,1,0)(1,1,0)(2,2,1)(3,2,0)(2,2,0)(3,3,1)(4,2,0)(3,3,0)	psi(W_w*W_2+W_3)	psi(W_w*W_2+W_3)	
400	(0,0,0)(1,1,1)(2,1,0)(1,1,0)(2,2,1)(3,2,0)(2,2,0)(3,3,1)(4,2,0)(3,3,0)(4,4,1)(5,2,0)(4,4,0)	psi(W_w*W_2+W_4)	psi(W_w*W_2+W_4)	
401	(0,0,0)(1,1,1)(2,1,0)(1,1,0)(2,2,1)(3,2,0)(2,2,0)(3,3,1)(4,2,0)(3,3,1)	psi(W_w*W_2+W_w)	psi(W_w*W_2+W_w)	
402	(0,0,0)(1,1,1)(2,1,0)(1,1,0)(2,2,1)(3,2,0)(2,2,0)(3,3,1)(4,2,0)(3,3,1)(3,3,1)	psi(W_w*W_2+W_w*2)	psi(W_w*W_2+W_w*2)	
403	(0,0,0)(1,1,1)(2,1,0)(1,1,0)(2,2,1)(3,2,0)(2,2,0)(3,3,1)(4,2,0)(3,3,1)(4,0,0)	psi(W_w*W_2+W_w*w)	psi(W_w*W_2+W_w*w)	
404	(0,0,0)(1,1,1)(2,1,0)(1,1,0)(2,2,1)(3,2,0)(2,2,0)(3,3,1)(4,2,0)(3,3,1)(4,2,0)	psi(W_w*W_2*2)	psi(W_w*W_2*2)	
405	(0,0,0)(1,1,1)(2,1,0)(1,1,0)(2,2,1)(3,2,0)(2,2,0)(3,3,1)(4,2,0)(4,0,0)	psi(W_w*W_2*w)	psi(W_w*W_2*w)	
406	(0,0,0)(1,1,1)(2,1,0)(1,1,0)(2,2,1)(3,2,0)(2,2,0)(3,3,1)(4,2,0)(4,2,0)	psi(W_w*W_2^2)	psi(W_w*W_2^2)	
407	(0,0,0)(1,1,1)(2,1,0)(1,1,0)(2,2,1)(3,2,0)(2,2,0)(3,3,1)(4,2,0)(5,2,0)	psi(W_w*W_2^W_2)	psi(W_w*W_2^W_2)	
408	(0,0,0)(1,1,1)(2,1,0)(1,1,0)(2,2,1)(3,2,0)(2,2,0)(3,3,1)(4,2,0)(5,3,0)	psi(W_w*psi_2(W_3))	psi(W_w*psi_2(W_3))	
409	(0,0,0)(1,1,1)(2,1,0)(1,1,0)(2,2,1)(3,2,0)(2,2,0)(3,3,1)(4,2,0)(5,3,1)	psi(W_w*psi_2(W_w))	psi(W_w*psi_2(W_w))	
410	(0,0,0)(1,1,1)(2,1,0)(1,1,0)(2,2,1)(3,2,0)(2,2,0)(3,3,1)(4,2,0)(5,3,1)(6,0,0)	psi(W_w*psi_2(W_w*w))	psi(W_w*psi_2(W_w*w))	
411	(0,0,0)(1,1,1)(2,1,0)(1,1,0)(2,2,1)(3,2,0)(2,2,0)(3,3,1)(4,2,0)(5,3,1)(6,2,0)	psi(W_w*psi_2(W_w*W_2))	psi(W_w*psi_2(W_w*W_2))	
412	(0,0,0)(1,1,1)(2,1,0)(1,1,0)(2,2,1)(3,2,0)(2,2,0)(3,3,1)(4,2,0)(5,3,1)(6,2,0)(7,3,1)	psi(W_w*psi_2(W_w*psi_2(W_w)))	psi(W_w*psi_2(W_w*psi_2(W_w)))	
413	(0,0,0)(1,1,1)(2,1,0)(1,1,0)(2,2,1)(3,2,0)(2,2,0)(3,3,1)(4,3,0)	psi(W_w*W_3)	psi(W_w*W_3)	
414	(0,0,0)(1,1,1)(2,1,0)(1,1,0)(2,2,1)(3,2,0)(2,2,0)(3,3,1)(4,3,0)(3,3,0)	psi(W_w*W_3+W_3)	psi(W_w*W_3+W_3)	
415	(0,0,0)(1,1,1)(2,1,0)(1,1,0)(2,2,1)(3,2,0)(2,2,0)(3,3,1)(4,3,0)(3,3,0)(4,4,1)(5,3,0)	psi(W_w*W_3+psi_3(W_w*W_3))	psi(W_w*W_3+psi_3(W_w*W_3))	
416	(0,0,0)(1,1,1)(2,1,0)(1,1,0)(2,2,1)(3,2,0)(2,2,0)(3,3,1)(4,3,0)(3,3,0)(4,4,1)(5,3,0)(4,4,1)	psi(W_w*W_3+W_w)	psi(W_w*W_3+W_w)	
417	(0,0,0)(1,1,1)(2,1,0)(1,1,0)(2,2,1)(3,2,0)(2,2,0)(3,3,1)(4,3,0)(3,3,0)(4,4,1)(5,3,0)(5,3,0)	psi(W_w*W_3^2)	psi(W_w*W_3^2)	
418	(0,0,0)(1,1,1)(2,1,0)(1,1,0)(2,2,1)(3,2,0)(2,2,0)(3,3,1)(4,3,0)(3,3,0)(4,4,1)(5,3,0)(6,4,1)	psi(W_w*psi_3(W_w))	psi(W_w*psi_3(W_w))	
419	(0,0,0)(1,1,1)(2,1,0)(1,1,0)(2,2,1)(3,2,0)(2,2,0)(3,3,1)(4,3,0)(3,3,0)(4,4,1)(5,4,0)	psi(W_w*W_4)	psi(W_w*W_4)	
420	(0,0,0)(1,1,1)(2,1,0)(1,1,0)(2,2,1)(3,2,0)(2,2,0)(3,3,1)(4,3,0)(3,3,0)(4,4,1)(5,4,0)(4,4,0)(5,5,1)(6,5,0)	psi(W_w*W_5)	psi(W_w*W_5)	
421	(0,0,0)(1,1,1)(2,1,0)(1,1,1)	psi(W_w^2)	psi(W_w^2)	
423	(0,0,0)(1,1,1)(2,1,0)(1,1,1)(1,0,0)	psi(W_w^2)*w	psi(W_w^2)*w	
424	(0,0,0)(1,1,1)(2,1,0)(1,1,1)(1,1,0)	psi(W_w^2+W)	psi(W_w^2+W)	
425	(0,0,0)(1,1,1)(2,1,0)(1,1,1)(1,1,0)(2,2,0)	psi(W_w^2+psi_1(W_2))	psi(W_w^2+psi_1(W_2))	
426	(0,0,0)(1,1,1)(2,1,0)(1,1,1)(1,1,0)(2,2,1)	psi(W_w^2+psi_1(W_w))	psi(W_w^2+psi_1(W_w))	
427	(0,0,0)(1,1,1)(2,1,0)(1,1,1)(1,1,0)(2,2,1)(3,0,0)	psi(W_w^2+psi_1(W_w*w))	psi(W_w^2+psi_1(W_w*w))	
428	(0,0,0)(1,1,1)(2,1,0)(1,1,1)(1,1,0)(2,2,1)(3,1,0)	psi(W_w^2+psi_1(W_w*W))	psi(W_w^2+psi_1(W_w*W))	
429	(0,0,0)(1,1,1)(2,1,0)(1,1,1)(1,1,0)(2,2,1)(3,1,0)(4,2,1)	psi(W_w^2+psi_1(W_w*psi_1(W_w)))	psi(W_w^2+psi_1(W_w*psi_1(W_w)))	
430	(0,0,0)(1,1,1)(2,1,0)(1,1,1)(1,1,0)(2,2,1)(3,2,0)	psi(W_w^2+psi_1(W_w*W_2))	psi(W_w^2+psi_1(W_w*W_2))	
431	(0,0,0)(1,1,1)(2,1,0)(1,1,1)(1,1,0)(2,2,1)(3,2,0)(2,2,0)	psi(W_w^2+psi_1(W_w*W_2+W_2))	psi(W_w^2+psi_1(W_w*W_2+W_2))	
432	(0,0,0)(1,1,1)(2,1,0)(1,1,1)(1,1,0)(2,2,1)(3,2,0)(2,2,0)(3,3,1)(4,2,0)	psi(W_w^2+psi_1(W_w*W_2+psi_2(W_w*W_2)))	psi(W_w^2+psi_1(W_w*W_2+psi_2(W_w*W_2)))	
433	(0,0,0)(1,1,1)(2,1,0)(1,1,1)(1,1,0)(2,2,1)(3,2,0)(2,2,0)(3,3,1)(4,2,0)(3,3,0)	psi(W_w^2+psi_1(W_w*W_2+W_3))	psi(W_w^2+psi_1(W_w*W_2+W_3))	
434	(0,0,0)(1,1,1)(2,1,0)(1,1,1)(1,1,0)(2,2,1)(3,2,0)(2,2,0)(3,3,1)(4,2,0)(3,3,1)	psi(W_w^2+psi_1(W_w*W_2+W_w))	psi(W_w^2+psi_1(W_w*W_2+W_w))	
435	(0,0,0)(1,1,1)(2,1,0)(1,1,1)(1,1,0)(2,2,1)(3,2,0)(2,2,0)(3,3,1)(4,2,0)(3,3,1)(4,2,0)	psi(W_w^2+psi_1(W_w*W_2*2))	psi(W_w^2+psi_1(W_w*W_2*2))	
436	(0,0,0)(1,1,1)(2,1,0)(1,1,1)(1,1,0)(2,2,1)(3,2,0)(2,2,0)(3,3,1)(4,2,0)(4,2,0)	psi(W_w^2+psi_1(W_w*W_2^2))	psi(W_w^2+psi_1(W_w*W_2^2))	
437	(0,0,0)(1,1,1)(2,1,0)(1,1,1)(1,1,0)(2,2,1)(3,2,0)(2,2,0)(3,3,1)(4,2,0)(5,3,1)	psi(W_w^2+psi_1(W_w*psi_2(W_w)))	psi(W_w^2+psi_1(W_w*psi_2(W_w)))	
438	(0,0,0)(1,1,1)(2,1,0)(1,1,1)(1,1,0)(2,2,1)(3,2,0)(2,2,0)(3,3,1)(4,3,0)	psi(W_w^2+psi_1(W_w*W_3))	psi(W_w^2+psi_1(W_w*W_3))	
439	(0,0,0)(1,1,1)(2,1,0)(1,1,1)(1,1,0)(2,2,1)(3,2,0)(2,2,0)(3,3,1)(4,3,0)(3,3,0)(4,4,1)(5,4,0)	psi(W_w^2+psi_1(W_w*W_4))	psi(W_w^2+psi_1(W_w*W_4))	
440	(0,0,0)(1,1,1)(2,1,0)(1,1,1)(1,1,0)(2,2,1)(3,2,0)(2,2,1)	psi(W_w^2+psi_1(W_w^2))	psi(W_w^2+psi_1(W_w^2))	
441	(0,0,0)(1,1,1)(2,1,0)(1,1,1)(1,1,0)(2,2,1)(3,2,0)(2,2,1)(1,1,0)(2,2,1)(3,2,0)(2,2,1)	psi(W_w^2+psi_1(W_w^2)*2)	psi(W_w^2+psi_1(W_w^2)*2)	
442	(0,0,0)(1,1,1)(2,1,0)(1,1,1)(1,1,0)(2,2,1)(3,2,0)(2,2,1)(2,0,0)	psi(W_w^2+psi_1(W_w^2)*w)	psi(W_w^2+psi_1(W_w^2)*w)	
443	(0,0,0)(1,1,1)(2,1,0)(1,1,1)(1,1,0)(2,2,1)(3,2,0)(2,2,1)(2,1,0)	psi(W_w^2+psi_1(W_w^2)*W)	psi(W_w^2+psi_1(W_w^2)*W)	
444	(0,0,0)(1,1,1)(2,1,0)(1,1,1)(1,1,0)(2,2,1)(3,2,0)(2,2,1)(2,1,0)(3,2,1)(4,2,0)(3,2,1)	psi(W_w^2+psi_1(W_w^2)^2)	psi(W_w^2+psi_1(W_w^2)^2)	
445	(0,0,0)(1,1,1)(2,1,0)(1,1,1)(1,1,0)(2,2,1)(3,2,0)(2,2,1)(2,2,0)	psi(W_w^2+W_2)	psi(W_w^2+W_2)	
446	(0,0,0)(1,1,1)(2,1,0)(1,1,1)(1,1,0)(2,2,1)(3,2,0)(2,2,1)(2,2,0)(3,3,1)	psi(W_w^2+psi_2(W_w))	psi(W_w^2+psi_2(W_w))	
447	(0,0,0)(1,1,1)(2,1,0)(1,1,1)(1,1,0)(2,2,1)(3,2,0)(2,2,1)(2,2,0)(3,3,1)(4,2,0)	psi(W_w^2+psi_2(W_w*W_2))	psi(W_w^2+psi_2(W_w*W_2))	
448	(0,0,0)(1,1,1)(2,1,0)(1,1,1)(1,1,0)(2,2,1)(3,2,0)(2,2,1)(2,2,0)(3,3,1)(4,3,0)	psi(W_w^2+psi_2(W_w*W_3))	psi(W_w^2+psi_2(W_w*W_3))	
449	(0,0,0)(1,1,1)(2,1,0)(1,1,1)(1,1,0)(2,2,1)(3,2,0)(2,2,1)(2,2,0)(3,3,1)(4,3,0)(3,3,0)(4,4,1)(5,4,0)	psi(W_w^2+psi_2(W_w*W_4))	psi(W_w^2+psi_2(W_w*W_4))	
450	(0,0,0)(1,1,1)(2,1,0)(1,1,1)(1,1,0)(2,2,1)(3,2,0)(2,2,1)(2,2,0)(3,3,1)(4,3,0)(3,3,1)	psi(W_w^2+psi_2(W_w^2))	psi(W_w^2+psi_2(W_w^2))	
451	(0,0,0)(1,1,1)(2,1,0)(1,1,1)(1,1,0)(2,2,1)(3,2,0)(2,2,1)(2,2,0)(3,3,1)(4,3,0)(3,3,1)(3,0,0)	psi(W_w^2+psi_2(W_w^2)*w)	psi(W_w^2+psi_2(W_w^2)*w)	
452	(0,0,0)(1,1,1)(2,1,0)(1,1,1)(1,1,0)(2,2,1)(3,2,0)(2,2,1)(2,2,0)(3,3,1)(4,3,0)(3,3,1)(3,2,0)	psi(W_w^2+psi_2(W_w^2)*W_2)	psi(W_w^2+psi_2(W_w^2)*W_2)	
453	(0,0,0)(1,1,1)(2,1,0)(1,1,1)(1,1,0)(2,2,1)(3,2,0)(2,2,1)(2,2,0)(3,3,1)(4,3,0)(3,3,1)(3,3,0)	psi(W_w^2+W_3)	psi(W_w^2+W_3)	
454	(0,0,0)(1,1,1)(2,1,0)(1,1,1)(1,1,0)(2,2,1)(3,2,0)(2,2,1)(2,2,0)(3,3,1)(4,3,0)(3,3,1)(3,3,0)(4,4,1)(5,4,0)(4,4,1)	psi(W_w^2+psi_3(W_w^2))	psi(W_w^2+psi_3(W_w^2))	
455	(0,0,0)(1,1,1)(2,1,0)(1,1,1)(1,1,0)(2,2,1)(3,2,0)(2,2,1)(2,2,0)(3,3,1)(4,3,0)(3,3,1)(3,3,0)(4,4,1)(5,4,0)(4,4,1)(4,4,0)	psi(W_w^2+W_4)	psi(W_w^2+W_4)	
456	(0,0,0)(1,1,1)(2,1,0)(1,1,1)(1,1,1)	psi(W_w^2+W_w)	psi(W_w^2+W_w)	
457	(0,0,0)(1,1,1)(2,1,0)(1,1,1)(1,1,1)(1,1,0)	psi(W_w^2+W_w+W)	psi(W_w^2+W_w+W)	
458	(0,0,0)(1,1,1)(2,1,0)(1,1,1)(1,1,1)(1,1,0)(2,2,1)(3,2,0)(2,2,1)	psi(W_w^2+W_w+psi_1(W_w^2))	psi(W_w^2+W_w+psi_1(W_w^2))	
459	(0,0,0)(1,1,1)(2,1,0)(1,1,1)(1,1,1)(1,1,0)(2,2,1)(3,2,0)(2,2,1)(2,2,1)	psi(W_w^2+W_w+psi_1(W_w^2+W_w))	psi(W_w^2+W_w+psi_1(W_w^2+W_w))	
460	(0,0,0)(1,1,1)(2,1,0)(1,1,1)(1,1,1)(1,1,0)(2,2,1)(3,2,0)(2,2,1)(2,2,1)(2,2,0)	psi(W_w^2+W_w+W_2)	psi(W_w^2+W_w+W_2)	
461	(0,0,0)(1,1,1)(2,1,0)(1,1,1)(1,1,1)(1,1,1)	psi(W_w^2+W_w*2)	psi(W_w^2+W_w*2)	
462	(0,0,0)(1,1,1)(2,1,0)(1,1,1)(1,1,1)(1,1,1)(1,1,1)	psi(W_w^2+W_w*3)	psi(W_w^2+W_w*3)	
463	(0,0,0)(1,1,1)(2,1,0)(1,1,1)(2,0,0)	psi(W_w^2+W_w*w)	psi(W_w^2+W_w*w)	
464	(0,0,0)(1,1,1)(2,1,0)(1,1,1)(2,0,0)(1,1,1)	psi(W_w^2+W_w*w+W_w)	psi(W_w^2+W_w*w+W_w)	
465	(0,0,0)(1,1,1)(2,1,0)(1,1,1)(2,0,0)(2,0,0)	psi(W_w^2+W_w*w^2)	psi(W_w^2+W_w*w^2)	
466	(0,0,0)(1,1,1)(2,1,0)(1,1,1)(2,0,0)(3,1,0)	psi(W_w^2+W_w*psi(W))	psi(W_w^2+W_w*psi(W))	
467	(0,0,0)(1,1,1)(2,1,0)(1,1,1)(2,0,0)(3,1,1)	psi(W_w^2+W_w*psi(W_w))	psi(W_w^2+W_w*psi(W_w))	
468	(0,0,0)(1,1,1)(2,1,0)(1,1,1)(2,0,0)(3,1,1)(4,1,0)(3,1,1)	psi(W_w^2+W_w*psi(W_w^2))	psi(W_w^2+W_w*psi(W_w^2))	
469	(0,0,0)(1,1,1)(2,1,0)(1,1,1)(2,1,0)	psi(W_w^2+W_w*W)	psi(W_w^2+W_w*W)	
470	(0,0,0)(1,1,1)(2,1,0)(1,1,1)(2,1,0)(1,1,0)	psi(W_w^2+W_w*W+W)	psi(W_w^2+W_w*W+W)	
471	(0,0,0)(1,1,1)(2,1,0)(1,1,1)(2,1,0)(1,1,0)(2,2,1)	psi(W_w^2+W_w*W+psi_1(W_w))	psi(W_w^2+W_w*W+psi_1(W_w))	
472	(0,0,0)(1,1,1)(2,1,0)(1,1,1)(2,1,0)(1,1,0)(2,2,1)(3,2,0)(2,2,1)	psi(W_w^2+W_w*W+psi_1(W_w^2))	psi(W_w^2+W_w*W+psi_1(W_w^2))	
473	(0,0,0)(1,1,1)(2,1,0)(1,1,1)(2,1,0)(1,1,0)(2,2,1)(3,2,0)(2,2,1)(3,0,0)	psi(W_w^2+W_w*W+psi_1(W_w^2+W_w*w))	psi(W_w^2+W_w*W+psi_1(W_w^2+W_w*w))	
474	(0,0,0)(1,1,1)(2,1,0)(1,1,1)(2,1,0)(1,1,0)(2,2,1)(3,2,0)(2,2,1)(3,1,0)	psi(W_w^2+W_w*W+psi_1(W_w^2+W_w*W))	psi(W_w^2+W_w*W+psi_1(W_w^2+W_w*W))	
475	(0,0,0)(1,1,1)(2,1,0)(1,1,1)(2,1,0)(1,1,0)(2,2,1)(3,2,0)(2,2,1)(3,1,0)(2,2,0)	psi(W_w^2+W_w*W+W_2)	psi(W_w^2+W_w*W+W_2)	
476	(0,0,0)(1,1,1)(2,1,0)(1,1,1)(2,1,0)(1,1,0)(2,2,1)(3,2,0)(2,2,1)(3,1,0)(2,2,0)(3,3,1)(4,3,0)(3,3,1)(4,1,0)	psi(W_w^2+W_w*W+psi_2(W_w^2+W_w*W))	psi(W_w^2+W_w*W+psi_2(W_w^2+W_w*W))	
477	(0,0,0)(1,1,1)(2,1,0)(1,1,1)(2,1,0)(1,1,0)(2,2,1)(3,2,0)(2,2,1)(3,1,0)(2,2,0)(3,3,1)(4,3,0)(3,3,1)(4,1,0)(3,3,0)	psi(W_w^2+W_w*W+W_3)	psi(W_w^2+W_w*W+W_3)	
478	(0,0,0)(1,1,1)(2,1,0)(1,1,1)(2,1,0)(1,1,0)(2,2,1)(3,2,0)(2,2,1)(3,1,0)(2,2,1)	psi(W_w^2+W_w*W+W_w)	psi(W_w^2+W_w*W+W_w)	
479	(0,0,0)(1,1,1)(2,1,0)(1,1,1)(2,1,0)(1,1,0)(2,2,1)(3,2,0)(2,2,1)(3,1,0)(2,2,1)(2,2,1)	psi(W_w^2+W_w*W+W_w*2)	psi(W_w^2+W_w*W+W_w*2)	
480	(0,0,0)(1,1,1)(2,1,0)(1,1,1)(2,1,0)(1,1,0)(2,2,1)(3,2,0)(2,2,1)(3,1,0)(2,2,1)(3,0,0)	psi(W_w^2+W_w*W+W_w*w)	psi(W_w^2+W_w*W+W_w*w)	
481	(0,0,0)(1,1,1)(2,1,0)(1,1,1)(2,1,0)(1,1,0)(2,2,1)(3,2,0)(2,2,1)(3,1,0)(2,2,1)(3,1,0)	psi(W_w^2+W_w*W2)	psi(W_w^2+W_w*W2)	
482	(0,0,0)(1,1,1)(2,1,0)(1,1,1)(2,1,0)(1,1,0)(2,2,1)(3,2,0)(2,2,1)(3,1,0)(3,0,0)	psi(W_w^2+W_w*W*w)	psi(W_w^2+W_w*W*w)	
483	(0,0,0)(1,1,1)(2,1,0)(1,1,1)(2,1,0)(1,1,0)(2,2,1)(3,2,0)(2,2,1)(3,1,0)(3,1,0)	psi(W_w^2+W_w*W^2)	psi(W_w^2+W_w*W^2)	
484	(0,0,0)(1,1,1)(2,1,0)(1,1,1)(2,1,0)(1,1,0)(2,2,1)(3,2,0)(2,2,1)(3,1,0)(4,1,0)	psi(W_w^2+W_w*W^W)	psi(W_w^2+W_w*W^W)	
485	(0,0,0)(1,1,1)(2,1,0)(1,1,1)(2,1,0)(1,1,0)(2,2,1)(3,2,0)(2,2,1)(3,1,0)(4,2,1)	psi(W_w^2+W_w*psi_1(W_w))	psi(W_w^2+W_w*psi_1(W_w))	
486	(0,0,0)(1,1,1)(2,1,0)(1,1,1)(2,1,0)(1,1,0)(2,2,1)(3,2,0)(2,2,1)(3,1,0)(4,2,1)(5,2,0)(4,2,1)	psi(W_w^2+W_w*psi_1(W_w^2))	psi(W_w^2+W_w*psi_1(W_w^2))	
487	(0,0,0)(1,1,1)(2,1,0)(1,1,1)(2,1,0)(1,1,0)(2,2,1)(3,2,0)(2,2,1)(3,2,0)	psi(W_w^2+W_w*W_2)	psi(W_w^2+W_w*W_2)	
488	(0,0,0)(1,1,1)(2,1,0)(1,1,1)(2,1,0)(1,1,0)(2,2,1)(3,2,0)(2,2,1)(3,2,0)(2,2,0)	psi(W_w^2+W_w*W_2+W_2)	psi(W_w^2+W_w*W_2+W_2)	
489	(0,0,0)(1,1,1)(2,1,0)(1,1,1)(2,1,0)(1,1,0)(2,2,1)(3,2,0)(2,2,1)(3,2,0)(2,2,0)(3,3,1)(4,3,0)(3,3,1)	psi(W_w^2+W_w*W_2+psi_2(W_w^2))	psi(W_w^2+W_w*W_2+psi_2(W_w^2))	
490	(0,0,0)(1,1,1)(2,1,0)(1,1,1)(2,1,0)(1,1,0)(2,2,1)(3,2,0)(2,2,1)(3,2,0)(2,2,0)(3,3,1)(4,3,0)(3,3,1)(4,2,0)	psi(W_w^2+W_w*W_2+psi_2(W_w^2+W_w*W_2))	psi(W_w^2+W_w*W_2+psi_2(W_w^2+W_w*W_2))	
491	(0,0,0)(1,1,1)(2,1,0)(1,1,1)(2,1,0)(1,1,0)(2,2,1)(3,2,0)(2,2,1)(3,2,0)(2,2,0)(3,3,1)(4,3,0)(3,3,1)(4,2,0)(3,3,1)	psi(W_w^2+W_w*W_2+W_w)	psi(W_w^2+W_w*W_2+W_w)	
492	(0,0,0)(1,1,1)(2,1,0)(1,1,1)(2,1,0)(1,1,0)(2,2,1)(3,2,0)(2,2,1)(3,2,0)(2,2,0)(3,3,1)(4,3,0)(3,3,1)(4,2,0)(4,2,0)	psi(W_w^2+W_w*W_2^2)	psi(W_w^2+W_w*W_2^2)	
493	(0,0,0)(1,1,1)(2,1,0)(1,1,1)(2,1,0)(1,1,0)(2,2,1)(3,2,0)(2,2,1)(3,2,0)(2,2,0)(3,3,1)(4,3,0)(3,3,1)(4,3,0)	psi(W_w^2+W_w*W_3)	psi(W_w^2+W_w*W_3)	
494	(0,0,0)(1,1,1)(2,1,0)(1,1,1)(2,1,0)(1,1,0)(2,2,1)(3,2,0)(2,2,1)(3,2,0)(2,2,0)(3,3,1)(4,3,0)(3,3,1)(4,3,0)(3,3,0)(4,4,1)(5,4,0)(4,4,1)(5,4,0)	psi(W_w^2+W_w*W_4)	psi(W_w^2+W_w*W_4)	
495	(0,0,0)(1,1,1)(2,1,0)(1,1,1)(2,1,0)(1,1,1)	psi(W_w^2*2)	psi(W_w^2*2)	
496	(0,0,0)(1,1,1)(2,1,0)(1,1,1)(2,1,0)(1,1,1)(1,1,0)	psi(W_w^2*2+W)	psi(W_w^2*2+W)	
497	(0,0,0)(1,1,1)(2,1,0)(1,1,1)(2,1,0)(1,1,1)(1,1,0)(2,2,1)(3,2,0)(2,2,1)	psi(W_w^2*2+psi_1(W_w^2))	psi(W_w^2*2+psi_1(W_w^2))	
498	(0,0,0)(1,1,1)(2,1,0)(1,1,1)(2,1,0)(1,1,1)(1,1,0)(2,2,1)(3,2,0)(2,2,1)(3,2,0)	psi(W_w^2*2+psi_1(W_w^2+W_w*W_2))	psi(W_w^2*2+psi_1(W_w^2+W_w*W_2))	
499	(0,0,0)(1,1,1)(2,1,0)(1,1,1)(2,1,0)(1,1,1)(1,1,0)(2,2,1)(3,2,0)(2,2,1)(3,2,0)(2,2,1)	psi(W_w^2*2+psi_1(W_w^2*2))	psi(W_w^2*2+psi_1(W_w^2*2))	
500	(0,0,0)(1,1,1)(2,1,0)(1,1,1)(2,1,0)(1,1,1)(1,1,0)(2,2,1)(3,2,0)(2,2,1)(3,2,0)(2,2,1)(2,2,0)	psi(W_w^2*2+W_2)	psi(W_w^2*2+W_2)	
501	(0,0,0)(1,1,1)(2,1,0)(1,1,1)(2,1,0)(1,1,1)(1,1,0)(2,2,1)(3,2,0)(2,2,1)(3,2,0)(2,2,1)(2,2,0)(3,3,1)(4,3,0)(3,3,1)(4,3,0)(3,3,1)(3,3,0)	psi(W_w^2*2+W_3)	psi(W_w^2*2+W_3)	
502	(0,0,0)(1,1,1)(2,1,0)(1,1,1)(2,1,0)(1,1,1)(1,1,1)	psi(W_w^2*2+W_w)	psi(W_w^2*2+W_w)	
503	(0,0,0)(1,1,1)(2,1,0)(1,1,1)(2,1,0)(1,1,1)(1,1,1)(1,1,1)	psi(W_w^2*2+W_w*2)	psi(W_w^2*2+W_w*2)	
504	(0,0,0)(1,1,1)(2,1,0)(1,1,1)(2,1,0)(1,1,1)(2,0,0)	psi(W_w^2*2+W_w*w)	psi(W_w^2*2+W_w*w)	
505	(0,0,0)(1,1,1)(2,1,0)(1,1,1)(2,1,0)(1,1,1)(2,0,0)(3,1,1)	psi(W_w^2*2+W_w*psi(W_w))	psi(W_w^2*2+W_w*psi(W_w))	
506	(0,0,0)(1,1,1)(2,1,0)(1,1,1)(2,1,0)(1,1,1)(2,1,0)	psi(W_w^2*2+W_w*W)	psi(W_w^2*2+W_w*W)	
507	(0,0,0)(1,1,1)(2,1,0)(1,1,1)(2,1,0)(1,1,1)(2,1,0)(1,1,0)(2,2,1)(3,2,0)(2,2,1)(3,2,0)(2,2,1)	psi(W_w^2*2+W_w*W+psi_1(W_w^2*2))	psi(W_w^2*2+W_w*W+psi_1(W_w^2*2))	
508	(0,0,0)(1,1,1)(2,1,0)(1,1,1)(2,1,0)(1,1,1)(2,1,0)(1,1,0)(2,2,1)(3,2,0)(2,2,1)(3,2,0)(2,2,1)(3,1,0)	psi(W_w^2*2+W_w*W+psi_1(W_w^2*2+W_w*W))	psi(W_w^2*2+W_w*W+psi_1(W_w^2*2+W_w*W))	
509	(0,0,0)(1,1,1)(2,1,0)(1,1,1)(2,1,0)(1,1,1)(2,1,0)(1,1,0)(2,2,1)(3,2,0)(2,2,1)(3,2,0)(2,2,1)(3,1,0)(2,2,1)	psi(W_w^2*2+W_w*W+W_w)	psi(W_w^2*2+W_w*W+W_w)	
510	(0,0,0)(1,1,1)(2,1,0)(1,1,1)(2,1,0)(1,1,1)(2,1,0)(1,1,0)(2,2,1)(3,2,0)(2,2,1)(3,2,0)(2,2,1)(3,1,0)(3,1,0)	psi(W_w^2*2+W_w*W^2)	psi(W_w^2*2+W_w*W^2)	
511	(0,0,0)(1,1,1)(2,1,0)(1,1,1)(2,1,0)(1,1,1)(2,1,0)(1,1,0)(2,2,1)(3,2,0)(2,2,1)(3,2,0)(2,2,1)(3,2,0)	psi(W_w^2*2+W_w*W_2)	psi(W_w^2*2+W_w*W_2)	
512	(0,0,0)(1,1,1)(2,1,0)(1,1,1)(2,1,0)(1,1,1)(2,1,0)(1,1,0)(2,2,1)(3,2,0)(2,2,1)(3,2,0)(2,2,1)(3,2,0)(2,2,0)(3,3,1)(4,3,0)(3,3,1)(4,3,0)(3,3,1)(4,3,0)	psi(W_w^2*2+W_w*W_3)	psi(W_w^2*2+W_w*W_3)	
513	(0,0,0)(1,1,1)(2,1,0)(1,1,1)(2,1,0)(1,1,1)(2,1,0)(1,1,1)	psi(W_w^2*3)	psi(W_w^2*3)	
514	(0,0,0)(1,1,1)(2,1,0)(1,1,1)(2,1,0)(1,1,1)(2,1,0)(1,1,1)(1,1,1)	psi(W_w^2*3+W_w)	psi(W_w^2*3+W_w)	
515	(0,0,0)(1,1,1)(2,1,0)(1,1,1)(2,1,0)(1,1,1)(2,1,0)(1,1,1)(2,1,0)	psi(W_w^2*3+W_w*W)	psi(W_w^2*3+W_w*W)	
516	(0,0,0)(1,1,1)(2,1,0)(1,1,1)(2,1,0)(1,1,1)(2,1,0)(1,1,1)(2,1,0)(1,1,1)	psi(W_w^2*4)	psi(W_w^2*4)	
517	(0,0,0)(1,1,1)(2,1,0)(1,1,1)(2,1,0)(1,1,1)(2,1,0)(1,1,1)(2,1,0)(1,1,1)(2,1,0)(1,1,1)	psi(W_w^2*5)	psi(W_w^2*5)	
518	(0,0,0)(1,1,1)(2,1,0)(2,0,0)	psi(W_w^2*w)	psi(W_w^2*w)	
519	(0,0,0)(1,1,1)(2,1,0)(2,0,0)(1,1,1)(2,1,0)	psi(W_w^2*w+W_w*W)	psi(W_w^2*w+W_w*W)	
520	(0,0,0)(1,1,1)(2,1,0)(2,0,0)(1,1,1)(2,1,0)(1,1,1)	psi(W_w^2*w+W_w^2)	psi(W_w^2*w+W_w^2)	
521	(0,0,0)(1,1,1)(2,1,0)(2,0,0)(1,1,1)(2,1,0)(2,0,0)	psi(W_w^2*w2)	psi(W_w^2*w2)	
522	(0,0,0)(1,1,1)(2,1,0)(2,0,0)(2,0,0)	psi(W_w^2*w^2)	psi(W_w^2*w^2)	
523	(0,0,0)(1,1,1)(2,1,0)(2,0,0)(3,1,1)	psi(W_w^2*psi(W_w))	psi(W_w^2*psi(W_w))	
524	(0,0,0)(1,1,1)(2,1,0)(2,0,0)(3,1,1)(4,1,0)(3,1,1)	psi(W_w^2*psi(W_w^2))	psi(W_w^2*psi(W_w^2))	
525	(0,0,0)(1,1,1)(2,1,0)(2,1,0)	psi(W_w^2*W)	psi(W_w^2*W)	
526	(0,0,0)(1,1,1)(2,1,0)(2,1,0)(1,1,0)	psi(W_w^2*W+W)	psi(W_w^2*W+W)	
527	(0,0,0)(1,1,1)(2,1,0)(2,1,0)(1,1,0)(2,2,1)(3,2,0)(2,2,1)	psi(W_w^2*W+psi_1(W_w^2))	psi(W_w^2*W+psi_1(W_w^2))	
528	(0,0,0)(1,1,1)(2,1,0)(2,1,0)(1,1,0)(2,2,1)(3,2,0)(3,0,0)	psi(W_w^2*W+psi_1(W_w^2*w))	psi(W_w^2*W+psi_1(W_w^2*w))	
529	(0,0,0)(1,1,1)(2,1,0)(2,1,0)(1,1,0)(2,2,1)(3,2,0)(3,1,0)	psi(W_w^2*W+psi_1(W_w^2*W))	psi(W_w^2*W+psi_1(W_w^2*W))	
530	(0,0,0)(1,1,1)(2,1,0)(2,1,0)(1,1,0)(2,2,1)(3,2,0)(3,1,0)(2,1,0)	psi(W_w^2*W+psi_1(W_w^2*W)*W)	psi(W_w^2*W+psi_1(W_w^2*W)*W)	
531	(0,0,0)(1,1,1)(2,1,0)(2,1,0)(1,1,0)(2,2,1)(3,2,0)(3,1,0)(2,2,0)	psi(W_w^2*W+W_2)	psi(W_w^2*W+W_2)	
532	(0,0,0)(1,1,1)(2,1,0)(2,1,0)(1,1,0)(2,2,1)(3,2,0)(3,1,0)(2,2,0)(3,3,1)(4,3,0)(4,1,0)	psi(W_w^2*W+psi_2(W_w^2*W))	psi(W_w^2*W+psi_2(W_w^2*W))	
533	(0,0,0)(1,1,1)(2,1,0)(2,1,0)(1,1,0)(2,2,1)(3,2,0)(3,1,0)(2,2,0)(3,3,1)(4,3,0)(4,1,0)(3,3,0)	psi(W_w^2*W+W_3)	psi(W_w^2*W+W_3)	
534	(0,0,0)(1,1,1)(2,1,0)(2,1,0)(1,1,0)(2,2,1)(3,2,0)(3,1,0)(2,2,1)	psi(W_w^2*W+W_w)	psi(W_w^2*W+W_w)	
535	(0,0,0)(1,1,1)(2,1,0)(2,1,0)(1,1,0)(2,2,1)(3,2,0)(3,1,0)(2,2,1)(3,2,0)	psi(W_w^2*W+W_w*W_2)	psi(W_w^2*W+W_w*W_2)	
536	(0,0,0)(1,1,1)(2,1,0)(2,1,0)(1,1,0)(2,2,1)(3,2,0)(3,1,0)(2,2,1)(3,2,0)(2,2,1)	psi(W_w^2*W+W_w^2)	psi(W_w^2*W+W_w^2)	
537	(0,0,0)(1,1,1)(2,1,0)(2,1,0)(1,1,0)(2,2,1)(3,2,0)(3,1,0)(2,2,1)(3,2,0)(3,0,0)	psi(W_w^2*W+W_w^2*w)	psi(W_w^2*W+W_w^2*w)	
538	(0,0,0)(1,1,1)(2,1,0)(2,1,0)(1,1,0)(2,2,1)(3,2,0)(3,1,0)(2,2,1)(3,2,0)(3,1,0)	psi(W_w^2*W2)	psi(W_w^2*W2)	
539	(0,0,0)(1,1,1)(2,1,0)(2,1,0)(1,1,0)(2,2,1)(3,2,0)(3,1,0)(3,0,0)	psi(W_w^2*W*w)	psi(W_w^2*W*w)	
540	(0,0,0)(1,1,1)(2,1,0)(2,1,0)(1,1,0)(2,2,1)(3,2,0)(3,1,0)(3,1,0)	psi(W_w^2*W^2)	psi(W_w^2*W^2)	
541	(0,0,0)(1,1,1)(2,1,0)(2,1,0)(1,1,0)(2,2,1)(3,2,0)(3,1,0)(4,1,0)	psi(W_w^2*W^W)	psi(W_w^2*W^W)	
542	(0,0,0)(1,1,1)(2,1,0)(2,1,0)(1,1,0)(2,2,1)(3,2,0)(3,1,0)(4,2,1)	psi(W_w^2*psi_1(W_w))	psi(W_w^2*psi_1(W_w))	
543	(0,0,0)(1,1,1)(2,1,0)(2,1,0)(1,1,0)(2,2,1)(3,2,0)(3,1,0)(4,2,1)(5,2,0)(4,2,1)	psi(W_w^2*psi_1(W_w^2))	psi(W_w^2*psi_1(W_w^2))	
544	(0,0,0)(1,1,1)(2,1,0)(2,1,0)(1,1,0)(2,2,1)(3,2,0)(3,2,0)	psi(W_w^2*W_2)	psi(W_w^2*W_2)	
545	(0,0,0)(1,1,1)(2,1,0)(2,1,0)(1,1,0)(2,2,1)(3,2,0)(3,2,0)(2,2,0)(3,3,1)(4,3,0)(3,3,1)	psi(W_w^2*W_2+psi_2(W_w^2))	psi(W_w^2*W_2+psi_2(W_w^2))	
546	(0,0,0)(1,1,1)(2,1,0)(2,1,0)(1,1,0)(2,2,1)(3,2,0)(3,2,0)(2,2,0)(3,3,1)(4,3,0)(4,2,0)	psi(W_w^2*W_2+psi_2(W_w^2*W_2))	psi(W_w^2*W_2+psi_2(W_w^2*W_2))	
547	(0,0,0)(1,1,1)(2,1,0)(2,1,0)(1,1,0)(2,2,1)(3,2,0)(3,2,0)(2,2,0)(3,3,1)(4,3,0)(4,2,0))(3,3,1)(4,3,0)(3,3,1)	psi(W_w^2*W_2+W_w^2)	psi(W_w^2*W_2+W_w^2)	
548	(0,0,0)(1,1,1)(2,1,0)(2,1,0)(1,1,0)(2,2,1)(3,2,0)(3,2,0)(2,2,0)(3,3,1)(4,3,0)(4,2,0))(3,3,1)(4,3,0)(4,2,0)	psi(W_w^2*W_2*2)	psi(W_w^2*W_2*2)	
549	(0,0,0)(1,1,1)(2,1,0)(2,1,0)(1,1,0)(2,2,1)(3,2,0)(3,2,0)(2,2,0)(3,3,1)(4,3,0)(4,2,0))(4,2,0)	psi(W_w^2*W_2^2)	psi(W_w^2*W_2^2)	
550	(0,0,0)(1,1,1)(2,1,0)(2,1,0)(1,1,0)(2,2,1)(3,2,0)(3,2,0)(2,2,0)(3,3,1)(4,3,0)(4,3,0)	psi(W_w^2*W_3)	psi(W_w^2*W_3)	
551	(0,0,0)(1,1,1)(2,1,0)(2,1,0)(1,1,0)(2,2,1)(3,2,0)(3,2,0)(2,2,0)(3,3,1)(4,3,0)(4,3,0)(3,3,0)(4,4,1)(5,4,0)(5,4,0)	psi(W_w^2*W_4)	psi(W_w^2*W_4)	
552	(0,0,0)(1,1,1)(2,1,0)(2,1,0)(1,1,1)	psi(W_w^3)	psi(W_w^3)	
553	(0,0,0)(1,1,1)(2,1,0)(2,1,0)(1,1,1)(1,1,0)	psi(W_w^3+W)	psi(W_w^3+W)	
554	(0,0,0)(1,1,1)(2,1,0)(2,1,0)(1,1,1)(1,1,0)(2,2,1)	psi(W_w^3+psi_1(W_w))	psi(W_w^3+psi_1(W_w))	
555	(0,0,0)(1,1,1)(2,1,0)(2,1,0)(1,1,1)(1,1,0)(2,2,1)(3,2,0)(2,2,1)	psi(W_w^3+psi_1(W_w^2))	psi(W_w^3+psi_1(W_w^2))	
556	(0,0,0)(1,1,1)(2,1,0)(2,1,0)(1,1,1)(1,1,0)(2,2,1)(3,2,0)(3,2,0)(2,2,1)	psi(W_w^3+psi_1(W_w^3))	psi(W_w^3+psi_1(W_w^3))	
557	(0,0,0)(1,1,1)(2,1,0)(2,1,0)(1,1,1)(1,1,0)(2,2,1)(3,2,0)(3,2,0)(2,2,1)(2,2,0)	psi(W_w^3+W_2)	psi(W_w^3+W_2)	
558	(0,0,0)(1,1,1)(2,1,0)(2,1,0)(1,1,1)(1,1,0)(2,2,1)(3,2,0)(3,2,0)(2,2,1)(2,2,0)(3,3,1)(4,3,0)(4,3,0)(3,3,1)(3,3,0)	psi(W_w^3+W_3)	psi(W_w^3+W_3)	
559	(0,0,0)(1,1,1)(2,1,0)(2,1,0)(1,1,1)(1,1,1)	psi(W_w^3+W_w)	psi(W_w^3+W_w)	
560	(0,0,0)(1,1,1)(2,1,0)(2,1,0)(1,1,1)(1,1,1)(1,1,1)	psi(W_w^3+W_w*2)	psi(W_w^3+W_w*2)	
561	(0,0,0)(1,1,1)(2,1,0)(2,1,0)(1,1,1)(2,0,0)	psi(W_w^3+W_w*w)	psi(W_w^3+W_w*w)	
562	(0,0,0)(1,1,1)(2,1,0)(2,1,0)(1,1,1)(2,1,0)	psi(W_w^3+W_w*W)	psi(W_w^3+W_w*W)	
563	(0,0,0)(1,1,1)(2,1,0)(2,1,0)(1,1,1)(2,1,0)(1,1,0)(2,2,1)(3,2,0)(3,2,0)(2,2,1)(3,1,0)	psi(W_w^3+W_w*W+psi_1(W_w^3+W_w))	psi(W_w^3+W_w*W+psi_1(W_w^3+W_w))	
564	(0,0,0)(1,1,1)(2,1,0)(2,1,0)(1,1,1)(2,1,0)(1,1,0)(2,2,1)(3,2,0)(3,2,0)(2,2,1)(3,1,0)(2,2,1)	psi(W_w^3+W_w*W+W_w)	psi(W_w^3+W_w*W+W_w)	
565	(0,0,0)(1,1,1)(2,1,0)(2,1,0)(1,1,1)(2,1,0)(1,1,0)(2,2,1)(3,2,0)(3,2,0)(2,2,1)(3,1,0)(3,1,0)	psi(W_w^3+W_w*W^2)	psi(W_w^3+W_w*W^2)	
566	(0,0,0)(1,1,1)(2,1,0)(2,1,0)(1,1,1)(2,1,0)(1,1,0)(2,2,1)(3,2,0)(3,2,0)(2,2,1)(3,2,0)	psi(W_w^3+W_w*W_2)	psi(W_w^3+W_w*W_2)	
567	(0,0,0)(1,1,1)(2,1,0)(2,1,0)(1,1,1)(2,1,0)(1,1,0)(2,2,1)(3,2,0)(3,2,0)(2,2,1)(3,2,0)(2,2,0)(3,3,1)(4,3,0)(4,3,0)(3,3,1)(4,3,0)	psi(W_w^3+W_w*W_3)	psi(W_w^3+W_w*W_3)	
568	(0,0,0)(1,1,1)(2,1,0)(2,1,0)(1,1,1)(2,1,0)(1,1,1)	psi(W_w^3+W_w^2)	psi(W_w^3+W_w^2)	
569	(0,0,0)(1,1,1)(2,1,0)(2,1,0)(1,1,1)(2,1,0)(1,1,1)(1,1,1)	psi(W_w^3+W_w^2+W_w)	psi(W_w^3+W_w^2+W_w)	
570	(0,0,0)(1,1,1)(2,1,0)(2,1,0)(1,1,1)(2,1,0)(1,1,1)(2,1,0)	psi(W_w^3+W_w^2+W_w*W)	psi(W_w^3+W_w^2+W_w*W)	
571	(0,0,0)(1,1,1)(2,1,0)(2,1,0)(1,1,1)(2,1,0)(1,1,1)(2,1,0)(1,1,1)	psi(W_w^3+W_w^2*2)	psi(W_w^3+W_w^2*2)	
572	(0,0,0)(1,1,1)(2,1,0)(2,1,0)(1,1,1)(2,1,0)(2,0,0)	psi(W_w^3+W_w^2*w)	psi(W_w^3+W_w^2*w)	
573	(0,0,0)(1,1,1)(2,1,0)(2,1,0)(1,1,1)(2,1,0)(2,1,0)	psi(W_w^3+W_w^2*W)	psi(W_w^3+W_w^2*W)	
574	(0,0,0)(1,1,1)(2,1,0)(2,1,0)(1,1,1)(2,1,0)(2,1,0)(1,1,0)(2,2,1)(3,2,0)(3,2,0)(2,2,1)(3,2,0)(3,1,0)	psi(W_w^3+W_w^2*W+psi_1(W_w^3+W_w^2*W))	psi(W_w^3+W_w^2*W+psi_1(W_w^3+W_w^2*W))	
575	(0,0,0)(1,1,1)(2,1,0)(2,1,0)(1,1,1)(2,1,0)(2,1,0)(1,1,0)(2,2,1)(3,2,0)(3,2,0)(2,2,1)(3,2,0)(3,1,0)(2,2,1)(3,2,0)(2,2,1)	psi(W_w^3+W_w^2*W*2)	psi(W_w^3+W_w^2*W*2)	
576	(0,0,0)(1,1,1)(2,1,0)(2,1,0)(1,1,1)(2,1,0)(2,1,0)(1,1,0)(2,2,1)(3,2,0)(3,2,0)(2,2,1)(3,2,0)(3,1,0)(3,1,0)	psi(W_w^3+W_w^2*W^2)	psi(W_w^3+W_w^2*W^2)	
577	(0,0,0)(1,1,1)(2,1,0)(2,1,0)(1,1,1)(2,1,0)(2,1,0)(1,1,0)(2,2,1)(3,2,0)(3,2,0)(2,2,1)(3,2,0)(3,2,0)	psi(W_w^3+W_w^2*W_2)	psi(W_w^3+W_w^2*W_2)	
578	(0,0,0)(1,1,1)(2,1,0)(2,1,0)(1,1,1)(2,1,0)(2,1,0)(1,1,0)(2,2,1)(3,2,0)(3,2,0)(2,2,1)(3,2,0)(3,2,0)(2,2,0)(3,3,1)(4,3,0)(4,3,0)(3,3,1)(4,3,0)(4,3,0)	psi(W_w^3+W_w^2*W_3)	psi(W_w^3+W_w^2*W_3)	
579	(0,0,0)(1,1,1)(2,1,0)(2,1,0)(1,1,1)(2,1,0)(2,1,0)(1,1,1)	psi(W_w^3*2)	psi(W_w^3*2)	
580	(0,0,0)(1,1,1)(2,1,0)(2,1,0)(1,1,1)(2,1,0)(2,1,0)(1,1,1)(1,1,1)	psi(W_w^3*2+W_w)	psi(W_w^3*2+W_w)	
581	(0,0,0)(1,1,1)(2,1,0)(2,1,0)(1,1,1)(2,1,0)(2,1,0)(1,1,1)(2,1,0)	psi(W_w^3*2+W_w*W)	psi(W_w^3*2+W_w*W)	
582	(0,0,0)(1,1,1)(2,1,0)(2,1,0)(1,1,1)(2,1,0)(2,1,0)(1,1,1)(2,1,0)(1,1,1)	psi(W_w^3*2+W_w^2)	psi(W_w^3*2+W_w^2)	
583	(0,0,0)(1,1,1)(2,1,0)(2,1,0)(1,1,1)(2,1,0)(2,1,0)(1,1,1)(2,1,0)(2,1,0)	psi(W_w^3*2+W_w^2*W)	psi(W_w^3*2+W_w^2*W)	
584	(0,0,0)(1,1,1)(2,1,0)(2,1,0)(1,1,1)(2,1,0)(2,1,0)(1,1,1)(2,1,0)(2,1,0)(1,1,1)	psi(W_w^3*3)	psi(W_w^3*3)	
585	(0,0,0)(1,1,1)(2,1,0)(2,1,0)(2,0,0)	psi(W_w^3*w)	psi(W_w^3*w)	
586	(0,0,0)(1,1,1)(2,1,0)(2,1,0)(2,0,0)(1,1,1)(2,1,0)(2,1,0)(1,1,1)	psi(W_w^3*w+W_w^3)	psi(W_w^3*w+W_w^3)	
587	(0,0,0)(1,1,1)(2,1,0)(2,1,0)(2,0,0)(2,0,0)	psi(W_w^3*w^2)	psi(W_w^3*w^2)	
588	(0,0,0)(1,1,1)(2,1,0)(2,1,0)(2,0,0)(3,1,1)	psi(W_w^3*psi(W_w))	psi(W_w^3*psi(W_w))	
589	(0,0,0)(1,1,1)(2,1,0)(2,1,0)(2,1,0)	psi(W_w^3*W)	psi(W_w^3*W)	
590	(0,0,0)(1,1,1)(2,1,0)(2,1,0)(2,1,0)(1,1,0)(2,2,1)(3,2,0)(3,2,0)(2,2,1)	psi(W_w^3*W+psi_1(W_w^3))	psi(W_w^3*W+psi_1(W_w^3))	
591	(0,0,0)(1,1,1)(2,1,0)(2,1,0)(2,1,0)(1,1,0)(2,2,1)(3,2,0)(3,2,0)(3,1,0)	psi(W_w^3*W+psi_1(W_w^3*W))	psi(W_w^3*W+psi_1(W_w^3*W))	
592	(0,0,0)(1,1,1)(2,1,0)(2,1,0)(2,1,0)(1,1,0)(2,2,1)(3,2,0)(3,2,0)(3,1,0)(2,2,1)(3,2,0)(3,2,0)(2,2,1)	psi(W_w^3*W+W_w^3)	psi(W_w^3*W+W_w^3)	
593	(0,0,0)(1,1,1)(2,1,0)(2,1,0)(2,1,0)(1,1,0)(2,2,1)(3,2,0)(3,2,0)(3,1,0)(3,1,0)	psi(W_w^3*W^2)	psi(W_w^3*W^2)	
594	(0,0,0)(1,1,1)(2,1,0)(2,1,0)(2,1,0)(1,1,0)(2,2,1)(3,2,0)(3,2,0)(3,1,0)(4,2,1)	psi(W_w^3*psi_1(W_w))	psi(W_w^3*psi_1(W_w))	
595	(0,0,0)(1,1,1)(2,1,0)(2,1,0)(2,1,0)(1,1,0)(2,2,1)(3,2,0)(3,2,0)(3,2,0)	psi(W_w^3*W_2)	psi(W_w^3*W_2)	
596	(0,0,0)(1,1,1)(2,1,0)(2,1,0)(2,1,0)(1,1,0)(2,2,1)(3,2,0)(3,2,0)(3,2,0)(2,2,0)(3,3,1)(4,3,0)(4,3,0)(4,3,0)	psi(W_w^3*W_3)	psi(W_w^3*W_3)	
597	(0,0,0)(1,1,1)(2,1,0)(2,1,0)(2,1,0)(1,1,1)	psi(W_w^4)	psi(W_w^4)	
598	(0,0,0)(1,1,1)(2,1,0)(2,1,0)(2,1,0)(1,1,1)(1,1,1)	psi(W_w^4+W_w)	psi(W_w^4+W_w)	
599	(0,0,0)(1,1,1)(2,1,0)(2,1,0)(2,1,0)(1,1,1)(2,1,0)	psi(W_w^4+W_w*W)	psi(W_w^4+W_w*W)	
600	(0,0,0)(1,1,1)(2,1,0)(2,1,0)(2,1,0)(1,1,1)(2,1,0)(1,1,1)	psi(W_w^4+W_w^2)	psi(W_w^4+W_w^2)	
601	(0,0,0)(1,1,1)(2,1,0)(2,1,0)(2,1,0)(1,1,1)(2,1,0)(2,1,0)	psi(W_w^4+W_w^2*W)	psi(W_w^4+W_w^2*W)	
602	(0,0,0)(1,1,1)(2,1,0)(2,1,0)(2,1,0)(1,1,1)(2,1,0)(2,1,0)(1,1,1)	psi(W_w^4+W_w^3)	psi(W_w^4+W_w^3)	
603	(0,0,0)(1,1,1)(2,1,0)(2,1,0)(2,1,0)(1,1,1)(2,1,0)(2,1,0)(2,1,0)	psi(W_w^4+W_w^3*W)	psi(W_w^4+W_w^3*W)	
604	(0,0,0)(1,1,1)(2,1,0)(2,1,0)(2,1,0)(1,1,1)(2,1,0)(2,1,0)(2,1,0)(1,1,1)	psi(W_w^4*2)	psi(W_w^4*2)	
605	(0,0,0)(1,1,1)(2,1,0)(2,1,0)(2,1,0)(2,0,0)	psi(W_w^4*w)	psi(W_w^4*w)	
606	(0,0,0)(1,1,1)(2,1,0)(2,1,0)(2,1,0)(2,1,0)	psi(W_w^4*W)	psi(W_w^4*W)	
607	(0,0,0)(1,1,1)(2,1,0)(2,1,0)(2,1,0)(2,1,0)(1,1,0)(2,2,1)(3,2,0)(3,2,0)(3,2,0)(3,2,0)	psi(W_w^4*W_2)	psi(W_w^4*W_2)	
608	(0,0,0)(1,1,1)(2,1,0)(2,1,0)(2,1,0)(2,1,0)(1,1,1)	psi(W_w^5)	psi(W_w^5)	
609	(0,0,0)(1,1,1)(2,1,0)(2,1,0)(2,1,0)(2,1,0)(2,1,0)	psi(W_w^5*W)	psi(W_w^5*W)	
610	(0,0,0)(1,1,1)(2,1,0)(2,1,0)(2,1,0)(2,1,0)(2,1,0)(1,1,1)	psi(W_w^6)	psi(W_w^6)	
611	(0,0,0)(1,1,1)(2,1,0)(2,1,0)(2,1,0)(2,1,0)(2,1,0)(2,1,0)(1,1,1)	psi(W_w^7)	psi(W_w^7)	
612	(0,0,0)(1,1,1)(2,1,0)(3,0,0)	psi(W_w^w)	psi(W_w^w)	
613	(0,0,0)(1,1,1)(2,1,0)(3,0,0)(1,1,1)	psi(W_w^w+W_w)	psi(W_w^w+W_w)	
614	(0,0,0)(1,1,1)(2,1,0)(3,0,0)(1,1,1)(2,1,0)(1,1,1)	psi(W_w^w+W_w^2)	psi(W_w^w+W_w^2)	
615	(0,0,0)(1,1,1)(2,1,0)(3,0,0)(1,1,1)(2,1,0)(3,0,0)	psi(W_w^w*2)	psi(W_w^w*2)	
616	(0,0,0)(1,1,1)(2,1,0)(3,0,0)(2,0,0)	psi(W_w^w*w)	psi(W_w^w*w)	
617	(0,0,0)(1,1,1)(2,1,0)(3,0,0)(2,1,0)	psi(W_w^w*W)	psi(W_w^w*W)	
618	(0,0,0)(1,1,1)(2,1,0)(3,0,0)(2,1,0)(1,1,1)	psi(W_w^(w+1))	psi(W_w^(w+1))	
619	(0,0,0)(1,1,1)(2,1,0)(3,0,0)(2,1,0)(2,1,0)(1,1,1)	psi(W_w^(w+2))	psi(W_w^(w+2))	
620	(0,0,0)(1,1,1)(2,1,0)(3,0,0)(2,1,0)(3,0,0)	psi(W_w^(w2)	psi(W_w^(w2))	paren+1
621	(0,0,0)(1,1,1)(2,1,0)(3,0,0)(3,0,0)	psi(W_w^w^2)	psi(W_w^w^2)	
622	(0,0,0)(1,1,1)(2,1,0)(3,0,0)(4,0,0)	psi(W_w^w^w)	psi(W_w^w^w)	
623	(0,0,0)(1,1,1)(2,1,0)(3,0,0)(4,1,0)	psi(W_w^psi(W))	psi(W_w^psi(W))	
624	(0,0,0)(1,1,1)(2,1,0)(3,0,0)(4,1,1)	psi(W_w^psi(W_w))	psi(W_w^psi(W_w))	
625	(0,0,0)(1,1,1)(2,1,0)(3,1,0)	psi(W_w^W)	psi(W_w^W)	
627	(0,0,0)(1,1,1)(2,1,0)(3,1,0)(1,1,0)	psi(W_w^W+W)	psi(W_w^W+W)	
628	(0,0,0)(1,1,1)(2,1,0)(3,1,0)(1,1,0)(2,2,1)	psi(W_w^W+psi_1(W_w))	psi(W_w^W+psi_1(W_w))	
629	(0,0,0)(1,1,1)(2,1,0)(3,1,0)(1,1,0)(2,2,1)(3,2,0)(2,2,1)	psi(W_w^W+psi_1(W_w^2))	psi(W_w^W+psi_1(W_w^2))	
630	(0,0,0)(1,1,1)(2,1,0)(3,1,0)(1,1,0)(2,2,1)(3,2,0)(4,0,0)	psi(W_w^W+psi_1(W_w^w))	psi(W_w^W+psi_1(W_w^w))	
631	(0,0,0)(1,1,1)(2,1,0)(3,1,0)(1,1,0)(2,2,1)(3,2,0)(4,1,0)	psi(W_w^W+psi_1(W_w^W))	psi(W_w^W+psi_1(W_w^W))	
632	(0,0,0)(1,1,1)(2,1,0)(3,1,0)(1,1,0)(2,2,1)(3,2,0)(4,1,0)(2,1,0)	psi(W_w^W+psi_1(W_w^W)*W)	psi(W_w^W+psi_1(W_w^W)*W)	
633	(0,0,0)(1,1,1)(2,1,0)(3,1,0)(1,1,0)(2,2,1)(3,2,0)(4,1,0)(2,2,0)	psi(W_w^W+W_2)	psi(W_w^W+W_2)	
634	(0,0,0)(1,1,1)(2,1,0)(3,1,0)(1,1,0)(2,2,1)(3,2,0)(4,1,0)(2,2,0)(3,3,1)(4,3,0)(5,1,0)(3,3,0)	psi(W_w^W+W_3)	psi(W_w^W+W_3)	
635	(0,0,0)(1,1,1)(2,1,0)(3,1,0)(1,1,0)(2,2,1)(3,2,0)(4,1,0)(2,2,1)	psi(W_w^W+W_w)	psi(W_w^W+W_w)	
636	(0,0,0)(1,1,1)(2,1,0)(3,1,0)(1,1,0)(2,2,1)(3,2,0)(4,1,0)(2,2,1)(2,2,1)	psi(W_w^W+W_w*2)	psi(W_w^W+W_w*2)	
637	(0,0,0)(1,1,1)(2,1,0)(3,1,0)(1,1,0)(2,2,1)(3,2,0)(4,1,0)(2,2,1)(3,1,0)	psi(W_w^W+W_w*W)	psi(W_w^W+W_w*W)	
638	(0,0,0)(1,1,1)(2,1,0)(3,1,0)(1,1,0)(2,2,1)(3,2,0)(4,1,0)(2,2,1)(3,2,0)	psi(W_w^W+W_w*W_2)	psi(W_w^W+W_w*W_2)	
639	(0,0,0)(1,1,1)(2,1,0)(3,1,0)(1,1,0)(2,2,1)(3,2,0)(4,1,0)(2,2,1)(3,2,0)(2,2,1)	psi(W_w^W+W_w^2)	psi(W_w^W+W_w^2)	
640	(0,0,0)(1,1,1)(2,1,0)(3,1,0)(1,1,0)(2,2,1)(3,2,0)(4,1,0)(2,2,1)(3,2,0)(4,0,0)	psi(W_w^W+W_w^w)	psi(W_w^W+W_w^w)	
641	(0,0,0)(1,1,1)(2,1,0)(3,1,0)(1,1,0)(2,2,1)(3,2,0)(4,1,0)(2,2,1)(3,2,0)(4,1,0)	psi(W_w^W*2)	psi(W_w^W*2)	
642	(0,0,0)(1,1,1)(2,1,0)(3,1,0)(1,1,0)(2,2,1)(3,2,0)(4,1,0)(3,0,0)	psi(W_w^W*w)	psi(W_w^W*w)	
643	(0,0,0)(1,1,1)(2,1,0)(3,1,0)(1,1,0)(2,2,1)(3,2,0)(4,1,0)(3,1,0)	psi(W_w^W*W)	psi(W_w^W*W)	
644	(0,0,0)(1,1,1)(2,1,0)(3,1,0)(1,1,0)(2,2,1)(3,2,0)(4,1,0)(3,2,0)	psi(W_w^W*W_2)	psi(W_w^W*W_2)	
645	(0,0,0)(1,1,1)(2,1,0)(3,1,0)(1,1,0)(2,2,1)(3,2,0)(4,1,0)(3,2,0)(2,2,0)(3,3,1)(4,3,0)(5,1,0)(4,3,0)	psi(W_w^W*W_3)	psi(W_w^W*W_3)	
646	(0,0,0)(1,1,1)(2,1,0)(3,1,0)(1,1,0)(2,2,1)(3,2,0)(4,1,0)(3,2,0)(2,2,1)	psi(W_w^(W+1))	psi(W_w^(W+1))	
647	(0,0,0)(1,1,1)(2,1,0)(3,1,0)(1,1,0)(2,2,1)(3,2,0)(4,1,0)(3,2,0)(2,2,1)(2,2,1)	psi(W_w^(W+1)+W_w)	psi(W_w^(W+1)+W_w)	
648	(0,0,0)(1,1,1)(2,1,0)(3,1,0)(1,1,0)(2,2,1)(3,2,0)(4,1,0)(3,2,0)(2,2,1)(3,2,0)(4,1,0)(3,2,0)(2,2,1)	psi(W_w^(W+1)*2)	psi(W_w^(W+1)*2)	
649	(0,0,0)(1,1,1)(2,1,0)(3,1,0)(1,1,0)(2,2,1)(3,2,0)(4,1,0)(3,2,0)(3,2,0)	psi(W_w^(W+1)*W_2)	psi(W_w^(W+1)*W_2)	
650	(0,0,0)(1,1,1)(2,1,0)(3,1,0)(1,1,0)(2,2,1)(3,2,0)(4,1,0)(3,2,0)(3,2,0)(2,2,1)	psi(W_w^(W+2))	psi(W_w^(W+2))	
651	(0,0,0)(1,1,1)(2,1,0)(3,1,0)(1,1,0)(2,2,1)(3,2,0)(4,1,0)(3,2,0)(3,2,0)(3,2,0)(2,2,1)	psi(W_w^(W+3))	psi(W_w^(W+3))	
652	(0,0,0)(1,1,1)(2,1,0)(3,1,0)(1,1,0)(2,2,1)(3,2,0)(4,1,0)(3,2,1)(4,0,0)	psi(W_w^(W+w))	psi(W_w^(W+w))	
653	(0,0,0)(1,1,1)(2,1,0)(3,1,0)(1,1,0)(2,2,1)(3,2,0)(4,1,0)(3,2,1)(4,0,0)(5,1,1)	psi(W_w^(W+psi(W_w)))	psi(W_w^(W+psi(W_w)))	
654	(0,0,0)(1,1,1)(2,1,0)(3,1,0)(1,1,0)(2,2,1)(3,2,0)(4,1,0)(3,2,0)(4,1,0)	psi(W_w^(W2))	psi(W_w^(W2))	
655	(0,0,0)(1,1,1)(2,1,0)(3,1,0)(1,1,0)(2,2,1)(3,2,0)(4,1,0)(3,2,0)(4,1,0)(3,2,0)(4,1,0)	psi(W_w^(W3))	psi(W_w^(W3))	
656	(0,0,0)(1,1,1)(2,1,0)(3,1,0)(1,1,0)(2,2,1)(3,2,0)(4,1,0)(4,0,0)	psi(W_w^(W*w))	psi(W_w^(W*w))	
657	(0,0,0)(1,1,1)(2,1,0)(3,1,0)(1,1,0)(2,2,1)(3,2,0)(4,1,0)(4,1,0)	psi(W_w^W^2)	psi(W_w^W^2)	
658	(0,0,0)(1,1,1)(2,1,0)(3,1,0)(1,1,0)(2,2,1)(3,2,0)(4,1,0)(5,1,0)	psi(W_w^W^W)	psi(W_w^W^W)	
659	(0,0,0)(1,1,1)(2,1,0)(3,1,0)(1,1,0)(2,2,1)(3,2,0)(4,1,0)(5,2,1)	psi(W_w^psi_1(W_w))	psi(W_w^psi_1(W_w))	
660	(0,0,0)(1,1,1)(2,1,0)(3,1,0)(1,1,0)(2,2,1)(3,2,0)(4,1,0)(5,2,1)(6,2,0)(7,1,0)	psi(W_w^psi_1(W_w^W))	psi(W_w^psi_1(W_w^W))	
661	(0,0,0)(1,1,1)(2,1,0)(3,1,0)(1,1,0)(2,2,1)(3,2,0)(4,2,0)	psi(W_w^W_2)	psi(W_w^W_2)	
662	(0,0,0)(1,1,1)(2,1,0)(3,1,0)(1,1,0)(2,2,1)(3,2,0)(4,2,0)(2,2,0)(3,3,1)(4,3,0)(5,2,0)	psi(W_w^W_2+psi_2(W_w^W_2))	psi(W_w^W_2+psi_2(W_w^W_2))	
663	(0,0,0)(1,1,1)(2,1,0)(3,1,0)(1,1,0)(2,2,1)(3,2,0)(4,2,0)(2,2,0)(3,3,1)(4,3,0)(5,2,0)(3,3,1)	psi(W_w^W_2+W_w)	psi(W_w^W_2+W_w)	
664	(0,0,0)(1,1,1)(2,1,0)(3,1,0)(1,1,0)(2,2,1)(3,2,0)(4,2,0)(2,2,0)(3,3,1)(4,3,0)(5,2,0)(4,2,0)	psi(W_w^W_2*W_2)	psi(W_w^W_2*W_2)	
665	(0,0,0)(1,1,1)(2,1,0)(3,1,0)(1,1,0)(2,2,1)(3,2,0)(4,2,0)(2,2,0)(3,3,1)(4,3,0)(5,2,0)(4,3,0)	psi(W_w^W_2*W_3)	psi(W_w^W_2*W_3)	
666	(0,0,0)(1,1,1)(2,1,0)(3,1,0)(1,1,0)(2,2,1)(3,2,0)(4,2,0)(2,2,0)(3,3,1)(4,3,0)(5,2,0)(4,3,0)(3,3,1)	psi(W_w^(W_2+1))	psi(W_w^(W_2+1))	
667	(0,0,0)(1,1,1)(2,1,0)(3,1,0)(1,1,0)(2,2,1)(3,2,0)(4,2,0)(2,2,0)(3,3,1)(4,3,0)(5,2,0)(4,3,0)(5,2,0)	psi(W_w^(W_2*2))	psi(W_w^(W_2*2))	
668	(0,0,0)(1,1,1)(2,1,0)(3,1,0)(1,1,0)(2,2,1)(3,2,0)(4,2,0)(2,2,0)(3,3,1)(4,3,0)(5,2,0)(5,2,0)	psi(W_w^W_2^2)	psi(W_w^W_2^2)	
669	(0,0,0)(1,1,1)(2,1,0)(3,1,0)(1,1,0)(2,2,1)(3,2,0)(4,2,0)(2,2,0)(3,3,1)(4,3,0)(5,3,0)	psi(W_w^W_3)	psi(W_w^W_3)	
670	(0,0,0)(1,1,1)(2,1,0)(3,1,0)(1,1,0)(2,2,1)(3,2,0)(4,2,0)(2,2,0)(3,3,1)(4,3,0)(5,3,0)(3,3,0)(4,4,1)(5,4,0)(6,4,0)	psi(W_w^W_4)	psi(W_w^W_4)	
671	(0,0,0)(1,1,1)(2,1,0)(3,1,0)(1,1,1)	psi(W_w^W_w)	psi(W_w^W_w)	
672	(0,0,0)(1,1,1)(2,1,0)(3,1,0)(1,1,1)(1,1,0)	psi(W_w^W_w+W)	psi(W_w^W_w+W)	
673	(0,0,0)(1,1,1)(2,1,0)(3,1,0)(1,1,1)(1,1,0)(2,2,1)(3,20)(4,2,0)(2,2,1)	psi(W_w^W_w+psi_1(W_w^W_w))	psi(W_w^W_w+psi_1(W_w^W_w))	
674	(0,0,0)(1,1,1)(2,1,0)(3,1,0)(1,1,1)(1,1,0)(2,2,1)(3,20)(4,2,0)(2,2,1)(2,2,0)	psi(W_w^W_w+W_2)	psi(W_w^W_w+W_2)	
675	(0,0,0)(1,1,1)(2,1,0)(3,1,0)(1,1,1)(1,1,1)	psi(W_w^W_w+W_w)	psi(W_w^W_w+W_w)	
676	(0,0,0)(1,1,1)(2,1,0)(3,1,0)(1,1,1)(1,1,1)(1,1,1)	psi(W_w^W_w+W_w*2)	psi(W_w^W_w+W_w*2)	
677	(0,0,0)(1,1,1)(2,1,0)(3,1,0)(1,1,1)(2,0,0)	psi(W_w^W_w+W_w*w)	psi(W_w^W_w+W_w*w)	
678	(0,0,0)(1,1,1)(2,1,0)(3,1,0)(1,1,1)(2,1,0)	psi(W_w^W_w+W_w*W)	psi(W_w^W_w+W_w*W)	
679	(0,0,0)(1,1,1)(2,1,0)(3,1,0)(1,1,1)(2,1,0)(1,1,0)(2,2,1)(3,2,0)(4,2,0)(2,2,1)(3,2,0)	psi(W_w^W_w+W_w*W_2)	psi(W_w^W_w+W_w*W_2)	
680	(0,0,0)(1,1,1)(2,1,0)(3,1,0)(1,1,1)(2,1,0)(1,1,1)	psi(W_w^W_w+W_w^2)	psi(W_w^W_w+W_w^2)	
681	(0,0,0)(1,1,1)(2,1,0)(3,1,0)(1,1,1)(2,1,0)(2,1,0)(1,1,1)	psi(W_w^W_w+W_w^3)	psi(W_w^W_w+W_w^3)	
682	(0,0,0)(1,1,1)(2,1,0)(3,1,0)(1,1,1)(2,1,0)(3,0,0)	psi(W_w^W_w+W_w^w)	psi(W_w^W_w+W_w^w)	
683	(0,0,0)(1,1,1)(2,1,0)(3,1,0)(1,1,1)(2,1,0)(3,0,0)(4,1,1)	psi(W_w^W_w+W_w^psi(W_w))	psi(W_w^W_w+W_w^psi(W_w))	
684	(0,0,0)(1,1,1)(2,1,0)(3,1,0)(1,1,1)(2,1,0)(3,1,0)	psi(W_w^W_w+W_w^W)	psi(W_w^W_w+W_w^W)	
685	(0,0,0)(1,1,1)(2,1,0)(3,1,0)(1,1,1)(2,1,0)(3,1,0)(1,1,0)(2,2,1)(3,2,0)(4,2,0)(2,2,1)(3,2,1)(4,2,0)	psi(W_w^W_w+W_w^W_2)	psi(W_w^W_w+W_w^W_2)	
686	(0,0,0)(1,1,1)(2,1,0)(3,1,0)(1,1,1)(2,1,0)(3,1,0)(1,1,1)	psi(W_w^W_w*2)	psi(W_w^W_w*2)	
687	(0,0,0)(1,1,1)(2,1,0)(3,1,0)(1,1,1)(2,1,0)(3,1,0)(1,1,1)(1,1,1)	psi(W_w^W_w*2+W_w)	psi(W_w^W_w*2+W_w)	
688	(0,0,0)(1,1,1)(2,1,0)(3,1,0)(1,1,1)(2,1,0)(3,1,0)(1,1,1)(2,1,0)(1,1,1)	psi(W_w^W_w*2+W_w^2)	psi(W_w^W_w*2+W_w^2)	
689	(0,0,0)(1,1,1)(2,1,0)(3,1,0)(1,1,1)(2,1,0)(3,1,0)(1,1,1)(2,1,0)(3,1,0)	psi(W_w^W_w*2+W_w^W)	psi(W_w^W_w*2+W_w^W)	
690	(0,0,0)(1,1,1)(2,1,0)(3,1,0)(1,1,1)(2,1,0)(3,1,0)(1,1,1)(2,1,0)(3,1,0)(1,1,1)	psi(W_w^W_w*3)	psi(W_w^W_w*3)	
691	(0,0,0)(1,1,1)(2,1,0)(3,1,0)(2,0,0)	psi(W_w^W_w*w)	psi(W_w^W_w*w)	
692	(0,0,0)(1,1,1)(2,1,0)(3,1,0)(2,0,0)(3,1,1)	psi(W_w^W_w*psi(W_w))	psi(W_w^W_w*psi(W_w))	
693	(0,0,0)(1,1,1)(2,1,0)(3,1,0)(2,1,0)	psi(W_w^W_w*W)	psi(W_w^W_w*W)	
694	(0,0,0)(1,1,1)(2,1,0)(3,1,0)(2,1,0)(1,1,0)(2,2,1)(3,2,0)(4,2,0)(3,1,0)(2,2,1)	psi(W_w^W_w*W+W_w)	psi(W_w^W_w*W+W_w)	
695	(0,0,0)(1,1,1)(2,1,0)(3,1,0)(2,1,0)(1,1,0)(2,2,1)(3,2,0)(4,2,0)(3,1,0)(2,2,1)(3,2,1)(4,2,0)(2,2,1)	psi(W_w^W_w*W+W_w^W_w)	psi(W_w^W_w*W+W_w^W_w)	
696	(0,0,0)(1,1,1)(2,1,0)(3,1,0)(2,1,0)(1,1,0)(2,2,1)(3,2,0)(4,2,0)(3,1,0)(3,1,0)	psi(W_w^W_w*W^2)	psi(W_w^W_w*W^2)	
697	(0,0,0)(1,1,1)(2,1,0)(3,1,0)(2,1,0)(1,1,0)(2,2,1)(3,2,0)(4,2,0)(3,2,0)	psi(W_w^W_w*W_2)	psi(W_w^W_w*W_2)	
698	(0,0,0)(1,1,1)(2,1,0)(3,1,0)(2,1,0)(1,1,0)(2,2,1)(3,2,0)(4,2,0)(3,2,0)(2,2,0)(3,3,1)(4,3,0)(5,3,0)(4,3,0)	psi(W_w^W_w*W_3)	psi(W_w^W_w*W_3)	
699	(0,0,0)(1,1,1)(2,1,0)(3,1,0)(2,1,0)(1,1,1)	psi(W_w^(W_w+1))	psi(W_w^(W_w+1))	
700	(0,0,0)(1,1,1)(2,1,0)(3,1,0)(2,1,0)(1,1,1)(1,1,1)	psi(W_w^(W_w+1)+W_w)	psi(W_w^(W_w+1)+W_w)	
701	(0,0,0)(1,1,1)(2,1,0)(3,1,0)(2,1,0)(1,1,1)(2,1,0)(1,1,1)	psi(W_w^(W_w+1)+W_w^2)	psi(W_w^(W_w+1)+W_w^2)	
702	(0,0,0)(1,1,1)(2,1,0)(3,1,0)(2,1,0)(1,1,1)(2,1,0)(3,1,0)	psi(W_w^(W_w+1)+W_w^W)	psi(W_w^(W_w+1)+W_w^W)	
703	(0,0,0)(1,1,1)(2,1,0)(3,1,0)(2,1,0)(1,1,1)(2,1,0)(3,1,0)(1,1,1)	psi(W_w^(W_w+1)+W_w^W_w)	psi(W_w^(W_w+1)+W_w^W_w)	
704	(0,0,0)(1,1,1)(2,1,0)(3,1,0)(2,1,0)(1,1,1)(2,1,0)(3,1,0)(2,1,0)	psi(W_w^(W_w+1)+W_w^W_w*W)	psi(W_w^(W_w+1)+W_w^W_w*W)	
705	(0,0,0)(1,1,1)(2,1,0)(3,1,0)(2,1,0)(1,1,1)(2,1,0)(3,1,0)(2,1,0)(1,1,1)	psi(W_w^(W_w+1)*2)	psi(W_w^(W_w+1)*2)	
706	(0,0,0)(1,1,1)(2,1,0)(3,1,0)(2,1,0)(2,0,0)	psi(W_w^(W_w+1)*w)	psi(W_w^(W_w+1)*w)	
707	(0,0,0)(1,1,1)(2,1,0)(3,1,0)(2,1,0)(2,1,0)	psi(W_w^(W_w+1)*W)	psi(W_w^(W_w+1)*W)	
708	(0,0,0)(1,1,1)(2,1,0)(3,1,0)(2,1,0)(2,1,0)(1,1,1)	psi(W_w^(W_w+2))	psi(W_w^(W_w+2))	
709	(0,0,0)(1,1,1)(2,1,0)(3,1,0)(2,1,0)(2,1,0)(2,1,0)(1,1,1)	psi(W_w^(W_w+3))	psi(W_w^(W_w+3))	
710	(0,0,0)(1,1,1)(2,1,0)(3,1,0)(2,1,0)(3,0,0)	psi(W_w^(W_w+w))	psi(W_w^(W_w+w))	
711	(0,0,0)(1,1,1)(2,1,0)(3,1,0)(2,1,0)(3,0,0)(4,1,1)	psi(W_w^(W_w+psi(W_w)))	psi(W_w^(W_w+psi(W_w)))	
712	(0,0,0)(1,1,1)(2,1,0)(3,1,0)(2,1,0)(3,1,0)	psi(W_w^(W_w+W))	psi(W_w^(W_w+W))	
713	(0,0,0)(1,1,1)(2,1,0)(3,1,0)(2,1,0)(3,1,0)(1,1,0)(2,2,1)(3,2,0)(4,2,0)(3,2,0)(4,1,0)(3,2,0)	psi(W_w^(W_w+W)*W)	psi(W_w^(W_w+W)*W)	
714	(0,0,0)(1,1,1)(2,1,0)(3,1,0)(2,1,0)(3,1,0)(1,1,0)(2,2,1)(3,2,0)(4,2,0)(3,2,0)(4,1,0)(3,2,0)(2,2,1)	psi(W_w^(W_w+W+1))	psi(W_w^(W_w+W+1))	
715	(0,0,0)(1,1,1)(2,1,0)(3,1,0)(2,1,0)(3,1,0)(1,1,0)(2,2,1)(3,2,0)(4,2,0)(3,2,0)(4,1,0)(4,1,0)	psi(W_w^(W_w+W^2))	psi(W_w^(W_w+W^2))	
716	(0,0,0)(1,1,1)(2,1,0)(3,1,0)(2,1,0)(3,1,0)(1,1,0)(2,2,1)(3,2,0)(4,2,0)(3,2,0)(4,2,0)	psi(W_w^(W_w+W_2))	psi(W_w^(W_w+W_2))	
717	(0,0,0)(1,1,1)(2,1,0)(3,1,0)(2,1,0)(3,1,0)(1,1,0)(2,2,1)(3,2,0)(4,2,0)(3,2,0)(4,2,0)(2,2,0)(3,3,1)(4,3,0)(5,3,0)(4,3,0)(5,3,0)	psi(W_w^(W_w+W_3))	psi(W_w^(W_w+W_3))	
718	(0,0,0)(1,1,1)(2,1,0)(3,1,0)(2,1,0)(3,1,0)(1,1,1)	psi(W_w^(W_w*2))	psi(W_w^(W_w*2))	
719	(0,0,0)(1,1,1)(2,1,0)(3,1,0)(2,1,0)(3,1,0)(1,1,1)(1,1,1)	psi(W_w^(W_w*2)+W_w)	psi(W_w^(W_w*2)+W_w)	
720	(0,0,0)(1,1,1)(2,1,0)(3,1,0)(2,1,0)(3,1,0)(1,1,1)(2,1,0)(3,1,0)(1,1,1)	psi(W_w^(W_w*2)+W_w^W_w)	psi(W_w^(W_w*2)+W_w^W_w)	
721	(0,0,0)(1,1,1)(2,1,0)(3,1,0)(2,1,0)(3,1,0)(1,1,1)(2,1,0)(3,1,0)(2,1,0)(3,1,0)(1,1,1)	psi(W_w^(W_w*2)*2)	psi(W_w^(W_w*2)*2)	
722	(0,0,0)(1,1,1)(2,1,0)(3,1,0)(2,1,0)(3,1,0)(2,0,0)	psi(W_w^(W_w*2)*w)	psi(W_w^(W_w*2)*w)	
723	(0,0,0)(1,1,1)(2,1,0)(3,1,0)(2,1,0)(3,1,0)(2,1,0)	psi(W_w^(W_w*2)*W)	psi(W_w^(W_w*2)*W)	
724	(0,0,0)(1,1,1)(2,1,0)(3,1,0)(2,1,0)(3,1,0)(2,1,0)(1,1,1)	psi(W_w^(W_w*2+1))	psi(W_w^(W_w*2+1))	
725	(0,0,0)(1,1,1)(2,1,0)(3,1,0)(2,1,0)(3,1,0)(2,1,0)(2,1,0)(1,1,1)	psi(W_w^(W_w*2+2))	psi(W_w^(W_w*2+2))	
726	(0,0,0)(1,1,1)(2,1,0)(3,1,0)(2,1,0)(3,1,0)(2,1,0)(3,0,0)	psi(W_w^(W_w*2+w))	psi(W_w^(W_w*2+w))	
727	(0,0,0)(1,1,1)(2,1,0)(3,1,0)(2,1,0)(3,1,0)(2,1,0)(3,1,0)	psi(W_w^(W_w*2+W))	psi(W_w^(W_w*2+W))	
728	(0,0,0)(1,1,1)(2,1,0)(3,1,0)(2,1,0)(3,1,0)(2,1,0)(3,1,0)(1,1,0)(2,2,1)(3,2,0)(4,2,0)(3,2,0)(4,2,0)(3,2,0)(4,2,0)	psi(W_w^(W_w*2+W_2))	psi(W_w^(W_w*2+W_2))	
729	(0,0,0)(1,1,1)(2,1,0)(3,1,0)(2,1,0)(3,1,0)(2,1,0)(3,1,0)(1,1,1)	psi(W_w^(W_w*3))	psi(W_w^(W_w*3))	
730	(0,0,0)(1,1,1)(2,1,0)(3,1,0)(2,1,0)(3,1,0)(2,1,0)(3,1,0)(2,1,0)(1,1,1)	psi(W_w^(W_w*3+1))	psi(W_w^(W_w*3+1))	
731	(0,0,0)(1,1,1)(2,1,0)(3,1,0)(2,1,0)(3,1,0)(2,1,0)(3,1,0)(2,1,0)(3,1,0)(1,1,1)	psi(W_w^(W_w*4))	psi(W_w^(W_w*4))	
732	(0,0,0)(1,1,1)(2,1,0)(3,1,0)(3,0,0)	psi(W_w^(W_w*w))	psi(W_w^(W_w*w))	
733	(0,0,0)(1,1,1)(2,1,0)(3,1,0)(3,0,0)(4,1,1)	psi(W_w^(W_w*psi(W_w)))	psi(W_w^(W_w*psi(W_w)))	
734	(0,0,0)(1,1,1)(2,1,0)(3,1,0)(3,1,0)	psi(W_w^(W_w*W))	psi(W_w^(W_w*W))	
735	(0,0,0)(1,1,1)(2,1,0)(3,1,0)(3,1,0)(1,1,0)(2,2,1)(3,2,0)(4,2,0)(4,1,0)(3,2,0)	psi(W_w^(W_w*W)*W_2)	psi(W_w^(W_w*W)*W_2)	
736	(0,0,0)(1,1,1)(2,1,0)(3,1,0)(3,1,0)(1,1,0)(2,2,1)(3,2,0)(4,2,0)(4,1,0)(3,2,0)(2,2,1)	psi(W_w^(W_w*W+1))	psi(W_w^(W_w*W+1))	
737	(0,0,0)(1,1,1)(2,1,0)(3,1,0)(3,1,0)(1,1,0)(2,2,1)(3,2,0)(4,2,0)(4,1,0)(3,2,0)(4,2,0)(2,2,1)	psi(W_w^(W_w*W+W_w))	psi(W_w^(W_w*W+W_w))	
738	(0,0,0)(1,1,1)(2,1,0)(3,1,0)(3,1,0)(1,1,0)(2,2,1)(3,2,0)(4,2,0)(4,1,0)(3,2,0)(4,2,0)(4,1,0)	psi(W_w^(W_w*W2))	psi(W_w^(W_w*W2))	
739	(0,0,0)(1,1,1)(2,1,0)(3,1,0)(3,1,0)(1,1,0)(2,2,1)(3,2,0)(4,2,0)(4,1,0)(4,1,0)	psi(W_w^(W_w*W^2))	psi(W_w^(W_w*W^2))	
740	(0,0,0)(1,1,1)(2,1,0)(3,1,0)(3,1,0)(1,1,0)(2,2,1)(3,2,0)(4,2,0)(4,2,0)	psi(W_w^(W_w*W_2))	psi(W_w^(W_w*W_2))	
741	(0,0,0)(1,1,1)(2,1,0)(3,1,0)(3,1,0)(1,1,0)(2,2,1)(3,2,0)(4,2,0)(4,2,0)(2,2,0)(3,3,1)(4,3,0)(5,3,0)(5,3,0)	psi(W_w^(W_w*W_3))	psi(W_w^(W_w*W_3))	
742	(0,0,0)(1,1,1)(2,1,0)(3,1,0)(3,1,0)(1,1,1)	psi(W_w^W_w^2)	psi(W_w^W_w^2)	
743	(0,0,0)(1,1,1)(2,1,0)(3,1,0)(3,1,0)(1,1,1)(2,1,0)(3,1,0)(3,1,0)(1,1,1)	psi(W_w^W_w^2*2)	psi(W_w^W_w^2*2)	
744	(0,0,0)(1,1,1)(2,1,0)(3,1,0)(3,1,0)(2,0,0)	psi(W_w^W_w^2*w)	psi(W_w^W_w^2*w)	
745	(0,0,0)(1,1,1)(2,1,0)(3,1,0)(3,1,0)(2,1,0)	psi(W_w^W_w^2*W)	psi(W_w^W_w^2*W)	
746	(0,0,0)(1,1,1)(2,1,0)(3,1,0)(3,1,0)(2,1,0)(1,1,1)	psi(W_w^(W_w^2+1))	psi(W_w^(W_w^2+1))	
747	(0,0,0)(1,1,1)(2,1,0)(3,1,0)(3,1,0)(2,1,0)(2,1,0)(1,1,1)	psi(W_w^(W_w^2+2))	psi(W_w^(W_w^2+2))	
748	(0,0,0)(1,1,1)(2,1,0)(3,1,0)(3,1,0)(2,1,0)(3,0,0)	psi(W_w^(W_w^2+w))	psi(W_w^(W_w^2+w))	
749	(0,0,0)(1,1,1)(2,1,0)(3,1,0)(3,1,0)(2,1,0)(3,1,0)	psi(W_w^(W_w^2+W))	psi(W_w^(W_w^2+W))	
750	(0,0,0)(1,1,1)(2,1,0)(3,1,0)(3,1,0)(2,1,0)(3,1,0)(1,1,1)	psi(W_w^(W_w^2+W_w))	psi(W_w^(W_w^2+W_w))	
751	(0,0,0)(1,1,1)(2,1,0)(3,1,0)(3,1,0)(2,1,0)(3,1,0)(2,1,0)(3,1,0)(1,1,1)	psi(W_w^(W_w^2+W_w*2))	psi(W_w^(W_w^2+W_w*2))	
752	(0,0,0)(1,1,1)(2,1,0)(3,1,0)(3,1,0)(2,1,0)(3,1,0)(3,0,0)	psi(W_w^(W_w^2+W_w*w))	psi(W_w^(W_w^2+W_w*w))	
753	(0,0,0)(1,1,1)(2,1,0)(3,1,0)(3,1,0)(2,1,0)(3,1,0)(3,1,0)	psi(W_w^(W_w^2+W_w*W))	psi(W_w^(W_w^2+W_w*W))	
754	(0,0,0)(1,1,1)(2,1,0)(3,1,0)(3,1,0)(2,1,0)(3,1,0)(3,1,0)(1,1,1)	psi(W_w^(W_w^2*2))	psi(W_w^(W_w^2*2))	
755	(0,0,0)(1,1,1)(2,1,0)(3,1,0)(3,1,0)(2,1,0)(3,1,0)(3,1,0)(2,1,0)(3,1,0)(3,1,0)(1,1,1)	psi(W_w^(W_w^2*3))	psi(W_w^(W_w^2*3))	
756	(0,0,0)(1,1,1)(2,1,0)(3,1,0)(3,1,0)(3,1,0)	psi(W_w^(W_w^2*W))	psi(W_w^(W_w^2*W))	
757	(0,0,0)(1,1,1)(2,1,0)(3,1,0)(3,1,0)(3,1,0)(1,1,1)	psi(W_w^W_w^3)	psi(W_w^W_w^3)	
758	(0,0,0)(1,1,1)(2,1,0)(3,1,0)(3,1,0)(3,1,0)(3,1,0)	psi(W_w^(W_w^3*W))	psi(W_w^(W_w^3*W))	
759	(0,0,0)(1,1,1)(2,1,0)(3,1,0)(3,1,0)(3,1,0)(3,1,0)(1,1,1)	psi(W_w^W_w^4)	psi(W_w^W_w^4)	
760	(0,0,0)(1,1,1)(2,1,0)(3,1,0)(3,1,0)(3,1,0)(3,1,0)(3,1,0)(1,1,1)	psi(W_w^W_w^5)	psi(W_w^W_w^5)	
761	(0,0,0)(1,1,1)(2,1,0)(3,1,0)(4,0,0)	psi(W_w^W_w^w)	psi(W_w^W_w^w)	
762	(0,0,0)(1,1,1)(2,1,0)(3,1,0)(4,0,0)(5,1,1)	psi(W_w^W_w^psi(W_w))	psi(W_w^W_w^psi(W_w))	
763	(0,0,0)(1,1,1)(2,1,0)(3,1,0)(4,1,0)	psi(W_w^W_w^W)	psi(W_w^W_w^W)	
764	(0,0,0)(1,1,1)(2,1,0)(3,1,0)(4,1,0)(1,1,0)(2,2,1)(3,2,0)(4,2,0)(5,1,0)(4,2,0)	psi(W_w^(W_w^W*W))	psi(W_w^(W_w^W*W))	
765	(0,0,0)(1,1,1)(2,1,0)(3,1,0)(4,1,0)(1,1,0)(2,2,1)(3,2,0)(4,2,0)(5,1,0)(4,2,0)(2,2,1)	psi(W_w^W_w^(W+1))	psi(W_w^W_w^(W+1))	
766	(0,0,0)(1,1,1)(2,1,0)(3,1,0)(4,1,0)(1,1,0)(2,2,1)(3,2,0)(4,2,0)(5,1,0)(5,1,0)	psi(W_w^W_w^W^2)	psi(W_w^W_w^W^2)	
767	(0,0,0)(1,1,1)(2,1,0)(3,1,0)(4,1,0)(1,1,0)(2,2,1)(3,2,0)(4,2,0)(5,2,0)	psi(W_w^W_w^W_2)	psi(W_w^W_w^W_2)	
768	(0,0,0)(1,1,1)(2,1,0)(3,1,0)(4,1,0)(1,1,0)(2,2,1)(3,2,0)(4,2,0)(5,2,0)(2,2,0)(3,3,1)(4,3,0)(5,3,0)(6,3,0)	psi(W_w^W_w^W_3)	psi(W_w^W_w^W_3)	
769	(0,0,0)(1,1,1)(2,1,0)(3,1,0)(4,1,0)(1,1,1)	psi(W_w^W_w^W_w)	psi(W_w^W_w^W_w)	
770	(0,0,0)(1,1,1)(2,1,0)(3,1,0)(4,1,0)(2,1,0)(1,1,1)	psi(W_w^(W_w^W_w+1))	psi(W_w^(W_w^W_w+1))	
771	(0,0,0)(1,1,1)(2,1,0)(3,1,0)(4,1,0)(3,1,0)(1,1,1)	psi(W_w^W_w^(W_w+1))	psi(W_w^W_w^(W_w+1))	
772	(0,0,0)(1,1,1)(2,1,0)(3,1,0)(4,1,0)(3,1,0)(4,1,0)(1,1,1)	psi(W_w^W_w^(W_w*2))	psi(W_w^W_w^(W_w*2))	
773	(0,0,0)(1,1,1)(2,1,0)(3,1,0)(4,1,0)(4,1,0)(1,1,1)	psi(W_w^W_w^W_w^2)	psi(W_w^W_w^W_w^2)	
774	(0,0,0)(1,1,1)(2,1,0)(3,1,0)(4,1,0)(5,0,0)	psi(W_w^W_w^W_w^w)	psi(W_w^W_w^W_w^w)	
775	(0,0,0)(1,1,1)(2,1,0)(3,1,0)(4,1,0)(5,1,0)	psi(W_w^W_w^W_w^W)	psi(W_w^W_w^W_w^W)	
776	(0,0,0)(1,1,1)(2,1,0)(3,1,0)(4,1,0)(5,1,0)(1,1,1)	psi(W_w^W_w^W_w^W_w)	psi(W_w^W_w^W_w^W_w)	
777	(0,0,0)(1,1,1)(2,1,0)(3,1,0)(4,1,0)(5,1,0)(5,1,0)(1,1,1)	psi(W_w^W_w^W_w^W_w^2)	psi(W_w^W_w^W_w^W_w^2)	
778	(0,0,0)(1,1,1)(2,1,0)(3,1,0)(4,1,0)(5,1,0)(6,1,0)(1,1,1)	psi(W_w^W_w^W_w^W_w^W_w)	psi(W_w^W_w^W_w^W_w^W_w)	
779	(0,0,0)(1,1,1)(2,1,0)(3,1,0)(4,1,0)(5,1,0)(6,1,0)(7,1,0)(1,1,1)	psi(W_w^W_w^W_w^W_w^W_w^W_w)	psi(W_w^W_w^W_w^W_w^W_w^W_w)	
780	(0,0,0)(1,1,1)(2,1,0)(3,2,0)	psi(W_(w+1))	psi(W_(w+1))	
782	(0,0,0)(1,1,1)(2,1,0)(3,2,0)(1,0,0)	psi(W_(w+1))*w	psi(W_(w+1))*w	
783	(0,0,0)(1,1,1)(2,1,0)(3,2,0)(1,1,0)	psi(W_(w+1)+W)	psi(W_(w+1)+W)	
784	(0,0,0)(1,1,1)(2,1,0)(3,2,0)(1,1,0)(2,2,0)	psi(W_(w+1)+psi_1(W_2))	psi(W_(w+1)+psi_1(W_2))	
785	(0,0,0)(1,1,1)(2,1,0)(3,2,0)(1,1,0)(2,2,1)	psi(W_(w+1)+psi_1(W_w))	psi(W_(w+1)+psi_1(W_w))	
786	(0,0,0)(1,1,1)(2,1,0)(3,2,0)(1,1,0)(2,2,1)(3,1,0)	psi(W_(w+1)+psi_1(W_w*W))	psi(W_(w+1)+psi_1(W_w*W))	
787	(0,0,0)(1,1,1)(2,1,0)(3,2,0)(1,1,0)(2,2,1)(3,2,0)	psi(W_(w+1)+psi_1(W_w*W_2))	psi(W_(w+1)+psi_1(W_w*W_2))	
788	(0,0,0)(1,1,1)(2,1,0)(3,2,0)(1,1,0)(2,2,1)(3,2,0)(2,2,0)(3,3,1)(4,3,0)	psi(W_(w+1)+psi_1(W_w*W_3))	psi(W_(w+1)+psi_1(W_w*W_3))	
789	(0,0,0)(1,1,1)(2,1,0)(3,2,0)(1,1,0)(2,2,1)(3,2,0)(2,2,1)	psi(W_(w+1)+psi_1(W_w^2))	psi(W_(w+1)+psi_1(W_w^2))	
790	(0,0,0)(1,1,1)(2,1,0)(3,2,0)(1,1,0)(2,2,1)(3,2,0)(4,2,0)	psi(W_(w+1)+psi_1(W_w^W_2))	psi(W_(w+1)+psi_1(W_w^W_2))	
791	(0,0,0)(1,1,1)(2,1,0)(3,2,0)(1,1,0)(2,2,1)(3,2,0)(4,2,0)(1,1,1)	psi(W_(w+1)+psi_1(W_w^W_w))	psi(W_(w+1)+psi_1(W_w^W_w))	
792	(0,0,0)(1,1,1)(2,1,0)(3,2,0)(1,1,0)(2,2,1)(3,2,0)(4,2,0)(5,2,0)(1,1,1)	psi(W_(w+1)+psi_1(W_w^W_w^W_w))	psi(W_(w+1)+psi_1(W_w^W_w^W_w))	
793	(0,0,0)(1,1,1)(2,1,0)(3,2,0)(1,1,0)(2,2,1)(3,2,0)(4,3,0)	psi(W_(w+1)+psi_1(W_(w+1)))	psi(W_(w+1)+psi_1(W_(w+1)))	
794	(0,0,0)(1,1,1)(2,1,0)(3,2,0)(1,1,0)(2,2,1)(3,2,0)(4,3,0)(1,1,0)(2,2,1)(3,2,0)(4,3,0)	psi(W_(w+1)+psi_1(W_(w+1))*2)	psi(W_(w+1)+psi_1(W_(w+1))*2)	
795	(0,0,0)(1,1,1)(2,1,0)(3,2,0)(1,1,0)(2,2,1)(3,2,0)(4,3,0)(2,0,0)	psi(W_(w+1)+psi_1(W_(w+1))*w)	psi(W_(w+1)+psi_1(W_(w+1))*w)	
796	(0,0,0)(1,1,1)(2,1,0)(3,2,0)(1,1,0)(2,2,1)(3,2,0)(4,3,0)(2,1,0)	psi(W_(w+1)+psi_1(W_(w+1))*W)	psi(W_(w+1)+psi_1(W_(w+1))*W)	
797	(0,0,0)(1,1,1)(2,1,0)(3,2,0)(1,1,0)(2,2,1)(3,2,0)(4,3,0)(2,1,0)(3,2,1)(4,2,0)(5,3,0)	psi(W_(w+1)+psi_1(W_(w+1))^2)	psi(W_(w+1)+psi_1(W_(w+1))^2)	
798	(0,0,0)(1,1,1)(2,1,0)(3,2,0)(1,1,0)(2,2,1)(3,2,0)(4,3,0)(2,2,0)	psi(W_(w+1)+W_2)	psi(W_(w+1)+W_2)	
799	(0,0,0)(1,1,1)(2,1,0)(3,2,0)(1,1,0)(2,2,1)(3,2,0)(4,3,0)(2,2,0)(3,3,1)(4,3,0)(5,4,0)	psi(W_(w+1)+psi_2(W_(w+1)))	psi(W_(w+1)+psi_2(W_(w+1)))	
800	(0,0,0)(1,1,1)(2,1,0)(3,2,0)(1,1,0)(2,2,1)(3,2,0)(4,3,0)(2,2,0)(3,3,1)(4,3,0)(5,4,0)(3,3,0)	psi(W_(w+1)+W_3)	psi(W_(w+1)+W_3)	
801	(0,0,0)(1,1,1)(2,1,0)(3,2,0)(1,1,1)	psi(W_(w+1)+W_w)	psi(W_(w+1)+W_w)	
802	(0,0,0)(1,1,1)(2,1,0)(3,2,0)(1,1,1)(1,1,0)(2,2,1)(3,2,0)(4,3,0)(2,2,1)	psi(W_(w+1)+W_w+psi_1(W_(w+1)+W_w))	psi(W_(w+1)+W_w+psi_1(W_(w+1)+W_w))	
803	(0,0,0)(1,1,1)(2,1,0)(3,2,0)(1,1,1)(1,1,0)(2,2,1)(3,2,0)(4,3,0)(2,2,1)(2,2,0)	psi(W_(w+1)+W_w+W_2)	psi(W_(w+1)+W_w+W_2)	
804	(0,0,0)(1,1,1)(2,1,0)(3,2,0)(1,1,1)(1,1,1)	psi(W_(w+1)+W_w*2)	psi(W_(w+1)+W_w*2)	
805	(0,0,0)(1,1,1)(2,1,0)(3,2,0)(1,1,1)(2,0,0)	psi(W_(w+1)+W_w*w)	psi(W_(w+1)+W_w*w)	
806	(0,0,0)(1,1,1)(2,1,0)(3,2,0)(1,1,1)(2,1,0)	psi(W_(w+1)+W_w*W)	psi(W_(w+1)+W_w*W)	
807	(0,0,0)(1,1,1)(2,1,0)(3,2,0)(1,1,1)(2,1,0)(1,1,0)(2,2,1)(3,2,0)(4,3,0)(2,2,1)(3,1,0)	psi(W_(w+1)+W_w*W+psi_1(W_(w+1)+W_w*W))	psi(W_(w+1)+W_w*W+psi_1(W_(w+1)+W_w*W))	
808	(0,0,0)(1,1,1)(2,1,0)(3,2,0)(1,1,1)(2,1,0)(1,1,0)(2,2,1)(3,2,0)(4,3,0)(2,2,1)(3,1,0)(2,2,1)	psi(W_(w+1)+W_w*W+W_w)	psi(W_(w+1)+W_w*W+W_w)	
809	(0,0,0)(1,1,1)(2,1,0)(3,2,0)(1,1,1)(2,1,0)(1,1,0)(2,2,1)(3,2,0)(4,3,0)(2,2,1)(3,1,0)(3,1,0)	psi(W_(w+1)+W_w*W^2)	psi(W_(w+1)+W_w*W^2)	
810	(0,0,0)(1,1,1)(2,1,0)(3,2,0)(1,1,1)(2,1,0)(1,1,0)(2,2,1)(3,2,0)(4,3,0)(2,2,1)(3,2,0)	psi(W_(w+1)+W_w*W_2)	psi(W_(w+1)+W_w*W_2)	
811	(0,0,0)(1,1,1)(2,1,0)(3,2,0)(1,1,1)(2,1,0)(1,1,1)	psi(W_(w+1)+W_w^2)	psi(W_(w+1)+W_w^2)	
812	(0,0,0)(1,1,1)(2,1,0)(3,2,0)(1,1,1)(2,1,0)(2,1,0)	psi(W_(w+1)+W_w^2*W)	psi(W_(w+1)+W_w^2*W)	
813	(0,0,0)(1,1,1)(2,1,0)(3,2,0)(1,1,1)(2,1,0)(2,1,0)(1,1,1)	psi(W_(w+1)+W_w^3)	psi(W_(w+1)+W_w^3)	
814	(0,0,0)(1,1,1)(2,1,0)(3,2,0)(1,1,1)(2,1,0)(3,0,0)	psi(W_(w+1)+W_w^w)	psi(W_(w+1)+W_w^w)	
815	(0,0,0)(1,1,1)(2,1,0)(3,2,0)(1,1,1)(2,1,0)(3,1,0)	psi(W_(w+1)+W_w^W)	psi(W_(w+1)+W_w^W)	
816	(0,0,0)(1,1,1)(2,1,0)(3,2,0)(1,1,1)(2,1,0)(3,1,0)(1,1,1)	psi(W_(w+1)+W_w^W_w)	psi(W_(w+1)+W_w^W_w)	
817	(0,0,0)(1,1,1)(2,1,0)(3,2,0)(1,1,1)(2,1,0)(3,1,0)(4,1,0)(1,1,1)	psi(W_(w+1)+W_w^W_w^W_w)	psi(W_(w+1)+W_w^W_w^W_w)	
818	(0,0,0)(1,1,1)(2,1,0)(3,2,0)(1,1,1)(2,1,0)(3,2,0)	psi(W_(w+1)+psi_W_(w+1)(W_(w+1)))	psi(W_(w+1)+psi_W_(w+1)(W_(w+1)))	
819	(0,0,0)(1,1,1)(2,1,0)(3,2,0)(1,1,1)(2,1,0)(3,2,0)(1,1,1)	psi(W_(w+1)+psi_W_(w+1)(W_(w+1))+W_w)	psi(W_(w+1)+psi_W_(w+1)(W_(w+1))+W_w)	
820	(0,0,0)(1,1,1)(2,1,0)(3,2,0)(1,1,1)(2,1,0)(3,2,0)(1,1,1)(2,1,0)(3,2,0)	psi(W_(w+1)+psi_W_(w+1)(W_(w+1))*2)	psi(W_(w+1)+psi_W_(w+1)(W_(w+1))*2)	
821	(0,0,0)(1,1,1)(2,1,0)(3,2,0)(2,0,0)	psi(W_(w+1)+psi_W_(w+1)(W_(w+1))*w)	psi(W_(w+1)+psi_W_(w+1)(W_(w+1))*w)	
822	(0,0,0)(1,1,1)(2,1,0)(3,2,0)(2,1,0)	psi(W_(w+1)+psi_W_(w+1)(W_(w+1))*W)	psi(W_(w+1)+psi_W_(w+1)(W_(w+1))*W)	
823	(0,0,0)(1,1,1)(2,1,0)(3,2,0)(2,1,0)(1,1,0)(2,2,1)(3,2,0)(4,3,0)(3,2,0)	psi(W_(w+1)+psi_W_(w+1)(W_(w+1))*W_2)	psi(W_(w+1)+psi_W_(w+1)(W_(w+1))*W_2)	
824	(0,0,0)(1,1,1)(2,1,0)(3,2,0)(2,1,0)(1,1,1)	psi(W_(w+1)+psi_W_(w+1)(W_(w+1))*W_w)	psi(W_(w+1)+psi_W_(w+1)(W_(w+1))*W_w)	
825	(0,0,0)(1,1,1)(2,1,0)(3,2,0)(2,1,0)(1,1,1)(2,1,0)(3,2,0)(2,1,0)	psi(W_(w+1)+psi_W_(w+1)(W_(w+1))*W_w+psi_W_(w+1)(W_(w+1))*W)	psi(W_(w+1)+psi_W_(w+1)(W_(w+1))*W_w+psi_W_(w+1)(W_(w+1))*W)	
826	(0,0,0)(1,1,1)(2,1,0)(3,2,0)(2,1,0)(1,1,1)(2,1,0)(3,2,0)(2,1,0)(1,1,1)	psi(W_(w+1)+psi_W_(w+1)(W_(w+1))*W_w*2)	psi(W_(w+1)+psi_W_(w+1)(W_(w+1))*W_w*2)	
827	(0,0,0)(1,1,1)(2,1,0)(3,2,0)(2,1,0)(2,0,0)	psi(W_(w+1)+psi_W_(w+1)(W_(w+1))*W_w*w)	psi(W_(w+1)+psi_W_(w+1)(W_(w+1))*W_w*w)	
828	(0,0,0)(1,1,1)(2,1,0)(3,2,0)(2,1,0)(2,1,0)	psi(W_(w+1)+psi_W_(w+1)(W_(w+1))*W_w*W)	psi(W_(w+1)+psi_W_(w+1)(W_(w+1))*W_w*W)	
829	(0,0,0)(1,1,1)(2,1,0)(3,2,0)(2,1,0)(2,1,0)(1,1,1)	psi(W_(w+1)+psi_W_(w+1)(W_(w+1))*W_w^2)	psi(W_(w+1)+psi_W_(w+1)(W_(w+1))*W_w^2)	
830	(0,0,0)(1,1,1)(2,1,0)(3,2,0)(2,1,0)(3,1,0)	psi(W_(w+1)+psi_W_(w+1)(W_(w+1))*W_w^W)	psi(W_(w+1)+psi_W_(w+1)(W_(w+1))*W_w^W)	
831	(0,0,0)(1,1,1)(2,1,0)(3,2,0)(2,1,0)(3,2,0)	psi(W_(w+1)+psi_W_(w+1)(W_(w+1))^2)	psi(W_(w+1)+psi_W_(w+1)(W_(w+1))^2)	
832	(0,0,0)(1,1,1)(2,1,0)(3,2,0)(3,1,0)	psi(W_(w+1)+psi_W_(w+1)(W_(w+1))^W)	psi(W_(w+1)+psi_W_(w+1)(W_(w+1))^W)	
833	(0,0,0)(1,1,1)(2,1,0)(3,2,0)(3,1,0)(4,2,0)	psi(W_(w+1)+psi_W_(w+1)(W_(w+1))^psi_W_(w+1)(W_(w+1)))	psi(W_(w+1)+psi_W_(w+1)(W_(w+1))^psi_W_(w+1)(W_(w+1)))	
834	(0,0,0)(1,1,1)(2,1,0)(3,2,0)(3,2,0)	psi(W_(w+1)*2)	psi(W_(w+1)*2)	
835	(0,0,0)(1,1,1)(2,1,0)(3,2,0)(3,2,0)(1,1,1)	psi(W_(w+1)*2+W_w)	psi(W_(w+1)*2+W_w)	
836	(0,0,0)(1,1,1)(2,1,0)(3,2,0)(3,2,0)(1,1,1)(2,1,0)(3,2,0)	psi(W_(w+1)*2+psi_W_(w+1)(W_(w+1)))	psi(W_(w+1)*2+psi_W_(w+1)(W_(w+1)))	
837	(0,0,0)(1,1,1)(2,1,0)(3,2,0)(3,2,0)(1,1,1)(2,1,0)(3,2,0)(3,2,0)	psi(W_(w+1)*2+psi_W_(w+1)(W_(w+1)*2))	psi(W_(w+1)*2+psi_W_(w+1)(W_(w+1)*2))	
838	(0,0,0)(1,1,1)(2,1,0)(3,2,0)(3,2,0)(2,1,0)	psi(W_(w+1)*2+psi_W_(w+1)(W_(w+1)*2)*W)	psi(W_(w+1)*2+psi_W_(w+1)(W_(w+1)*2)*W)	
839	(0,0,0)(1,1,1)(2,1,0)(3,2,0)(3,2,0)(2,1,0)(3,2,0)(3,2,0)	psi(W_(w+1)*2+psi_W_(w+1)(W_(w+1)*2)^2)	psi(W_(w+1)*2+psi_W_(w+1)(W_(w+1)*2)^2)	
840	(0,0,0)(1,1,1)(2,1,0)(3,2,0)(3,2,0)(3,1,0)	psi(W_(w+1)*2+psi_W_(w+1)(W_(w+1)*2)^W)	psi(W_(w+1)*2+psi_W_(w+1)(W_(w+1)*2)^W)	
841	(0,0,0)(1,1,1)(2,1,0)(3,2,0)(3,2,0)(3,2,0)	psi(W_(w+1)*3)	psi(W_(w+1)*3)	
842	(0,0,0)(1,1,1)(2,1,0)(3,2,0)(3,2,0)(3,2,0)(3,2,0)	psi(W_(w+1)*4)	psi(W_(w+1)*4)	
843	(0,0,0)(1,1,1)(2,1,0)(3,2,0)(4,0,0)(	psi(W_(w+1)*w)	psi(W_(w+1)*w)	
844	(0,0,0)(1,1,1)(2,1,0)(3,2,0)(4,0,0)(5,1,1)(	psi(W_(w+1)*psi(W_w))	psi(W_(w+1)*psi(W_w))	
845	(0,0,0)(1,1,1)(2,1,0)(3,2,0)(4,1,0)	psi(W_(w+1)*W)	psi(W_(w+1)*W)	
846	(0,0,0)(1,1,1)(2,1,0)(3,2,0)(4,1,0)(1,1,0)(2,2,1)(3,2,0)(4,3,0)(5,1,0)	psi(W_(w+1)*W+psi_1(W_(w+1)*W))	psi(W_(w+1)*W+psi_1(W_(w+1)*W))	
847	(0,0,0)(1,1,1)(2,1,0)(3,2,0)(4,1,0)(1,1,0)(2,2,1)(3,2,0)(4,3,0)(5,1,0)(2,2,0)	psi(W_(w+1)*W+W_2)	psi(W_(w+1)*W+W_2)	
848	(0,0,0)(1,1,1)(2,1,0)(3,2,0)(4,1,0)(1,1,0)(2,2,1)(3,2,0)(4,3,0)(5,1,0)(2,2,1)	psi(W_(w+1)*W+W_w)	psi(W_(w+1)*W+W_w)	
849	(0,0,0)(1,1,1)(2,1,0)(3,2,0)(4,1,0)(1,1,0)(2,2,1)(3,2,0)(4,3,0)(5,1,0)(2,2,1)(3,2,0)(4,3,0)(5,1,0)	psi(W_(w+1)*W+psi_W_(w+1)(W_(w+1)*W))	psi(W_(w+1)*W+psi_W_(w+1)(W_(w+1)*W))	
850	(0,0,0)(1,1,1)(2,1,0)(3,2,0)(4,1,0)(1,1,0)(2,2,1)(3,2,0)(4,3,0)(5,1,0)(3,2,0)(4,3,0)(5,1,0)	psi(W_(w+1)*W+psi_W_(w+1)(W_(w+1)*W)^2)	psi(W_(w+1)*W+psi_W_(w+1)(W_(w+1)*W)^2)	
851	(0,0,0)(1,1,1)(2,1,0)(3,2,0)(4,1,0)(1,1,0)(2,2,1)(3,2,0)(4,3,0)(5,1,0)(4,3,0)	psi(W_(w+1)*W+W_(w+1))	psi(W_(w+1)*W+W_(w+1))	
852	(0,0,0)(1,1,1)(2,1,0)(3,2,0)(4,1,0)(1,1,0)(2,2,1)(3,2,0)(4,3,0)(5,1,0)(5,1,0)	psi(W_(w+1)*W^2)	psi(W_(w+1)*W^2)	
853	(0,0,0)(1,1,1)(2,1,0)(3,2,0)(4,1,0)(1,1,0)(2,2,1)(3,2,0)(4,3,0)(5,1,0)(6,2,1)	psi(W_(w+1)*psi_1(W_w))	psi(W_(w+1)*psi_1(W_w))	
854	(0,0,0)(1,1,1)(2,1,0)(3,2,0)(4,1,0)(1,1,0)(2,2,1)(3,2,0)(4,3,0)(5,2,0)	psi(W_(w+1)*W_2)	psi(W_(w+1)*W_2)	
855	(0,0,0)(1,1,1)(2,1,0)(3,2,0)(4,1,0)(1,1,0)(2,2,1)(3,2,0)(4,3,0)(5,2,0)(2,2,0)(3,3,1)(4,3,0)(5,4,0)(6,3,0)	psi(W_(w+1)*W_3)	psi(W_(w+1)*W_3)	
856	(0,0,0)(1,1,1)(2,1,0)(3,2,0)(4,1,0)(1,1,1)	psi(W_(w+1)*W_w)	psi(W_(w+1)*W_w)	
857	(0,0,0)(1,1,1)(2,1,0)(3,2,0)(4,1,0)(1,1,1)(1,1,1)	psi(W_(w+1)*W_w+W_w)	psi(W_(w+1)*W_w+W_w)	
858	(0,0,0)(1,1,1)(2,1,0)(3,2,0)(4,1,0)(1,1,1)(2,1,0)(3,2,0)	psi(W_(w+1)*W_w+psi_W_(w+1)(W_(w+1)))	psi(W_(w+1)*W_w+psi_W_(w+1)(W_(w+1)))	
859	(0,0,0)(1,1,1)(2,1,0)(3,2,0)(4,1,0)(1,1,1)(2,1,0)(3,2,0)(4,1,0)	psi(W_(w+1)*W_w+psi_W_(w+1)(W_(w+1)*W))	psi(W_(w+1)*W_w+psi_W_(w+1)(W_(w+1)*W))	
860	(0,0,0)(1,1,1)(2,1,0)(3,2,0)(4,1,0)(1,1,1)(2,1,0)(3,2,0)(4,1,0)(1,1,1)	psi(W_(w+1)*W_w+psi_W_(w+1)(W_(w+1)*W_w))	psi(W_(w+1)*W_w+psi_W_(w+1)(W_(w+1)*W_w))	
861	(0,0,0)(1,1,1)(2,1,0)(3,2,0)(4,1,0)(2,1,0)	psi(W_(w+1)*W_w+psi_W_(w+1)(W_(w+1)*W_w)*W)	psi(W_(w+1)*W_w+psi_W_(w+1)(W_(w+1)*W_w)*W)	
862	(0,0,0)(1,1,1)(2,1,0)(3,2,0)(4,1,0)(2,1,0)(3,2,0)(4,1,0)(1,1,1)	psi(W_(w+1)*W_w+psi_W_(w+1)(W_(w+1)*W_w)^2)	psi(W_(w+1)*W_w+psi_W_(w+1)(W_(w+1)*W_w)^2)	
863	(0,0,0)(1,1,1)(2,1,0)(3,2,0)(4,1,0)(3,1,0)(4,2,0)(5,1,0)(1,1,1)	psi(W_(w+1)*W_w+psi_W_(w+1)(W_(w+1)*W_w)^psi_W_(w+1)(W_(w+1)*W_w))	psi(W_(w+1)*W_w+psi_W_(w+1)(W_(w+1)*W_w)^psi_W_(w+1)(W_(w+1)*W_w))	
864	(0,0,0)(1,1,1)(2,1,0)(3,2,0)(4,1,0)(3,2,0)	psi(W_(w+1)*W_w+W_(w+1))	psi(W_(w+1)*W_w+W_(w+1))	
865	(0,0,0)(1,1,1)(2,1,0)(3,2,0)(4,1,0)(3,2,0)(4,0,0)	psi(W_(w+1)*W_w+W_(w+1)*w)	psi(W_(w+1)*W_w+W_(w+1)*w)	
866	(0,0,0)(1,1,1)(2,1,0)(3,2,0)(4,1,0)(3,2,0)(4,1,0)	psi(W_(w+1)*W_w+W_(w+1)*W)	psi(W_(w+1)*W_w+W_(w+1)*W)	
867	(0,0,0)(1,1,1)(2,1,0)(3,2,0)(4,1,0)(3,2,0)(4,1,0)(1,1,1)	psi(W_(w+1)*W_w*2)	psi(W_(w+1)*W_w*2)	
868	(0,0,0)(1,1,1)(2,1,0)(3,2,0)(4,1,0)(4,0,0)	psi(W_(w+1)*W_w*w)	psi(W_(w+1)*W_w*w)	
869	(0,0,0)(1,1,1)(2,1,0)(3,2,0)(4,1,0)(4,1,0)	psi(W_(w+1)*W_w*W)	psi(W_(w+1)*W_w*W)	
870	(0,0,0)(1,1,1)(2,1,0)(3,2,0)(4,1,0)(4,1,0)(1,1,1)	psi(W_(w+1)*W_w^2)	psi(W_(w+1)*W_w^2)	
871	(0,0,0)(1,1,1)(2,1,0)(3,2,0)(4,1,0)(5,1,0)	psi(W_(w+1)*W_w^W)	psi(W_(w+1)*W_w^W)	
872	(0,0,0)(1,1,1)(2,1,0)(3,2,0)(4,1,0)(5,1,0)(1,1,1)	psi(W_(w+1)*W_w^W_w)	psi(W_(w+1)*W_w^W_w)	
873	(0,0,0)(1,1,1)(2,1,0)(3,2,0)(4,1,0)(5,1,0)(6,1,0)(1,1,1)	psi(W_(w+1)*W_w^W_w^W_w)	psi(W_(w+1)*W_w^W_w^W_w)	
874	(0,0,0)(1,1,1)(2,1,0)(3,2,0)(4,1,0)(5,2,0)	psi(W_(w+1)*psi_W_(w+1)(W_(w+1)))	psi(W_(w+1)*psi_W_(w+1)(W_(w+1)))	
875	(0,0,0)(1,1,1)(2,1,0)(3,2,0)(4,1,0)(5,2,0)(4,1,0)	psi(W_(w+1)*psi_W_(w+1)(W_(w+1))*W)	psi(W_(w+1)*psi_W_(w+1)(W_(w+1))*W)	
876	(0,0,0)(1,1,1)(2,1,0)(3,2,0)(4,1,0)(5,2,0)(5,1,0)	psi(W_(w+1)*psi_W_(w+1)(W_(w+1))^W)	psi(W_(w+1)*psi_W_(w+1)(W_(w+1))^W)	
877	(0,0,0)(1,1,1)(2,1,0)(3,2,0)(4,1,0)(5,2,0)(5,2,0)	psi(W_(w+1)*psi_W_(w+1)(W_(w+1)*2))	psi(W_(w+1)*psi_W_(w+1)(W_(w+1)*2))	
878	(0,0,0)(1,1,1)(2,1,0)(3,2,0)(4,1,0)(5,2,0)(6,0,0)	psi(W_(w+1)*psi_W_(w+1)(W_(w+1)*w))	psi(W_(w+1)*psi_W_(w+1)(W_(w+1)*w))	
879	(0,0,0)(1,1,1)(2,1,0)(3,2,0)(4,1,0)(5,2,0)(6,1,0)	psi(W_(w+1)*psi_W_(w+1)(W_(w+1)*W))	psi(W_(w+1)*psi_W_(w+1)(W_(w+1)*W))	
880	(0,0,0)(1,1,1)(2,1,0)(3,2,0)(4,1,0)(5,2,0)(6,1,0)(7,1,0)	psi(W_(w+1)*psi_W_(w+1)(W_(w+1)*W_w^W))	psi(W_(w+1)*psi_W_(w+1)(W_(w+1)*W_w^W))	
881	(0,0,0)(1,1,1)(2,1,0)(3,2,0)(4,1,0)(5,2,0)(6,1,0)(7,2,0)	psi(W_(w+1)*psi_W_(w+1)(W_(w+1)*psi_W_(w+1)(W_(w+1))))	psi(W_(w+1)*psi_W_(w+1)(W_(w+1)*psi_W_(w+1)(W_(w+1))))	
882	(0,0,0)(1,1,1)(2,1,0)(3,2,0)(4,2,0)	psi(W_(w+1)^2)	psi(W_(w+1)^2)	
883	(0,0,0)(1,1,1)(2,1,0)(3,2,0)(4,2,0)(1,1,1)	psi(W_(w+1)^2+W_w)	psi(W_(w+1)^2+W_w)	
884	(0,0,0)(1,1,1)(2,1,0)(3,2,0)(4,2,0)(1,1,1)(2,1,0)(3,2,0)(4,2,0)	psi(W_(w+1)^2+psi_W_(w+1)(W_(w+1)^2))	psi(W_(w+1)^2+psi_W_(w+1)(W_(w+1)^2))	
885	(0,0,0)(1,1,1)(2,1,0)(3,2,0)(4,2,0)(2,1,0)	psi(W_(w+1)^2+psi_W_(w+1)(W_(w+1)^2)*W)	psi(W_(w+1)^2+psi_W_(w+1)(W_(w+1)^2)*W)	
886	(0,0,0)(1,1,1)(2,1,0)(3,2,0)(4,2,0)(2,1,0)(3,2,0)(4,2,0)	psi(W_(w+1)^2+psi_W_(w+1)(W_(w+1)^2)^2)	psi(W_(w+1)^2+psi_W_(w+1)(W_(w+1)^2)^2)	
887	(0,0,0)(1,1,1)(2,1,0)(3,2,0)(4,2,0)(3,1,0)	psi(W_(w+1)^2+psi_W_(w+1)(W_(w+1)^2)^W)	psi(W_(w+1)^2+psi_W_(w+1)(W_(w+1)^2)^W)	
888	(0,0,0)(1,1,1)(2,1,0)(3,2,0)(4,2,0)(3,2,0)	psi(W_(w+1)^2+W_(w+1))	psi(W_(w+1)^2+W_(w+1))	
889	(0,0,0)(1,1,1)(2,1,0)(3,2,0)(4,2,0)(3,2,0)(4,1,0)	psi(W_(w+1)^2+W_(w+1)*W)	psi(W_(w+1)^2+W_(w+1)*W)	
890	(0,0,0)(1,1,1)(2,1,0)(3,2,0)(4,2,0)(3,2,0)(4,1,0)(1,1,1)	psi(W_(w+1)^2+W_(w+1)*W_w)	psi(W_(w+1)^2+W_(w+1)*W_w)	
891	(0,0,0)(1,1,1)(2,1,0)(3,2,0)(4,2,0)(3,2,0)(4,1,0)(5,2,0)	psi(W_(w+1)^2+W_(w+1)*psi_W_(w+1)(W_(w+1)))	psi(W_(w+1)^2+W_(w+1)*psi_W_(w+1)(W_(w+1)))	
892	(0,0,0)(1,1,1)(2,1,0)(3,2,0)(4,2,0)(3,2,0)(4,2,0)	psi(W_(w+1)^2*2)	psi(W_(w+1)^2*2)	
893	(0,0,0)(1,1,1)(2,1,0)(3,2,0)(4,2,0)(3,2,0)(4,2,0)(3,2,0)(4,2,0)	psi(W_(w+1)^2*3)	psi(W_(w+1)^2*3)	
894	(0,0,0)(1,1,1)(2,1,0)(3,2,0)(4,2,0)(4,0,0)	psi(W_(w+1)^2*w)	psi(W_(w+1)^2*w)	
895	(0,0,0)(1,1,1)(2,1,0)(3,2,0)(4,2,0)(4,1,0)	psi(W_(w+1)^2*W)	psi(W_(w+1)^2*W)	
896	(0,0,0)(1,1,1)(2,1,0)(3,2,0)(4,2,0)(4,1,0)(1,1,1)	psi(W_(w+1)^2*W_w)	psi(W_(w+1)^2*W_w)	
897	(0,0,0)(1,1,1)(2,1,0)(3,2,0)(4,2,0)(4,1,0)(5,2,0)	psi(W_(w+1)^2*psi_W_(w+1)(W_(w+1)))	psi(W_(w+1)^2*psi_W_(w+1)(W_(w+1)))	
898	(0,0,0)(1,1,1)(2,1,0)(3,2,0)(4,2,0)(4,1,0)(5,2,0)(6,2,0)	psi(W_(w+1)^2*psi_W_(w+1)(W_(w+1)^2))	psi(W_(w+1)^2*psi_W_(w+1)(W_(w+1)^2))	
899	(0,0,0)(1,1,1)(2,1,0)(3,2,0)(4,2,0)(4,2,0)	psi(W_(w+1)^3)	psi(W_(w+1)^3)	
900	(0,0,0)(1,1,1)(2,1,0)(3,2,0)(4,2,0)(4,2,0)(4,1,0)	psi(W_(w+1)^3*W)	psi(W_(w+1)^3*W)	
901	(0,0,0)(1,1,1)(2,1,0)(3,2,0)(4,2,0)(4,2,0)(4,2,0)	psi(W_(w+1)^4)	psi(W_(w+1)^4)	
902	(0,0,0)(1,1,1)(2,1,0)(3,2,0)(4,2,0)(5,0,0)	psi(W_(w+1)^w)	psi(W_(w+1)^w)	
903	(0,0,0)(1,1,1)(2,1,0)(3,2,0)(4,2,0)(5,1,0)	psi(W_(w+1)^W)	psi(W_(w+1)^W)	
904	(0,0,0)(1,1,1)(2,1,0)(3,2,0)(4,2,0)(5,1,0)(1,1,0)(2,2,1)(3,2,0)(4,3,0)(5,3,0)(6,2,0)	psi(W_(w+1)^W_2)	psi(W_(w+1)^W_2)	
905	(0,0,0)(1,1,1)(2,1,0)(3,2,0)(4,2,0)(5,1,0)(1,1,1)	psi(W_(w+1)^W_w)	psi(W_(w+1)^W_w)	
906	(0,0,0)(1,1,1)(2,1,0)(3,2,0)(4,2,0)(5,1,0)(6,2,0)	psi(W_(w+1)^psi_W_(w+1)(W_(w+1)))	psi(W_(w+1)^psi_W_(w+1)(W_(w+1)))	
907	(0,0,0)(1,1,1)(2,1,0)(3,2,0)(4,2,0)(5,2,0)	psi(W_(w+1)^W_(w+1))	psi(W_(w+1)^W_(w+1))	
908	(0,0,0)(1,1,1)(2,1,0)(3,2,0)(4,2,0)(5,2,0)(4,2,0)	psi(W_(w+1)^(W_(w+1)+1))	psi(W_(w+1)^(W_(w+1)+1))	
909	(0,0,0)(1,1,1)(2,1,0)(3,2,0)(4,2,0)(5,2,0)(4,2,0)(5,2,0)	psi(W_(w+1)^(W_(w+1)*2))	psi(W_(w+1)^(W_(w+1)*2))	
910	(0,0,0)(1,1,1)(2,1,0)(3,2,0)(4,2,0)(5,2,0)(5,2,0)	psi(W_(w+1)^W_(w+1)^2)	psi(W_(w+1)^W_(w+1)^2)	
911	(0,0,0)(1,1,1)(2,1,0)(3,2,0)(4,2,0)(5,2,0)(6,2,0)	psi(W_(w+1)^W_(w+1)^W_(w+1))	psi(W_(w+1)^W_(w+1)^W_(w+1))	
912	(0,0,0)(1,1,1)(2,1,0)(3,2,0)(4,2,0)(5,2,0)(6,2,0)(7,2,0)	psi(W_(w+1)^W_(w+1)^W_(w+1)^W_(w+1))	psi(W_(w+1)^W_(w+1)^W_(w+1)^W_(w+1))	
913	(0,0,0)(1,1,1)(2,1,0)(3,2,0)(4,3,0)	psi(W_(w+2))	psi(W_(w+2))	
914	(0,0,0)(1,1,1)(2,1,0)(3,2,0)(4,3,0)(1,1,0)	psi(W_(w+2)+W)	psi(W_(w+2)+W)	
915	(0,0,0)(1,1,1)(2,1,0)(3,2,0)(4,3,0)(1,1,0)(2,2,1)	psi(W_(w+2)+psi_1(W_w))	psi(W_(w+2)+psi_1(W_w))	
916	(0,0,0)(1,1,1)(2,1,0)(3,2,0)(4,3,0)(1,1,0)(2,2,1)(3,2,0)(4,3,0)(5,4,0)	psi(W_(w+2)+psi_1(W_(w+2)))	psi(W_(w+2)+psi_1(W_(w+2)))	
917	(0,0,0)(1,1,1)(2,1,0)(3,2,0)(4,3,0)(1,1,0)(2,2,1)(3,2,0)(4,3,0)(5,4,0)(2,2,0)	psi(W_(w+2)+W_2)	psi(W_(w+2)+W_2)	
918	(0,0,0)(1,1,1)(2,1,0)(3,2,0)(4,3,0)(1,1,1)	psi(W_(w+2)+W_w)	psi(W_(w+2)+W_w)	
919	(0,0,0)(1,1,1)(2,1,0)(3,2,0)(4,3,0)(1,1,1)(1,1,1)	psi(W_(w+2)+W_w*2)	psi(W_(w+2)+W_w*2)	
920	(0,0,0)(1,1,1)(2,1,0)(3,2,0)(4,3,0)(1,1,1)(2,1,0)	psi(W_(w+2)+W_w*W)	psi(W_(w+2)+W_w*W)	
921	(0,0,0)(1,1,1)(2,1,0)(3,2,0)(4,3,0)(1,1,1)(2,1,0)(1,1,1)	psi(W_(w+2)+W_w^2)	psi(W_(w+2)+W_w^2)	
922	(0,0,0)(1,1,1)(2,1,0)(3,2,0)(4,3,0)(1,1,1)(2,1,0)(3,1,0)	psi(W_(w+2)+W_w^W)	psi(W_(w+2)+W_w^W)	
923	(0,0,0)(1,1,1)(2,1,0)(3,2,0)(4,3,0)(1,1,1)(2,1,0)(3,1,0)(1,1,1)	psi(W_(w+2)+W_w^W_w)	psi(W_(w+2)+W_w^W_w)	
924	(0,0,0)(1,1,1)(2,1,0)(3,2,0)(4,3,0)(1,1,1)(2,1,0)(3,2,0)	psi(W_(w+2)+psi_W_(w+1)(W_(w+1)))	psi(W_(w+2)+psi_W_(w+1)(W_(w+1)))	
925	(0,0,0)(1,1,1)(2,1,0)(3,2,0)(4,3,0)(1,1,1)(2,1,0)(3,2,0)(4,2,0)	psi(W_(w+2)+psi_W_(w+1)(W_(w+1)^2))	psi(W_(w+2)+psi_W_(w+1)(W_(w+1)^2))	
926	(0,0,0)(1,1,1)(2,1,0)(3,2,0)(4,3,0)(1,1,1)(2,1,0)(3,2,0)(4,3,0)	psi(W_(w+2)+psi_W_(w+1)(W_(w+2)))	psi(W_(w+2)+psi_W_(w+1)(W_(w+2)))	
927	(0,0,0)(1,1,1)(2,1,0)(3,2,0)(4,3,0)(2,0,0)	psi(W_(w+2)+psi_W_(w+1)(W_(w+2))*w)	psi(W_(w+2)+psi_W_(w+1)(W_(w+2))*w)	
928	(0,0,0)(1,1,1)(2,1,0)(3,2,0)(4,3,0)(2,1,0)	psi(W_(w+2)+psi_W_(w+1)(W_(w+2))*W)	psi(W_(w+2)+psi_W_(w+1)(W_(w+2))*W)	
929	(0,0,0)(1,1,1)(2,1,0)(3,2,0)(4,3,0)(3,1,0)	psi(W_(w+2)+psi_W_(w+1)(W_(w+2))^W)	psi(W_(w+2)+psi_W_(w+1)(W_(w+2))^W)	
930	(0,0,0)(1,1,1)(2,1,0)(3,2,0)(4,3,0)(3,2,0)	psi(W_(w+2)+W_(w+1))	psi(W_(w+2)+W_(w+1))	
931	(0,0,0)(1,1,1)(2,1,0)(3,2,0)(4,3,0)(3,2,0)(3,2,0)	psi(W_(w+2)+W_(w+1)*2)	psi(W_(w+2)+W_(w+1)*2)	
932	(0,0,0)(1,1,1)(2,1,0)(3,2,0)(4,3,0)(3,2,0)(4,2,0)	psi(W_(w+2)+W_(w+1)^2)	psi(W_(w+2)+W_(w+1)^2)	
933	(0,0,0)(1,1,1)(2,1,0)(3,2,0)(4,3,0)(3,2,0)(4,3,0)	psi(W_(w+2)+psi_W_(w+2)(W_(w+2)))	psi(W_(w+2)+psi_W_(w+2)(W_(w+2)))	
934	(0,0,0)(1,1,1)(2,1,0)(3,2,0)(4,3,0)(4,0,0)	psi(W_(w+2)+psi_W_(w+2)(W_(w+2))*w)	psi(W_(w+2)+psi_W_(w+2)(W_(w+2))*w)	
935	(0,0,0)(1,1,1)(2,1,0)(3,2,0)(4,3,0)(4,1,0)	psi(W_(w+2)+psi_W_(w+2)(W_(w+2))*W)	psi(W_(w+2)+psi_W_(w+2)(W_(w+2))*W)	
936	(0,0,0)(1,1,1)(2,1,0)(3,2,0)(4,3,0)(4,1,0)(1,1,1)	psi(W_(w+2)+psi_W_(w+2)(W_(w+2))*W_w)	psi(W_(w+2)+psi_W_(w+2)(W_(w+2))*W_w)	
937	(0,0,0)(1,1,1)(2,1,0)(3,2,0)(4,3,0)(4,2,0)	psi(W_(w+2)+psi_W_(w+2)(W_(w+2))*W_(w+1))	psi(W_(w+2)+psi_W_(w+2)(W_(w+2))*W_(w+1))	
938	(0,0,0)(1,1,1)(2,1,0)(3,2,0)(4,3,0)(4,3,0)	psi(W_(w+2)*2)	psi(W_(w+2)*2)	
939	(0,0,0)(1,1,1)(2,1,0)(3,2,0)(4,3,0)(4,3,0)(4,3,0)	psi(W_(w+2)*3)	psi(W_(w+2)*3)	
940	(0,0,0)(1,1,1)(2,1,0)(3,2,0)(4,3,0)(5,0,0)	psi(W_(w+2)*w)	psi(W_(w+2)*w)	
941	(0,0,0)(1,1,1)(2,1,0)(3,2,0)(4,3,0)(5,1,0)	psi(W_(w+2)*W)	psi(W_(w+2)*W)	
942	(0,0,0)(1,1,1)(2,1,0)(3,2,0)(4,3,0)(5,1,0)(1,1,0)(2,2,1)(3,2,0)(4,3,0)(5,4,0)(6,2,0)	psi(W_(w+2)*W_2)	psi(W_(w+2)*W_2)	
943	(0,0,0)(1,1,1)(2,1,0)(3,2,0)(4,3,0)(5,1,0)(1,1,1)	psi(W_(w+2)*W_w)	psi(W_(w+2)*W_w)	
944	(0,0,0)(1,1,1)(2,1,0)(3,2,0)(4,3,0)(5,1,0)(4,3,0)	psi(W_(w+2)*W_w+W_(w+2))	psi(W_(w+2)*W_w+W_(w+2))	
945	(0,0,0)(1,1,1)(2,1,0)(3,2,0)(4,3,0)(5,1,0)(4,3,0)(5,1,0)(1,1,1)	psi(W_(w+2)*W_w*2)	psi(W_(w+2)*W_w*2)	
946	(0,0,0)(1,1,1)(2,1,0)(3,2,0)(4,3,0)(5,1,0)(5,1,0)(1,1,1)	psi(W_(w+2)*W_w^2)	psi(W_(w+2)*W_w^2)	
947	(0,0,0)(1,1,1)(2,1,0)(3,2,0)(4,3,0)(5,2,0)	psi(W_(w+2)*W_(w+1))	psi(W_(w+2)*W_(w+1))	
948	(0,0,0)(1,1,1)(2,1,0)(3,2,0)(4,3,0)(5,2,0)(5,2,0)	psi(W_(w+2)*W_(w+1)^2)	psi(W_(w+2)*W_(w+1)^2)	
949	(0,0,0)(1,1,1)(2,1,0)(3,2,0)(4,3,0)(5,2,0)(6,3,0)	psi(W_(w+2)*psi_W_(w+2)(W_(w+2)))	psi(W_(w+2)*psi_W_(w+2)(W_(w+2)))	
950	(0,0,0)(1,1,1)(2,1,0)(3,2,0)(4,3,0)(5,3,0)	psi(W_(w+2)^2)	psi(W_(w+2)^2)	
951	(0,0,0)(1,1,1)(2,1,0)(3,2,0)(4,3,0)(5,3,0)(4,2,0)	psi(W_(w+2)^2+W_(w+1))	psi(W_(w+2)^2+W_(w+1))	
952	(0,0,0)(1,1,1)(2,1,0)(3,2,0)(4,3,0)(5,3,0)(4,3,0)	psi(W_(w+2)^2+W_(w+2))	psi(W_(w+2)^2+W_(w+2))	
953	(0,0,0)(1,1,1)(2,1,0)(3,2,0)(4,3,0)(5,3,0)(4,3,0)(5,3,0)	psi(W_(w+2)^2*2)	psi(W_(w+2)^2*2)	
954	(0,0,0)(1,1,1)(2,1,0)(3,2,0)(4,3,0)(5,3,0)(5,1,0)	psi(W_(w+2)^2*W)	psi(W_(w+2)^2*W)	
955	(0,0,0)(1,1,1)(2,1,0)(3,2,0)(4,3,0)(5,3,0)(5,1,0)(1,1,1)	psi(W_(w+2)^2*W_w)	psi(W_(w+2)^2*W_w)	
956	(0,0,0)(1,1,1)(2,1,0)(3,2,0)(4,3,0)(5,3,0)(5,2,0)	psi(W_(w+2)^2*W_(w+1))	psi(W_(w+2)^2*W_(w+1))	
957	(0,0,0)(1,1,1)(2,1,0)(3,2,0)(4,3,0)(5,3,0)(5,3,0)	psi(W_(w+2)^3)	psi(W_(w+2)^3)	
958	(0,0,0)(1,1,1)(2,1,0)(3,2,0)(4,3,0)(5,3,0)(5,3,0)(5,3,0)	psi(W_(w+2)^4)	psi(W_(w+2)^4)	
959	(0,0,0)(1,1,1)(2,1,0)(3,2,0)(4,3,0)(5,3,0)(6,0,0)	psi(W_(w+2)^w)	psi(W_(w+2)^w)	
960	(0,0,0)(1,1,1)(2,1,0)(3,2,0)(4,3,0)(5,3,0)(6,1,0)	psi(W_(w+2)^W)	psi(W_(w+2)^W)	
961	(0,0,0)(1,1,1)(2,1,0)(3,2,0)(4,3,0)(5,3,0)(6,1,0)(1,1,1)	psi(W_(w+2)^W_w)	psi(W_(w+2)^W_w)	
962	(0,0,0)(1,1,1)(2,1,0)(3,2,0)(4,3,0)(5,3,0)(6,2,0)	psi(W_(w+2)^W_(w+1))	psi(W_(w+2)^W_(w+1))	
963	(0,0,0)(1,1,1)(2,1,0)(3,2,0)(4,3,0)(5,3,0)(6,3,0)	psi(W_(w+2)^W_(w+2))	psi(W_(w+2)^W_(w+2))	
964	(0,0,0)(1,1,1)(2,1,0)(3,2,0)(4,3,0)(5,3,0)(6,3,0)(6,3,0)	psi(W_(w+2)^W_(w+2)^2)	psi(W_(w+2)^W_(w+2)^2)	
965	(0,0,0)(1,1,1)(2,1,0)(3,2,0)(4,3,0)(5,3,0)(6,3,0)(7,3,0)	psi(W_(w+2)^W_(w+2)^W_(w+2))	psi(W_(w+2)^W_(w+2)^W_(w+2))	
966	(0,0,0)(1,1,1)(2,1,0)(3,2,0)(4,3,0)(5,4,0)	psi(W_(w+3))	psi(W_(w+3))	
967	(0,0,0)(1,1,1)(2,1,0)(3,2,0)(4,3,0)(5,4,0)(1,1,1)	psi(W_(w+3)+W_w)	psi(W_(w+3)+W_w)	
968	(0,0,0)(1,1,1)(2,1,0)(3,2,0)(4,3,0)(5,4,0)(2,1,0)	psi(W_(w+3)+psi_W_(w+1)(W_(w+3))*W)	psi(W_(w+3)+psi_W_(w+1)(W_(w+3))*W)	
969	(0,0,0)(1,1,1)(2,1,0)(3,2,0)(4,3,0)(5,4,0)(3,2,0)	psi(W_(w+3)+W_(w+1))	psi(W_(w+3)+W_(w+1))	
970	(0,0,0)(1,1,1)(2,1,0)(3,2,0)(4,3,0)(5,4,0)(4,3,0)	psi(W_(w+3)+W_(w+2))	psi(W_(w+3)+W_(w+2))	
971	(0,0,0)(1,1,1)(2,1,0)(3,2,0)(4,3,0)(5,4,0)(5,4,0)	psi(W_(w+3)*2)	psi(W_(w+3)*2)	
972	(0,0,0)(1,1,1)(2,1,0)(3,2,0)(4,3,0)(5,4,0)(6,0,0)	psi(W_(w+3)*w)	psi(W_(w+3)*w)	
973	(0,0,0)(1,1,1)(2,1,0)(3,2,0)(4,3,0)(5,4,0)(6,1,0)	psi(W_(w+3)*W)	psi(W_(w+3)*W)	
974	(0,0,0)(1,1,1)(2,1,0)(3,2,0)(4,3,0)(5,4,0)(6,1,0)(1,1,1)	psi(W_(w+3)*W_w)	psi(W_(w+3)*W_w)	
975	(0,0,0)(1,1,1)(2,1,0)(3,2,0)(4,3,0)(5,4,0)(6,2,0)	psi(W_(w+3)*W_(w+1))	psi(W_(w+3)*W_(w+1))	
976	(0,0,0)(1,1,1)(2,1,0)(3,2,0)(4,3,0)(5,4,0)(6,3,0)	psi(W_(w+3)*W_(w+2))	psi(W_(w+3)*W_(w+2))	
977	(0,0,0)(1,1,1)(2,1,0)(3,2,0)(4,3,0)(5,4,0)(6,4,0)	psi(W_(w+3)^2)	psi(W_(w+3)^2)	
978	(0,0,0)(1,1,1)(2,1,0)(3,2,0)(4,3,0)(5,4,0)(6,4,0)(6,4,0)	psi(W_(w+3)^3)	psi(W_(w+3)^3)	
979	(0,0,0)(1,1,1)(2,1,0)(3,2,0)(4,3,0)(5,4,0)(6,4,0)(7,0,0)	psi(W_(w+3)^w)	psi(W_(w+3)^w)	
980	(0,0,0)(1,1,1)(2,1,0)(3,2,0)(4,3,0)(5,4,0)(6,4,0)(7,3,0)	psi(W_(w+3)^W_(w+2))	psi(W_(w+3)^W_(w+2))	
981	(0,0,0)(1,1,1)(2,1,0)(3,2,0)(4,3,0)(5,4,0)(6,4,0)(7,4,0)	psi(W_(w+3)^W_(w+3))	psi(W_(w+3)^W_(w+3))	
982	(0,0,0)(1,1,1)(2,1,0)(3,2,0)(4,3,0)(5,4,0)(6,4,0)(7,4,0)(8,4,0)	psi(W_(w+3)^W_(w+3)^W_(w+3))	psi(W_(w+3)^W_(w+3)^W_(w+3))	
983	(0,0,0)(1,1,1)(2,1,0)(3,2,0)(4,3,0)(5,4,0)(6,5,0)	psi(W_(w+4))	psi(W_(w+4))	
984	(0,0,0)(1,1,1)(2,1,0)(3,2,0)(4,3,0)(5,4,0)(6,5,0)(6,5,0)	psi(W_(w+4)*2)	psi(W_(w+4)*2)	
985	(0,0,0)(1,1,1)(2,1,0)(3,2,0)(4,3,0)(5,4,0)(6,5,0)(7,5,0)	psi(W_(w+4)^2)	psi(W_(w+4)^2)	
986	(0,0,0)(1,1,1)(2,1,0)(3,2,0)(4,3,0)(5,4,0)(6,5,0)(7,6,0)	psi(W_(w+5))	psi(W_(w+5))	
987	(0,0,0)(1,1,1)(2,1,0)(3,2,0)(4,3,0)(5,4,0)(6,5,0)(7,6,0)(8,7,0)	psi(W_(w+6))	psi(W_(w+6))	
988	(0,0,0)(1,1,1)(2,1,0)(3,2,1)	psi(W_(w2))	psi(W_(w2))	
990	(0,0,0)(1,1,1)(2,1,0)(3,2,1)(1,1,0)	psi(W_(w2)+W)	psi(W_(w2)+W)	
991	(0,0,0)(1,1,1)(2,1,0)(3,2,1)(1,1,0)(2,2,0)	psi(W_(w2)+psi_1(W_2))	psi(W_(w2)+psi_1(W_2))	
992	(0,0,0)(1,1,1)(2,1,0)(3,2,1)(1,1,0)(2,2,1)	psi(W_(w2)+psi_1(W_w))	psi(W_(w2)+psi_1(W_w))	
993	(0,0,0)(1,1,1)(2,1,0)(3,2,1)(1,1,0)(2,2,1)(3,2,0)	psi(W_(w2)+psi_1(W_w*W_2))	psi(W_(w2)+psi_1(W_w*W_2))	
994	(0,0,0)(1,1,1)(2,1,0)(3,2,1)(1,1,0)(2,2,1)(3,2,0)(4,2,0)	psi(W_(w2)+psi_1(W_w^W_2))	psi(W_(w2)+psi_1(W_w^W_2))	
995	(0,0,0)(1,1,1)(2,1,0)(3,2,1)(1,1,0)(2,2,1)(3,2,0)(4,3,0)	psi(W_(w2)+psi_1(W_(w+1)))	psi(W_(w2)+psi_1(W_(w+1)))	
996	(0,0,0)(1,1,1)(2,1,0)(3,2,1)(1,1,0)(2,2,1)(3,2,0)(4,3,0)(5,4,0)	psi(W_(w2)+psi_1(W_(w+2)))	psi(W_(w2)+psi_1(W_(w+2)))	
997	(0,0,0)(1,1,1)(2,1,0)(3,2,1)(1,1,0)(2,2,1)(3,2,0)(4,3,1)	psi(W_(w2)+psi_1(W_(w2)))	psi(W_(w2)+psi_1(W_(w2)))	
998	(0,0,0)(1,1,1)(2,1,0)(3,2,1)(1,1,0)(2,2,1)(3,2,0)(4,3,1)(1,1,0)(2,2,1)	psi(W_(w2)+psi_1(W_(w2))+psi_1(W_w))	psi(W_(w2)+psi_1(W_(w2))+psi_1(W_w))	
999	(0,0,0)(1,1,1)(2,1,0)(3,2,1)(1,1,0)(2,2,1)(3,2,0)(4,3,1)(1,1,0)(2,2,1)(3,2,0)(4,3,0)	psi(W_(w2)+psi_1(W_(w2))*2)	psi(W_(w2)+psi_1(W_(w2))*2)	
1000	(0,0,0)(1,1,1)(2,1,0)(3,2,1)(1,1,0)(2,2,1)(3,2,0)(4,3,1)(2,0,0)	psi(W_(w2)+psi_1(W_(w2))*w)	psi(W_(w2)+psi_1(W_(w2))*w)	
1001	(0,0,0)(1,1,1)(2,1,0)(3,2,1)(1,1,0)(2,2,1)(3,2,0)(4,3,1)(2,1,0)	psi(W_(w2)+psi_1(W_(w2))*W)	psi(W_(w2)+psi_1(W_(w2))*W)	
1002	(0,0,0)(1,1,1)(2,1,0)(3,2,1)(1,1,0)(2,2,1)(3,2,0)(4,3,1)(2,2,0)	psi(W_(w2)+W_2)	psi(W_(w2)+W_2)	
1003	(0,0,0)(1,1,1)(2,1,0)(3,2,1)(1,1,0)(2,2,1)(3,2,0)(4,3,1)(2,2,0)(3,3,1)(4,3,0)(5,4,0)	psi(W_(w2)+psi_2(W_(w2))	psi(W_(w2)+psi_2(W_(w2)))	paren+1
1004	(0,0,0)(1,1,1)(2,1,0)(3,2,1)(1,1,0)(2,2,1)(3,2,0)(4,3,1)(2,2,0)(3,3,1)(4,3,0)(5,4,0)(3,3,0)	psi(W_(w2)+W_3)	psi(W_(w2)+W_3)	
1005	(0,0,0)(1,1,1)(2,1,0)(3,2,1)(1,1,1)	psi(W_(w2)+W_w)	psi(W_(w2)+W_w)	
1006	(0,0,0)(1,1,1)(2,1,0)(3,2,1)(1,1,1)(1,1,0)(2,2,1)(3,2,0)(4,3,1)(2,2,1)	psi(W_(w2)+W_w+psi_1(W_(w2)+W_w))	psi(W_(w2)+W_w+psi_1(W_(w2)+W_w))	
1007	(0,0,0)(1,1,1)(2,1,0)(3,2,1)(1,1,1)(1,1,1)	psi(W_(w2)+W_w*2)	psi(W_(w2)+W_w*2)	
1008	(0,0,0)(1,1,1)(2,1,0)(3,2,1)(1,1,1)(2,0,0)	psi(W_(w2)+W_w*w)	psi(W_(w2)+W_w*w)	
1009	(0,0,0)(1,1,1)(2,1,0)(3,2,1)(1,1,1)(2,1,0)	psi(W_(w2)+W_w*W)	psi(W_(w2)+W_w*W)	
1010	(0,0,0)(1,1,1)(2,1,0)(3,2,1)(1,1,1)(2,1,0)(1,1,1)	psi(W_(w2)+W_w^2)	psi(W_(w2)+W_w^2)	
1011	(0,0,0)(1,1,1)(2,1,0)(3,2,1)(1,1,1)(2,1,0)(3,1,0)(1,1,1)	psi(W_(w2)+W_w^W_w)	psi(W_(w2)+W_w^W_w)	
1012	(0,0,0)(1,1,1)(2,1,0)(3,2,1)(1,1,1)(2,1,0)(3,2,0)	psi(W_(w2)+psi_W_(w+1)(W_(w+1)))	psi(W_(w2)+psi_W_(w+1)(W_(w+1)))	
1013	(0,0,0)(1,1,1)(2,1,0)(3,2,1)(1,1,1)(2,1,0)(3,2,0)(4,2,0)	psi(W_(w2)+psi_W_(w+1)(W_(w+1)^2))	psi(W_(w2)+psi_W_(w+1)(W_(w+1)^2))	
1014	(0,0,0)(1,1,1)(2,1,0)(3,2,1)(1,1,1)(2,1,0)(3,2,0)(4,3,0)	psi(W_(w2)+psi_W_(w+1)(W_(w+2)))	psi(W_(w2)+psi_W_(w+1)(W_(w+2)))	
1015	(0,0,0)(1,1,1)(2,1,0)(3,2,1)(1,1,1)(2,1,0)(3,2,1)	psi(W_(w2)+psi_W_(w+1)(W_(w2)))	psi(W_(w2)+psi_W_(w+1)(W_(w2)))	
1016	(0,0,0)(1,1,1)(2,1,0)(3,2,1)(1,1,1)(2,1,0)(3,2,1)(1,1,1)	psi(W_(w2)+psi_W_(w+1)(W_(w2))+W_w)	psi(W_(w2)+psi_W_(w+1)(W_(w2))+W_w)	
1017	(0,0,0)(1,1,1)(2,1,0)(3,2,1)(1,1,1)(2,1,0)(3,2,1)(1,1,1)(2,1,0)(3,2,0)	psi(W_(w2)+psi_W_(w+1)(W_(w2))+psi_W_(w+1)(W_(w+1)))	psi(W_(w2)+psi_W_(w+1)(W_(w2))+psi_W_(w+1)(W_(w+1)))	
1018	(0,0,0)(1,1,1)(2,1,0)(3,2,1)(1,1,1)(2,1,0)(3,2,1)(1,1,1)(2,1,0)(3,2,1)	psi(W_(w2)+psi_W_(w+1)(W_(w2))*2)	psi(W_(w2)+psi_W_(w+1)(W_(w2))*2)	
1019	(0,0,0)(1,1,1)(2,1,0)(3,2,1)(2,0,0)	psi(W_(w2)+psi_W_(w+1)(W_(w2))*w)	psi(W_(w2)+psi_W_(w+1)(W_(w2))*w)	
1020	(0,0,0)(1,1,1)(2,1,0)(3,2,1)(2,1,0)	psi(W_(w2)+psi_W_(w+1)(W_(w2))*W)	psi(W_(w2)+psi_W_(w+1)(W_(w2))*W)	
1021	(0,0,0)(1,1,1)(2,1,0)(3,2,1)(2,1,0)(1,1,1)	psi(W_(w2)+psi_W_(w+1)(W_(w2))*W_w)	psi(W_(w2)+psi_W_(w+1)(W_(w2))*W_w)	
1022	(0,0,0)(1,1,1)(2,1,0)(3,2,1)(2,1,0)(2,1,0)(1,1,1)	psi(W_(w2)+psi_W_(w+1)(W_(w2))*W_w^2)	psi(W_(w2)+psi_W_(w+1)(W_(w2))*W_w^2)	
1023	(0,0,0)(1,1,1)(2,1,0)(3,2,1)(2,1,0)(3,1,0)(1,1,1)	psi(W_(w2)+psi_W_(w+1)(W_(w2))*W_w^W_w)	psi(W_(w2)+psi_W_(w+1)(W_(w2))*W_w^W_w)	
1024	(0,0,0)(1,1,1)(2,1,0)(3,2,1)(2,1,0)(3,2,0)	psi(W_(w2)+psi_W_(w+1)(W_(w2))*psi_W_(w+1)(W_(w+1)))	psi(W_(w2)+psi_W_(w+1)(W_(w2))*psi_W_(w+1)(W_(w+1)))	
1025	(0,0,0)(1,1,1)(2,1,0)(3,2,1)(2,1,0)(3,2,0)(4,3,0)	psi(W_(w2)+psi_W_(w+1)(W_(w2))*psi_W_(w+1)(W_(w+2)))	psi(W_(w2)+psi_W_(w+1)(W_(w2))*psi_W_(w+1)(W_(w+2)))	
1026	(0,0,0)(1,1,1)(2,1,0)(3,2,1)(2,1,0)(3,2,1)	psi(W_(w2)+psi_W_(w+1)(W_(w2))^2)	psi(W_(w2)+psi_W_(w+1)(W_(w2))^2)	
1027	(0,0,0)(1,1,1)(2,1,0)(3,2,1)(2,1,0)(3,2,1)(2,1,0)(3,2,0)	psi(W_(w2)+psi_W_(w+1)(W_(w2))^3)	psi(W_(w2)+psi_W_(w+1)(W_(w2))^3)	
1028	(0,0,0)(1,1,1)(2,1,0)(3,2,1)(3,1,0)	psi(W_(w2)+psi_W_(w+1)(W_(w2))^W)	psi(W_(w2)+psi_W_(w+1)(W_(w2))^W)	
1029	(0,0,0)(1,1,1)(2,1,0)(3,2,1)(3,1,0)(4,2,1)	psi(W_(w2)+psi_W_(w+1)(W_(w2))^psi_W_(w+1)(W_(w2)))	psi(W_(w2)+psi_W_(w+1)(W_(w2))^psi_W_(w+1)(W_(w2)))	
1030	(0,0,0)(1,1,1)(2,1,0)(3,2,1)(3,2,0)	psi(W_(w2)+W_(w+1))	psi(W_(w2)+W_(w+1))	
1031	(0,0,0)(1,1,1)(2,1,0)(3,2,1)(3,2,0)(3,2,0)	psi(W_(w2)+W_(w+1)*2)	psi(W_(w2)+W_(w+1)*2)	
1032	(0,0,0)(1,1,1)(2,1,0)(3,2,1)(3,2,0)(4,1,0)	psi(W_(w2)+W_(w+1)*W)	psi(W_(w2)+W_(w+1)*W)	
1033	(0,0,0)(1,1,1)(2,1,0)(3,2,1)(3,2,0)(4,2,0)	psi(W_(w2)+W_(w+1)^2)	psi(W_(w2)+W_(w+1)^2)	
1034	(0,0,0)(1,1,1)(2,1,0)(3,2,1)(3,2,0)(4,3,0)	psi(W_(w2)+psi_W_(w+2)(W_(w+2)))	psi(W_(w2)+psi_W_(w+2)(W_(w+2)))	
1035	(0,0,0)(1,1,1)(2,1,0)(3,2,1)(3,2,0)(4,3,1)	psi(W_(w2)+psi_W_(w+2)(W_(w2)))	psi(W_(w2)+psi_W_(w+2)(W_(w2)))	
1036	(0,0,0)(1,1,1)(2,1,0)(3,2,1)(3,2,0)(4,3,1)(3,2,0)	psi(W_(w2)+psi_W_(w+2)(W_(w2))+W_(w+1))	psi(W_(w2)+psi_W_(w+2)(W_(w2))+W_(w+1))	
1037	(0,0,0)(1,1,1)(2,1,0)(3,2,1)(3,2,0)(4,3,1)(3,2,0)(4,3,1)	psi(W_(w2)+psi_W_(w+2)(W_(w2))*2)	psi(W_(w2)+psi_W_(w+2)(W_(w2))*2)	
1038	(0,0,0)(1,1,1)(2,1,0)(3,2,1)(3,2,0)(4,3,1)(4,1,0)	psi(W_(w2)+psi_W_(w+2)(W_(w2))*W)	psi(W_(w2)+psi_W_(w+2)(W_(w2))*W)	
1039	(0,0,0)(1,1,1)(2,1,0)(3,2,1)(3,2,0)(4,3,1)(4,2,0)	psi(W_(w2)+psi_W_(w+2)(W_(w2))*W_(w+1))	psi(W_(w2)+psi_W_(w+2)(W_(w2))*W_(w+1))	
1040	(0,0,0)(1,1,1)(2,1,0)(3,2,1)(3,2,0)(4,3,1)(4,3,0)	psi(W_(w2)+W_(w+2))	psi(W_(w2)+W_(w+2))	
1041	(0,0,0)(1,1,1)(2,1,0)(3,2,1)(3,2,0)(4,3,1)(4,3,0)(5,4,1)	psi(W_(w2)+psi_W_(w+3)(W_(w2)))	psi(W_(w2)+psi_W_(w+3)(W_(w2)))	
1042	(0,0,0)(1,1,1)(2,1,0)(3,2,1)(3,2,0)(4,3,1)(4,3,0)(5,4,1)(5,4,0)	psi(W_(w2)+W_(w+3))	psi(W_(w2)+W_(w+3))	
1043	(0,0,0)(1,1,1)(2,1,0)(3,2,1)(3,2,0)(4,3,1)(4,3,0)(5,4,1)(5,4,0)(6,5,1)(6,5,0)	psi(W_(w2)+W_(w+4))	psi(W_(w2)+W_(w+4))	
1044	(0,0,0)(1,1,1)(2,1,0)(3,2,1)(3,2,1)	psi(W_(w2)*2)	psi(W_(w2)*2)	
1045	(0,0,0)(1,1,1)(2,1,0)(3,2,1)(3,2,1)(1,1,1)	psi(W_(w2)*2+W_w)	psi(W_(w2)*2+W_w)	
1046	(0,0,0)(1,1,1)(2,1,0)(3,2,1)(3,2,1)(1,1,1)(2,1,0)	psi(W_(w2)*2+W_w*W)	psi(W_(w2)*2+W_w*W)	
1047	(0,0,0)(1,1,1)(2,1,0)(3,2,1)(3,2,1)(1,1,1)(2,1,0)(3,2,0)	psi(W_(w2)*2+psi_W_(w+1)(W_(w+1)))	psi(W_(w2)*2+psi_W_(w+1)(W_(w+1)))	
1048	(0,0,0)(1,1,1)(2,1,0)(3,2,1)(3,2,1)(1,1,1)(2,1,0)(3,2,1)	psi(W_(w2)*2+psi_W_(w+1)(W_(w2)))	psi(W_(w2)*2+psi_W_(w+1)(W_(w2)))	
1049	(0,0,0)(1,1,1)(2,1,0)(3,2,1)(3,2,1)(1,1,1)(2,1,0)(3,2,1)(3,2,1)	psi(W_(w2)*2+psi_W_(w+1)(W_(w2)*2))	psi(W_(w2)*2+psi_W_(w+1)(W_(w2)*2))	
1050	(0,0,0)(1,1,1)(2,1,0)(3,2,1)(3,2,1)(2,1,0)	psi(W_(w2)*2+psi_W_(w+1)(W_(w2)*2)*W)	psi(W_(w2)*2+psi_W_(w+1)(W_(w2)*2)*W)	
1051	(0,0,0)(1,1,1)(2,1,0)(3,2,1)(3,2,1)(3,1,0)	psi(W_(w2)*2+psi_W_(w+1)(W_(w2)*2)^W)	psi(W_(w2)*2+psi_W_(w+1)(W_(w2)*2)^W)	
1052	(0,0,0)(1,1,1)(2,1,0)(3,2,1)(3,2,1)(3,2,0)	psi(W_(w2)*2+W_(w+1))	psi(W_(w2)*2+W_(w+1))	
1053	(0,0,0)(1,1,1)(2,1,0)(3,2,1)(3,2,1)(3,2,0)(4,3,1)	psi(W_(w2)*2+psi_W_(w+2)(W_(w2)))	psi(W_(w2)*2+psi_W_(w+2)(W_(w2)))	
1054	(0,0,0)(1,1,1)(2,1,0)(3,2,1)(3,2,1)(3,2,0)(4,3,1)(4,3,1)	psi(W_(w2)*2+psi_W_(w+2)(W_(w2)*2))	psi(W_(w2)*2+psi_W_(w+2)(W_(w2)*2))	
1055	(0,0,0)(1,1,1)(2,1,0)(3,2,1)(3,2,1)(3,2,0)(4,3,1)(4,3,1)(4,3,0)	psi(W_(w2)*2+W_(w+2))	psi(W_(w2)*2+W_(w+2))	
1056	(0,0,0)(1,1,1)(2,1,0)(3,2,1)(3,2,1)(3,2,0)(4,3,1)(4,3,1)(4,3,0)(5,4,1)(5,4,1)(5,4,0)	psi(W_(w2)*2+W_(w+3))	psi(W_(w2)*2+W_(w+3))	
1057	(0,0,0)(1,1,1)(2,1,0)(3,2,1)(3,2,1)(3,2,1)	psi(W_(w2)*3)	psi(W_(w2)*3)	
1058	(0,0,0)(1,1,1)(2,1,0)(3,2,1)(3,2,1)(3,2,1)(3,2,0)	psi(W_(w2)*3+W_(w+1))	psi(W_(w2)*3+W_(w+1))	
1059	(0,0,0)(1,1,1)(2,1,0)(3,2,1)(3,2,1)(3,2,1)(3,2,1)	psi(W_(w2)*4)	psi(W_(w2)*4)	
1060	(0,0,0)(1,1,1)(2,1,0)(3,2,1)(4,0,0)	psi(W_(w2)*w)	psi(W_(w2)*w)	
1061	(0,0,0)(1,1,1)(2,1,0)(3,2,1)(4,0,0)(1,1,1)	psi(W_(w2)*w+W_w)	psi(W_(w2)*w+W_w)	
1062	(0,0,0)(1,1,1)(2,1,0)(3,2,1)(4,0,0)(3,2,0)	psi(W_(w2)*w+W_(w+1))	psi(W_(w2)*w+W_(w+1))	
1063	(0,0,0)(1,1,1)(2,1,0)(3,2,1)(4,0,0)(3,2,1)	psi(W_(w2)*w+W_(w2))	psi(W_(w2)*w+W_(w2))	
1064	(0,0,0)(1,1,1)(2,1,0)(3,2,1)(4,0,0)(3,2,1)(4,0,0)	psi(W_(w2)*w2)	psi(W_(w2)*w2)	
1065	(0,0,0)(1,1,1)(2,1,0)(3,2,1)(4,0,0)(4,0,0)	psi(W_(w2)*w^2)	psi(W_(w2)*w^2)	
1066	(0,0,0)(1,1,1)(2,1,0)(3,2,1)(4,0,0)(5,1,1)	psi(W_(w2)*psi(W_w))	psi(W_(w2)*psi(W_w))	
1067	(0,0,0)(1,1,1)(2,1,0)(3,2,1)(4,1,0)	psi(W_(w2)*W)	psi(W_(w2)*W)	
1068	(0,0,0)(1,1,1)(2,1,0)(3,2,1)(4,1,0)(1,1,0)	psi(W_(w2)*W+W)	psi(W_(w2)*W+W)	
1069	(0,0,0)(1,1,1)(2,1,0)(3,2,1)(4,1,0)(1,1,0)(2,2,1)(3,2,0)(4,3,1)	psi(W_(w2)*W+psi_1(W_(w2)))	psi(W_(w2)*W+psi_1(W_(w2)))	
1070	(0,0,0)(1,1,1)(2,1,0)(3,2,1)(4,1,0)(1,1,0)(2,2,1)(3,2,0)(4,3,1)(5,1,0)	psi(W_(w2)*W+psi_1(W_(w2)*W))	psi(W_(w2)*W+psi_1(W_(w2)*W))	
1071	(0,0,0)(1,1,1)(2,1,0)(3,2,1)(4,1,0)(1,1,0)(2,2,1)(3,2,0)(4,3,1)(5,1,0)(2,2,0)	psi(W_(w2)*W+W_2)	psi(W_(w2)*W+W_2)	
1072	(0,0,0)(1,1,1)(2,1,0)(3,2,1)(4,1,0)(1,1,0)(2,2,1)(3,2,0)(4,3,1)(5,1,0)(2,2,1)	psi(W_(w2)*W+W_w)	psi(W_(w2)*W+W_w)	
1073	(0,0,0)(1,1,1)(2,1,0)(3,2,1)(4,1,0)(1,1,0)(2,2,1)(3,2,0)(4,3,1)(5,1,0)(2,2,1)(3,2,0)(4,3,1)(5,1,0)	psi(W_(w2)*W+psi_W_(w+1)(W_(w2)*W))	psi(W_(w2)*W+psi_W_(w+1)(W_(w2)*W))	
1074	(0,0,0)(1,1,1)(2,1,0)(3,2,1)(4,1,0)(1,1,0)(2,2,1)(3,2,0)(4,3,1)(5,1,0)(3,2,0)	psi(W_(w2)*W+psi_W_(w+1)(W_(w2)*W)*W_2)	psi(W_(w2)*W+psi_W_(w+1)(W_(w2)*W)*W_2)	
1075	(0,0,0)(1,1,1)(2,1,0)(3,2,1)(4,1,0)(1,1,0)(2,2,1)(3,2,0)(4,3,1)(5,1,0)(4,3,0)	psi(W_(w2)*W+W_(w+1))	psi(W_(w2)*W+W_(w+1))	
1076	(0,0,0)(1,1,1)(2,1,0)(3,2,1)(4,1,0)(1,1,0)(2,2,1)(3,2,0)(4,3,1)(5,1,0)(4,3,0)(5,4,1)(6,1,0)	psi(W_(w2)*w+psi_W_(w+2)(W_(w2)*W))	psi(W_(w2)*w+psi_W_(w+2)(W_(w2)*W))	
1077	(0,0,0)(1,1,1)(2,1,0)(3,2,1)(4,1,0)(1,1,0)(2,2,1)(3,2,0)(4,3,1)(5,1,0)(4,3,0)(5,4,1)(6,1,0)(5,4,0)	psi(W_(w2)*W+W_(w+2))	psi(W_(w2)*W+W_(w+2))	
1078	(0,0,0)(1,1,1)(2,1,0)(3,2,1)(4,1,0)(1,1,0)(2,2,1)(3,2,0)(4,3,1)(5,1,0)(4,3,1)	psi(W_(w2)*W+W_(w2))	psi(W_(w2)*W+W_(w2))	
1079	(0,0,0)(1,1,1)(2,1,0)(3,2,1)(4,1,0)(1,1,0)(2,2,1)(3,2,0)(4,3,1)(5,1,0)(4,3,1)(5,1,0)	psi(W_(w2)*W2)	psi(W_(w2)*W2)	
1080	(0,0,0)(1,1,1)(2,1,0)(3,2,1)(4,1,0)(1,1,0)(2,2,1)(3,2,0)(4,3,1)(5,1,0)(5,1,0)	psi(W_(w2)*W^2)	psi(W_(w2)*W^2)	
1081	(0,0,0)(1,1,1)(2,1,0)(3,2,1)(4,1,0)(1,1,0)(2,2,1)(3,2,0)(4,3,1)(5,1,0)(6,2,1)	psi(W_(w2)*psi_1(W_w))	psi(W_(w2)*psi_1(W_w))	
1082	(0,0,0)(1,1,1)(2,1,0)(3,2,1)(4,1,0)(1,1,0)(2,2,1)(3,2,0)(4,3,1)(5,2,0)	psi(W_(w2)*W_2)	psi(W_(w2)*W_2)	
1083	(0,0,0)(1,1,1)(2,1,0)(3,2,1)(4,1,0)(1,1,0)(2,2,1)(3,2,0)(4,3,1)(5,2,0)(2,2,0)(3,3,1)(4,3,0)(5,4,1)(6,3,0)	psi(W_(w2)*W_3)	psi(W_(w2)*W_3)	
1084	(0,0,0)(1,1,1)(2,1,0)(3,2,1)(4,1,0)(1,1,1)	psi(W_(w2)*W_w)	psi(W_(w2)*W_w)	
1085	(0,0,0)(1,1,1)(2,1,0)(3,2,1)(4,1,0)(1,1,1)(1,1,1)	psi(W_(w2)*W_w+W_w)	psi(W_(w2)*W_w+W_w)	
1086	(0,0,0)(1,1,1)(2,1,0)(3,2,1)(4,1,0)(1,1,1)(2,1,0)	psi(W_(w2)*W_w+W_w*W)	psi(W_(w2)*W_w+W_w*W)	
1087	(0,0,0)(1,1,1)(2,1,0)(3,2,1)(4,1,0)(1,1,1)(2,1,0)(3,2,0)	psi(W_(w2)*W_w+psi_W_(w+1)(W_(w+1)))	psi(W_(w2)*W_w+psi_W_(w+1)(W_(w+1)))	
1088	(0,0,0)(1,1,1)(2,1,0)(3,2,1)(4,1,0)(1,1,1)(2,1,0)(3,2,1)	psi(W_(w2)*W_w+psi_W_(w+1)(W_(w2)))	psi(W_(w2)*W_w+psi_W_(w+1)(W_(w2)))	
1089	(0,0,0)(1,1,1)(2,1,0)(3,2,1)(4,1,0)(1,1,1)(2,1,0)(3,2,1)(4,1,0)	psi(W_(w2)*W_w+psi_W_(w+1)(W_(w2)*W))	psi(W_(w2)*W_w+psi_W_(w+1)(W_(w2)*W))	
1090	(0,0,0)(1,1,1)(2,1,0)(3,2,1)(4,1,0)(1,1,1)(2,1,0)(3,2,1)(4,1,0)(1,1,1)	psi(W_(w2)*W_w+psi_W_(w+1)(W_(w2)*W_w))	psi(W_(w2)*W_w+psi_W_(w+1)(W_(w2)*W_w))	
1091	(0,0,0)(1,1,1)(2,1,0)(3,2,1)(4,1,0)(2,0,0)	psi(W_(w2)*W_w+psi_W_(w+1)(W_(w2)*W_w)*w)	psi(W_(w2)*W_w+psi_W_(w+1)(W_(w2)*W_w)*w)	
1092	(0,0,0)(1,1,1)(2,1,0)(3,2,1)(4,1,0)(2,1,0)	psi(W_(w2)*W_w+psi_W_(w+1)(W_(w2)*W_w)*W)	psi(W_(w2)*W_w+psi_W_(w+1)(W_(w2)*W_w)*W)	
1093	(0,0,0)(1,1,1)(2,1,0)(3,2,1)(4,1,0)(3,1,0)	psi(W_(w2)*W_w+psi_W_(w+1)(W_(w2)*W_w)^W)	psi(W_(w2)*W_w+psi_W_(w+1)(W_(w2)*W_w)^W)	
1094	(0,0,0)(1,1,1)(2,1,0)(3,2,1)(4,1,0)(3,2,0)	psi(W_(w2)*W_w+W_(w+1))	psi(W_(w2)*W_w+W_(w+1))	
1095	(0,0,0)(1,1,1)(2,1,0)(3,2,1)(4,1,0)(3,2,0)(4,3,0)	psi(W_(w2)*W_w+psi_W_(w+2)(W_(w+2)))	psi(W_(w2)*W_w+psi_W_(w+2)(W_(w+2)))	
1096	(0,0,0)(1,1,1)(2,1,0)(3,2,1)(4,1,0)(3,2,0)(4,3,1)	psi(W_(w2)*W_w+psi_W_(w+2)(W_(w2)))	psi(W_(w2)*W_w+psi_W_(w+2)(W_(w2)))	
1097	(0,0,0)(1,1,1)(2,1,0)(3,2,1)(4,1,0)(3,2,0)(4,3,1)(5,1,0)	psi(W_(w2)*W_w+psi_W_(w+2)(W_(w2)*W))	psi(W_(w2)*W_w+psi_W_(w+2)(W_(w2)*W))	
1098	(0,0,0)(1,1,1)(2,1,0)(3,2,1)(4,1,0)(3,2,0)(4,3,1)(5,2,0)	psi(W_(w2)*W_w+psi_W_(w+2)(W_(w2)*W_w)*W_(w+1))	psi(W_(w2)*W_w+psi_W_(w+2)(W_(w2)*W_w)*W_(w+1))	
1099	(0,0,0)(1,1,1)(2,1,0)(3,2,1)(4,1,0)(3,2,0)(4,3,1)(5,2,0)(4,3,0)	psi(W_(w2)*W_w+W_(w+2))	psi(W_(w2)*W_w+W_(w+2))	
1100	(0,0,0)(1,1,1)(2,1,0)(3,2,1)(4,1,0)(3,2,0)(4,3,1)(5,2,0)(4,3,0)(5,4,1)(6,3,0)(5,4,0)	psi(W_(w2)*W_w+W_(w+3))	psi(W_(w2)*W_w+W_(w+3))	
1101	(0,0,0)(1,1,1)(2,1,0)(3,2,1)(4,1,0)(3,2,1)	psi(W_(w2)*W_w+W_(w2))	psi(W_(w2)*W_w+W_(w2))	
1102	(0,0,0)(1,1,1)(2,1,0)(3,2,1)(4,1,0)(3,2,1)(4,1,0)	psi(W_(w2)*W_w+W_(w2)*W)	psi(W_(w2)*W_w+W_(w2)*W)	
1103	(0,0,0)(1,1,1)(2,1,0)(3,2,1)(4,1,0)(3,2,1)(4,1,0)(1,1,1)	psi(W_(w2)*W_w*2)	psi(W_(w2)*W_w*2)	
1104	(0,0,0)(1,1,1)(2,1,0)(3,2,1)(4,1,0)(4,1,0)(1,1,1)	psi(W_(w2)*W_w^2)	psi(W_(w2)*W_w^2)	
1105	(0,0,0)(1,1,1)(2,1,0)(3,2,1)(4,1,0)(5,2,0)	psi(W_(w2)*psi_W_(w+1)(W_(w+1)))	psi(W_(w2)*psi_W_(w+1)(W_(w+1)))	
1106	(0,0,0)(1,1,1)(2,1,0)(3,2,1)(4,1,0)(5,2,1)	psi(W_(w2)*psi_W_(w+1)(W_(w2)))	psi(W_(w2)*psi_W_(w+1)(W_(w2)))	
1107	(0,0,0)(1,1,1)(2,1,0)(3,2,1)(4,2,0)	psi(W_(w2)*W_(w+1))	psi(W_(w2)*W_(w+1))	
1108	(0,0,0)(1,1,1)(2,1,0)(3,2,1)(4,2,0)(1,1,0)(2,2,1)(3,2,0)(4,3,1)(5,3,0)	psi(W_(w2)*W_(w+1)+psi_1(W_(w2)*W_(w+1))	psi(W_(w2)*W_(w+1)+psi_1(W_(w2)*W_(w+1)))	paren+1
1109	(0,0,0)(1,1,1)(2,1,0)(3,2,1)(4,2,0)(1,1,0)(2,2,1)(3,2,0)(4,3,1)(5,3,0)(2,2,0)	psi(W_(w2)*W_(w+1)+W_2)	psi(W_(w2)*W_(w+1)+W_2)	
1110	(0,0,0)(1,1,1)(2,1,0)(3,2,1)(4,2,0)(1,1,1)	psi(W_(w2)*W_(w+1)+W_w)	psi(W_(w2)*W_(w+1)+W_w)	
1111	(0,0,0)(1,1,1)(2,1,0)(3,2,1)(4,2,0)(1,1,1)(2,1,0)(3,2,1)(4,2,0)	psi(W_(w2)*W_(w+1)+psi_W_(w+1)(W_(w2)*W_(w+1)))	psi(W_(w2)*W_(w+1)+psi_W_(w+1)(W_(w2)*W_(w+1)))	
1112	(0,0,0)(1,1,1)(2,1,0)(3,2,1)(4,2,0)(2,1,0)	psi(W_(w2)*W_(w+1)+psi_W_(w+1)(W_(w2)*W_(w+1))*W)	psi(W_(w2)*W_(w+1)+psi_W_(w+1)(W_(w2)*W_(w+1))*W)	
1113	(0,0,0)(1,1,1)(2,1,0)(3,2,1)(4,2,0)(3,2,0)	psi(W_(w2)*W_(w+1)+W_(w+1))	psi(W_(w2)*W_(w+1)+W_(w+1))	
1114	(0,0,0)(1,1,1)(2,1,0)(3,2,1)(4,2,0)(3,2,0)(4,3,1)	psi(W_(w2)*W_(w+1)+psi_W_(w+2)(W_(w2)))	psi(W_(w2)*W_(w+1)+psi_W_(w+2)(W_(w2)))	
1115	(0,0,0)(1,1,1)(2,1,0)(3,2,1)(4,2,0)(3,2,0)(4,3,1)(5,2,0)	psi(W_(w2)*W_(w+1)+psi_W_(w+2)(W_(w2)*W_(w+1)))	psi(W_(w2)*W_(w+1)+psi_W_(w+2)(W_(w2)*W_(w+1)))	
1116	(0,0,0)(1,1,1)(2,1,0)(3,2,1)(4,2,0)(3,2,0)(4,3,1)(5,2,0)(4,3,0)	psi(W_(w2)*W_(w+1)+W_(w+2))	psi(W_(w2)*W_(w+1)+W_(w+2))	
1117	(0,0,0)(1,1,1)(2,1,0)(3,2,1)(4,2,0)(3,2,0)(4,3,1)(5,2,0)(4,3,1)	psi(W_(w2)*W_(w+1)+W_(w2))	psi(W_(w2)*W_(w+1)+W_(w2))	
1118	(0,0,0)(1,1,1)(2,1,0)(3,2,1)(4,2,0)(3,2,0)(4,3,1)(5,2,0)(4,3,1)(5,2,0)	psi(W_(w2)*W_(w+1)*2)	psi(W_(w2)*W_(w+1)*2)	
1119	(0,0,0)(1,1,1)(2,1,0)(3,2,1)(4,2,0)(3,2,0)(4,3,1)(5,2,0)(5,2,0)	psi(W_(w2)*W_(w+1)^2)	psi(W_(w2)*W_(w+1)^2)	
1120	(0,0,0)(1,1,1)(2,1,0)(3,2,1)(4,2,0)(3,2,0)(4,3,1)(5,2,0)(6,3,1)	psi(W_(w2)*psi_W_(w+2)(W_(w2)))	psi(W_(w2)*psi_W_(w+2)(W_(w2)))	
1121	(0,0,0)(1,1,1)(2,1,0)(3,2,1)(4,2,0)(3,2,0)(4,3,1)(5,3,0)	psi(W_(w2)*W_(w+2))	psi(W_(w2)*W_(w+2))	
1122	(0,0,0)(1,1,1)(2,1,0)(3,2,1)(4,2,0)(3,2,0)(4,3,1)(5,3,0)(4,3,0)(5,4,1)(6,3,0)	psi(W_(w2)*W_(w+2)+psi_W_(w+3)(W_(w2)*W_(w+2)))	psi(W_(w2)*W_(w+2)+psi_W_(w+3)(W_(w2)*W_(w+2)))	
1123	(0,0,0)(1,1,1)(2,1,0)(3,2,1)(4,2,0)(3,2,0)(4,3,1)(5,3,0)(4,3,0)(5,4,1)(6,3,0)(5,4,1)	psi(W_(w2)*W_(w+2)+W_(w2))	psi(W_(w2)*W_(w+2)+W_(w2))	
1124	(0,0,0)(1,1,1)(2,1,0)(3,2,1)(4,2,0)(3,2,0)(4,3,1)(5,3,0)(4,3,0)(5,4,1)(6,3,0)(6,3,0)	psi(W_(w2)*W_(w+2)^2)	psi(W_(w2)*W_(w+2)^2)	
1125	(0,0,0)(1,1,1)(2,1,0)(3,2,1)(4,2,0)(3,2,0)(4,3,1)(5,3,0)(4,3,0)(5,4,1)(6,4,0)	psi(W_(w2)*W_(w+3))	psi(W_(w2)*W_(w+3))	
1126	(0,0,0)(1,1,1)(2,1,0)(3,2,1)(4,2,0)(3,2,0)(4,3,1)(5,3,0)(4,3,0)(5,4,1)(6,4,0)(5,4,0)(6,5,1)(7,5,0)	psi(W_(w2)*W_(w+4))	psi(W_(w2)*W_(w+4))	
1127	(0,0,0)(1,1,1)(2,1,0)(3,2,1)(4,2,0)(3,2,1)	psi(W_(w2)^2)	psi(W_(w2)^2)	
1128	(0,0,0)(1,1,1)(2,1,0)(3,2,1)(4,2,0)(3,2,1)(1,1,0)	psi(W_(w2)^2+W)	psi(W_(w2)^2+W)	
1129	(0,0,0)(1,1,1)(2,1,0)(3,2,1)(4,2,0)(3,2,1)(1,1,0)(2,2,1)(3,2,0)(4,3,1)(5,3,0)(4,3,1)(2,2,0)	psi(W_(w2)^2+W_2)	psi(W_(w2)^2+W_2)	
1130	(0,0,0)(1,1,1)(2,1,0)(3,2,1)(4,2,0)(3,2,1)(1,1,1)	psi(W_(w2)^2+W_w)	psi(W_(w2)^2+W_w)	
1131	(0,0,0)(1,1,1)(2,1,0)(3,2,1)(4,2,0)(3,2,1)(1,1,1)(2,1,0)	psi(W_(w2)^2+W_w*W)	psi(W_(w2)^2+W_w*W)	
1132	(0,0,0)(1,1,1)(2,1,0)(3,2,1)(4,2,0)(3,2,1)(1,1,1)(2,1,0)(3,2,0)	psi(W_(w2)^2+psi_W_(w+1)(W_(w+1)))	psi(W_(w2)^2+psi_W_(w+1)(W_(w+1)))	
1133	(0,0,0)(1,1,1)(2,1,0)(3,2,1)(4,2,0)(3,2,1)(1,1,1)(2,1,0)(3,2,1)	psi(W_(w2)^2+psi_W_(w+1)(W_(w2)))	psi(W_(w2)^2+psi_W_(w+1)(W_(w2)))	
1134	(0,0,0)(1,1,1)(2,1,0)(3,2,1)(4,2,0)(3,2,1)(1,1,1)(2,1,0)(3,2,1)(4,2,0)(3,2,1)	psi(W_(w2)^2+psi_W_(w+1)(W_(w2)^2))	psi(W_(w2)^2+psi_W_(w+1)(W_(w2)^2))	
1135	(0,0,0)(1,1,1)(2,1,0)(3,2,1)(4,2,0)(3,2,1)(2,1,0)	psi(W_(w2)^2+psi_W_(w+1)(W_(w2)^2)*W)	psi(W_(w2)^2+psi_W_(w+1)(W_(w2)^2)*W)	
1136	(0,0,0)(1,1,1)(2,1,0)(3,2,1)(4,2,0)(3,2,1)(3,2,0)	psi(W_(w2)^2+W_(w+1))	psi(W_(w2)^2+W_(w+1))	
1137	(0,0,0)(1,1,1)(2,1,0)(3,2,1)(4,2,0)(3,2,1)(3,2,0)(4,3,1)	psi(W_(w2)^2+psi_W_(w+2)(W_(w2)))	psi(W_(w2)^2+psi_W_(w+2)(W_(w2)))	
1138	(0,0,0)(1,1,1)(2,1,0)(3,2,1)(4,2,0)(3,2,1)(3,2,0)(4,3,1)(5,3,0)(4,3,1)	psi(W_(w2)^2+psi_W_(w+2)(W_(w2)^2))	psi(W_(w2)^2+psi_W_(w+2)(W_(w2)^2))	
1139	(0,0,0)(1,1,1)(2,1,0)(3,2,1)(4,2,0)(3,2,1)(3,2,0)(4,3,1)(5,3,0)(4,3,1)(4,3,0)	psi(W_(w2)^2+W_(w+2))	psi(W_(w2)^2+W_(w+2))	
1140	(0,0,0)(1,1,1)(2,1,0)(3,2,1)(4,2,0)(3,2,1)(3,2,0)(4,3,1)(5,3,0)(4,3,1)(4,3,0)(5,4,1)(6,4,0)(5,4,1)(5,4,0)	psi(W_(w2)^2+W_(w+3))	psi(W_(w2)^2+W_(w+3))	
1141	(0,0,0)(1,1,1)(2,1,0)(3,2,1)(4,2,0)(3,2,1)(3,2,1)	psi(W_(w2)^2+W_(w2))	psi(W_(w2)^2+W_(w2))	
1142	(0,0,0)(1,1,1)(2,1,0)(3,2,1)(4,2,0)(3,2,1)(3,2,1)(3,2,0)	psi(W_(w2)^2+W_(w2)+W_(w+1))	psi(W_(w2)^2+W_(w2)+W_(w+1))	
1143	(0,0,0)(1,1,1)(2,1,0)(3,2,1)(4,2,0)(3,2,1)(3,2,1)(3,2,1)	psi(W_(w2)^2+W_(w2)*2)	psi(W_(w2)^2+W_(w2)*2)	
1144	(0,0,0)(1,1,1)(2,1,0)(3,2,1)(4,2,0)(3,2,1)(4,0,0)	psi(W_(w2)^2+W_(w2)*w)	psi(W_(w2)^2+W_(w2)*w)	
1145	(0,0,0)(1,1,1)(2,1,0)(3,2,1)(4,2,0)(3,2,1)(4,1,0)	psi(W_(w2)^2+W_(w2)*W)	psi(W_(w2)^2+W_(w2)*W)	
1146	(0,0,0)(1,1,1)(2,1,0)(3,2,1)(4,2,0)(3,2,1)(4,1,0)(1,1,0)(2,2,1)(3,2,0)(4,3,1)(5,3,0)(4,3,1)(5,2,0)	psi(W_(w2)^2+W_(w2)*W_2)	psi(W_(w2)^2+W_(w2)*W_2)	
1147	(0,0,0)(1,1,1)(2,1,0)(3,2,1)(4,2,0)(3,2,1)(4,1,0)(1,1,1)	psi(W_(w2)^2+W_(w2)*W_w)	psi(W_(w2)^2+W_(w2)*W_w)	
1148	(0,0,0)(1,1,1)(2,1,0)(3,2,1)(4,2,0)(3,2,1)(4,1,0)(2,1,0)	psi(W_(w2)^2+W_(w2)*W_w+psi_W_(w+1)(W_(w2)^2+W_(w2)*W_w)*W)	psi(W_(w2)^2+W_(w2)*W_w+psi_W_(w+1)(W_(w2)^2+W_(w2)*W_w)*W)	
1149	(0,0,0)(1,1,1)(2,1,0)(3,2,1)(4,2,0)(3,2,1)(4,1,0)(3,2,1)	psi(W_(w2)^2+W_(w2)*W_w+W_(w2))	psi(W_(w2)^2+W_(w2)*W_w+W_(w2))	
1150	(0,0,0)(1,1,1)(2,1,0)(3,2,1)(4,2,0)(3,2,1)(4,1,0)(4,1,0)(1,1,1)	psi(W_(w2)^2+W_(w2)*W_w^2)	psi(W_(w2)^2+W_(w2)*W_w^2)	
1151	(0,0,0)(1,1,1)(2,1,0)(3,2,1)(4,2,0)(3,2,1)(4,2,0)	psi(W_(w2)^2+W_(w2)*W_(w+1))	psi(W_(w2)^2+W_(w2)*W_(w+1))	
1152	(0,0,0)(1,1,1)(2,1,0)(3,2,1)(4,2,0)(3,2,1)(4,2,0)(3,2,0)(4,3,1)(5,3,0)(4,3,1)(5,2,0)(4,3,1)	psi(W_(w2)^2+W_(w2)*W_(w+1)+W_w)	psi(W_(w2)^2+W_(w2)*W_(w+1)+W_w)	
1153	(0,0,0)(1,1,1)(2,1,0)(3,2,1)(4,2,0)(3,2,1)(4,2,0)(3,2,0)(4,3,1)(5,3,0)(4,3,1)(5,3,0)	psi(W_(w2)^2+W_(w2)*W_(w+2))	psi(W_(w2)^2+W_(w2)*W_(w+2))	
1154	(0,0,0)(1,1,1)(2,1,0)(3,2,1)(4,2,0)(3,2,1)(4,2,0)(3,2,1)	psi(W_(w2)^2*2)	psi(W_(w2)^2*2)	
1155	(0,0,0)(1,1,1)(2,1,0)(3,2,1)(4,2,0)(3,2,1)(4,2,0)(3,2,1)(3,2,1)	psi(W_(w2)^2*2+W_(w2))	psi(W_(w2)^2*2+W_(w2))	
1156	(0,0,0)(1,1,1)(2,1,0)(3,2,1)(4,2,0)(3,2,1)(4,2,0)(3,2,1)(4,1,0)	psi(W_(w2)^2*2+W_(w2)*W)	psi(W_(w2)^2*2+W_(w2)*W)	
1157	(0,0,0)(1,1,1)(2,1,0)(3,2,1)(4,2,0)(3,2,1)(4,2,0)(3,2,1)(4,2,0)	psi(W_(w2)^2*2+W_(w2)*W_(w+1))	psi(W_(w2)^2*2+W_(w2)*W_(w+1))	
1158	(0,0,0)(1,1,1)(2,1,0)(3,2,1)(4,2,0)(3,2,1)(4,2,0)(3,2,1)(4,2,0)(3,32,1)	psi(W_(w2)^2*3)	psi(W_(w2)^2*3)	
1159	(0,0,0)(1,1,1)(2,1,0)(3,2,1)(4,2,0)(4,0,0)	psi(W_(w2)^2*w)	psi(W_(w2)^2*w)	
1160	(0,0,0)(1,1,1)(2,1,0)(3,2,1)(4,2,0)(4,0,0)(5,1,1)	psi(W_(w2)^2*psi(W_w))	psi(W_(w2)^2*psi(W_w))	
1161	(0,0,0)(1,1,1)(2,1,0)(3,2,1)(4,2,0)(4,1,0)	psi(W_(w2)^2*W)	psi(W_(w2)^2*W)	
1162	(0,0,0)(1,1,1)(2,1,0)(3,2,1)(4,2,0)(4,1,0)(1,1,0)(2,2,1)(3,2,0)(4,3,1)(5,3,0)(5,2,0)	psi(W_(w2)^2*W_2)	psi(W_(w2)^2*W_2)	
1163	(0,0,0)(1,1,1)(2,1,0)(3,2,1)(4,2,0)(4,1,0)(1,1,1)	psi(W_(w2)^2*W_w)	psi(W_(w2)^2*W_w)	
1164	(0,0,0)(1,1,1)(2,1,0)(3,2,1)(4,2,0)(4,1,0)(2,1,0)	psi(W_(w2)^2*W_w+psi_W_(w+1)(W_(w2)^2*W_w)*W)	psi(W_(w2)^2*W_w+psi_W_(w+1)(W_(w2)^2*W_w)*W)	
1165	(0,0,0)(1,1,1)(2,1,0)(3,2,1)(4,2,0)(4,1,0)(3,2,0)	psi(W_(w2)^2*W_w+W_(w+1))	psi(W_(w2)^2*W_w+W_(w+1))	
1166	(0,0,0)(1,1,1)(2,1,0)(3,2,1)(4,2,0)(4,1,0)(3,2,1)	psi(W_(w2)^2*W_w+W_(w2))	psi(W_(w2)^2*W_w+W_(w2))	
1167	(0,0,0)(1,1,1)(2,1,0)(3,2,1)(4,2,0)(4,1,0)(3,2,1)(4,2,0)(3,2,1)	psi(W_(w2)^2*W_w+W_(w2)^2)	psi(W_(w2)^2*W_w+W_(w2)^2)	
1168	(0,0,0)(1,1,1)(2,1,0)(3,2,1)(4,2,0)(4,2,0)	psi(W_(w2)^2*W_(w+1))	psi(W_(w2)^2*W_(w+1))	
1169	(0,0,0)(1,1,1)(2,1,0)(3,2,1)(4,2,0)(4,2,0)(3,2,0)(4,3,1)(5,3,0)(5,3,0)	psi(W_(w2)^2*W_(w+2))	psi(W_(w2)^2*W_(w+2))	
1170	(0,0,0)(1,1,1)(2,1,0)(3,2,1)(4,2,0)(4,2,0)(3,2,1)	psi(W_(w2)^3)	psi(W_(w2)^3)	
1171	(0,0,0)(1,1,1)(2,1,0)(3,2,1)(4,2,0)(4,2,0)(3,2,1)(3,2,1)	psi(W_(w2)^3+W_(w2))	psi(W_(w2)^3+W_(w2))	
1172	(0,0,0)(1,1,1)(2,1,0)(3,2,1)(4,2,0)(4,2,0)(3,2,1)(4,2,0)(3,2,1)	psi(W_(w2)^3+W_(w2)^2)	psi(W_(w2)^3+W_(w2)^2)	
1173	(0,0,0)(1,1,1)(2,1,0)(3,2,1)(4,2,0)(4,2,0)(3,2,1)(4,2,0)(4,2,0)(3,2,1)	psi(W_(w2)^3*2)	psi(W_(w2)^3*2)	
1174	(0,0,0)(1,1,1)(2,1,0)(3,2,1)(4,2,0)(4,2,0)(4,1,0)	psi(W_(w2)^3*W)	psi(W_(w2)^3*W)	
1175	(0,0,0)(1,1,1)(2,1,0)(3,2,1)(4,2,0)(4,2,0)(4,2,0)	psi(W_(w2)^3*W_(w+1))	psi(W_(w2)^3*W_(w+1))	
1176	(0,0,0)(1,1,1)(2,1,0)(3,2,1)(4,2,0)(4,2,0)(4,2,0)(3,2,1)	psi(W_(w2)^4)	psi(W_(w2)^4)	
1177	(0,0,0)(1,1,1)(2,1,0)(3,2,1)(4,2,0)(4,2,0)(4,2,0)(4,2,0)(3,2,1)	psi(W_(w2)^5)	psi(W_(w2)^5)	
1178	(0,0,0)(1,1,1)(2,1,0)(3,2,1)(4,2,0)(5,0,0)	psi(W_(w2)^w)	psi(W_(w2)^w)	
1179	(0,0,0)(1,1,1)(2,1,0)(3,2,1)(4,2,0)(5,0,0)(4,2,0)	psi(W_(w2)^w*W_(w+1))	psi(W_(w2)^w*W_(w+1))	
1180	(0,0,0)(1,1,1)(2,1,0)(3,2,1)(4,2,0)(5,0,0)(4,2,0)(3,2,1)	psi(W_(w2)^(w+1))	psi(W_(w2)^(w+1))	
1181	(0,0,0)(1,1,1)(2,1,0)(3,2,1)(4,2,0)(5,0,0)(5,0,0)	psi(W_(w2)^w^2)	psi(W_(w2)^w^2)	
1182	(0,0,0)(1,1,1)(2,1,0)(3,2,1)(4,2,0)(5,0,0)(6,1,1)	psi(W_(w2)^psi(W_w))	psi(W_(w2)^psi(W_w))	
1183	(0,0,0)(1,1,1)(2,1,0)(3,2,1)(4,2,0)(5,1,0)	psi(W_(w2)^W)	psi(W_(w2)^W)	
1184	(0,0,0)(1,1,1)(2,1,0)(3,2,1)(4,2,0)(5,1,0)(1,1,0)(2,2,1)(3,2,0)(4,3,1)(5,3,0)(6,1,0)(5,3,0)(4,3,1)	psi(W_(w2)^(W+1))	psi(W_(w2)^(W+1))	
1185	(0,0,0)(1,1,1)(2,1,0)(3,2,1)(4,2,0)(5,1,0)(1,1,0)(2,2,1)(3,2,0)(4,3,1)(5,3,0)(6,1,0)(5,3,0)(6,1,0)	psi(W_(w2)^W^2)	psi(W_(w2)^W^2)	
1186	(0,0,0)(1,1,1)(2,1,0)(3,2,1)(4,2,0)(5,1,0)(1,1,0)(2,2,1)(3,2,0)(4,3,1)(5,3,0)(6,2,0)	psi(W_(w2)^W_2)	psi(W_(w2)^W_2)	
1187	(0,0,0)(1,1,1)(2,1,0)(3,2,1)(4,2,0)(5,1,0)(1,1,1)	psi(W_(w2)^W_w)	psi(W_(w2)^W_w)	
1188	(0,0,0)(1,1,1)(2,1,0)(3,2,1)(4,2,0)(5,1,0)(2,1,0)	psi(W_(w2)^W_w+psi_w_(w+1)(W_(w2)^W_w)*W)	psi(W_(w2)^W_w+psi_w_(w+1)(W_(w2)^W_w)*W)	
1189	(0,0,0)(1,1,1)(2,1,0)(3,2,1)(4,2,0)(5,1,0)(3,2,1)	psi(W_(w2)^W_w+W_(w2))	psi(W_(w2)^W_w+W_(w2))	
1190	(0,0,0)(1,1,1)(2,1,0)(3,2,1)(4,2,0)(5,1,0)(4,2,0)(1,1,1)	psi(W_(w2)^(W_w+1))	psi(W_(w2)^(W_w+1))	
1191	(0,0,0)(1,1,1)(2,1,0)(3,2,1)(4,2,0)(5,1,0)(6,2,1)	psi(W_(w2)^psi_W_(w+1)(W_(w2)))	psi(W_(w2)^psi_W_(w+1)(W_(w2)))	
1192	(0,0,0)(1,1,1)(2,1,0)(3,2,1)(4,2,0)(5,1,0)(6,2,1)(7,2,0)	psi(W_(w2)^psi_W_(w+1)(W_(w2)^W_2))	psi(W_(w2)^psi_W_(w+1)(W_(w2)^W_2))	
1193	(0,0,0)(1,1,1)(2,1,0)(3,2,1)(4,2,0)(5,2,0)	psi(W_(w2)^W_(w+1))	psi(W_(w2)^W_(w+1))	
1194	(0,0,0)(1,1,1)(2,1,0)(3,2,1)(4,2,0)(5,2,0)(3,2,0)(4,3,1)(5,3,0)(6,2,0)(5,3,0)(4,3,1)	psi(W_(w2)^(W_(w+1)+1))	psi(W_(w2)^(W_(w+1)+1))	
1195	(0,0,0)(1,1,1)(2,1,0)(3,2,1)(4,2,0)(5,2,0)(3,2,0)(4,3,1)(5,3,0)(6,2,0)(6,2,0)	psi(W_(w2)^W_(w+1)^2)	psi(W_(w2)^W_(w+1)^2)	
1196	(0,0,0)(1,1,1)(2,1,0)(3,2,1)(4,2,0)(5,2,0)(3,2,0)(4,3,1)(5,3,0)(6,3,0)	psi(W_(w2)^W_(w+2))	psi(W_(w2)^W_(w+2))	
1197	(0,0,0)(1,1,1)(2,1,0)(3,2,1)(4,2,0)(5,2,0)(3,2,0)(4,3,1)(5,3,0)(6,3,0)(4,3,0)(5,4,1)(6,4,0)(7,4,0)	psi(W_(w2)^W_(w+3))	psi(W_(w2)^W_(w+3))	
1198	(0,0,0)(1,1,1)(2,1,0)(3,2,1)(4,2,0)(5,2,0)(3,2,1)	psi(W_(w2)^W_(w2))	psi(W_(w2)^W_(w2))	
1199	(0,0,0)(1,1,1)(2,1,0)(3,2,1)(4,2,0)(5,2,0)(3,2,1)(3,2,1)	psi(W_(w2)^W_(w2)+W_(w2))	psi(W_(w2)^W_(w2)+W_(w2))	
1200	(0,0,0)(1,1,1)(2,1,0)(3,2,1)(4,2,0)(5,2,0)(3,2,1)(4,2,0)(3,2,1)	psi(W_(w2)^W_(w2)+W_(w2)^2)	psi(W_(w2)^W_(w2)+W_(w2)^2)	
1201	(0,0,0)(1,1,1)(2,1,0)(3,2,1)(4,2,0)(5,2,0)(3,2,1)(4,2,0)(5,2,0)(3,2,1)	psi(W_(w2)^W_(w2)*2)	psi(W_(w2)^W_(w2)*2)	
1202	(0,0,0)(1,1,1)(2,1,0)(3,2,1)(4,2,0)(5,2,0)(4,2,0)	psi(W_(w2)^W_(w2)*W_(w+1))	psi(W_(w2)^W_(w2)*W_(w+1))	
1203	(0,0,0)(1,1,1)(2,1,0)(3,2,1)(4,2,0)(5,2,0)(4,2,0)(3,2,1)	psi(W_(w2)^(W_(w2)+1))	psi(W_(w2)^(W_(w2)+1))	
1204	(0,0,0)(1,1,1)(2,1,0)(3,2,1)(4,2,0)(5,2,0)(4,2,0)(4,2,0)(3,2,1)	psi(W_(w2)^(W_(w2)+2))	psi(W_(w2)^(W_(w2)+2))	
1205	(0,0,0)(1,1,1)(2,1,0)(3,2,1)(4,2,0)(5,2,0)(4,2,0)(5,1,0)	psi(W_(w2)^(W_(w2)+W))	psi(W_(w2)^(W_(w2)+W))	
1206	(0,0,0)(1,1,1)(2,1,0)(3,2,1)(4,2,0)(5,2,0)(4,2,0)(5,2,0)	psi(W_(w2)^(W_(w2)+W_(w+1))	psi(W_(w2)^(W_(w2)+W_(w+1)))	paren+1
1207	(0,0,0)(1,1,1)(2,1,0)(3,2,1)(4,2,0)(5,2,0)(4,2,0)(5,2,0)(3,2,1)	psi(W_(w2)^(W_(w2)*2))	psi(W_(w2)^(W_(w2)*2))	
1208	(0,0,0)(1,1,1)(2,1,0)(3,2,1)(4,2,0)(5,2,0)(4,2,0)(5,2,0)(4,2,0)(5,2,0)(3,2,1)	psi(W_(w2)^(W_(w2)*3))	psi(W_(w2)^(W_(w2)*3))	
1209	(0,0,0)(1,1,1)(2,1,0)(3,2,1)(4,2,0)(5,2,0)(5,1,0)	psi(W_(w2)^(W_(w2)*W))	psi(W_(w2)^(W_(w2)*W))	
1210	(0,0,0)(1,1,1)(2,1,0)(3,2,1)(4,2,0)(5,2,0)(5,2,0)	psi(W_(w2)^(W_(w2)*W_(w+1)))	psi(W_(w2)^(W_(w2)*W_(w+1)))	
1211	(0,0,0)(1,1,1)(2,1,0)(3,2,1)(4,2,0)(5,2,0)(5,2,0)(3,2,1)	psi(W_(w2)^W_(w2)^2)	psi(W_(w2)^W_(w2)^2)	
1212	(0,0,0)(1,1,1)(2,1,0)(3,2,1)(4,2,0)(5,2,0)(5,2,0)(5,2,0)(3,2,1)	psi(W_(w2)^W_(w2)^3)	psi(W_(w2)^W_(w2)^3)	
1213	(0,0,0)(1,1,1)(2,1,0)(3,2,1)(4,2,0)(5,2,0)(6,0,0)	psi(W_(w2)^W_(w2)^w)	psi(W_(w2)^W_(w2)^w)	
1214	(0,0,0)(1,1,1)(2,1,0)(3,2,1)(4,2,0)(5,2,0)(6,1,0)	psi(W_(w2)^W_(w2)^W)	psi(W_(w2)^W_(w2)^W)	
1215	(0,0,0)(1,1,1)(2,1,0)(3,2,1)(4,2,0)(5,2,0)(6,2,0)	psi(W_(w2)^W_(w2)^W_(w+1))	psi(W_(w2)^W_(w2)^W_(w+1))	
1216	(0,0,0)(1,1,1)(2,1,0)(3,2,1)(4,2,0)(5,2,0)(6,2,0)(3,2,1)	psi(W_(w2)^W_(w2)^W_(w2))	psi(W_(w2)^W_(w2)^W_(w2))	
1217	(0,0,0)(1,1,1)(2,1,0)(3,2,1)(4,2,0)(5,2,0)(6,2,0)(7,2,0)(3,2,1)	psi(W_(w2)^W_(w2)^W_(w2)^W_(w2))	psi(W_(w2)^W_(w2)^W_(w2)^W_(w2))	
1218	(0,0,0)(1,1,1)(2,1,0)(3,2,1)(4,2,0)(5,3,0)	psi(W_(w2+1))	psi(W_(w2+1))	
1219	(0,0,0)(1,1,1)(2,1,0)(3,2,1)(4,2,0)(5,3,0)(1,1,0)	psi(W_(w2+1)+W)	psi(W_(w2+1)+W)	
1220	(0,0,0)(1,1,1)(2,1,0)(3,2,1)(4,2,0)(5,3,0)(1,1,0)(2,2,1)(3,2,0)(4,3,1)(5,3,0)(6,4,0)(2,2,0)	psi(W_(w2+1)+W_2)	psi(W_(w2+1)+W_2)	
1221	(0,0,0)(1,1,1)(2,1,0)(3,2,1)(4,2,0)(5,3,0)(1,1,1)	psi(W_(w2+1)+W_w)	psi(W_(w2+1)+W_w)	
1222	(0,0,0)(1,1,1)(2,1,0)(3,2,1)(4,2,0)(5,3,0)(2,1,0)	psi(W_(w2+1)+psi_W_(w+1)(W_(w2+1))*W)	psi(W_(w2+1)+psi_W_(w+1)(W_(w2+1))*W)	
1223	(0,0,0)(1,1,1)(2,1,0)(3,2,1)(4,2,0)(5,3,0)(3,2,0)	psi(W_(w2+1)+W_(w+1))	psi(W_(w2+1)+W_(w+1))	
1224	(0,0,0)(1,1,1)(2,1,0)(3,2,1)(4,2,0)(5,3,0)(3,2,0)(4,3,1)	psi(W_(w2+1)+psi_W_(w+2)(W_(w2)))	psi(W_(w2+1)+psi_W_(w+2)(W_(w2)))	
1225	(0,0,0)(1,1,1)(2,1,0)(3,2,1)(4,2,0)(5,3,0)(3,2,0)(4,3,1)(5,3,0)(6,4,0)	psi(W_(w2+1)+psi_W_(w+2)(W_(w2+1)))	psi(W_(w2+1)+psi_W_(w+2)(W_(w2+1)))	
1226	(0,0,0)(1,1,1)(2,1,0)(3,2,1)(4,2,0)(5,3,0)(3,2,0)(4,3,1)(5,3,0)(6,4,0)(4,3,0)	psi(W_(w2+1)+W_(w+2))	psi(W_(w2+1)+W_(w+2))	
1227	(0,0,0)(1,1,1)(2,1,0)(3,2,1)(4,2,0)(5,3,0)(3,2,0)(4,3,1)(5,3,0)(6,4,0)(4,3,0)(5,4,1)(6,4,0)(7,5,0)(5,4,0)	psi(W_(w2+1)+W_(w+3))	psi(W_(w2+1)+W_(w+3))	
1228	(0,0,0)(1,1,1)(2,1,0)(3,2,1)(4,2,0)(5,3,0)(3,2,1)	psi(W_(w2+1)+W_(w2))	psi(W_(w2+1)+W_(w2))	
1229	(0,0,0)(1,1,1)(2,1,0)(3,2,1)(4,2,0)(5,3,0)(3,2,1)(4,0,0)	psi(W_(w2+1)+W_(w2)*w)	psi(W_(w2+1)+W_(w2)*w)	
1230	(0,0,0)(1,1,1)(2,1,0)(3,2,1)(4,2,0)(5,3,0)(3,2,1)(4,1,0)	psi(W_(w2+1)+W_(w2)*W)	psi(W_(w2+1)+W_(w2)*W)	
1231	(0,0,0)(1,1,1)(2,1,0)(3,2,1)(4,2,0)(5,3,0)(3,2,1)(4,1,0)(1,1,1)	psi(W_(w2+1)+W_(w2)*W_w)	psi(W_(w2+1)+W_(w2)*W_w)	
1232	(0,0,0)(1,1,1)(2,1,0)(3,2,1)(4,2,0)(5,3,0)(3,2,1)(4,2,0)	psi(W_(w2+1)+W_(w2)*W_(w+1))	psi(W_(w2+1)+W_(w2)*W_(w+1))	
1233	(0,0,0)(1,1,1)(2,1,0)(3,2,1)(4,2,0)(5,3,0)(3,2,1)(4,2,0)(3,2,1)	psi(W_(w2+1)+W_(w2)^2)	psi(W_(w2+1)+W_(w2)^2)	
1234	(0,0,0)(1,1,1)(2,1,0)(3,2,1)(4,2,0)(5,3,0)(3,2,1)(4,2,0)(5,2,0)(3,2,1)	psi(W_(w2+1)+W_(w2)^W_(w2))	psi(W_(w2+1)+W_(w2)^W_(w2))	
1235	(0,0,0)(1,1,1)(2,1,0)(3,2,1)(4,2,0)(5,3,0)(3,2,1)(4,2,0)(5,3,0)	psi(W_(w2+1)+psi_W_(w2+1)(W_(w2+1)))	psi(W_(w2+1)+psi_W_(w2+1)(W_(w2+1)))	
1236	(0,0,0)(1,1,1)(2,1,0)(3,2,1)(4,2,0)(5,3,0)(4,1,0)	psi(W_(w2+1)+psi_W_(w2+1)(W_(w2+1))*W)	psi(W_(w2+1)+psi_W_(w2+1)(W_(w2+1))*W)	
1237	(0,0,0)(1,1,1)(2,1,0)(3,2,1)(4,2,0)(5,3,0)(4,2,0)	psi(W_(w2+1)+psi_W_(w2+1)(W_(w2+1))*W_(w+1))	psi(W_(w2+1)+psi_W_(w2+1)(W_(w2+1))*W_(w+1))	
1238	(0,0,0)(1,1,1)(2,1,0)(3,2,1)(4,2,0)(5,3,0)(4,2,0)(5,3,0)	psi(W_(w2+1)+psi_W_(w2+1)(W_(w2+1))^2)	psi(W_(w2+1)+psi_W_(w2+1)(W_(w2+1))^2)	
1239	(0,0,0)(1,1,1)(2,1,0)(3,2,1)(4,2,0)(5,3,0)(5,2,0)	psi(W_(w2+1)+psi_W_(w2+1)(W_(w2+1))^W_(w+1))	psi(W_(w2+1)+psi_W_(w2+1)(W_(w2+1))^W_(w+1))	
1240	(0,0,0)(1,1,1)(2,1,0)(3,2,1)(4,2,0)(5,3,0)(5,3,0)	psi(W_(w2+1)*2)	psi(W_(w2+1)*2)	
1241	(0,0,0)(1,1,1)(2,1,0)(3,2,1)(4,2,0)(5,3,0)(5,3,0)(5,3,0)	psi(W_(w2+1)*3)	psi(W_(w2+1)*3)	
1242	(0,0,0)(1,1,1)(2,1,0)(3,2,1)(4,2,0)(5,3,0)(6,0,0)	psi(W_(w2+1)*w)	psi(W_(w2+1)*w)	
1243	(0,0,0)(1,1,1)(2,1,0)(3,2,1)(4,2,0)(5,3,0)(6,1,0)	psi(W_(w2+1)*W)	psi(W_(w2+1)*W)	
1244	(0,0,0)(1,1,1)(2,1,0)(3,2,1)(4,2,0)(5,3,0)(6,1,0)(1,1,1)	psi(W_(w2+1)*W_w)	psi(W_(w2+1)*W_w)	
1245	(0,0,0)(1,1,1)(2,1,0)(3,2,1)(4,2,0)(5,3,0)(6,2,0)	psi(W_(w2+1)*W_(w+1))	psi(W_(w2+1)*W_(w+1))	
1246	(0,0,0)(1,1,1)(2,1,0)(3,2,1)(4,2,0)(5,3,0)(6,2,0)(3,2,0)(4,3,1)(5,3,0)(6,4,0)(7,3,0)	psi(W_(w2+1)*W_(w+2))	psi(W_(w2+1)*W_(w+2))	
1247	(0,0,0)(1,1,1)(2,1,0)(3,2,1)(4,2,0)(5,3,0)(6,2,0)(3,2,1)	psi(W_(w2+1)*W_(w2))	psi(W_(w2+1)*W_(w2))	
1248	(0,0,0)(1,1,1)(2,1,0)(3,2,1)(4,2,0)(5,3,0)(6,2,0)(6,2,0)(3,2,1)	psi(W_(w2+1)*W_(w2)^2)	psi(W_(w2+1)*W_(w2)^2)	
1249	(0,0,0)(1,1,1)(2,1,0)(3,2,1)(4,2,0)(5,3,0)(6,2,0)(7,3,0)	psi(W_(w2+1)*psi_W_(w2+1)(W_(w2+1)))	psi(W_(w2+1)*psi_W_(w2+1)(W_(w2+1)))	
1250	(0,0,0)(1,1,1)(2,1,0)(3,2,1)(4,2,0)(5,3,0)(6,3,0)	psi(W_(w2+1)^2)	psi(W_(w2+1)^2)	
1251	(0,0,0)(1,1,1)(2,1,0)(3,2,1)(4,2,0)(5,3,0)(6,3,0)(3,2,1)	psi(W_(w2+1)^2+W_(w2))	psi(W_(w2+1)^2+W_(w2))	
1252	(0,0,0)(1,1,1)(2,1,0)(3,2,1)(4,2,0)(5,3,0)(6,3,0)(5,3,0)	psi(W_(w2+1)^2+W_(w2+1))	psi(W_(w2+1)^2+W_(w2+1))	
1253	(0,0,0)(1,1,1)(2,1,0)(3,2,1)(4,2,0)(5,3,0)(6,3,0)(5,3,0)(6,3,0)	psi(W_(w2+1)^2*2)	psi(W_(w2+1)^2*2)	
1254	(0,0,0)(1,1,1)(2,1,0)(3,2,1)(4,2,0)(5,3,0)(6,3,0)(6,1,0)	psi(W_(w2+1)^2*W)	psi(W_(w2+1)^2*W)	
1255	(0,0,0)(1,1,1)(2,1,0)(3,2,1)(4,2,0)(5,3,0)(6,3,0)(6,2,0)	psi(W_(w2+1)^2*W_(w+1))	psi(W_(w2+1)^2*W_(w+1))	
1256	(0,0,0)(1,1,1)(2,1,0)(3,2,1)(4,2,0)(5,3,0)(6,3,0)(6,3,0)	psi(W_(w2+1)^3)	psi(W_(w2+1)^3)	
1257	(0,0,0)(1,1,1)(2,1,0)(3,2,1)(4,2,0)(5,3,0)(6,3,0)(6,3,0)(6,3,0)	psi(W_(w2+1)^4)	psi(W_(w2+1)^4)	
1258	(0,0,0)(1,1,1)(2,1,0)(3,2,1)(4,2,0)(5,3,0)(6,3,0)(7,0,0)	psi(W_(w2+1)^w)	psi(W_(w2+1)^w)	
1259	(0,0,0)(1,1,1)(2,1,0)(3,2,1)(4,2,0)(5,3,0)(6,3,0)(7,1,0)	psi(W_(w2+1)^W)	psi(W_(w2+1)^W)	
1260	(0,0,0)(1,1,1)(2,1,0)(3,2,1)(4,2,0)(5,3,0)(6,3,0)(7,1,0)(1,1,1)	psi(W_(w2+1)^W_w)	psi(W_(w2+1)^W_w)	
1261	(0,0,0)(1,1,1)(2,1,0)(3,2,1)(4,2,0)(5,3,0)(6,3,0)(7,2,0)	psi(W_(w2+1)^W_(w+1))	psi(W_(w2+1)^W_(w+1))	
1262	(0,0,0)(1,1,1)(2,1,0)(3,2,1)(4,2,0)(5,3,0)(6,3,0)(7,2,0)(3,2,1)	psi(W_(w2+1)^W_(w2))	psi(W_(w2+1)^W_(w2))	
1263	(0,0,0)(1,1,1)(2,1,0)(3,2,1)(4,2,0)(5,3,0)(6,3,0)(7,3,0)	psi(W_(w2+1)^W_(w2+1))	psi(W_(w2+1)^W_(w2+1))	
1264	(0,0,0)(1,1,1)(2,1,0)(3,2,1)(4,2,0)(5,3,0)(6,3,0)(7,3,0)(7,3,0)	psi(W_(w2+1)^W_(w2+1)^2)	psi(W_(w2+1)^W_(w2+1)^2)	
1265	(0,0,0)(1,1,1)(2,1,0)(3,2,1)(4,2,0)(5,3,0)(6,3,0)(7,3,0)(8,3,0)	psi(W_(w2+1)^W_(w2+1)^W_(w2+1))	psi(W_(w2+1)^W_(w2+1)^W_(w2+1))	
1266	(0,0,0)(1,1,1)(2,1,0)(3,2,1)(4,2,0)(5,3,0)(6,4,0)	psi(W_(w2+2))	psi(W_(w2+2))	
1267	(0,0,0)(1,1,1)(2,1,0)(3,2,1)(4,2,0)(5,3,0)(6,4,0)(3,2,1)	psi(W_(w2+2)+W_(w2))	psi(W_(w2+2)+W_(w2))	
1268	(0,0,0)(1,1,1)(2,1,0)(3,2,1)(4,2,0)(5,3,0)(6,4,0)(5,3,0)	psi(W_(w2+2)+W_(w2+1))	psi(W_(w2+2)+W_(w2+1))	
1269	(0,0,0)(1,1,1)(2,1,0)(3,2,1)(4,2,0)(5,3,0)(6,4,0)(6,4,0)	psi(W_(w2+2)*2)	psi(W_(w2+2)*2)	
1270	(0,0,0)(1,1,1)(2,1,0)(3,2,1)(4,2,0)(5,3,0)(6,4,0)(7,1,0)	psi(W_(w2+2)*W)	psi(W_(w2+2)*W)	
1271	(0,0,0)(1,1,1)(2,1,0)(3,2,1)(4,2,0)(5,3,0)(6,4,0)(7,2,0)	psi(W_(w2+2)*W_(w+1))	psi(W_(w2+2)*W_(w+1))	
1272	(0,0,0)(1,1,1)(2,1,0)(3,2,1)(4,2,0)(5,3,0)(6,4,0)(7,3,0)	psi(W_(w2+2)*W_(w2+1))	psi(W_(w2+2)*W_(w2+1))	
1273	(0,0,0)(1,1,1)(2,1,0)(3,2,1)(4,2,0)(5,3,0)(6,4,0)(7,4,0)	psi(W_(w2+2)^2)	psi(W_(w2+2)^2)	
1274	(0,0,0)(1,1,1)(2,1,0)(3,2,1)(4,2,0)(5,3,0)(6,4,0)(7,4,0)(8,4,0)	psi(W_(w2+2)^W_(w2+2))	psi(W_(w2+2)^W_(w2+2))	
1275	(0,0,0)(1,1,1)(2,1,0)(3,2,1)(4,2,0)(5,3,0)(6,4,0)(7,5,0)	psi(W_(w2+3))	psi(W_(w2+3))	
1276	(0,0,0)(1,1,1)(2,1,0)(3,2,1)(4,2,0)(5,3,0)(6,4,0)(7,5,0)(8,6,0)	psi(W_(w2+4))	psi(W_(w2+4))	
1277	(0,0,0)(1,1,1)(2,1,0)(3,2,1)(4,2,0)(5,3,1)	psi(W_(w3))	psi(W_(w3))	
1278	(0,0,0)(1,1,1)(2,1,0)(3,2,1)(4,2,0)(5,3,1)(1,1,0)	psi(W_(w3)+W)	psi(W_(w3)+W)	
1279	(0,0,0)(1,1,1)(2,1,0)(3,2,1)(4,2,0)(5,3,1)(1,1,0)(2,2,1)(3,2,0)(4,3,1)(5,3,0)(6,4,1)(2,2,0)	psi(W_(w3)+W_2)	psi(W_(w3)+W_2)	
1280	(0,0,0)(1,1,1)(2,1,0)(3,2,1)(4,2,0)(5,3,1)(1,1,1)	psi(W_(w3)+W_w)	psi(W_(w3)+W_w)	
1281	(0,0,0)(1,1,1)(2,1,0)(3,2,1)(4,2,0)(5,3,1)(2,1,0)	psi(W_(w3)+psi_W_(w+1)(W_(w3))*W)	psi(W_(w3)+psi_W_(w+1)(W_(w3))*W)	
1282	(0,0,0)(1,1,1)(2,1,0)(3,2,1)(4,2,0)(5,3,1)(3,2,0)	psi(W_(w3)+W_(w+1))	psi(W_(w3)+W_(w+1))	
1283	(0,0,0)(1,1,1)(2,1,0)(3,2,1)(4,2,0)(5,3,1)(3,2,0)(4,3,1)(5,3,0)(6,4,1)(4,3,0)	psi(W_(w3)+W_(w+2))	psi(W_(w3)+W_(w+2))	
1284	(0,0,0)(1,1,1)(2,1,0)(3,2,1)(4,2,0)(5,3,1)(3,2,1)	psi(W_(w3)+W_(w2))	psi(W_(w3)+W_(w2))	
1285	(0,0,0)(1,1,1)(2,1,0)(3,2,1)(4,2,0)(5,3,1)(4,2,0)	psi(W_(w3)+psi_W_(w2+1)(W_(w3))*W_(w+1))	psi(W_(w3)+psi_W_(w2+1)(W_(w3))*W_(w+1))	
1286	(0,0,0)(1,1,1)(2,1,0)(3,2,1)(4,2,0)(5,3,1)(5,3,0)	psi(W_(w3)+W_(w2+1))	psi(W_(w3)+W_(w2+1))	
1287	(0,0,0)(1,1,1)(2,1,0)(3,2,1)(4,2,0)(5,3,1)(5,3,1)(5,3,1)	psi(W_(w3)*2)	psi(W_(w3)*2)	
1288	(0,0,0)(1,1,1)(2,1,0)(3,2,1)(4,2,0)(5,3,1)(5,3,1)(5,3,1)	psi(W_(w3)*3)	psi(W_(w3)*3)	
1289	(0,0,0)(1,1,1)(2,1,0)(3,2,1)(4,2,0)(5,3,1)(6,0,0)	psi(W_(w3)*w)	psi(W_(w3)*w)	
1290	(0,0,0)(1,1,1)(2,1,0)(3,2,1)(4,2,0)(5,3,1)(6,1,0)	psi(W_(w3)*W)	psi(W_(w3)*W)	
1291	(0,0,0)(1,1,1)(2,1,0)(3,2,1)(4,2,0)(5,3,1)(6,1,0)(1,1,0)(2,2,1)(3,2,0)(4,3,1)(5,3,0)(6,4,1)(7,2,0)	psi(W_(w3)*W_2)	psi(W_(w3)*W_2)	
1292	(0,0,0)(1,1,1)(2,1,0)(3,2,1)(4,2,0)(5,3,1)(6,1,0)(1,1,1)	psi(W_(w3)*W_w)	psi(W_(w3)*W_w)	
1293	(0,0,0)(1,1,1)(2,1,0)(3,2,1)(4,2,0)(5,3,1)(6,2,0)	psi(W_(w3)*W_(w+1))	psi(W_(w3)*W_(w+1))	
1294	(0,0,0)(1,1,1)(2,1,0)(3,2,1)(4,2,0)(5,3,1)(6,2,0)(3,2,0)(4,3,1)(5,3,0)(6,4,1)(7,3,0)	psi(W_(w3)*W_(w+2))	psi(W_(w3)*W_(w+2))	
1295	(0,0,0)(1,1,1)(2,1,0)(3,2,1)(4,2,0)(5,3,1)(6,2,0)(3,2,1)	psi(W_(w3)*W_(w2))	psi(W_(w3)*W_(w2))	
1296	(0,0,0)(1,1,1)(2,1,0)(3,2,1)(4,2,0)(5,3,1)(6,3,0)	psi(W_(w3)*W_(w2+1))	psi(W_(w3)*W_(w2+1))	
1297	(0,0,0)(1,1,1)(2,1,0)(3,2,1)(4,2,0)(5,3,1)(6,3,0)(5,3,0)(6,4,1)(7,4,0)	psi(W_(w3)*W_(w2+2))	psi(W_(w3)*W_(w2+2))	
1298	(0,0,0)(1,1,1)(2,1,0)(3,2,1)(4,2,0)(5,3,1)(6,3,0)(5,3,1)	psi(W_(w3)^2)	psi(W_(w3)^2)	
1299	(0,0,0)(1,1,1)(2,1,0)(3,2,1)(4,2,0)(5,3,1)(6,3,0)(5,3,1)(5,3,1)	psi(W_(w3)^2+W_(w3))	psi(W_(w3)^2+W_(w3))	
1300	(0,0,0)(1,1,1)(2,1,0)(3,2,1)(4,2,0)(5,3,1)(6,3,0)(5,3,1)(6,3,0)(5,3,1)	psi(W_(w3)^2*2)	psi(W_(w3)^2*2)	
1301	(0,0,0)(1,1,1)(2,1,0)(3,2,1)(4,2,0)(5,3,1)(6,3,0)(6,1,0)	psi(W_(w3)^2*W)	psi(W_(w3)^2*W)	
1302	(0,0,0)(1,1,1)(2,1,0)(3,2,1)(4,2,0)(5,3,1)(6,3,0)(6,3,0)(5,3,1)	psi(W_(w3)^3)	psi(W_(w3)^3)	
1303	(0,0,0)(1,1,1)(2,1,0)(3,2,1)(4,2,0)(5,3,1)(6,3,0)(7,1,0)	psi(W_(w3)^W)	psi(W_(w3)^W)	
1304	(0,0,0)(1,1,1)(2,1,0)(3,2,1)(4,2,0)(5,3,1)(6,3,0)(7,3,0)(5,3,1)	psi(W_(w3)^W_(w3))	psi(W_(w3)^W_(w3))	
1305	(0,0,0)(1,1,1)(2,1,0)(3,2,1)(4,2,0)(5,3,1)(6,3,0)(7,3,0)(8,3,0)(5,3,1)	psi(W_(w3)^W_(w3)^W_(w3))	psi(W_(w3)^W_(w3)^W_(w3))	
1306	(0,0,0)(1,1,1)(2,1,0)(3,2,1)(4,2,0)(5,3,1)(6,3,0)(7,4,0)	psi(W_(w3+1))	psi(W_(w3+1))	
1307	(0,0,0)(1,1,1)(2,1,0)(3,2,1)(4,2,0)(5,3,1)(6,3,0)(7,4,0)(5,3,1)	psi(W_(w3+1)+W_(w3))	psi(W_(w3+1)+W_(w3))	
1308	(0,0,0)(1,1,1)(2,1,0)(3,2,1)(4,2,0)(5,3,1)(6,3,0)(7,4,0)(7,4,0)	psi(W_(w3+1)*2)	psi(W_(w3+1)*2)	
1309	(0,0,0)(1,1,1)(2,1,0)(3,2,1)(4,2,0)(5,3,1)(6,3,0)(7,4,0)(8,4,0)	psi(W_(w3+1)^2)	psi(W_(w3+1)^2)	
1310	(0,0,0)(1,1,1)(2,1,0)(3,2,1)(4,2,0)(5,3,1)(6,3,0)(7,4,0)(8,5,0)	psi(W_(w3+2))	psi(W_(w3+2))	
1311	(0,0,0)(1,1,1)(2,1,0)(3,2,1)(4,2,0)(5,3,1)(6,3,0)(7,4,1)	psi(W_(w4))	psi(W_(w4))	
1312	(0,0,0)(1,1,1)(2,1,0)(3,2,1)(4,2,0)(5,3,1)(6,3,0)(7,4,1)(7,4,1)	psi(W_(w4)*2)	psi(W_(w4)*2)	
1313	(0,0,0)(1,1,1)(2,1,0)(3,2,1)(4,2,0)(5,3,1)(6,3,0)(7,4,1)(8,4,0)	psi(W_(w4)*W_(w3+1))	psi(W_(w4)*W_(w3+1))	
1314	(0,0,0)(1,1,1)(2,1,0)(3,2,1)(4,2,0)(5,3,1)(6,3,0)(7,4,1)(8,4,0)(9,5,0)	psi(W_(w4+1))	psi(W_(w4+1))	
1315	(0,0,0)(1,1,1)(2,1,0)(3,2,1)(4,2,0)(5,3,1)(6,3,0)(7,4,1)(8,4,0)(9,5,1)	psi(W_(w5))	psi(W_(w5))	
1316	(0,0,0)(1,1,1)(2,1,0)(3,2,1)(4,2,0)(5,3,1)(6,3,0)(7,4,1)(8,4,0)(9,5,1)(10,5,0)(11,6,1)	psi(W_(w6))	psi(W_(w6))	
1317	(0,0,0)(1,1,1)(2,1,1)	psi(W_(w^2))	psi(W_(w^2))	
1319	(0,0,0)(1,1,1)(2,1,1)(0,0,0)	psi(W_(w^2))+1	psi(W_(w^2))+1	
1320	(0,0,0)(1,1,1)(2,1,1)(0,0,0)(1,1,1)(2,1,1)	psi(W_(w^2))*2	psi(W_(w^2))*2	
1321	(0,0,0)(1,1,1)(2,1,1)(1,0,0)	psi(W_(w^2))*w	psi(W_(w^2))*w	
1322	(0,0,0)(1,1,1)(2,1,1)(1,0,0)(2,1,1)(3,1,1)	psi(W_(w^2))^2	psi(W_(w^2))^2	
1323	(0,0,0)(1,1,1)(2,1,1)(1,1,0)	psi(W_(w^2)+W)	psi(W_(w^2)+W)	
1324	(0,0,0)(1,1,1)(2,1,1)(1,1,0)(2,2,0)	psi(W_(w^2)+psi_1(W_2))	psi(W_(w^2)+psi_1(W_2))	
1325	(0,0,0)(1,1,1)(2,1,1)(1,1,0)(2,2,1)	psi(W_(w^2)+psi_1(W_w))	psi(W_(w^2)+psi_1(W_w))	
1326	(0,0,0)(1,1,1)(2,1,1)(1,1,0)(2,2,1)(3,2,0)(4,3,0)	psi(W_(w^2)+psi_1(W_(w+1)))	psi(W_(w^2)+psi_1(W_(w+1)))	
1327	(0,0,0)(1,1,1)(2,1,1)(1,1,0)(2,2,1)(3,2,0)(4,3,1)	psi(W_(w^2)+psi_1(W_(w2)))	psi(W_(w^2)+psi_1(W_(w2)))	
1328	(0,0,0)(1,1,1)(2,1,1)(1,1,0)(2,2,1)(3,2,1)	psi(W_(w^2)+psi_1(W_(w^2))	psi(W_(w^2)+psi_1(W_(w^2)))	paren+1
1329	(0,0,0)(1,1,1)(2,1,1)(1,1,0)(2,2,1)(3,2,1)(2,1,0)	psi(W_(w^2)+psi_1(W_(w^2))*W)	psi(W_(w^2)+psi_1(W_(w^2))*W)	
1330	(0,0,0)(1,1,1)(2,1,1)(1,1,0)(2,2,1)(3,2,1)(2,2,0)	psi(W_(w^2)+W_2)	psi(W_(w^2)+W_2)	
1331	(0,0,0)(1,1,1)(2,1,1)(1,1,0)(2,2,1)(3,2,1)(2,2,0)(3,3,1)(4,3,1)(3,3,0)	psi(W_(w^2)+W_3)	psi(W_(w^2)+W_3)	
1332	(0,0,0)(1,1,1)(2,1,1)(1,1,1)	psi(W_(w^2)+W_w)	psi(W_(w^2)+W_w)	
1333	(0,0,0)(1,1,1)(2,1,1)(1,1,1)(1,1,1)	psi(W_(w^2)+W_w*2)	psi(W_(w^2)+W_w*2)	
1334	(0,0,0)(1,1,1)(2,1,1)(1,1,1)(2,1,0)	psi(W_(w^2)+W_w*W)	psi(W_(w^2)+W_w*W)	
1335	(0,0,0)(1,1,1)(2,1,1)(1,1,1)(2,1,0)(3,2,0)	psi(W_(w^2)+psi_W_(w+1)(W_(w+1)))	psi(W_(w^2)+psi_W_(w+1)(W_(w+1)))	
1336	(0,0,0)(1,1,1)(2,1,1)(1,1,1)(2,1,0)(3,2,1)	psi(W_(w^2)+psi_W_(w+1)(W_(w2)))	psi(W_(w^2)+psi_W_(w+1)(W_(w2)))	
1337	(0,0,0)(1,1,1)(2,1,1)(1,1,1)(2,1,0)(3,2,1)(4,2,0)(5,3,1)	psi(W_(w^2)+psi_W_(w+1)(W_(w3)))	psi(W_(w^2)+psi_W_(w+1)(W_(w3)))	
1338	(0,0,0)(1,1,1)(2,1,1)(1,1,1)(2,1,0)(3,2,1)(4,2,1)	psi(W_(w^2)+psi_W_(w+1)(W_(w^2)))	psi(W_(w^2)+psi_W_(w+1)(W_(w^2)))	
1339	(0,0,0)(1,1,1)(2,1,1)(1,1,1)(2,1,0)(3,2,1)(4,2,1)(1,1,1)(2,1,0)(3,2,1)(4,2,1)	psi(W_(w^2)+psi_W_(w+1)(W_(w^2))*2)	psi(W_(w^2)+psi_W_(w+1)(W_(w^2))*2)	
1340	(0,0,0)(1,1,1)(2,1,1)(1,1,1)(2,1,0)(3,2,1)(4,2,1)(2,1,0)	psi(W_(w^2)+psi_W_(w+1)(W_(w^2))*W)	psi(W_(w^2)+psi_W_(w+1)(W_(w^2))*W)	
1341	(0,0,0)(1,1,1)(2,1,1)(1,1,1)(2,1,0)(3,2,1)(4,2,1)(3,1,0)	psi(W_(w^2)+psi_W_(w+1)(W_(w^2))^W)	psi(W_(w^2)+psi_W_(w+1)(W_(w^2))^W)	
1342	(0,0,0)(1,1,1)(2,1,1)(1,1,1)(2,1,0)(3,2,1)(4,2,1)(3,2,0)	psi(W_(w^2)+W_(w+1))	psi(W_(w^2)+W_(w+1))	
1343	(0,0,0)(1,1,1)(2,1,1)(1,1,1)(2,1,0)(3,2,1)(4,2,1)(3,2,0)(1,1,1)	psi(W_(w^2)+W_(w+1)+W_w)	psi(W_(w^2)+W_(w+1)+W_w)	
1344	(0,0,0)(1,1,1)(2,1,1)(1,1,1)(2,1,0)(3,2,1)(4,2,1)(3,2,0)(1,1,1)(2,1,0)(3,2,1)(4,3,1)	psi(W_(w^2)+W_(w+1)+psi_W_(w+1)(W_(w^2)))	psi(W_(w^2)+W_(w+1)+psi_W_(w+1)(W_(w^2)))	
1345	(0,0,0)(1,1,1)(2,1,1)(1,1,1)(2,1,0)(3,2,1)(4,2,1)(3,2,0)(1,1,1)(2,1,0)(3,2,1)(4,3,1)(3,2,0)	psi(W_(w^2)+W_(w+1)+psi_W_(w+1)(W_(w^2)+W_(w+1)))	psi(W_(w^2)+W_(w+1)+psi_W_(w+1)(W_(w^2)+W_(w+1)))	
1346	(0,0,0)(1,1,1)(2,1,1)(1,1,1)(2,1,0)(3,2,1)(4,2,1)(3,2,0)(3,2,0)	psi(W_(w^2)+W_(w+1)*2)	psi(W_(w^2)+W_(w+1)*2)	
1347	(0,0,0)(1,1,1)(2,1,1)(1,1,1)(2,1,0)(3,2,1)(4,2,1)(3,2,0)(4,0,0)	psi(W_(w^2)+W_(w+1)*w)	psi(W_(w^2)+W_(w+1)*w)	
1348	(0,0,0)(1,1,1)(2,1,1)(1,1,1)(2,1,0)(3,2,1)(4,2,1)(3,2,0)(4,1,0)	psi(W_(w^2)+W_(w+1)*W)	psi(W_(w^2)+W_(w+1)*W)	
1349	(0,0,0)(1,1,1)(2,1,1)(1,1,1)(2,1,0)(3,2,1)(4,2,1)(3,2,0)(4,2,0)	psi(W_(w^2)+W_(w+1)^2)	psi(W_(w^2)+W_(w+1)^2)	
1350	(0,0,0)(1,1,1)(2,1,1)(1,1,1)(2,1,0)(3,2,1)(4,2,1)(3,2,0)(4,3,0)	psi(W_(w^2)+psi_W_(w+2)(W_(w+2)))	psi(W_(w^2)+psi_W_(w+2)(W_(w+2)))	
1351	(0,0,0)(1,1,1)(2,1,1)(1,1,1)(2,1,0)(3,2,1)(4,2,1)(3,2,0)(4,3,1)	psi(W_(w^2)+psi_W_(w+2)(W_(w2)))	psi(W_(w^2)+psi_W_(w+2)(W_(w2)))	
1352	(0,0,0)(1,1,1)(2,1,1)(1,1,1)(2,1,0)(3,2,1)(4,2,1)(3,2,0)(4,3,1)(5,3,1)	psi(W_(w^2)+psi_W_(w+2)(W_(w^2)))	psi(W_(w^2)+psi_W_(w+2)(W_(w^2)))	
1353	(0,0,0)(1,1,1)(2,1,1)(1,1,1)(2,1,0)(3,2,1)(4,2,1)(3,2,0)(4,3,1)(5,3,1)(4,2,0)	psi(W_(w^2)+psi_W_(w+2)(W_(w^2))*W_(w+1))	psi(W_(w^2)+psi_W_(w+2)(W_(w^2))*W_(w+1))	
1354	(0,0,0)(1,1,1)(2,1,1)(1,1,1)(2,1,0)(3,2,1)(4,2,1)(3,2,0)(4,3,1)(5,3,1)(4,3,0)	psi(W_(w^2)+W_(w+2))	psi(W_(w^2)+W_(w+2))	
1355	(0,0,0)(1,1,1)(2,1,1)(1,1,1)(2,1,0)(3,2,1)(4,2,1)(3,2,0)(4,3,1)(5,3,1)(4,3,0)(5,4,1)(6,4,1)	psi(W_(w^2)+psi_W_(w+3)(W_(w^2)))	psi(W_(w^2)+psi_W_(w+3)(W_(w^2)))	
1356	(0,0,0)(1,1,1)(2,1,1)(1,1,1)(2,1,0)(3,2,1)(4,2,1)(3,2,0)(4,3,1)(5,3,1)(4,3,0)(5,4,1)(6,4,1)(5,4,0)	psi(W_(w^2)+W_(w+3))	psi(W_(w^2)+W_(w+3))	
1357	(0,0,0)(1,1,1)(2,1,1)(1,1,1)(2,1,0)(3,2,1)(4,2,1)(3,2,1)	psi(W_(w^2)+W_(w2))	psi(W_(w^2)+W_(w2))	
1358	(0,0,0)(1,1,1)(2,1,1)(1,1,1)(2,1,0)(3,2,1)(4,2,1)(3,2,1)(3,2,1)	psi(W_(w^2)+W_(w2)*2)	psi(W_(w^2)+W_(w2)*2)	
1359	(0,0,0)(1,1,1)(2,1,1)(1,1,1)(2,1,0)(3,2,1)(4,2,1)(3,2,1)(4,2,0)	psi(W_(w^2)+W_(w2)*W_(w+1))	psi(W_(w^2)+W_(w2)*W_(w+1))	
1360	(0,0,0)(1,1,1)(2,1,1)(1,1,1)(2,1,0)(3,2,1)(4,2,1)(3,2,1)(4,2,0)(3,2,1)	psi(W_(w^2)+W_(w2)^2)	psi(W_(w^2)+W_(w2)^2)	
1361	(0,0,0)(1,1,1)(2,1,1)(1,1,1)(2,1,0)(3,2,1)(4,2,1)(3,2,1)(4,2,0)(5,2,0)(3,2,1)	psi(W_(w^2)+W_(w2)^W_(w2))	psi(W_(w^2)+W_(w2)^W_(w2))	
1362	(0,0,0)(1,1,1)(2,1,1)(1,1,1)(2,1,0)(3,2,1)(4,2,1)(3,2,1)(4,2,0)(5,3,0)	psi(W_(w^2)+psi_W_(w2+1)(W_(w2+1)))	psi(W_(w^2)+psi_W_(w2+1)(W_(w2+1)))	
1363	(0,0,0)(1,1,1)(2,1,1)(1,1,1)(2,1,0)(3,2,1)(4,2,1)(3,2,1)(4,2,0)(5,3,1)	psi(W_(w^2)+psi_W_(w2+1)(W_(w3)))	psi(W_(w^2)+psi_W_(w2+1)(W_(w3)))	
1364	(0,0,0)(1,1,1)(2,1,1)(1,1,1)(2,1,0)(3,2,1)(4,2,1)(3,2,1)(4,2,0)(5,3,1)(6,3,1)	psi(W_(w^2)+psi_W_(w2+1)(W_(w^2)))	psi(W_(w^2)+psi_W_(w2+1)(W_(w^2)))	
1365	(0,0,0)(1,1,1)(2,1,1)(1,1,1)(2,1,0)(3,2,1)(4,2,1)(3,2,1)(4,2,0)(5,3,1)(6,3,1)(5,3,0)	psi(W_(w^2)+W_(w2+1))	psi(W_(w^2)+W_(w2+1))	
1366	(0,0,0)(1,1,1)(2,1,1)(1,1,1)(2,1,0)(3,2,1)(4,2,1)(3,2,1)(4,2,0)(5,3,1)(6,3,1)(5,3,0)(6,4,1)(7,4,1)(6,4,0)	psi(W_(w^2)+W_(w2+2))	psi(W_(w^2)+W_(w2+2))	
1367	(0,0,0)(1,1,1)(2,1,1)(1,1,1)(2,1,0)(3,2,1)(4,2,1)(3,2,1)(4,2,0)(5,3,1)(6,3,1)(5,3,1)	psi(W_(w^2)+W_(w3))	psi(W_(w^2)+W_(w3))	
1368	(0,0,0)(1,1,1)(2,1,1)(1,1,1)(2,1,0)(3,2,1)(4,2,1)(3,2,1)(4,2,0)(5,3,1)(6,3,1)(5,3,1)(6,3,0)(7,4,1)(8,4,1)(7,4,0)	psi(W_(w^2)+W_(w3+1))	psi(W_(w^2)+W_(w3+1))	
1369	(0,0,0)(1,1,1)(2,1,1)(1,1,1)(2,1,0)(3,2,1)(4,2,1)(3,2,1)(4,2,0)(5,3,1)(6,3,1)(5,3,1)(6,3,0)(7,4,1)(8,4,1)(7,4,1)	psi(W_(w^2)+W_(w4))	psi(W_(w^2)+W_(w4))	
1370	(0,0,0)(1,1,1)(2,1,1)(1,1,1)(2,1,0)(3,2,1)(4,2,1)(3,2,1)(4,2,0)(5,3,1)(6,3,1)(5,3,1)(6,3,0)(7,4,1)(8,4,1)(7,4,1)(8,4,0)(9,5,1)(10,5,1)(9,5,1)	psi(W_(w^2)+W_(w5))	psi(W_(w^2)+W_(w5))	
1371	(0,0,0)(1,1,1)(2,1,1)(1,1,1)(2,1,1)	psi(W_(w^2)*2)	psi(W_(w^2)*2)	
1372	(0,0,0)(1,1,1)(2,1,1)(1,1,1)(2,1,1)(1,1,0)	psi(W_(w^2)*2+W)	psi(W_(w^2)*2+W)	
1373	(0,0,0)(1,1,1)(2,1,1)(1,1,1)(2,1,1)(1,1,0)(2,2,1)(3,2,1)	psi(W_(w^2)*2+psi_1(W_(w^2)))	psi(W_(w^2)*2+psi_1(W_(w^2)))	
1374	(0,0,0)(1,1,1)(2,1,1)(1,1,1)(2,1,1)(1,1,0)(2,2,1)(3,2,1)(2,2,1)(3,2,1)	psi(W_(w^2)*2+psi_1(W_(w^2)*2))	psi(W_(w^2)*2+psi_1(W_(w^2)*2))	
1375	(0,0,0)(1,1,1)(2,1,1)(1,1,1)(2,1,1)(1,1,0)(2,2,1)(3,2,1)(2,2,1)(3,2,1)(2,2,0)	psi(W_(w^2)*2+W_2)	psi(W_(w^2)*2+W_2)	
1376	(0,0,0)(1,1,1)(2,1,1)(1,1,1)(2,1,1)(1,1,1)	psi(W_(w^2)*2+W_w)	psi(W_(w^2)*2+W_w)	
1377	(0,0,0)(1,1,1)(2,1,1)(1,1,1)(2,1,1)(1,1,1)(2,1,0)(3,2,1)(4,2,1)	psi(W_(w^2)*2+psi_W_(w+1)(W_(w^2)))	psi(W_(w^2)*2+psi_W_(w+1)(W_(w^2)))	
1378	(0,0,0)(1,1,1)(2,1,1)(1,1,1)(2,1,1)(1,1,1)(2,1,0)(3,2,1)(4,2,1)(3,2,1)(4,2,1)	psi(W_(w^2)*2+psi_W_(w+1)(W_(w^2)*2))	psi(W_(w^2)*2+psi_W_(w+1)(W_(w^2)*2))	
1379	(0,0,0)(1,1,1)(2,1,1)(1,1,1)(2,1,1)(1,1,1)(2,1,0)(3,2,1)(4,2,1)(3,2,1)(4,2,1)(3,2,0)	psi(W_(w^2)*2+W_(w+1))	psi(W_(w^2)*2+W_(w+1))	
1380	(0,0,0)(1,1,1)(2,1,1)(1,1,1)(2,1,1)(1,1,1)(2,1,0)(3,2,1)(4,2,1)(3,2,1)(4,2,1)(3,2,0)(4,3,1)(5,3,1)(4,3,1)(5,3,1)(4,3,0)	psi(W_(w^2)*2+W_(w+2))	psi(W_(w^2)*2+W_(w+2))	
1381	(0,0,0)(1,1,1)(2,1,1)(1,1,1)(2,1,1)(1,1,1)(2,1,0)(3,2,1)(4,2,1)(3,2,1)(4,2,1)(3,2,1)	psi(W_(w^2)*2+W_(w2))	psi(W_(w^2)*2+W_(w2))	
1382	(0,0,0)(1,1,1)(2,1,1)(1,1,1)(2,1,1)(1,1,1)(2,1,0)(3,2,1)(4,2,1)(3,2,1)(4,2,1)(3,2,1)(4,2,0)(5,3,1)(6,3,1)(5,3,1)(6,3,1)(5,3,0)	psi(W_(w^2)*2+W_(w2+1))	psi(W_(w^2)*2+W_(w2+1))	
1383	(0,0,0)(1,1,1)(2,1,1)(1,1,1)(2,1,1)(1,1,1)(2,1,0)(3,2,1)(4,2,1)(3,2,1)(4,2,1)(3,2,1)(4,2,0)(5,3,1)(6,3,1)(5,3,1)(6,3,1)(5,3,1)	psi(W_(w^2)*2+W_(w3))	psi(W_(w^2)*2+W_(w3))	
1384	(0,0,0)(1,1,1)(2,1,1)(1,1,1)(2,1,1)(1,1,1)(2,1,1)	psi(W_(w^2)*3)	psi(W_(w^2)*3)	
1385	(0,0,0)(1,1,1)(2,1,1)(1,1,1)(2,1,1)(1,1,1)(2,1,1)(1,1,1)(2,1,1)	psi(W_(w^2)*4)	psi(W_(w^2)*4)	
1386	(0,0,0)(1,1,1)(2,1,1)(2,0,0)	psi(W_(w^2)*w)	psi(W_(w^2)*w)	
1387	(0,0,0)(1,1,1)(2,1,1)(2,0,0)(1,1,1)	psi(W_(w^2)*w+W_w)	psi(W_(w^2)*w+W_w)	
1388	(0,0,0)(1,1,1)(2,1,1)(2,0,0)(1,1,1)(2,1,1)	psi(W_(w^2)*w+W_(w^2))	psi(W_(w^2)*w+W_(w^2))	
1389	(0,0,0)(1,1,1)(2,1,1)(2,0,0)(1,1,1)(2,1,1)(2,0,0)	psi(W_(w^2)*w2)	psi(W_(w^2)*w2)	
1390	(0,0,0)(1,1,1)(2,1,1)(2,0,0)(2,0,0)	psi(W_(w^2)*w^2)	psi(W_(w^2)*w^2)	
1391	(0,0,0)(1,1,1)(2,1,1)(2,0,0)(3,1,0)	psi(W_(w^2)*psi(W))	psi(W_(w^2)*psi(W))	
1392	(0,0,0)(1,1,1)(2,1,1)(2,0,0)(3,1,1)	psi(W_(w^2)*psi(W_w))	psi(W_(w^2)*psi(W_w))	
1393	(0,0,0)(1,1,1)(2,1,1)(2,0,0)(3,1,1)(4,1,1)	psi(W_(w^2)*psi(W_(w^2)))	psi(W_(w^2)*psi(W_(w^2)))	
1394	(0,0,0)(1,1,1)(2,1,1)(2,1,0)	psi(W_(w^2)*W)	psi(W_(w^2)*W)	
1395	(0,0,0)(1,1,1)(2,1,1)(2,1,0)(1,1,0)	psi(W_(w^2)*W+W)	psi(W_(w^2)*W+W)	
1396	(0,0,0)(1,1,1)(2,1,1)(2,1,0)(1,1,0)(2,2,1)(3,2,1)	psi(W_(w^2)*W+psi_1(W_(w^2)))	psi(W_(w^2)*W+psi_1(W_(w^2)))	
1397	(0,0,0)(1,1,1)(2,1,1)(2,1,0)(1,1,0)(2,2,1)(3,2,1)(3,1,0)	psi(W_(w^2)*W+psi_1(W_(w^2)*W))	psi(W_(w^2)*W+psi_1(W_(w^2)*W))	
1398	(0,0,0)(1,1,1)(2,1,1)(2,1,0)(1,1,0)(2,2,1)(3,2,1)(3,1,0)(2,2,0)	psi(W_(w^2)*W+W_2)	psi(W_(w^2)*W+W_2)	
1399	(0,0,0)(1,1,1)(2,1,1)(2,1,0)(1,1,0)(2,2,1)(3,2,1)(3,1,0)(2,2,1)	psi(W_(w^2)*W+W_w)	psi(W_(w^2)*W+W_w)	
1400	(0,0,0)(1,1,1)(2,1,1)(2,1,0)(1,1,0)(2,2,1)(3,2,1)(3,1,0)(2,2,1)(3,2,0)	psi(W_(w^2)*W+W_w*W_2)	psi(W_(w^2)*W+W_w*W_2)	
1401	(0,0,0)(1,1,1)(2,1,1)(2,1,0)(1,1,0)(2,2,1)(3,2,1)(3,1,0)(2,2,1)(3,2,0)(4,3,0)	psi(W_(w^2)*W+psi_W_(w+1)(W_(w+1)))	psi(W_(w^2)*W+psi_W_(w+1)(W_(w+1)))	
1402	(0,0,0)(1,1,1)(2,1,1)(2,1,0)(1,1,0)(2,2,1)(3,2,1)(3,1,0)(2,2,1)(3,2,0)(4,3,1)	psi(W_(w^2)*W+psi_W_(w+1)(W_(w2)))	psi(W_(w^2)*W+psi_W_(w+1)(W_(w2)))	
1403	(0,0,0)(1,1,1)(2,1,1)(2,1,0)(1,1,0)(2,2,1)(3,2,1)(3,1,0)(2,2,1)(3,2,0)(4,3,1)(5,3,1)	psi(W_(w^2)*W+psi_W_(w+1)(W_(w^2)))	psi(W_(w^2)*W+psi_W_(w+1)(W_(w^2)))	
1404	(0,0,0)(1,1,1)(2,1,1)(2,1,0)(1,1,0)(2,2,1)(3,2,1)(3,1,0)(2,2,1)(3,2,0)(4,3,1)(5,3,1)(5,1,0)	psi(W_(w^2)*W+psi_W_(w+1)(W_(w^2)*W))	psi(W_(w^2)*W+psi_W_(w+1)(W_(w^2)*W))	
1405	(0,0,0)(1,1,1)(2,1,1)(2,1,0)(1,1,0)(2,2,1)(3,2,1)(3,1,0)(2,2,1)(3,2,0)(4,3,1)(5,3,1)(5,1,0)(4,3,0)	psi(W_(w^2)*W+W_(w+1))	psi(W_(w^2)*W+W_(w+1))	
1406	(0,0,0)(1,1,1)(2,1,1)(2,1,0)(1,1,0)(2,2,1)(3,2,1)(3,1,0)(2,2,1)(3,2,0)(4,3,1)(5,3,1)(5,1,0)(4,3,0)(5,4,1)(6,4,1)(6,1,0)(5,4,0)	psi(W_(w^2)*W+W_(w+2))	psi(W_(w^2)*W+W_(w+2))	
1407	(0,0,0)(1,1,1)(2,1,1)(2,1,0)(1,1,0)(2,2,1)(3,2,1)(3,1,0)(2,2,1)(3,2,0)(4,3,1)(5,3,1)(5,1,0)(4,3,1)	psi(W_(w^2)*W+W_(w2))	psi(W_(w^2)*W+W_(w2))	
1408	(0,0,0)(1,1,1)(2,1,1)(2,1,0)(1,1,0)(2,2,1)(3,2,1)(3,1,0)(2,2,1)(3,2,0)(4,3,1)(5,3,1)(5,1,0)(4,3,1)(5,3,0)(6,4,1)(7,4,1)(7,1,0)	psi(W_(w^2)*W+psi_W_(w2+1)(W_(w^2)*W))	psi(W_(w^2)*W+psi_W_(w2+1)(W_(w^2)*W))	
1409	(0,0,0)(1,1,1)(2,1,1)(2,1,0)(1,1,0)(2,2,1)(3,2,1)(3,1,0)(2,2,1)(3,2,0)(4,3,1)(5,3,1)(5,1,0)(4,3,1)(5,3,0)(6,4,1)(7,4,1)(7,1,0)(6,4,0)	psi(W_(w^2)*W+W_(w2+1))	psi(W_(w^2)*W+W_(w2+1))	
1410	(0,0,0)(1,1,1)(2,1,1)(2,1,0)(1,1,0)(2,2,1)(3,2,1)(3,1,0)(2,2,1)(3,2,0)(4,3,1)(5,3,1)(5,1,0)(4,3,1)(5,3,0)(6,4,1)(7,4,1)(7,1,0)(6,4,1)	psi(W_(w^2)*W+W_(w3))	psi(W_(w^2)*W+W_(w3))	
1411	(0,0,0)(1,1,1)(2,1,1)(2,1,0)(1,1,0)(2,2,1)(3,2,1)(3,1,0)(2,2,1)(3,2,1)	psi(W_(w^2)*W+W_(w^2))	psi(W_(w^2)*W+W_(w^2))	
1412	(0,0,0)(1,1,1)(2,1,1)(2,1,0)(1,1,0)(2,2,1)(3,2,1)(3,1,0)(2,2,1)(3,2,1)(2,2,1)(3,2,1)	psi(W_(w^2)*W+W_(w^2)*2)	psi(W_(w^2)*W+W_(w^2)*2)	
1413	(0,0,0)(1,1,1)(2,1,1)(2,1,0)(1,1,0)(2,2,1)(3,2,1)(3,1,0)(2,2,1)(3,2,1)(3,0,0)(	psi(W_(w^2)*W+W_(w^2)*w)	psi(W_(w^2)*W+W_(w^2)*w)	
1414	(0,0,0)(1,1,1)(2,1,1)(2,1,0)(1,1,0)(2,2,1)(3,2,1)(3,1,0)(2,2,1)(3,2,1)(3,1,0)	psi(W_(w^2)*W2)	psi(W_(w^2)*W2)	
1415	(0,0,0)(1,1,1)(2,1,1)(2,1,0)(1,1,0)(2,2,1)(3,2,1)(3,1,0)(3,0,0)	psi(W_(w^2)*W*w)	psi(W_(w^2)*W*w)	
1416	(0,0,0)(1,1,1)(2,1,1)(2,1,0)(1,1,0)(2,2,1)(3,2,1)(3,1,0)(3,1,0)	psi(W_(w^2)*W^2)	psi(W_(w^2)*W^2)	
1417	(0,0,0)(1,1,1)(2,1,1)(2,1,0)(1,1,0)(2,2,1)(3,2,1)(3,1,0)(4,2,0)	psi(W_(w^2)*psi_1(W_2))	psi(W_(w^2)*psi_1(W_2))	
1418	(0,0,0)(1,1,1)(2,1,1)(2,1,0)(1,1,0)(2,2,1)(3,2,1)(3,1,0)(4,2,1)	psi(W_(w^2)*psi_1(W_w))	psi(W_(w^2)*psi_1(W_w))	
1419	(0,0,0)(1,1,1)(2,1,1)(2,1,0)(1,1,0)(2,2,1)(3,2,1)(3,1,0)(4,2,1)(5,2,1)	psi(W_(w^2)*psi_1(W_(w^2)))	psi(W_(w^2)*psi_1(W_(w^2)))	
1420	(0,0,0)(1,1,1)(2,1,1)(2,1,0)(1,1,0)(2,2,1)(3,2,1)(3,1,0)(4,2,1)(5,2,1)(5,1,0)	psi(W_(w^2)*psi_1(W_(w^2)*W))	psi(W_(w^2)*psi_1(W_(w^2)*W))	
1421	(0,0,0)(1,1,1)(2,1,1)(2,1,0)(1,1,0)(2,2,1)(3,2,1)(3,2,0)	psi(W_(w^2)*W_2)	psi(W_(w^2)*W_2)	
1422	(0,0,0)(1,1,1)(2,1,1)(2,1,0)(1,1,0)(2,2,1)(3,2,1)(3,2,0)(2,2,0)(3,3,1)(4,3,1)(4,2,0)	psi(W_(w^2)*W_2+psi_2(W_(w^2)*W_2))	psi(W_(w^2)*W_2+psi_2(W_(w^2)*W_2))	
1423	(0,0,0)(1,1,1)(2,1,1)(2,1,0)(1,1,0)(2,2,1)(3,2,1)(3,2,0)(2,2,0)(3,3,1)(4,3,1)(4,2,0)(3,3,1)(4,3,1)	psi(W_(w^2)*W_2+W_(w^2))	psi(W_(w^2)*W_2+W_(w^2))	
1424	(0,0,0)(1,1,1)(2,1,1)(2,1,0)(1,1,0)(2,2,1)(3,2,1)(3,2,0)(2,2,0)(3,3,1)(4,3,1)(4,2,0)(4,2,0)	psi(W_(w^2)*W_2^2)	psi(W_(w^2)*W_2^2)	
1425	(0,0,0)(1,1,1)(2,1,1)(2,1,0)(1,1,0)(2,2,1)(3,2,1)(3,2,0)(2,2,0)(3,3,1)(4,3,1)(4,3,0)	psi(W_(w^2)*W_3)	psi(W_(w^2)*W_3)	
1426	(0,0,0)(1,1,1)(2,1,1)(2,1,0)(1,1,0)(2,2,1)(3,2,1)(3,2,0)(2,2,0)(3,3,1)(4,3,1)(4,3,0)(3,3,0)(4,4,1)(5,4,1)(5,4,0)	psi(W_(w^2)*W_4)	psi(W_(w^2)*W_4)	
1427	(0,0,0)(1,1,1)(2,1,1)(2,1,0)(1,1,1)	psi(W_(w^2)*W_w)	psi(W_(w^2)*W_w)	
1428	(0,0,0)(1,1,1)(2,1,1)(2,1,0)(1,1,1)(1,1,1)	psi(W_(w^2)*W_w+W_w)	psi(W_(w^2)*W_w+W_w)	
1429	(0,0,0)(1,1,1)(2,1,1)(2,1,0)(1,1,1)(2,1,0)	psi(W_(w^2)*W_w+W_w*W)	psi(W_(w^2)*W_w+W_w*W)	
1430	(0,0,0)(1,1,1)(2,1,1)(2,1,0)(1,1,1)(2,1,0)(3,2,0)	psi(W_(w^2)*W_w+psi_W_(w+1)(W_(w+1)))	psi(W_(w^2)*W_w+psi_W_(w+1)(W_(w+1)))	
1431	(0,0,0)(1,1,1)(2,1,1)(2,1,0)(1,1,1)(2,1,0)(3,2,1)	psi(W_(w^2)*W_w+psi_W_(w+1)(W_(w2)))	psi(W_(w^2)*W_w+psi_W_(w+1)(W_(w2)))	
1432	(0,0,0)(1,1,1)(2,1,1)(2,1,0)(1,1,1)(2,1,0)(3,2,1)(4,2,1)	psi(W_(w^2)*W_w+psi_W_(w+1)(W_(w^2)))	psi(W_(w^2)*W_w+psi_W_(w+1)(W_(w^2)))	
1433	(0,0,0)(1,1,1)(2,1,1)(2,1,0)(1,1,1)(2,1,0)(3,2,1)(4,2,1)	psi(W_(w^2)*W_w+psi_W_(w+1)(W_(w^2)*W))	psi(W_(w^2)*W_w+psi_W_(w+1)(W_(w^2)*W))	
1434	(0,0,0)(1,1,1)(2,1,1)(2,1,0)(1,1,1)(2,1,0)(3,2,1)(4,2,1)(4,1,0)(1,1,1)	psi(W_(w^2)*W_w+psi_W_(w+1)(W_(w^2)*W_w))	psi(W_(w^2)*W_w+psi_W_(w+1)(W_(w^2)*W_w))	
1435	(0,0,0)(1,1,1)(2,1,1)(2,1,0)(1,1,1)(2,1,0)(3,2,1)(4,2,1)(4,1,0)(1,1,1)(2,1,0)(3,2,1)(4,2,1)(4,1,0)(1,1,1)	psi(W_(w^2)*W_w+psi_W_(w+1)(W_(w^2)*W_w)*2)	psi(W_(w^2)*W_w+psi_W_(w+1)(W_(w^2)*W_w)*2)	
1436	(0,0,0)(1,1,1)(2,1,1)(2,1,0)(1,1,1)(2,1,0)(3,2,1)(4,2,1)(4,1,0)(2,1,0)(1,1,1)	psi(W_(w^2)*W_w+psi_W_(w+1)(W_(w^2)*W_w)*W_w)	psi(W_(w^2)*W_w+psi_W_(w+1)(W_(w^2)*W_w)*W_w)	
1437	(0,0,0)(1,1,1)(2,1,1)(2,1,0)(1,1,1)(2,1,0)(3,2,1)(4,2,1)(4,1,0)(3,1,0)(1,1,1)	psi(W_(w^2)*W_w+psi_W_(w+1)(W_(w^2)*W_w)^W_w)	psi(W_(w^2)*W_w+psi_W_(w+1)(W_(w^2)*W_w)^W_w)	
1438	(0,0,0)(1,1,1)(2,1,1)(2,1,0)(1,1,1)(2,1,0)(3,2,1)(4,2,1)(4,1,0)(3,2,0)	psi(W_(w^2)*W_w+W_(w+1))	psi(W_(w^2)*W_w+W_(w+1))	
1439	(0,0,0)(1,1,1)(2,1,1)(2,1,0)(1,1,1)(2,1,0)(3,2,1)(4,2,1)(4,1,0)(3,2,0)(4,3,1)(5,3,1)(5,1,0)	psi(W_(w^2)*W_w+psi_W_(w+2)(W_(w^2)*W))	psi(W_(w^2)*W_w+psi_W_(w+2)(W_(w^2)*W))	
1440	(0,0,0)(1,1,1)(2,1,1)(2,1,0)(1,1,1)(2,1,0)(3,2,1)(4,2,1)(4,1,0)(3,2,0)(4,3,1)(5,3,1)(5,1,0)(4,3,0)	psi(W_(w^2)*W_w+W_(w+2))	psi(W_(w^2)*W_w+W_(w+2))	
1441	(0,0,0)(1,1,1)(2,1,1)(2,1,0)(1,1,1)(2,1,0)(3,2,1)(4,2,1)(4,1,0)(3,2,1)	psi(W_(w^2)*W_w+W_(w2))	psi(W_(w^2)*W_w+W_(w2))	
1442	(0,0,0)(1,1,1)(2,1,1)(2,1,0)(1,1,1)(2,1,0)(3,2,1)(4,2,1)(4,1,0)(3,2,1)(4,2,0)(5,3,1)(6,3,1)	psi(W_(w^2)*W_w+psi_W_(w2+1)(W_(w^2)))	psi(W_(w^2)*W_w+psi_W_(w2+1)(W_(w^2)))	
1443	(0,0,0)(1,1,1)(2,1,1)(2,1,0)(1,1,1)(2,1,0)(3,2,1)(4,2,1)(4,1,0)(3,2,1)(4,2,0)(5,3,1)(6,3,1)(6,1,0)(5,3,0)	psi(W_(w^2)*W_w+W_(w2+1))	psi(W_(w^2)*W_w+W_(w2+1))	
1444	(0,0,0)(1,1,1)(2,1,1)(2,1,0)(1,1,1)(2,1,0)(3,2,1)(4,2,1)(4,1,0)(3,2,1)(4,2,0)(5,3,1)(6,3,1)(6,1,0)(5,3,1)	psi(W_(w^2)*W_w+W_(w3))	psi(W_(w^2)*W_w+W_(w3))	
1445	(0,0,0)(1,1,1)(2,1,1)(2,1,0)(1,1,1)(2,1,0)(3,2,1)(4,2,1)(4,1,0)(3,2,1)(4,2,1)	psi(W_(w^2)*W_w+W_(w^2))	psi(W_(w^2)*W_w+W_(w^2))	
1446	(0,0,0)(1,1,1)(2,1,1)(2,1,0)(1,1,1)(2,1,0)(3,2,1)(4,2,1)(4,1,0)(3,2,1)(4,2,1)(4,0,0)	psi(W_(w^2)*W_w+W_(w^2)*w)	psi(W_(w^2)*W_w+W_(w^2)*w)	
1447	(0,0,0)(1,1,1)(2,1,1)(2,1,0)(1,1,1)(2,1,0)(3,2,1)(4,2,1)(4,1,0)(3,2,1)(4,2,1)(4,1,0)	psi(W_(w^2)*W_w+W_(w^2)*W)	psi(W_(w^2)*W_w+W_(w^2)*W)	
1448	(0,0,0)(1,1,1)(2,1,1)(2,1,0)(1,1,1)(2,1,0)(3,2,1)(4,2,1)(4,1,0)(3,2,1)(4,2,1)(4,1,0)(1,1,1)	psi(W_(w^2)*W_w*2)	psi(W_(w^2)*W_w*2)	
1449	(0,0,0)(1,1,1)(2,1,1)(2,1,0)(1,1,1)(2,1,0)(3,2,1)(4,2,1)(4,1,0)(4,1,0)(1,1,1)	psi(W_(w^2)*W_w^2)	psi(W_(w^2)*W_w^2)	
1450	(0,0,0)(1,1,1)(2,1,1)(2,1,0)(1,1,1)(2,1,0)(3,2,1)(4,2,1)(4,1,0)(5,1,0)(1,1,1)	psi(W_(w^2)*W_w^W_w)	psi(W_(w^2)*W_w^W_w)	
1451	(0,0,0)(1,1,1)(2,1,1)(2,1,0)(1,1,1)(2,1,0)(3,2,1)(4,2,1)(4,1,0)(5,2,0)	psi(W_(w^2)*psi_W_(w+1)(W_(w+1)))	psi(W_(w^2)*psi_W_(w+1)(W_(w+1)))	
1452	(0,0,0)(1,1,1)(2,1,1)(2,1,0)(1,1,1)(2,1,0)(3,2,1)(4,2,1)(4,1,0)(5,2,1)	psi(W_(w^2)*psi_W_(w+1)(W_(w2)))	psi(W_(w^2)*psi_W_(w+1)(W_(w2)))	
1453	(0,0,0)(1,1,1)(2,1,1)(2,1,0)(1,1,1)(2,1,0)(3,2,1)(4,2,1)(4,1,0)(5,2,1)(6,2,1)	psi(W_(w^2)*psi_W_(w+1)(W_(w^2)))	psi(W_(w^2)*psi_W_(w+1)(W_(w^2)))	
1454	(0,0,0)(1,1,1)(2,1,1)(2,1,0)(1,1,1)(2,1,0)(3,2,1)(4,2,1)(4,2,0)	psi(W_(w^2)*W_(w+1))	psi(W_(w^2)*W_(w+1))	
1455	(0,0,0)(1,1,1)(2,1,1)(2,1,0)(1,1,1)(2,1,0)(3,2,1)(4,2,1)(4,2,0)(1,1,1)	psi(W_(w^2)*W_(w+1)+W_w)	psi(W_(w^2)*W_(w+1)+W_w)	
1456	(0,0,0)(1,1,1)(2,1,1)(2,1,0)(1,1,1)(2,1,0)(3,2,1)(4,2,1)(4,2,0)(3,2,0)	psi(W_(w^2)*W_(w+1)+W_(w+1))	psi(W_(w^2)*W_(w+1)+W_(w+1))	
1457	(0,0,0)(1,1,1)(2,1,1)(2,1,0)(1,1,1)(2,1,0)(3,2,1)(4,2,1)(4,2,0)(3,2,0)(4,3,1)	psi(W_(w^2)*W_(w+1)+psi_W_(w+2)(W_(w2)))	psi(W_(w^2)*W_(w+1)+psi_W_(w+2)(W_(w2)))	
1458	(0,0,0)(1,1,1)(2,1,1)(2,1,0)(1,1,1)(2,1,0)(3,2,1)(4,2,1)(4,2,0)(3,2,0)(4,3,1)(5,3,1)	psi(W_(w^2)*W_(w+1)+psi_W_(w+2)(W_(w^2)))	psi(W_(w^2)*W_(w+1)+psi_W_(w+2)(W_(w^2)))	
1459	(0,0,0)(1,1,1)(2,1,1)(2,1,0)(1,1,1)(2,1,0)(3,2,1)(4,2,1)(4,2,0)(3,2,0)(4,3,1)(5,3,1)(5,2,0)	psi(W_(w^2)*W_(w+1)+psi_W_(w+2)(W_(w^2)*W_(w+1)))	psi(W_(w^2)*W_(w+1)+psi_W_(w+2)(W_(w^2)*W_(w+1)))	
1460	(0,0,0)(1,1,1)(2,1,1)(2,1,0)(1,1,1)(2,1,0)(3,2,1)(4,2,1)(4,2,0)(3,2,0)(4,3,1)(5,3,1)(5,2,0)(4,3,0)	psi(W_(w^2)*W_(w+1)+W_(w+2))	psi(W_(w^2)*W_(w+1)+W_(w+2))	
1461	(0,0,0)(1,1,1)(2,1,1)(2,1,0)(1,1,1)(2,1,0)(3,2,1)(4,2,1)(4,2,0)(3,2,0)(4,3,1)(5,3,1)(5,2,0)(4,3,1)	psi(W_(w^2)*W_(w+1)+W_(w2))	psi(W_(w^2)*W_(w+1)+W_(w2))	
1462	(0,0,0)(1,1,1)(2,1,1)(2,1,0)(1,1,1)(2,1,0)(3,2,1)(4,2,1)(4,2,0)(3,2,0)(4,3,1)(5,3,1)(5,2,0)(4,3,1)(5,3,0)(6,4,1)(7,4,1)(7,2,0)(6,4,1)	psi(W_(w^2)*W_(w+1)+W_(w3))	psi(W_(w^2)*W_(w+1)+W_(w3))	
1463	(0,0,0)(1,1,1)(2,1,1)(2,1,0)(1,1,1)(2,1,0)(3,2,1)(4,2,1)(4,2,0)(3,2,0)(4,3,1)(5,3,1)(5,2,0)(4,3,1)(5,3,1)	psi(W_(w^2)*W_(w+1)+W_(w^2))	psi(W_(w^2)*W_(w+1)+W_(w^2))	
1464	(0,0,0)(1,1,1)(2,1,1)(2,1,0)(1,1,1)(2,1,0)(3,2,1)(4,2,1)(4,2,0)(3,2,0)(4,3,1)(5,3,1)(5,2,0)(4,3,1)(5,3,1)(5,2,0)	psi(W_(w^2)*W_(w+1)*2)	psi(W_(w^2)*W_(w+1)*2)	
1465	(0,0,0)(1,1,1)(2,1,1)(2,1,0)(1,1,1)(2,1,0)(3,2,1)(4,2,1)(4,2,0)(3,2,0)(4,3,1)(5,3,1)(5,2,0)(5,2,0)	psi(W_(w^2)*W_(w+1)^2)	psi(W_(w^2)*W_(w+1)^2)	
1466	(0,0,0)(1,1,1)(2,1,1)(2,1,0)(1,1,1)(2,1,0)(3,2,1)(4,2,1)(4,2,0)(3,2,0)(4,3,1)(5,3,1)(5,2,0)(6,3,1)(7,3,1)	psi(W_(w^2)*psi_W_(w+2)(W_(w^2)))	psi(W_(w^2)*psi_W_(w+2)(W_(w^2)))	
1467	(0,0,0)(1,1,1)(2,1,1)(2,1,0)(1,1,1)(2,1,0)(3,2,1)(4,2,1)(4,2,0)(3,2,0)(4,3,1)(5,3,1)(5,3,0)	psi(W_(w^2)*W_(w+2))	psi(W_(w^2)*W_(w+2))	
1468	(0,0,0)(1,1,1)(2,1,1)(2,1,0)(1,1,1)(2,1,0)(3,2,1)(4,2,1)(4,2,0)(3,2,0)(4,3,1)(5,3,1)(5,3,0)(4,3,0)(5,4,1)(6,4,1)(6,3,0)	psi(W_(w^2)*W_(w+2)+psi_W_(w+3)(W_(w^2)*W_(w+2)))	psi(W_(w^2)*W_(w+2)+psi_W_(w+3)(W_(w^2)*W_(w+2)))	
1469	(0,0,0)(1,1,1)(2,1,1)(2,1,0)(1,1,1)(2,1,0)(3,2,1)(4,2,1)(4,2,0)(3,2,0)(4,3,1)(5,3,1)(5,3,0)(4,3,0)(5,4,1)(6,4,1)(6,3,0)(5,4,1)(6,4,1)	psi(W_(w^2)*W_(w+2)+W_(w^2))	psi(W_(w^2)*W_(w+2)+W_(w^2))	
1470	(0,0,0)(1,1,1)(2,1,1)(2,1,0)(1,1,1)(2,1,0)(3,2,1)(4,2,1)(4,2,0)(3,2,0)(4,3,1)(5,3,1)(5,3,0)(4,3,0)(5,4,1)(6,4,1)(6,3,0)(6,3,0)	psi(W_(w^2)*W_(w+2)^2)	psi(W_(w^2)*W_(w+2)^2)	
1471	(0,0,0)(1,1,1)(2,1,1)(2,1,0)(1,1,1)(2,1,0)(3,2,1)(4,2,1)(4,2,0)(3,2,0)(4,3,1)(5,3,1)(5,3,0)(4,3,0)(5,4,1)(6,4,1)(6,4,0)	psi(W_(w^2)*W_(w+3))	psi(W_(w^2)*W_(w+3))	
1472	(0,0,0)(1,1,1)(2,1,1)(2,1,0)(1,1,1)(2,1,0)(3,2,1)(4,2,1)(4,2,0)(3,2,1)	psi(W_(w^2)*W_(w2))	psi(W_(w^2)*W_(w2))	
1473	(0,0,0)(1,1,1)(2,1,1)(2,1,0)(1,1,1)(2,1,0)(3,2,1)(4,2,1)(4,2,0)(3,2,1)(3,2,1)	psi(W_(w^2)*W_(w2)+W_(w2))	psi(W_(w^2)*W_(w2)+W_(w2))	
1474	(0,0,0)(1,1,1)(2,1,1)(2,1,0)(1,1,1)(2,1,0)(3,2,1)(4,2,1)(4,2,0)(3,2,1)(4,2,0)(5,3,1)(6,3,1)	psi(W_(w^2)*W_(w2)+psi_W_(w2+1)(W_(w^2)))	psi(W_(w^2)*W_(w2)+psi_W_(w2+1)(W_(w^2)))	
1475	(0,0,0)(1,1,1)(2,1,1)(2,1,0)(1,1,1)(2,1,0)(3,2,1)(4,2,1)(4,2,0)(3,2,1)(4,2,0)(5,3,1)(6,3,1)(6,2,0)	psi(W_(w^2)*W_(w2)+psi_W_(w2+1)(W_(w^2)*W_(w+1)))	psi(W_(w^2)*W_(w2)+psi_W_(w2+1)(W_(w^2)*W_(w+1)))	
1476	(0,0,0)(1,1,1)(2,1,1)(2,1,0)(1,1,1)(2,1,0)(3,2,1)(4,2,1)(4,2,0)(3,2,1)(4,2,0)(5,3,1)(6,3,1)(6,2,0)(3,2,1)	psi(W_(w^2)*W_(w2)+psi_W_(w2+1)(W_(w^2)*W_(w2)))	psi(W_(w^2)*W_(w2)+psi_W_(w2+1)(W_(w^2)*W_(w2)))	
1477	(0,0,0)(1,1,1)(2,1,1)(2,1,0)(1,1,1)(2,1,0)(3,2,1)(4,2,1)(4,2,0)(3,2,1)(4,2,0)(5,3,1)(6,3,1)(6,2,0)(5,3,0)	psi(W_(w^2)*W_(w2)+W_(w2+1))	psi(W_(w^2)*W_(w2)+W_(w2+1))	
1478	(0,0,0)(1,1,1)(2,1,1)(2,1,0)(1,1,1)(2,1,0)(3,2,1)(4,2,1)(4,2,0)(3,2,1)(4,2,0)(5,3,1)(6,3,1)(6,2,0)(5,3,1)	psi(W_(w^2)*W_(w2)+W_(w3))	psi(W_(w^2)*W_(w2)+W_(w3))	
1479	(0,0,0)(1,1,1)(2,1,1)(2,1,0)(1,1,1)(2,1,0)(3,2,1)(4,2,1)(4,2,0)(3,2,1)(4,2,0)(5,3,1)(6,3,1)(6,2,0)(5,3,1)(6,3,1)	psi(W_(w^2)*W_(w2)+W_(w^2))	psi(W_(w^2)*W_(w2)+W_(w^2))	
1480	(0,0,0)(1,1,1)(2,1,1)(2,1,0)(1,1,1)(2,1,0)(3,2,1)(4,2,1)(4,2,0)(3,2,1)(4,2,0)(5,3,1)(6,3,1)(6,2,0)(5,3,1)(6,3,1)(6,2,0)	psi(W_(w^2)*W_(w2)+W_(w^2)*W_(w+1))	psi(W_(w^2)*W_(w2)+W_(w^2)*W_(w+1))	
1481	(0,0,0)(1,1,1)(2,1,1)(2,1,0)(1,1,1)(2,1,0)(3,2,1)(4,2,1)(4,2,0)(3,2,1)(4,2,0)(5,3,1)(6,3,1)(6,2,0)(5,3,1)(6,3,1)(6,2,0)(3,2,1)	psi(W_(w^2)*W_(w2)*2)	psi(W_(w^2)*W_(w2)*2)	
1482	(0,0,0)(1,1,1)(2,1,1)(2,1,0)(1,1,1)(2,1,0)(3,2,1)(4,2,1)(4,2,0)(3,2,1)(4,2,0)(5,3,1)(6,3,1)(6,2,0)(6,2,0)(3,2,1)	psi(W_(w^2)*W_(w2)^2)	psi(W_(w^2)*W_(w2)^2)	
1483	(0,0,0)(1,1,1)(2,1,1)(2,1,0)(1,1,1)(2,1,0)(3,2,1)(4,2,1)(4,2,0)(3,2,1)(4,2,0)(5,3,1)(6,3,1)(6,2,0)(7,3,0)	psi(W_(w^2)*psi_W_(w2+1)(W_(w2+1)))	psi(W_(w^2)*psi_W_(w2+1)(W_(w2+1)))	
1484	(0,0,0)(1,1,1)(2,1,1)(2,1,0)(1,1,1)(2,1,0)(3,2,1)(4,2,1)(4,2,0)(3,2,1)(4,2,0)(5,3,1)(6,3,1)(6,2,0)(7,3,1)(8,3,1)	psi(W_(w^2)*psi_W_(w2+1)(W_(w^2)))	psi(W_(w^2)*psi_W_(w2+1)(W_(w^2)))	
1485	(0,0,0)(1,1,1)(2,1,1)(2,1,0)(1,1,1)(2,1,0)(3,2,1)(4,2,1)(4,2,0)(3,2,1)(4,2,0)(5,3,1)(6,3,1)(6,3,0)	psi(W_(w^2)*W_(w2+1))	psi(W_(w^2)*W_(w2+1))	
1486	(0,0,0)(1,1,1)(2,1,1)(2,1,0)(1,1,1)(2,1,0)(3,2,1)(4,2,1)(4,2,0)(3,2,1)(4,2,0)(5,3,1)(6,3,1)(6,3,0)(5,3,0)(6,4,1)(7,4,1)(7,4,0)	psi(W_(w^2)*W_(w2+2))	psi(W_(w^2)*W_(w2+2))	
1487	(0,0,0)(1,1,1)(2,1,1)(2,1,0)(1,1,1)(2,1,0)(3,2,1)(4,2,1)(4,2,0)(3,2,1)(4,2,0)(5,3,1)(6,3,1)(6,3,0)(5,3,1)	psi(W_(w^2)*W_(w3))	psi(W_(w^2)*W_(w3))	
1488	(0,0,0)(1,1,1)(2,1,1)(2,1,0)(1,1,1)(2,1,0)(3,2,1)(4,2,1)(4,2,0)(3,2,1)(4,2,0)(5,3,1)(6,3,1)(6,3,0)(5,3,1)(6,3,0)(7,4,1)(8,4,1)(8,4,0)(7,4,1)	psi(W_(w^2)*W_(w4))	psi(W_(w^2)*W_(w4))	
1489	(0,0,0)(1,1,1)(2,1,1)(2,1,0)(1,1,1)(2,1,1)	psi(W_(w^2)^2)	psi(W_(w^2)^2)	
1490	(0,0,0)(1,1,1)(2,1,1)(2,1,0)(1,1,1)(2,1,1)(1,1,1)	psi(W_(w^2)^2+W_w)	psi(W_(w^2)^2+W_w)	
1491	(0,0,0)(1,1,1)(2,1,1)(2,1,0)(1,1,1)(2,1,1)(1,1,1)(2,1,0)(3,2,1)(4,2,1)	psi(W_(w^2)^2+psi_W_(w+1)(W_(w^2)))	psi(W_(w^2)^2+psi_W_(w+1)(W_(w^2)))	
1492	(0,0,0)(1,1,1)(2,1,1)(2,1,0)(1,1,1)(2,1,1)(1,1,1)(2,1,0)(3,2,1)(4,2,1)(4,2,0)	psi(W_(w^2)^2+psi_W_(w+1)(W_(w^2)*W_(w+1)))	psi(W_(w^2)^2+psi_W_(w+1)(W_(w^2)*W_(w+1)))	
1493	(0,0,0)(1,1,1)(2,1,1)(2,1,0)(1,1,1)(2,1,1)(1,1,1)(2,1,0)(3,2,1)(4,2,1)(4,2,0)(3,2,1)(4,2,1)	psi(W_(w^2)^2+psi_W_(w+1)(W_(w^2)^2))	psi(W_(w^2)^2+psi_W_(w+1)(W_(w^2)^2))	
1494	(0,0,0)(1,1,1)(2,1,1)(2,1,0)(1,1,1)(2,1,1)(1,1,1)(2,1,0)(3,2,1)(4,2,1)(4,2,0)(3,2,1)(4,2,1)(3,2,0)	psi(W_(w^2)^2+W_(w+1))	psi(W_(w^2)^2+W_(w+1))	
1495	(0,0,0)(1,1,1)(2,1,1)(2,1,0)(1,1,1)(2,1,1)(1,1,1)(2,1,0)(3,2,1)(4,2,1)(4,2,0)(3,2,1)(4,2,1)(3,2,0)(4,3,1)(5,3,1)(5,3,0)(4,3,1)(5,3,1)(4,3,0)	psi(W_(w^2)^2+W_(w+2))	psi(W_(w^2)^2+W_(w+2))	
1496	(0,0,0)(1,1,1)(2,1,1)(2,1,0)(1,1,1)(2,1,1)(1,1,1)(2,1,0)(3,2,1)(4,2,1)(4,2,0)(3,2,1)(4,2,1)(3,2,1)	psi(W_(w^2)^2+W_(w2))	psi(W_(w^2)^2+W_(w2))	
1497	(0,0,0)(1,1,1)(2,1,1)(2,1,0)(1,1,1)(2,1,1)(1,1,1)(2,1,0)(3,2,1)(4,2,1)(4,2,0)(3,2,1)(4,2,1)(3,2,1)(4,2,0)(5,3,1)(6,3,1)(6,3,0)(5,3,1)(6,3,1)(5,3,0)	psi(W_(w^2)^2+W_(w2+1))	psi(W_(w^2)^2+W_(w2+1))	
1498	(0,0,0)(1,1,1)(2,1,1)(2,1,0)(1,1,1)(2,1,1)(1,1,1)(2,1,0)(3,2,1)(4,2,1)(4,2,0)(3,2,1)(4,2,1)(3,2,1)(4,2,0)(5,3,1)(6,3,1)(6,3,0)(5,3,1)(6,3,1)(5,3,1)	psi(W_(w^2)^2+W_(w3))	psi(W_(w^2)^2+W_(w3))	
1499	(0,0,0)(1,1,1)(2,1,1)(2,1,0)(1,1,1)(2,1,1)(1,1,1)(2,1,1)	psi(W_(w^2)^2+W_(w^2))	psi(W_(w^2)^2+W_(w^2))	
1500	(0,0,0)(1,1,1)(2,1,1)(2,1,0)(1,1,1)(2,1,1)(1,1,1)(2,1,1)(1,1,1)(2,1,1)	psi(W_(w^2)^2+W_(w^2)*2)	psi(W_(w^2)^2+W_(w^2)*2)	
1501	(0,0,0)(1,1,1)(2,1,1)(2,1,0)(1,1,1)(2,1,1)(2,0,0)	psi(W_(w^2)^2+W_(w^2)*w)	psi(W_(w^2)^2+W_(w^2)*w)	
1502	(0,0,0)(1,1,1)(2,1,1)(2,1,0)(1,1,1)(2,1,1)(2,1,0)	psi(W_(w^2)^2+W_(w^2)*W)	psi(W_(w^2)^2+W_(w^2)*W)	
1503	(0,0,0)(1,1,1)(2,1,1)(2,1,0)(1,1,1)(2,1,1)(2,1,0)(1,1,0)(2,2,1)(3,2,1)(4,2,0)(2,2,1)(3,2,1)(4,2,0)	psi(W_(w^2)^2+W_(w^2)*W_2)	psi(W_(w^2)^2+W_(w^2)*W_2)	
1504	(0,0,0)(1,1,1)(2,1,1)(2,1,0)(1,1,1)(2,1,1)(2,1,0)(1,1,1)	psi(W_(w^2)^2+W_(w^2)*W_w)	psi(W_(w^2)^2+W_(w^2)*W_w)	
1505	(0,0,0)(1,1,1)(2,1,1)(2,1,0)(1,1,1)(2,1,1)(2,1,0)(1,1,1)(2,1,0)(3,2,1)(4,2,1)	psi(W_(w^2)^2+W_(w^2)*W_w+psi_W_(w+1)(W_(w^2))))	psi(W_(w^2)^2+W_(w^2)*W_w+psi_W_(w+1)(W_(w^2)))	paren-1
1506	(0,0,0)(1,1,1)(2,1,1)(2,1,0)(1,1,1)(2,1,1)(2,1,0)(1,1,1)(2,1,0)(3,2,1)(4,2,1)(4,2,0)(3,2,1)(4,2,1)	psi(W_(w^2)^2+W_(w^2)*W_w+psi_W_(w+1)(W_(w^2)^2))	psi(W_(w^2)^2+W_(w^2)*W_w+psi_W_(w+1)(W_(w^2)^2))	
1507	(0,0,0)(1,1,1)(2,1,1)(2,1,0)(1,1,1)(2,1,1)(2,1,0)(1,1,1)(2,1,0)(3,2,1)(4,2,1)(4,2,0)(3,2,1)(4,2,1)(4,1,0)	psi(W_(w^2)^2+W_(w^2)*W_w+psi_W_(w+1)(W_(w^2)^2*W))	psi(W_(w^2)^2+W_(w^2)*W_w+psi_W_(w+1)(W_(w^2)^2*W))	
1508	(0,0,0)(1,1,1)(2,1,1)(2,1,0)(1,1,1)(2,1,1)(2,1,0)(1,1,1)(2,1,0)(3,2,1)(4,2,1)(4,2,0)(3,2,1)(4,2,1)(4,1,0)(1,1,1)	psi(W_(w^2)^2+W_(w^2)*W_w+psi_W_(w+1)(W_(w^2)^2*W_w))	psi(W_(w^2)^2+W_(w^2)*W_w+psi_W_(w+1)(W_(w^2)^2*W_w))	
1509	(0,0,0)(1,1,1)(2,1,1)(2,1,0)(1,1,1)(2,1,1)(2,1,0)(1,1,1)(2,1,0)(3,2,1)(4,2,1)(4,2,0)(3,2,1)(4,2,1)(4,1,0)(3,2,0)	psi(W_(w^2)^2+W_(w^2)*W_w+W_(w+1)))	psi(W_(w^2)^2+W_(w^2)*W_w+W_(w+1))	paren-1
1510	(0,0,0)(1,1,1)(2,1,1)(2,1,0)(1,1,1)(2,1,1)(2,1,0)(1,1,1)(2,1,0)(3,2,1)(4,2,1)(4,2,0)(3,2,1)(4,2,1)(4,1,0)(3,2,1)	psi(W_(w^2)^2+W_(w^2)*W_w+W_(w2))	psi(W_(w^2)^2+W_(w^2)*W_w+W_(w2))	
1511	(0,0,0)(1,1,1)(2,1,1)(2,1,0)(1,1,1)(2,1,1)(2,1,0)(1,1,1)(2,1,0)(3,2,1)(4,2,1)(4,2,0)(3,2,1)(4,2,1)(4,1,0)(3,2,1)(4,2,1)	psi(W_(w^2)^2+W_(w^2)*W_w+W_(w^2))	psi(W_(w^2)^2+W_(w^2)*W_w+W_(w^2))	
1512	(0,0,0)(1,1,1)(2,1,1)(2,1,0)(1,1,1)(2,1,1)(2,1,0)(1,1,1)(2,1,0)(3,2,1)(4,2,1)(4,2,0)(3,2,1)(4,2,1)(4,1,0)(3,2,1)(4,2,1)(4,1,0)(1,1,1)	psi(W_(w^2)^2+W_(w^2)*W_w*2)	psi(W_(w^2)^2+W_(w^2)*W_w*2)	
1513	(0,0,0)(1,1,1)(2,1,1)(2,1,0)(1,1,1)(2,1,1)(2,1,0)(1,1,1)(2,1,0)(3,2,1)(4,2,1)(4,2,0)(3,2,1)(4,2,1)(4,1,0)(4,1,0)(1,1,1)	psi(W_(w^2)^2+W_(w^2)*W_w^2)	psi(W_(w^2)^2+W_(w^2)*W_w^2)	
1514	(0,0,0)(1,1,1)(2,1,1)(2,1,0)(1,1,1)(2,1,1)(2,1,0)(1,1,1)(2,1,0)(3,2,1)(4,2,1)(4,2,0)(3,2,1)(4,2,1)(4,1,0)(5,2,1)(6,2,1)	psi(W_(w^2)^2+W_(w^2)*psi_W_(w+1)(W_(w^2)))	psi(W_(w^2)^2+W_(w^2)*psi_W_(w+1)(W_(w^2)))	
1515	(0,0,0)(1,1,1)(2,1,1)(2,1,0)(1,1,1)(2,1,1)(2,1,0)(1,1,1)(2,1,0)(3,2,1)(4,2,1)(4,2,0)(3,2,1)(4,2,1)(4,2,0)	psi(W_(w^2)^2+W_(w^2)*W_(w+1)))	psi(W_(w^2)^2+W_(w^2)*W_(w+1))	paren-1
1516	(0,0,0)(1,1,1)(2,1,1)(2,1,0)(1,1,1)(2,1,1)(2,1,0)(1,1,1)(2,1,0)(3,2,1)(4,2,1)(4,2,0)(3,2,1)(4,2,1)(4,2,0)(3,2,0)(4,3,1)(5,3,1)(5,3,0)(4,3,1)(5,3,1)(5,3,0)	psi(W_(w^2)^2+W_(w^2)*W_(w+2))	psi(W_(w^2)^2+W_(w^2)*W_(w+2))	
1517	(0,0,0)(1,1,1)(2,1,1)(2,1,0)(1,1,1)(2,1,1)(2,1,0)(1,1,1)(2,1,0)(3,2,1)(4,2,1)(4,2,0)(3,2,1)(4,2,1)(4,2,0)(3,2,1)	psi(W_(w^2)^2+W_(w^2)*W_(w2))	psi(W_(w^2)^2+W_(w^2)*W_(w2))	
1518	(0,0,0)(1,1,1)(2,1,1)(2,1,0)(1,1,1)(2,1,1)(2,1,0)(1,1,1)(2,1,0)(3,2,1)(4,2,1)(4,2,0)(3,2,1)(4,2,1)(4,2,0)(3,2,1)(4,2,0)(5,3,1)(6,3,1)(6,3,0)(5,3,1)(6,3,1)(6,3,0)	psi(W_(w^2)^2+W_(w^2)*W_(w2+1))	psi(W_(w^2)^2+W_(w^2)*W_(w2+1))	
1519	(0,0,0)(1,1,1)(2,1,1)(2,1,0)(1,1,1)(2,1,1)(2,1,0)(1,1,1)(2,1,0)(3,2,1)(4,2,1)(4,2,0)(3,2,1)(4,2,1)(4,2,0)(3,2,1)(4,2,0)(5,3,1)(6,3,1)(6,3,0)(5,3,1)(6,3,1)(6,3,0)(5,3,1)	psi(W_(w^2)^2+W_(w^2)*W_(w3))	psi(W_(w^2)^2+W_(w^2)*W_(w3))	
1520	(0,0,0)(1,1,1)(2,1,1)(2,1,0)(1,1,1)(2,1,1)(2,1,0)(1,1,1)(2,1,1)	psi(W_(w^2)^2*2)	psi(W_(w^2)^2*2)	
1521	(0,0,0)(1,1,1)(2,1,1)(2,1,0)(1,1,1)(2,1,1)(2,1,0)(1,1,1)(2,1,1)(1,1,1)(2,1,1)	psi(W_(w^2)^2*2+W_(w^2))	psi(W_(w^2)^2*2+W_(w^2))	
1522	(0,0,0)(1,1,1)(2,1,1)(2,1,0)(1,1,1)(2,1,1)(2,1,0)(1,1,1)(2,1,1)(2,1,0)	psi(W_(w^2)^2*2+W_(w^2)*W)	psi(W_(w^2)^2*2+W_(w^2)*W)	
1523	(0,0,0)(1,1,1)(2,1,1)(2,1,0)(1,1,1)(2,1,1)(2,1,0)(1,1,1)(2,1,1)(2,1,0)(1,1,1)	psi(W_(w^2)^2*2+W_(w^2)*W_w)	psi(W_(w^2)^2*2+W_(w^2)*W_w)	
1524	(0,0,0)(1,1,1)(2,1,1)(2,1,0)(1,1,1)(2,1,1)(2,1,0)(1,1,1)(2,1,1)(2,1,0)(1,1,1)(2,1,1)	psi(W_(w^2)^2*3)	psi(W_(w^2)^2*3)	
1525	(0,0,0)(1,1,1)(2,1,1)(2,1,0)(2,0,0)	psi(W_(w^2)^2*w)	psi(W_(w^2)^2*w)	
1526	(0,0,0)(1,1,1)(2,1,1)(2,1,0)(2,1,0)	psi(W_(w^2)^2*W)	psi(W_(w^2)^2*W)	
1527	(0,0,0)(1,1,1)(2,1,1)(2,1,0)(2,1,0)(1,1,0)(2,2,1)(3,2,1)(3,2,0)(3,2,0)	psi(W_(w^2)^2*W_2)	psi(W_(w^2)^2*W_2)	
1528	(0,0,0)(1,1,1)(2,1,1)(2,1,0)(2,1,0)(1,1,1)	psi(W_(w^2)^2*W_w)	psi(W_(w^2)^2*W_w)	
1529	(0,0,0)(1,1,1)(2,1,1)(2,1,0)(2,1,0)(1,1,1)(2,1,0)(3,2,1)(4,2,1)	psi(W_(w^2)^2*W_w+psi_W_(w+1)(W_(w^2)))	psi(W_(w^2)^2*W_w+psi_W_(w+1)(W_(w^2)))	
1530	(0,0,0)(1,1,1)(2,1,1)(2,1,0)(2,1,0)(1,1,1)(2,1,0)(3,2,1)(4,2,1)(4,2,0)(3,2,1)(4,2,1)	psi(W_(w^2)^2*W_w+psi_W_(w+1)(W_(w^2)^2))	psi(W_(w^2)^2*W_w+psi_W_(w+1)(W_(w^2)^2))	
1531	(0,0,0)(1,1,1)(2,1,1)(2,1,0)(2,1,0)(1,1,1)(2,1,0)(3,2,1)(4,2,1)(4,2,0)(4,1,0)	psi(W_(w^2)^2*W_w+psi_W_(w+1)(W_(w^2)^2*W))	psi(W_(w^2)^2*W_w+psi_W_(w+1)(W_(w^2)^2*W))	
1532	(0,0,0)(1,1,1)(2,1,1)(2,1,0)(2,1,0)(1,1,1)(2,1,0)(3,2,1)(4,2,1)(4,2,0)(4,1,0)(1,1,1)	psi(W_(w^2)^2*W_w+psi_W_(w+1)(W_(w^2)*W_w))	psi(W_(w^2)^2*W_w+psi_W_(w+1)(W_(w^2)*W_w))	
1533	(0,0,0)(1,1,1)(2,1,1)(2,1,0)(2,1,0)(1,1,1)(2,1,0)(3,2,1)(4,2,1)(4,2,0)(4,1,0)(3,2,0)	psi(W_(w^2)^2*W_w+W_(w+1))	psi(W_(w^2)^2*W_w+W_(w+1))	
1534	(0,0,0)(1,1,1)(2,1,1)(2,1,0)(2,1,0)(1,1,1)(2,1,0)(3,2,1)(4,2,1)(4,2,0)(4,1,0)(3,2,1)	psi(W_(w^2)^2*W_w+W_(w2))	psi(W_(w^2)^2*W_w+W_(w2))	
1535	(0,0,0)(1,1,1)(2,1,1)(2,1,0)(2,1,0)(1,1,1)(2,1,0)(3,2,1)(4,2,1)(4,2,0)(4,1,0)(3,2,1)(4,2,1)	psi(W_(w^2)^2*W_w+W_(w^2))	psi(W_(w^2)^2*W_w+W_(w^2))	
1536	(0,0,0)(1,1,1)(2,1,1)(2,1,0)(2,1,0)(1,1,1)(2,1,0)(3,2,1)(4,2,1)(4,2,0)(4,1,0)(3,2,1)(4,2,1)(4,2,0)(3,2,1)(4,2,1)	psi(W_(w^2)^2*W_w+W_(w^2)^2)	psi(W_(w^2)^2*W_w+W_(w^2)^2)	
1537	(0,0,0)(1,1,1)(2,1,1)(2,1,0)(2,1,0)(1,1,1)(2,1,0)(3,2,1)(4,2,1)(4,2,0)(4,1,0)(3,2,1)(4,2,1)(4,2,0)(4,1,0)(1,1,1)	psi(W_(w^2)^2*W_w*2)	psi(W_(w^2)^2*W_w*2)	
1538	(0,0,0)(1,1,1)(2,1,1)(2,1,0)(2,1,0)(1,1,1)(2,1,0)(3,2,1)(4,2,1)(4,2,0)(4,1,0)(4,1,0)(1,1,1)	psi(W_(w^2)^2*W_w^2)	psi(W_(w^2)^2*W_w^2)	
1539	(0,0,0)(1,1,1)(2,1,1)(2,1,0)(2,1,0)(1,1,1)(2,1,0)(3,2,1)(4,2,1)(4,2,0)(4,1,0)(5,2,0)	psi(W_(w^2)^2*psi_W_(w+1)(W_(w+1)))	psi(W_(w^2)^2*psi_W_(w+1)(W_(w+1)))	
1540	(0,0,0)(1,1,1)(2,1,1)(2,1,0)(2,1,0)(1,1,1)(2,1,0)(3,2,1)(4,2,1)(4,2,0)(4,1,0)(5,2,1)(6,2,1)	psi(W_(w^2)^2*psi_W_(w+1)(W_(w^2)))	psi(W_(w^2)^2*psi_W_(w+1)(W_(w^2)))	
1541	(0,0,0)(1,1,1)(2,1,1)(2,1,0)(2,1,0)(1,1,1)(2,1,0)(3,2,1)(4,2,1)(4,2,0)(4,2,0)	psi(W_(w^2)^2*W_(w+1))	psi(W_(w^2)^2*W_(w+1))	
1542	(0,0,0)(1,1,1)(2,1,1)(2,1,0)(2,1,0)(1,1,1)(2,1,0)(3,2,1)(4,2,1)(4,2,0)(4,2,0)(3,2,0)	psi(W_(w^2)^2*W_(w+1)+W_(w+1))	psi(W_(w^2)^2*W_(w+1)+W_(w+1))	
1543	(0,0,0)(1,1,1)(2,1,1)(2,1,0)(2,1,0)(1,1,1)(2,1,0)(3,2,1)(4,2,1)(4,2,0)(4,2,0)(3,2,0)(4,3,1)(5,3,1)	psi(W_(w^2)^2*W_(w+1)+psi_W_(w+2)(W_(w^2)))	psi(W_(w^2)^2*W_(w+1)+psi_W_(w+2)(W_(w^2)))	
1544	(0,0,0)(1,1,1)(2,1,1)(2,1,0)(2,1,0)(1,1,1)(2,1,0)(3,2,1)(4,2,1)(4,2,0)(4,2,0)(3,2,0)(4,3,1)(5,3,1)(5,3,0)(5,2,0)	psi(W_(w^2)^2*W_(w+1)+psi_W_(w+2)(W_(w^2)^2*W_(w+1)))	psi(W_(w^2)^2*W_(w+1)+psi_W_(w+2)(W_(w^2)^2*W_(w+1)))	
1545	(0,0,0)(1,1,1)(2,1,1)(2,1,0)(2,1,0)(1,1,1)(2,1,0)(3,2,1)(4,2,1)(4,2,0)(4,2,0)(3,2,0)(4,3,1)(5,3,1)(5,3,0)(5,2,0)(5,2,0)	psi(W_(w^2)^2*W_(w+1)^2)	psi(W_(w^2)^2*W_(w+1)^2)	
1546	(0,0,0)(1,1,1)(2,1,1)(2,1,0)(2,1,0)(1,1,1)(2,1,0)(3,2,1)(4,2,1)(4,2,0)(4,2,0)(3,2,0)(4,3,1)(5,3,1)(5,3,0)(5,3,0)	psi(W_(w^2)^2*W_(w+2))	psi(W_(w^2)^2*W_(w+2))	
1547	(0,0,0)(1,1,1)(2,1,1)(2,1,0)(2,1,0)(1,1,1)(2,1,0)(3,2,1)(4,2,1)(4,2,0)(4,2,0)(3,2,0)(4,3,1)(5,3,1)(5,3,0)(5,3,0)(4,3,0)(5,4,1)(6,4,1)(6,4,0)(6,4,0)	psi(W_(w^2)^2*W_(w+3))	psi(W_(w^2)^2*W_(w+3))	
1548	(0,0,0)(1,1,1)(2,1,1)(2,1,0)(2,1,0)(1,1,1)(2,1,0)(3,2,1)(4,2,1)(4,2,0)(4,2,0)(3,2,1)	psi(W_(w^2)^2*W_(w2))	psi(W_(w^2)^2*W_(w2))	
1549	(0,0,0)(1,1,1)(2,1,1)(2,1,0)(2,1,0)(1,1,1)(2,1,0)(3,2,1)(4,2,1)(4,2,0)(4,2,0)(3,2,1)(4,2,0)(5,3,1)(6,3,1)(6,3,0)(6,3,0)	psi(W_(w^2)^2*W_(w2+1))	psi(W_(w^2)^2*W_(w2+1))	
1550	(0,0,0)(1,1,1)(2,1,1)(2,1,0)(2,1,0)(1,1,1)(2,1,0)(3,2,1)(4,2,1)(4,2,0)(4,2,0)(3,2,1)(4,2,0)(5,3,1)(6,3,1)(6,3,0)(6,3,0)(5,3,1)	psi(W_(w^2)^2*W_(w3))	psi(W_(w^2)^2*W_(w3))	
1551	(0,0,0)(1,1,1)(2,1,1)(2,1,0)(2,1,0)(1,1,1)(2,1,1)	psi(W_(w^2)^3)	psi(W_(w^2)^3)	
1552	(0,0,0)(1,1,1)(2,1,1)(2,1,0)(2,1,0)(1,1,1)(2,1,1)(1,1,1)	psi(W_(w^2)^3+W_w)	psi(W_(w^2)^3+W_w)	
1553	(0,0,0)(1,1,1)(2,1,1)(2,1,0)(2,1,0)(1,1,1)(2,1,1)(1,1,1)(2,1,0)(3,2,1)(4,2,1)(4,2,0)(4,2,0)(3,2,1)(4,2,0)(3,2,1)	psi(W_(w^2)^3+W_(w2))	psi(W_(w^2)^3+W_(w2))	
1554	(0,0,0)(1,1,1)(2,1,1)(2,1,0)(2,1,0)(1,1,1)(2,1,1)(1,1,1)(2,1,1)	psi(W_(w^2)^3+W_(w^2))	psi(W_(w^2)^3+W_(w^2))	
1555	(0,0,0)(1,1,1)(2,1,1)(2,1,0)(2,1,0)(1,1,1)(2,1,1)(2,1,0)	psi(W_(w^2)^3+W_(w^2)*W)	psi(W_(w^2)^3+W_(w^2)*W)	
1556	(0,0,0)(1,1,1)(2,1,1)(2,1,0)(2,1,0)(1,1,1)(2,1,1)(2,1,0)(1,1,1)	psi(W_(w^2)^3+W_(w^2)*W_w)	psi(W_(w^2)^3+W_(w^2)*W_w)	
1557	(0,0,0)(1,1,1)(2,1,1)(2,1,0)(2,1,0)(1,1,1)(2,1,1)(2,1,0)(1,1,1)(2,1,1)	psi(W_(w^2)^3+W_(w^2)^2)	psi(W_(w^2)^3+W_(w^2)^2)	
1558	(0,0,0)(1,1,1)(2,1,1)(2,1,0)(2,1,0)(1,1,1)(2,1,1)(2,1,0)(2,1,0)	psi(W_(w^2)^3+W_(w^2)^2*W)	psi(W_(w^2)^3+W_(w^2)^2*W)	
1559	(0,0,0)(1,1,1)(2,1,1)(2,1,0)(2,1,0)(1,1,1)(2,1,1)(2,1,0)(2,1,0)(1,1,1)	psi(W_(w^2)^3+W_(w^2)^2*W_w)	psi(W_(w^2)^3+W_(w^2)^2*W_w)	
1560	(0,0,0)(1,1,1)(2,1,1)(2,1,0)(2,1,0)(1,1,1)(2,1,1)(2,1,0)(2,1,0)(1,1,1)(2,1,1)	psi(W_(w^2)^3*2)	psi(W_(w^2)^3*2)	
1561	(0,0,0)(1,1,1)(2,1,1)(2,1,0)(2,1,0)(1,1,1)(2,1,1)(2,1,0)(2,1,0)(1,1,1)(2,1,1)(2,1,0)(2,1,0)(1,1,1)(2,1,1)	psi(W_(w^2)^3*3)	psi(W_(w^2)^3*3)	
1562	(0,0,0)(1,1,1)(2,1,1)(2,1,0)(2,1,0)(2,0,0)	psi(W_(w^2)^3*w)	psi(W_(w^2)^3*w)	
1563	(0,0,0)(1,1,1)(2,1,1)(2,1,0)(2,1,0)(2,1,0)	psi(W_(w^2)^3*W)	psi(W_(w^2)^3*W)	
1564	(0,0,0)(1,1,1)(2,1,1)(2,1,0)(2,1,0)(2,1,0)(1,1,0)(2,2,1)(3,2,1)(3,2,0)(3,2,0)(3,2,0)	psi(W_(w^2)^3*W_2)	psi(W_(w^2)^3*W_2)	
1565	(0,0,0)(1,1,1)(2,1,1)(2,1,0)(2,1,0)(2,1,0)(1,1,1)	psi(W_(w^2)^3*W_w)	psi(W_(w^2)^3*W_w)	
1566	(0,0,0)(1,1,1)(2,1,1)(2,1,0)(2,1,0)(2,1,0)(1,1,1)(2,1,0)(3,2,1)(4,2,1)(4,2,0)(4,2,0)(4,2,0)	psi(W_(w^2)^3*W_(w+1))	psi(W_(w^2)^3*W_(w+1))	
1567	(0,0,0)(1,1,1)(2,1,1)(2,1,0)(2,1,0)(2,1,0)(1,1,1)(2,1,0)(3,2,1)(4,2,1)(4,2,0)(4,2,0)(4,2,0)(3,2,1)	psi(W_(w^2)^3*W_(w2))	psi(W_(w^2)^3*W_(w2))	
1568	(0,0,0)(1,1,1)(2,1,1)(2,1,0)(2,1,0)(2,1,0)(1,1,1)(2,1,1)	psi(W_(w^2)^4)	psi(W_(w^2)^4)	
1569	(0,0,0)(1,1,1)(2,1,1)(2,1,0)(2,1,0)(2,1,0)(1,1,1)(2,1,1)(1,1,1)(2,1,1)	psi(W_(w^2)^4+W_(w^2))	psi(W_(w^2)^4+W_(w^2))	
1570	(0,0,0)(1,1,1)(2,1,1)(2,1,0)(2,1,0)(2,1,0)(1,1,1)(2,1,1)(2,1,0)(1,1,1)(2,1,1)	psi(W_(w^2)^4+W_(w^2)^2)	psi(W_(w^2)^4+W_(w^2)^2)	
1571	(0,0,0)(1,1,1)(2,1,1)(2,1,0)(2,1,0)(2,1,0)(1,1,1)(2,1,1)(2,1,0)(2,1,0)(1,1,1)(2,1,1)	psi(W_(w^2)^4+W_(w^2)^3)	psi(W_(w^2)^4+W_(w^2)^3)	
1572	(0,0,0)(1,1,1)(2,1,1)(2,1,0)(2,1,0)(2,1,0)(1,1,1)(2,1,1)(2,1,0)(2,1,0)(2,1,0)(1,1,1)(2,1,1)	psi(W_(w^2)^4*2)	psi(W_(w^2)^4*2)	
1573	(0,0,0)(1,1,1)(2,1,1)(2,1,0)(2,1,0)(2,1,0)(2,1,0)	psi(W_(w^2)^4*W)	psi(W_(w^2)^4*W)	
1574	(0,0,0)(1,1,1)(2,1,1)(2,1,0)(2,1,0)(2,1,0)(2,1,0)(1,1,1)	psi(W_(w^2)^4*W_w)	psi(W_(w^2)^4*W_w)	
1575	(0,0,0)(1,1,1)(2,1,1)(2,1,0)(2,1,0)(2,1,0)(2,1,0)(1,1,1)(2,1,1)	psi(W_(w^2)^5)	psi(W_(w^2)^5)	
1576	(0,0,0)(1,1,1)(2,1,1)(2,1,0)(2,1,0)(2,1,0)(2,1,0)(2,1,0)(1,1,1)(2,1,1)	psi(W_(w^2)^6)	psi(W_(w^2)^6)	
1577	(0,0,0)(1,1,1)(2,1,1)(2,1,0)(3,0,0)	psi(W_(w^2)^w)	psi(W_(w^2)^w)	
1578	(0,0,0)(1,1,1)(2,1,1)(2,1,0)(3,0,0)(2,1,0)	psi(W_(w^2)^w*W)	psi(W_(w^2)^w*W)	
1579	(0,0,0)(1,1,1)(2,1,1)(2,1,0)(3,0,0)(2,1,0)(1,1,1)(2,1,1)	psi(W_(w^2)^(w+1))	psi(W_(w^2)^(w+1))	
1580	(0,0,0)(1,1,1)(2,1,1)(2,1,0)(3,0,0)(2,1,0)(3,0,0)	psi(W_(w^2)^(w2))	psi(W_(w^2)^(w2))	
1581	(0,0,0)(1,1,1)(2,1,1)(2,1,0)(3,0,0)(3,0,0)	psi(W_(w^2)^w^2)	psi(W_(w^2)^w^2)	
1582	(0,0,0)(1,1,1)(2,1,1)(2,1,0)(3,0,0)(4,1,1)	psi(W_(w^2)^psi(W_w))	psi(W_(w^2)^psi(W_w))	
1583	(0,0,0)(1,1,1)(2,1,1)(2,1,0)(3,1,0)	psi(W_(w^2)^W)	psi(W_(w^2)^W)	
1584	(0,0,0)(1,1,1)(2,1,1)(2,1,0)(3,1,0)(1,1,0)(2,2,1)(3,2,1)(3,2,0)(4,1,0)	psi(W_(w^2)^W+psi_1(W_(w^2)^W))	psi(W_(w^2)^W+psi_1(W_(w^2)^W))	
1585	(0,0,0)(1,1,1)(2,1,1)(2,1,0)(3,1,0)(1,1,0)(2,2,1)(3,2,1)(3,2,0)(4,1,0)(2,2,1)(3,2,1)	psi(W_(w^2)^W+W_(w^2))	psi(W_(w^2)^W+W_(w^2))	
1586	(0,0,0)(1,1,1)(2,1,1)(2,1,0)(3,1,0)(1,1,0)(2,2,1)(3,2,1)(3,2,0)(4,1,0)(2,2,1)(3,2,1)(3,2,0)(4,1,0)	psi(W_(w^2)^W*2)	psi(W_(w^2)^W*2)	
1587	(0,0,0)(1,1,1)(2,1,1)(2,1,0)(3,1,0)(1,1,0)(2,2,1)(3,2,1)(3,2,0)(4,1,0)(3,1,0)	psi(W_(w^2)^W*W)	psi(W_(w^2)^W*W)	
1588	(0,0,0)(1,1,1)(2,1,1)(2,1,0)(3,1,0)(1,1,0)(2,2,1)(3,2,1)(3,2,0)(4,1,0)(3,2,0)(2,2,1)(3,2,1)	psi(W_(w^2)^(W+1))	psi(W_(w^2)^(W+1))	
1589	(0,0,0)(1,1,1)(2,1,1)(2,1,0)(3,1,0)(1,1,0)(2,2,1)(3,2,1)(3,2,0)(4,1,0)(3,2,0)(4,1,0)	psi(W_(w^2)^(W2))	psi(W_(w^2)^(W2))	
1590	(0,0,0)(1,1,1)(2,1,1)(2,1,0)(3,1,0)(1,1,0)(2,2,1)(3,2,1)(3,2,0)(4,1,0)(4,1,0)	psi(W_(w^2)^W^2)	psi(W_(w^2)^W^2)	
1591	(0,0,0)(1,1,1)(2,1,1)(2,1,0)(3,1,0)(1,1,0)(2,2,1)(3,2,1)(3,2,0)(4,2,0)	psi(W_(w^2)^W_2)	psi(W_(w^2)^W_2)	
1592	(0,0,0)(1,1,1)(2,1,1)(2,1,0)(3,1,0)(1,1,0)(2,2,1)(3,2,1)(3,2,0)(4,2,0)(2,2,0)(3,3,1)(4,3,1)(4,3,0)(5,3,0)	psi(W_(w^2)^W_3)	psi(W_(w^2)^W_3)	
1593	(0,0,0)(1,1,1)(2,1,1)(2,1,0)(3,1,0)(1,1,1)	psi(W_(w^2)^W_w)	psi(W_(w^2)^W_w)	
1594	(0,0,0)(1,1,1)(2,1,1)(2,1,0)(3,1,0)(1,1,1)(2,1,0)(3,2,1)(4,2,1)(4,2,0)(5,1,0)(1,1,1)	psi(W_(w^2)^W_w+psi_W_(w+1)(W_(w^2)^W_w))	psi(W_(w^2)^W_w+psi_W_(w+1)(W_(w^2)^W_w))	
1595	(0,0,0)(1,1,1)(2,1,1)(2,1,0)(3,1,0)(1,1,1)(2,1,0)(3,2,1)(4,2,1)(4,2,0)(5,1,0)(3,2,0)	psi(W_(w^2)^W_w+W_(w+1))	psi(W_(w^2)^W_w+W_(w+1))	
1596	(0,0,0)(1,1,1)(2,1,1)(2,1,0)(3,1,0)(1,1,1)(2,1,0)(3,2,1)(4,2,1)(4,2,0)(5,1,0)(3,2,1)	psi(W_(w^2)^W_w+W_(w2))	psi(W_(w^2)^W_w+W_(w2))	
1597	(0,0,0)(1,1,1)(2,1,1)(2,1,0)(3,1,0)(1,1,1)(2,1,0)(3,2,1)(4,2,1)(4,2,0)(5,1,0)(3,2,1)(4,2,1)	psi(W_(w^2)^W_w+W_(w^2))	psi(W_(w^2)^W_w+W_(w^2))	
1598	(0,0,0)(1,1,1)(2,1,1)(2,1,0)(3,1,0)(1,1,1)(2,1,0)(3,2,1)(4,2,1)(4,2,0)(5,1,0)(3,2,1)(4,2,1)(4,2,0)(5,1,0)	psi(W_(w^2)^W_w+W_(w^2)^W)	psi(W_(w^2)^W_w+W_(w^2)^W)	
1599	(0,0,0)(1,1,1)(2,1,1)(2,1,0)(3,1,0)(1,1,1)(2,1,0)(3,2,1)(4,2,1)(4,2,0)(5,1,0)(3,2,1)(4,2,1)(4,2,0)(5,1,0)(1,1,1)	psi(W_(w^2)^W_w*2)	psi(W_(w^2)^W_w*2)	
1600	(0,0,0)(1,1,1)(2,1,1)(2,1,0)(3,1,0)(1,1,1)(2,1,0)(3,2,1)(4,2,1)(4,2,0)(5,1,0)(4,2,0)	psi(W_(w^2)^W_w*W_2)	psi(W_(w^2)^W_w*W_2)	
1601	(0,0,0)(1,1,1)(2,1,1)(2,1,0)(3,1,0)(1,1,1)(2,1,0)(3,2,1)(4,2,1)(4,2,0)(5,1,0)(4,2,0)(3,2,1)	psi(W_(w^2)^W_w*W_w)	psi(W_(w^2)^W_w*W_w)	
1602	(0,0,0)(1,1,1)(2,1,1)(2,1,0)(3,1,0)(1,1,1)(2,1,0)(3,2,1)(4,2,1)(4,2,0)(5,1,0)(4,2,0)(3,2,1)(4,2,1)	psi(W_(w^2)^(W_w+1))	psi(W_(w^2)^(W_w+1))	
1603	(0,0,0)(1,1,1)(2,1,1)(2,1,0)(3,1,0)(1,1,1)(2,1,0)(3,2,1)(4,2,1)(4,2,0)(5,1,0)(4,2,0)(5,1,0)	psi(W_(w^2)^(W_w+W))	psi(W_(w^2)^(W_w+W))	
1604	(0,0,0)(1,1,1)(2,1,1)(2,1,0)(3,1,0)(1,1,1)(2,1,0)(3,2,1)(4,2,1)(4,2,0)(5,1,0)(4,2,0)(5,1,0)(1,1,1)	psi(W_(w^2)^(W_w*2))	psi(W_(w^2)^(W_w*2))	
1605	(0,0,0)(1,1,1)(2,1,1)(2,1,0)(3,1,0)(1,1,1)(2,1,0)(3,2,1)(4,2,1)(4,2,0)(5,1,0)(5,1,0)(1,1,1)	psi(W_(w^2)^W_w^2)	psi(W_(w^2)^W_w^2)	
1606	(0,0,0)(1,1,1)(2,1,1)(2,1,0)(3,1,0)(1,1,1)(2,1,0)(3,2,1)(4,2,1)(4,2,0)(5,1,0)(6,2,1)(7,2,1)	psi(W_(w^2)^psi_W_(w+1)(W_(w^2)))	psi(W_(w^2)^psi_W_(w+1)(W_(w^2)))	
1607	(0,0,0)(1,1,1)(2,1,1)(2,1,0)(3,1,0)(1,1,1)(2,1,0)(3,2,1)(4,2,1)(4,2,0)(5,2,0)	psi(W_(w^2)^W_(w+1))	psi(W_(w^2)^W_(w+1))	
1608	(0,0,0)(1,1,1)(2,1,1)(2,1,0)(3,1,0)(1,1,1)(2,1,0)(3,2,1)(4,2,1)(4,2,0)(5,2,0)(3,2,0)(4,3,1)(5,3,1)(5,3,0)(6,2,0)	psi(W_(w^2)^W_(w+1)+psi_W_(w+2)(W_(w^2)^W_(w+1)))	psi(W_(w^2)^W_(w+1)+psi_W_(w+2)(W_(w^2)^W_(w+1)))	
1609	(0,0,0)(1,1,1)(2,1,1)(2,1,0)(3,1,0)(1,1,1)(2,1,0)(3,2,1)(4,2,1)(4,2,0)(5,2,0)(3,2,0)(4,3,1)(5,3,1)(5,3,0)(6,2,0)(5,2,0)(4,3,1)(5,3,1)	psi(W_(w^2)^(W_(w+1)+1))	psi(W_(w^2)^(W_(w+1)+1))	
1610	(0,0,0)(1,1,1)(2,1,1)(2,1,0)(3,1,0)(1,1,1)(2,1,0)(3,2,1)(4,2,1)(4,2,0)(5,2,0)(3,2,0)(4,3,1)(5,3,1)(5,3,0)(6,3,0)(6,2,0)	psi(W_(w^2)^W_(w+1)^2)	psi(W_(w^2)^W_(w+1)^2)	
1611	(0,0,0)(1,1,1)(2,1,1)(2,1,0)(3,1,0)(1,1,1)(2,1,0)(3,2,1)(4,2,1)(4,2,0)(5,2,0)(3,2,0)(4,3,1)(5,3,1)(6,3,0)(6,3,0)	psi(W_(w^2)^W_(w+2))	psi(W_(w^2)^W_(w+2))	
1612	(0,0,0)(1,1,1)(2,1,1)(2,1,0)(3,1,0)(1,1,1)(2,1,0)(3,2,1)(4,2,1)(4,2,0)(5,2,0)(3,2,1)	psi(W_(w^2)^W_(w2))	psi(W_(w^2)^W_(w2))	
1613	(0,0,0)(1,1,1)(2,1,1)(2,1,0)(3,1,0)(1,1,1)(2,1,0)(3,2,1)(4,2,1)(4,2,0)(5,2,0)(3,2,1)(4,2,0)(5,3,1)(6,3,1)(6,3,0)(7,3,0)	psi(W_(w^2)^W_(w2+1))	psi(W_(w^2)^W_(w2+1))	
1614	(0,0,0)(1,1,1)(2,1,1)(2,1,0)(3,1,0)(1,1,1)(2,1,0)(3,2,1)(4,2,1)(4,2,0)(5,2,0)(3,2,1)(4,2,0)(5,3,1)(6,3,1)(6,3,0)(7,3,0)(5,3,1)	psi(W_(w^2)^W_(w3))	psi(W_(w^2)^W_(w3))	
1615	(0,0,0)(1,1,1)(2,1,1)(2,1,0)(3,1,0)(1,1,1)(2,1,1)	psi(W_(w^2)^W_(w^2))	psi(W_(w^2)^W_(w^2))	
1616	(0,0,0)(1,1,1)(2,1,1)(2,1,0)(3,1,0)(1,1,1)(2,1,1)(1,1,1)	psi(W_(w^2)^W_(w^2)+W_w)	psi(W_(w^2)^W_(w^2)+W_w)	
1617	(0,0,0)(1,1,1)(2,1,1)(2,1,0)(3,1,0)(1,1,1)(2,1,1)(1,1,1)(2,1,1)	psi(W_(w^2)^W_(w^2)+W_(w^2))	psi(W_(w^2)^W_(w^2)+W_(w^2))	
1618	(0,0,0)(1,1,1)(2,1,1)(2,1,0)(3,1,0)(1,1,1)(2,1,1)(2,1,0)	psi(W_(w^2)^W_(w^2)+W_(w^2)*W)	psi(W_(w^2)^W_(w^2)+W_(w^2)*W)	
1619	(0,0,0)(1,1,1)(2,1,1)(2,1,0)(3,1,0)(1,1,1)(2,1,1)(2,1,0)(1,1,1)(2,1,1)	psi(W_(w^2)^W_(w^2)+W_(w^2)^2)	psi(W_(w^2)^W_(w^2)+W_(w^2)^2)	
1620	(0,0,0)(1,1,1)(2,1,1)(2,1,0)(3,1,0)(1,1,1)(2,1,1)(2,1,0)(3,0,0)	psi(W_(w^2)^W_(w^2)+W_(w^2)^w)	psi(W_(w^2)^W_(w^2)+W_(w^2)^w)	
1621	(0,0,0)(1,1,1)(2,1,1)(2,1,0)(3,1,0)(1,1,1)(2,1,1)(2,1,0)(3,1,0)	psi(W_(w^2)^W_(w^2)+W_(w^2)^W)	psi(W_(w^2)^W_(w^2)+W_(w^2)^W)	
1622	(0,0,0)(1,1,1)(2,1,1)(2,1,0)(3,1,0)(1,1,1)(2,1,1)(2,1,0)(3,1,0)(1,1,1)	psi(W_(w^2)^W_(w^2)+W_(w^2)^W_w)	psi(W_(w^2)^W_(w^2)+W_(w^2)^W_w)	
1623	(0,0,0)(1,1,1)(2,1,1)(2,1,0)(3,1,0)(1,1,1)(2,1,1)(2,1,0)(3,1,0)(1,1,1)(2,1,1)	psi(W_(w^2)^W_(w^2)*2)	psi(W_(w^2)^W_(w^2)*2)	
1624	(0,0,0)(1,1,1)(2,1,1)(2,1,0)(3,1,0)(2,1,0)	psi(W_(w^2)^W_(w^2)*W)	psi(W_(w^2)^W_(w^2)*W)	
1625	(0,0,0)(1,1,1)(2,1,1)(2,1,0)(3,1,0)(2,1,0)(1,1,1)	psi(W_(w^2)^W_(w^2)*W_w)	psi(W_(w^2)^W_(w^2)*W_w)	
1626	(0,0,0)(1,1,1)(2,1,1)(2,1,0)(3,1,0)(2,1,0)(1,1,1)(2,1,1)	psi(W_(w^2)^(W_(w^2)+1))	psi(W_(w^2)^(W_(w^2)+1))	
1627	(0,0,0)(1,1,1)(2,1,1)(2,1,0)(3,1,0)(2,1,0)(2,1,0)(1,1,1)(2,1,1)	psi(W_(w^2)^(W_(w^2)+2))	psi(W_(w^2)^(W_(w^2)+2))	
1628	(0,0,0)(1,1,1)(2,1,1)(2,1,0)(3,1,0)(2,1,0)(3,0,0)	psi(W_(w^2)^(W_(w^2)+w))	psi(W_(w^2)^(W_(w^2)+w))	
1629	(0,0,0)(1,1,1)(2,1,1)(2,1,0)(3,1,0)(2,1,0)(3,1,0)	psi(W_(w^2)^(W_(w^2)+W))	psi(W_(w^2)^(W_(w^2)+W))	
1630	(0,0,0)(1,1,1)(2,1,1)(2,1,0)(3,1,0)(2,1,0)(3,1,0)(1,1,1)	psi(W_(w^2)^(W_(w^2)+W_w))	psi(W_(w^2)^(W_(w^2)+W_w))	
1631	(0,0,0)(1,1,1)(2,1,1)(2,1,0)(3,1,0)(2,1,0)(3,1,0)(1,1,1)(2,1,1)	psi(W_(w^2)^(W_(w^2)*2))	psi(W_(w^2)^(W_(w^2)*2))	
1632	(0,0,0)(1,1,1)(2,1,1)(2,1,0)(3,1,0)(2,1,0)(3,1,0)(2,1,0)(1,1,1)(2,1,1)	psi(W_(w^2)^(W_(w^2)*2+1))	psi(W_(w^2)^(W_(w^2)*2+1))	
1633	(0,0,0)(1,1,1)(2,1,1)(2,1,0)(3,1,0)(2,1,0)(3,1,0)(2,1,0)(3,1,0)(1,1,1)(2,1,1)	psi(W_(w^2)^(W_(w^2)*3))	psi(W_(w^2)^(W_(w^2)*3))	
1634	(0,0,0)(1,1,1)(2,1,1)(2,1,0)(3,1,0)(3,0,0)	psi(W_(w^2)^(W_(w^2)*w))	psi(W_(w^2)^(W_(w^2)*w))	
1635	(0,0,0)(1,1,1)(2,1,1)(2,1,0)(3,1,0)(3,1,0)	psi(W_(w^2)^(W_(w^2)*W))	psi(W_(w^2)^(W_(w^2)*W))	
1636	(0,0,0)(1,1,1)(2,1,1)(2,1,0)(3,1,0)(3,1,0)(1,1,1)	psi(W_(w^2)^(W_(w^2)*W_w))	psi(W_(w^2)^(W_(w^2)*W_w))	
1637	(0,0,0)(1,1,1)(2,1,1)(2,1,0)(3,1,0)(3,1,0)(1,1,1)(2,1,1)	psi(W_(w^2)^W_(w^2)^2)	psi(W_(w^2)^W_(w^2)^2)	
1638	(0,0,0)(1,1,1)(2,1,1)(2,1,0)(3,1,0)(3,1,0)(2,1,0)(1,1,1)(2,1,1)	psi(W_(w^2)^(W_(w^2)^2+1))	psi(W_(w^2)^(W_(w^2)^2+1))	
1639	(0,0,0)(1,1,1)(2,1,1)(2,1,0)(3,1,0)(3,1,0)(2,1,0)(3,1,0)(3,1,0)(1,1,1)(2,1,1)	psi(W_(w^2)^(W_(w^2)^2*2))	psi(W_(w^2)^(W_(w^2)^2*2))	
1640	(0,0,0)(1,1,1)(2,1,1)(2,1,0)(3,1,0)(3,1,0)(3,1,0)(1,1,1)(2,1,1)	psi(W_(w^2)^W_(w^2)^3)	psi(W_(w^2)^W_(w^2)^3)	
1641	(0,0,0)(1,1,1)(2,1,1)(2,1,0)(3,1,0)(4,0,0)	psi(W_(w^2)^W_(w^2)^w)	psi(W_(w^2)^W_(w^2)^w)	
1642	(0,0,0)(1,1,1)(2,1,1)(2,1,0)(3,1,0)(4,1,0)	psi(W_(w^2)^W_(w^2)^W)	psi(W_(w^2)^W_(w^2)^W)	
1643	(0,0,0)(1,1,1)(2,1,1)(2,1,0)(3,1,0)(4,1,0)(1,1,1)	psi(W_(w^2)^W_(w^2)^W_w)	psi(W_(w^2)^W_(w^2)^W_w)	
1644	(0,0,0)(1,1,1)(2,1,1)(2,1,0)(3,1,0)(4,1,0)(1,1,1)(2,1,1)	psi(W_(w^2)^W_(w^2)^W_(w^2))	psi(W_(w^2)^W_(w^2)^W_(w^2))	
1645	(0,0,0)(1,1,1)(2,1,1)(2,1,0)(3,1,0)(4,1,0)(4,1,0)(1,1,1)(2,1,1)	psi(W_(w^2)^W_(w^2)^W_(w^2)^2)	psi(W_(w^2)^W_(w^2)^W_(w^2)^2)	
1646	(0,0,0)(1,1,1)(2,1,1)(2,1,0)(3,1,0)(4,1,0)(5,1,0)(1,1,1)(2,1,1)	psi(W_(w^2)^W_(w^2)^W_(w^2)^W_(w^2))	psi(W_(w^2)^W_(w^2)^W_(w^2)^W_(w^2))	
1647	(0,0,0)(1,1,1)(2,1,1)(2,1,0)(3,2,0)	psi(W_(w^2+1))	psi(W_(w^2+1))	
1649	(0,0,0)(1,1,1)(2,1,1)(2,1,0)(3,2,0)(1,1,0)	psi(W_(w^2+1)+W)	psi(W_(w^2+1)+W)	
1650	(0,0,0)(1,1,1)(2,1,1)(2,1,0)(3,2,0)(1,1,0)(2,2,1)(3,2,1)(3,2,0)(4,3,0)(2,2,0)	psi(W_(w^2+1)+W_2)	psi(W_(w^2+1)+W_2)	
1651	(0,0,0)(1,1,1)(2,1,1)(2,1,0)(3,2,0)(1,1,1)	psi(W_(w^2+1)+W_w)	psi(W_(w^2+1)+W_w)	
1652	(0,0,0)(1,1,1)(2,1,1)(2,1,0)(3,2,0)(1,1,1)(2,1,0)(3,2,1)	psi(W_(w^2+1)+psi_W_(w+1)(W_(w2)))	psi(W_(w^2+1)+psi_W_(w+1)(W_(w2)))	
1653	(0,0,0)(1,1,1)(2,1,1)(2,1,0)(3,2,0)(1,1,1)(2,1,0)(3,2,1)(4,2,1)	psi(W_(w^2+1)+psi_W_(w+1)(W_(w^2)))	psi(W_(w^2+1)+psi_W_(w+1)(W_(w^2)))	
1654	(0,0,0)(1,1,1)(2,1,1)(2,1,0)(3,2,0)(1,1,1)(2,1,0)(3,2,1)(4,2,1)(4,2,0)(5,3,0)	psi(W_(w^2+1)+psi_W_(w+1)(W_(w^2+1)))	psi(W_(w^2+1)+psi_W_(w+1)(W_(w^2+1)))	
1655	(0,0,0)(1,1,1)(2,1,1)(2,1,0)(3,2,0)(1,1,1)(2,1,0)(3,2,1)(4,2,1)(4,2,0)(5,3,0)(3,2,0)	psi(W_(w^2+1)+W_(w+1))	psi(W_(w^2+1)+W_(w+1))	
1656	(0,0,0)(1,1,1)(2,1,1)(2,1,0)(3,2,0)(1,1,1)(2,1,0)(3,2,1)(4,2,1)(4,2,0)(5,3,0)(3,2,0)(4,3,1)(5,3,1)(5,3,0)(6,3,0)(4,3,0)	psi(W_(w^2+1)+W_(w+2))	psi(W_(w^2+1)+W_(w+2))	
1657	(0,0,0)(1,1,1)(2,1,1)(2,1,0)(3,2,0)(1,1,1)(2,1,0)(3,2,1)(4,2,1)(4,2,0)(5,3,0)(3,2,1)	psi(W_(w^2+1)+W_(w2))	psi(W_(w^2+1)+W_(w2))	
1658	(0,0,0)(1,1,1)(2,1,1)(2,1,0)(3,2,0)(1,1,1)(2,1,0)(3,2,1)(4,2,1)(4,2,0)(5,3,0)(3,2,1)(4,2,0)(5,3,1)(6,3,1)(6,3,0)(7,4,0)(5,3,1)	psi(W_(w^2+1)+W_(w3))	psi(W_(w^2+1)+W_(w3))	
1659	(0,0,0)(1,1,1)(2,1,1)(2,1,0)(3,2,0)(1,1,1)(2,1,1)	psi(W_(w^2+1)+W_(w^2))	psi(W_(w^2+1)+W_(w^2))	
1660	(0,0,0)(1,1,1)(2,1,1)(2,1,0)(3,2,0)(1,1,1)(2,1,1)(1,1,1)(2,1,1)	psi(W_(w^2+1)+W_(w^2)*2)	psi(W_(w^2+1)+W_(w^2)*2)	
1661	(0,0,0)(1,1,1)(2,1,1)(2,1,0)(3,2,0)(1,1,1)(2,1,1)(2,1,0)	psi(W_(w^2+1)+W_(w^2)*W)	psi(W_(w^2+1)+W_(w^2)*W)	
1662	(0,0,0)(1,1,1)(2,1,1)(2,1,0)(3,2,0)(1,1,1)(2,1,1)(2,1,0)(1,1,1)(2,1,1)	psi(W_(w^2+1)+W_(w^2)^2)	psi(W_(w^2+1)+W_(w^2)^2)	
1663	(0,0,0)(1,1,1)(2,1,1)(2,1,0)(3,2,0)(1,1,1)(2,1,1)(2,1,0)(2,1,0)(1,1,1)(2,1,1)	psi(W_(w^2+1)+W_(w^2)^3)	psi(W_(w^2+1)+W_(w^2)^3)	
1664	(0,0,0)(1,1,1)(2,1,1)(2,1,0)(3,2,0)(1,1,1)(2,1,1)(2,1,0)(3,1,0)(1,1,1)(2,1,1)	psi(W_(w^2+1)+W_(w^2)^W_(w^2))	psi(W_(w^2+1)+W_(w^2)^W_(w^2))	
1665	(0,0,0)(1,1,1)(2,1,1)(2,1,0)(3,2,0)(1,1,1)(2,1,1)(2,1,0)(3,2,0)	psi(W_(w^2+1)+psi_W_(w^2+1)(W_(w^2+1)))	psi(W_(w^2+1)+psi_W_(w^2+1)(W_(w^2+1)))	
1666	(0,0,0)(1,1,1)(2,1,1)(2,1,0)(3,2,0)(2,0,0)	psi(W_(w^2+1)+psi_W_(w^2+1)(W_(w^2+1))*w)	psi(W_(w^2+1)+psi_W_(w^2+1)(W_(w^2+1))*w)	
1667	(0,0,0)(1,1,1)(2,1,1)(2,1,0)(3,2,0)(2,1,0)	psi(W_(w^2+1)+psi_W_(w^2+1)(W_(w^2+1))*W)	psi(W_(w^2+1)+psi_W_(w^2+1)(W_(w^2+1))*W)	
1668	(0,0,0)(1,1,1)(2,1,1)(2,1,0)(3,2,0)(2,1,0)(1,1,1)	psi(W_(w^2+1)+psi_W_(w^2+1)(W_(w^2+1))*W_w)	psi(W_(w^2+1)+psi_W_(w^2+1)(W_(w^2+1))*W_w)	
1669	(0,0,0)(1,1,1)(2,1,1)(2,1,0)(3,2,0)(2,1,0)(1,1,1)(2,1,1)	psi(W_(w^2+1)+psi_W_(w^2+1)(W_(w^2+1))*W_(w^2))	psi(W_(w^2+1)+psi_W_(w^2+1)(W_(w^2+1))*W_(w^2))	
1670	(0,0,0)(1,1,1)(2,1,1)(2,1,0)(3,2,0)(2,1,0)(3,1,0)(1,1,1)(2,1,1)	psi(W_(w^2+1)+psi_W_(w^2+1)(W_(w^2+1))*W_(w^2)^W_(w^2))	psi(W_(w^2+1)+psi_W_(w^2+1)(W_(w^2+1))*W_(w^2)^W_(w^2))	
1671	(0,0,0)(1,1,1)(2,1,1)(2,1,0)(3,2,0)(2,1,0)(3,2,0)	psi(W_(w^2+1)+psi_W_(w^2+1)(W_(w^2+1))^2)	psi(W_(w^2+1)+psi_W_(w^2+1)(W_(w^2+1))^2)	
1672	(0,0,0)(1,1,1)(2,1,1)(2,1,0)(3,2,0)(3,0,0)	psi(W_(w^2+1)+psi_W_(w^2+1)(W_(w^2+1))^w)	psi(W_(w^2+1)+psi_W_(w^2+1)(W_(w^2+1))^w)	
1673	(0,0,0)(1,1,1)(2,1,1)(2,1,0)(3,2,0)(3,1,0)	psi(W_(w^2+1)+psi_W_(w^2+1)(W_(w^2+1))^W)	psi(W_(w^2+1)+psi_W_(w^2+1)(W_(w^2+1))^W)	
1674	(0,0,0)(1,1,1)(2,1,1)(2,1,0)(3,2,0)(3,1,0)(1,1,1)(2,1,1)	psi(W_(w^2+1)+psi_W_(w^2+1)(W_(w^2+1))^W_(w^2))	psi(W_(w^2+1)+psi_W_(w^2+1)(W_(w^2+1))^W_(w^2))	
1675	(0,0,0)(1,1,1)(2,1,1)(2,1,0)(3,2,0)(3,1,0)(4,2,0)	psi(W_(w^2+1)+psi_W_(w^2+1)(W_(w^2+1))^psi_W_(w^2+1)(W_(w^2+1)))	psi(W_(w^2+1)+psi_W_(w^2+1)(W_(w^2+1))^psi_W_(w^2+1)(W_(w^2+1)))	
1676	(0,0,0)(1,1,1)(2,1,1)(2,1,0)(3,2,0)(3,2,0)	psi(W_(w^2+1)*2)	psi(W_(w^2+1)*2)	
1677	(0,0,0)(1,1,1)(2,1,1)(2,1,0)(3,2,0)(3,2,0)(3,2,0)	psi(W_(w^2+1)*3)	psi(W_(w^2+1)*3)	
1678	(0,0,0)(1,1,1)(2,1,1)(2,1,0)(3,2,0)(4,0,0)	psi(W_(w^2+1)*w)	psi(W_(w^2+1)*w)	
1679	(0,0,0)(1,1,1)(2,1,1)(2,1,0)(3,2,0)(4,1,0)	psi(W_(w^2+1)*W)	psi(W_(w^2+1)*W)	
1680	(0,0,0)(1,1,1)(2,1,1)(2,1,0)(3,2,0)(4,1,0)(1,1,0)(2,2,1)(3,2,1)(3,2,0)(4,3,0)(5,2,0)	psi(W_(w^2+1)*W_2)	psi(W_(w^2+1)*W_2)	
1681	(0,0,0)(1,1,1)(2,1,1)(2,1,0)(3,2,0)(4,1,0)(1,1,1)	psi(W_(w^2+1)*W_w)	psi(W_(w^2+1)*W_w)	
1682	(0,0,0)(1,1,1)(2,1,1)(2,1,0)(3,2,0)(4,1,0)(1,1,1)(2,1,0)(3,2,1)(4,2,1)(4,2,0)(5,3,0)(6,2,0)	psi(W_(w^2+1)*W_(w+1))	psi(W_(w^2+1)*W_(w+1))	
1683	(0,0,0)(1,1,1)(2,1,1)(2,1,0)(3,2,0)(4,1,0)(1,1,1)(2,1,0)(3,2,1)(4,2,1)(4,2,0)(5,3,0)(6,2,0)(3,2,1)	psi(W_(w^2+1)*W_(w2))	psi(W_(w^2+1)*W_(w2))	
1684	(0,0,0)(1,1,1)(2,1,1)(2,1,0)(3,2,0)(4,1,0)(1,1,1)(2,1,1)	psi(W_(w^2+1)*W_(w^2))	psi(W_(w^2+1)*W_(w^2))	
1685	(0,0,0)(1,1,1)(2,1,1)(2,1,0)(3,2,0)(4,1,0)(4,1,0)(1,1,1)(2,1,1)	psi(W_(w^2+1)*W_(w^2)^2)	psi(W_(w^2+1)*W_(w^2)^2)	
1686	(0,0,0)(1,1,1)(2,1,1)(2,1,0)(3,2,0)(4,1,0)(5,1,0)(1,1,1)(2,1,1)	psi(W_(w^2+1)*W_(w^2)^W_(w^2))	psi(W_(w^2+1)*W_(w^2)^W_(w^2))	
1687	(0,0,0)(1,1,1)(2,1,1)(2,1,0)(3,2,0)(4,1,0)(5,2,0)	psi(W_(w^2+1)*psi_W_(w^2+1)(W_(w^2+1)))	psi(W_(w^2+1)*psi_W_(w^2+1)(W_(w^2+1)))	
1688	(0,0,0)(1,1,1)(2,1,1)(2,1,0)(3,2,0)(4,2,0)	psi(W_(w^2+1)^2)	psi(W_(w^2+1)^2)	
1689	(0,0,0)(1,1,1)(2,1,1)(2,1,0)(3,2,0)(4,2,0)(1,1,1)	psi(W_(w^2+1)^2+W_w)	psi(W_(w^2+1)^2+W_w)	
1690	(0,0,0)(1,1,1)(2,1,1)(2,1,0)(3,2,0)(4,2,0)(1,1,1)(2,1,1)	psi(W_(w^2+1)^2+W_(w^2))	psi(W_(w^2+1)^2+W_(w^2))	
1691	(0,0,0)(1,1,1)(2,1,1)(2,1,0)(3,2,0)(4,2,0)(3,2,0)	psi(W_(w^2+1)^2+W_(w^2+1))	psi(W_(w^2+1)^2+W_(w^2+1))	
1692	(0,0,0)(1,1,1)(2,1,1)(2,1,0)(3,2,0)(4,2,0)(3,2,0)(4,2,0)	psi(W_(w^2+1)^2*2)	psi(W_(w^2+1)^2*2)	
1693	(0,0,0)(1,1,1)(2,1,1)(2,1,0)(3,2,0)(4,2,0)(4,1,0)	psi(W_(w^2+1)^2*W)	psi(W_(w^2+1)^2*W)	
1694	(0,0,0)(1,1,1)(2,1,1)(2,1,0)(3,2,0)(4,2,0)(4,1,0)(1,1,1)(2,1,1)	psi(W_(w^2+1)^2*W_(w^2))	psi(W_(w^2+1)^2*W_(w^2))	
1695	(0,0,0)(1,1,1)(2,1,1)(2,1,0)(3,2,0)(4,2,0)(4,2,0)	psi(W_(w^2+1)^3)	psi(W_(w^2+1)^3)	
1696	(0,0,0)(1,1,1)(2,1,1)(2,1,0)(3,2,0)(4,2,0)(4,2,0)(4,2,0)	psi(W_(w^2+1)^4)	psi(W_(w^2+1)^4)	
1697	(0,0,0)(1,1,1)(2,1,1)(2,1,0)(3,2,0)(4,2,0)(5,0,0)	psi(W_(w^2+1)^w)	psi(W_(w^2+1)^w)	
1698	(0,0,0)(1,1,1)(2,1,1)(2,1,0)(3,2,0)(4,2,0)(5,1,0)	psi(W_(w^2+1)^W)	psi(W_(w^2+1)^W)	
1699	(0,0,0)(1,1,1)(2,1,1)(2,1,0)(3,2,0)(4,2,0)(5,1,0)(1,1,1)	psi(W_(w^2+1)^W_w)	psi(W_(w^2+1)^W_w)	
1700	(0,0,0)(1,1,1)(2,1,1)(2,1,0)(3,2,0)(4,2,0)(5,1,0)(1,1,1)(2,1,1)	psi(W_(w^2+1)^W_(w^2))	psi(W_(w^2+1)^W_(w^2))	
1701	(0,0,0)(1,1,1)(2,1,1)(2,1,0)(3,2,0)(4,2,0)(5,2,0)	psi(W_(w^2+1)^W_(w^2+1))	psi(W_(w^2+1)^W_(w^2+1))	
1702	(0,0,0)(1,1,1)(2,1,1)(2,1,0)(3,2,0)(4,2,0)(5,2,0)(6,2,0)	psi(W_(w^2+1)^W_(w^2+1)^W_(w^2+1))	psi(W_(w^2+1)^W_(w^2+1)^W_(w^2+1))	
1703	(0,0,0)(1,1,1)(2,1,1)(2,1,0)(3,2,0)(4,3,0)	psi(W_(w^2+2))	psi(W_(w^2+2))	
1704	(0,0,0)(1,1,1)(2,1,1)(2,1,0)(3,2,0)(4,3,0)(1,1,1)	psi(W_(w^2+2)+W_w)	psi(W_(w^2+2)+W_w)	
1705	(0,0,0)(1,1,1)(2,1,1)(2,1,0)(3,2,0)(4,3,0)(1,1,1)(2,1,1)	psi(W_(w^2+2)+W_(w^2))	psi(W_(w^2+2)+W_(w^2))	
1706	(0,0,0)(1,1,1)(2,1,1)(2,1,0)(3,2,0)(4,3,0)(3,2,0)	psi(W_(w^2+2)+W_(w^2+1))	psi(W_(w^2+2)+W_(w^2+1))	
1707	(0,0,0)(1,1,1)(2,1,1)(2,1,0)(3,2,0)(4,3,0)(4,3,0)	psi(W_(w^2+2)*2)	psi(W_(w^2+2)*2)	
1708	(0,0,0)(1,1,1)(2,1,1)(2,1,0)(3,2,0)(4,3,0)(5,1,0)(1,1,1)(2,1,1)	psi(W_(w^2+2)*W_(w^2))	psi(W_(w^2+2)*W_(w^2))	
1709	(0,0,0)(1,1,1)(2,1,1)(2,1,0)(3,2,0)(4,3,0)(5,3,0)	psi(W_(w^2+2)^2)	psi(W_(w^2+2)^2)	
1710	(0,0,0)(1,1,1)(2,1,1)(2,1,0)(3,2,0)(4,3,0)(5,3,0)(6,3,0)	psi(W_(w^2+2)^W_(w^2+2))	psi(W_(w^2+2)^W_(w^2+2))	
1711	(0,0,0)(1,1,1)(2,1,1)(2,1,0)(3,2,0)(4,3,0)(5,4,0)	psi(W_(w^2+3))	psi(W_(w^2+3))	
1712	(0,0,0)(1,1,1)(2,1,1)(2,1,0)(3,2,0)(4,3,0)(5,4,0)(6,4,0)	psi(W_(w^2+3)^2)	psi(W_(w^2+3)^2)	
1713	(0,0,0)(1,1,1)(2,1,1)(2,1,0)(3,2,0)(4,3,0)(5,4,0)(6,5,0)	psi(W_(w^2+4))	psi(W_(w^2+4))	
1714	(0,0,0)(1,1,1)(2,1,1)(2,1,0)(3,2,0)(4,3,0)(5,4,0)(6,5,0)(7,6,0)	psi(W_(w^2+5))	psi(W_(w^2+5))	
1715	(0,0,0)(1,1,1)(2,1,1)(2,1,0)(3,2,1)	psi(W_(w^2+w))	psi(W_(w^2+w))	
1716	(0,0,0)(1,1,1)(2,1,1)(2,1,0)(3,2,1)(1,1,0)	psi(W_(w^2+w)+W)	psi(W_(w^2+w)+W)	
1717	(0,0,0)(1,1,1)(2,1,1)(2,1,0)(3,2,1)(1,1,0)(2,2,1)(3,2,1)(3,2,0)(4,3,1)(2,2,0)	psi(W_(w^2+w)+W_2)	psi(W_(w^2+w)+W_2)	
1718	(0,0,0)(1,1,1)(2,1,1)(2,1,0)(3,2,1)(1,1,1)	psi(W_(w^2+w)+W_w)	psi(W_(w^2+w)+W_w)	
1719	(0,0,0)(1,1,1)(2,1,1)(2,1,0)(3,2,1)(1,1,1)(2,1,0)(3,2,1)(4,2,1)	psi(W_(w^2+w)+psi_W_(w+1)(W_(w^2)))	psi(W_(w^2+w)+psi_W_(w+1)(W_(w^2)))	
1720	(0,0,0)(1,1,1)(2,1,1)(2,1,0)(3,2,1)(1,1,1)(2,1,0)(3,2,1)(4,2,1)(4,2,0)(5,3,1)	psi(W_(w^2+w)+psi_W_(w+1)(W_(w^2+w)))	psi(W_(w^2+w)+psi_W_(w+1)(W_(w^2+w)))	
1721	(0,0,0)(1,1,1)(2,1,1)(2,1,0)(3,2,1)(1,1,1)(2,1,0)(3,2,1)(4,2,1)(4,2,0)(5,3,1)(3,2,0)	psi(W_(w^2+w)+W_(w+1))	psi(W_(w^2+w)+W_(w+1))	
1722	(0,0,0)(1,1,1)(2,1,1)(2,1,0)(3,2,1)(1,1,1)(2,1,0)(3,2,1)(4,2,1)(4,2,0)(5,3,1)(3,2,1)	psi(W_(w^2+w)+W_(w2))	psi(W_(w^2+w)+W_(w2))	
1723	(0,0,0)(1,1,1)(2,1,1)(2,1,0)(3,2,1)(1,1,1)(2,1,0)(3,2,1)(4,2,1)(4,2,0)(5,3,1)(3,2,1)(4,2,0)(5,3,1)(6,3,1)(6,3,0)(7,4,1)(5,3,1)	psi(W_(w^2+w)+W_(w3))	psi(W_(w^2+w)+W_(w3))	
1724	(0,0,0)(1,1,1)(2,1,1)(2,1,0)(3,2,1)(1,1,1)(2,1,1)	psi(W_(w^2+w)+W_(w^2))	psi(W_(w^2+w)+W_(w^2))	
1725	(0,0,0)(1,1,1)(2,1,1)(2,1,0)(3,2,1)(1,1,1)(2,1,1)(1,1,1)(2,1,1)	psi(W_(w^2+w)+W_(w^2)*2)	psi(W_(w^2+w)+W_(w^2)*2)	
1726	(0,0,0)(1,1,1)(2,1,1)(2,1,0)(3,2,1)(1,1,1)(2,1,1)(2,1,0)	psi(W_(w^2+w)+W_(w^2)*W)	psi(W_(w^2+w)+W_(w^2)*W)	
1727	(0,0,0)(1,1,1)(2,1,1)(2,1,0)(3,2,1)(1,1,1)(2,1,1)(2,1,0)(1,1,1)(2,1,1)	psi(W_(w^2+w)+W_(w^2)^2)	psi(W_(w^2+w)+W_(w^2)^2)	
1728	(0,0,0)(1,1,1)(2,1,1)(2,1,0)(3,2,1)(1,1,1)(2,1,1)(2,1,0)(3,2,0)	psi(W_(w^2+w)+psi_W_(w^2+1)(W_(w^2+1)))	psi(W_(w^2+w)+psi_W_(w^2+1)(W_(w^2+1)))	
1729	(0,0,0)(1,1,1)(2,1,1)(2,1,0)(3,2,1)(1,1,1)(2,1,1)(2,1,0)(3,2,0)(4,3,0)	psi(W_(w^2+w)+psi_W_(w^2+1)(W_(w^2+2)))	psi(W_(w^2+w)+psi_W_(w^2+1)(W_(w^2+2)))	
1730	(0,0,0)(1,1,1)(2,1,1)(2,1,0)(3,2,1)(1,1,1)(2,1,1)(2,1,0)(3,2,1)	psi(W_(w^2+w)+psi_W_(w^2+1)(W_(w^2+w)))	psi(W_(w^2+w)+psi_W_(w^2+1)(W_(w^2+w)))	
1731	(0,0,0)(1,1,1)(2,1,1)(2,1,0)(3,2,1)(2,1,0)	psi(W_(w^2+w)+psi_W_(w^2+1)(W_(w^2+w))*W)	psi(W_(w^2+w)+psi_W_(w^2+1)(W_(w^2+w))*W)	
1732	(0,0,0)(1,1,1)(2,1,1)(2,1,0)(3,2,1)(3,1,0)	psi(W_(w^2+w)+psi_W_(w^2+1)(W_(w^2+w))^W)	psi(W_(w^2+w)+psi_W_(w^2+1)(W_(w^2+w))^W)	
1733	(0,0,0)(1,1,1)(2,1,1)(2,1,0)(3,2,1)(3,2,0)	psi(W_(w^2+w)+W_(w^2+1))	psi(W_(w^2+w)+W_(w^2+1))	
1734	(0,0,0)(1,1,1)(2,1,1)(2,1,0)(3,2,1)(3,2,0)(3,2,0)	psi(W_(w^2+w)+W_(w^2+1)*2)	psi(W_(w^2+w)+W_(w^2+1)*2)	
1735	(0,0,0)(1,1,1)(2,1,1)(2,1,0)(3,2,1)(3,2,0)(4,2,0)	psi(W_(w^2+w)+W_(w^2+1)^2)	psi(W_(w^2+w)+W_(w^2+1)^2)	
1736	(0,0,0)(1,1,1)(2,1,1)(2,1,0)(3,2,1)(3,2,0)(4,3,0)	psi(W_(w^2+w)+psi_W_(w^2+2)(W_(w^2+2)))	psi(W_(w^2+w)+psi_W_(w^2+2)(W_(w^2+2)))	
1737	(0,0,0)(1,1,1)(2,1,1)(2,1,0)(3,2,1)(3,2,0)(4,3,1)	psi(W_(w^2+w)+psi_W_(w^2+2)(W_(w^2+w)))	psi(W_(w^2+w)+psi_W_(w^2+2)(W_(w^2+w)))	
1738	(0,0,0)(1,1,1)(2,1,1)(2,1,0)(3,2,1)(3,2,0)(4,3,1)(4,2,0)	psi(W_(w^2+w)+psi_W_(w^2+2)(W_(w^2+w))*W_(w^2+1))	psi(W_(w^2+w)+psi_W_(w^2+2)(W_(w^2+w))*W_(w^2+1))	
1739	(0,0,0)(1,1,1)(2,1,1)(2,1,0)(3,2,1)(3,2,0)(4,3,1)(4,3,0)	psi(W_(w^2+w)+W_(w^2+2))	psi(W_(w^2+w)+W_(w^2+2))	
1740	(0,0,0)(1,1,1)(2,1,1)(2,1,0)(3,2,1)(3,2,0)(4,3,1)(4,3,0)(5,4,1)	psi(W_(w^2+w)+psi_W_(w^2+3)(W_(w^2+w)))	psi(W_(w^2+w)+psi_W_(w^2+3)(W_(w^2+w)))	
1741	(0,0,0)(1,1,1)(2,1,1)(2,1,0)(3,2,1)(3,2,0)(4,3,1)(4,3,0)(5,4,1)(5,4,0)	psi(W_(w^2+w)+W_(w^2+3))	psi(W_(w^2+w)+W_(w^2+3))	
1742	(0,0,0)(1,1,1)(2,1,1)(2,1,0)(3,2,1)(3,2,1)	psi(W_(w^2+w)*2)	psi(W_(w^2+w)*2)	
1743	(0,0,0)(1,1,1)(2,1,1)(2,1,0)(3,2,1)(3,2,1)(1,1,1)(2,1,1)	psi(W_(w^2+w)*2+W_(w^2))	psi(W_(w^2+w)*2+W_(w^2))	
1744	(0,0,0)(1,1,1)(2,1,1)(2,1,0)(3,2,1)(3,2,1)(3,2,0)	psi(W_(w^2+w)*2+W_(w^2+1))	psi(W_(w^2+w)*2+W_(w^2+1))	
1745	(0,0,0)(1,1,1)(2,1,1)(2,1,0)(3,2,1)(3,2,1)(3,2,1)	psi(W_(w^2+w)*3)	psi(W_(w^2+w)*3)	
1746	(0,0,0)(1,1,1)(2,1,1)(2,1,0)(3,2,1)(4,0,0)	psi(W_(w^2+w)*w)	psi(W_(w^2+w)*w)	
1747	(0,0,0)(1,1,1)(2,1,1)(2,1,0)(3,2,1)(4,1,0)	psi(W_(w^2+w)*W)	psi(W_(w^2+w)*W)	
1748	(0,0,0)(1,1,1)(2,1,1)(2,1,0)(3,2,1)(4,1,0)(1,1,0)(2,2,1)(3,2,1)(3,2,0)(4,3,1)(5,2,0)	psi(W_(w^2+w)*W_2)	psi(W_(w^2+w)*W_2)	
1749	(0,0,0)(1,1,1)(2,1,1)(2,1,0)(3,2,1)(4,1,0)(1,1,1)	psi(W_(w^2+w)*W_w)	psi(W_(w^2+w)*W_w)	
1750	(0,0,0)(1,1,1)(2,1,1)(2,1,0)(3,2,1)(4,1,0)(1,1,1)(2,1,0)(3,2,1)(4,3,1)(4,3,0)(5,4,1)(6,2,0)	psi(W_(w^2+w)*W_(w+1))	psi(W_(w^2+w)*W_(w+1))	
1751	(0,0,0)(1,1,1)(2,1,1)(2,1,0)(3,2,1)(4,1,0)(1,1,1)(2,1,0)(3,2,1)(4,3,1)(4,3,0)(5,4,1)(6,2,0)(3,2,1)	psi(W_(w^2+w)*W_(w2))	psi(W_(w^2+w)*W_(w2))	
1752	(0,0,0)(1,1,1)(2,1,1)(2,1,0)(3,2,1)(4,1,0)(1,1,1)(2,1,0)(3,2,1)(4,3,1)(4,3,0)(5,4,1)(6,2,0)(3,2,1)(4,2,0)(5,3,1)(6,3,1)(6,3,0)(7,4,1)(8,3,0)(5,3,1)	psi(W_(w^2+w)*W_(w3))	psi(W_(w^2+w)*W_(w3))	
1753	(0,0,0)(1,1,1)(2,1,1)(2,1,0)(3,2,1)(4,1,0)(1,1,1)(2,1,1)	psi(W_(w^2+w)*W_(w^2))	psi(W_(w^2+w)*W_(w^2))	
1754	(0,0,0)(1,1,1)(2,1,1)(2,1,0)(3,2,1)(4,1,0)(4,1,0)(1,1,1)(2,1,1)	psi(W_(w^2+w)*W_(w^2)^2)	psi(W_(w^2+w)*W_(w^2)^2)	
1755	(0,0,0)(1,1,1)(2,1,1)(2,1,0)(3,2,1)(4,1,0)(5,2,0)	psi(W_(w^2+w)*psi_W_(w^2+1)(W_(w^2+1)))	psi(W_(w^2+w)*psi_W_(w^2+1)(W_(w^2+1)))	
1756	(0,0,0)(1,1,1)(2,1,1)(2,1,0)(3,2,1)(4,1,0)(5,2,0)(6,3,0)	psi(W_(w^2+w)*psi_W_(w^2+1)(W_(w^2+2)))	psi(W_(w^2+w)*psi_W_(w^2+1)(W_(w^2+2)))	
1757	(0,0,0)(1,1,1)(2,1,1)(2,1,0)(3,2,1)(4,1,0)(5,2,1)	psi(W_(w^2+w)*psi_W_(w^2+1)(W_(w^2+w)))	psi(W_(w^2+w)*psi_W_(w^2+1)(W_(w^2+w)))	
1758	(0,0,0)(1,1,1)(2,1,1)(2,1,0)(3,2,1)(4,2,0)	psi(W_(w^2+w)*W_(w^2+1))	psi(W_(w^2+w)*W_(w^2+1))	
1759	(0,0,0)(1,1,1)(2,1,1)(2,1,0)(3,2,1)(4,2,0)(3,2,0)	psi(W_(w^2+w)*W_(w^2+1)+W_(w^2+1))	psi(W_(w^2+w)*W_(w^2+1)+W_(w^2+1))	
1760	(0,0,0)(1,1,1)(2,1,1)(2,1,0)(3,2,1)(4,2,0)(3,2,0)(4,3,1)(5,2,0)	psi(W_(w^2+w)*W_(w^2+1)+psi_W_(w^2+2)(W_(w^2+w)*W_(w^2+1)))	psi(W_(w^2+w)*W_(w^2+1)+psi_W_(w^2+2)(W_(w^2+w)*W_(w^2+1)))	
1761	(0,0,0)(1,1,1)(2,1,1)(2,1,0)(3,2,1)(4,2,0)(3,2,0)(4,3,1)(5,2,0)(4,3,1)	psi(W_(w^2+w)*W_(w^2+1)+W_(w^2+w))	psi(W_(w^2+w)*W_(w^2+1)+W_(w^2+w))	
1762	(0,0,0)(1,1,1)(2,1,1)(2,1,0)(3,2,1)(4,2,0)(3,2,0)(4,3,1)(5,2,0)(5,2,0)	psi(W_(w^2+w)*W_(w^2+1)^2)	psi(W_(w^2+w)*W_(w^2+1)^2)	
1763	(0,0,0)(1,1,1)(2,1,1)(2,1,0)(3,2,1)(4,2,0)(3,2,0)(4,3,1)(5,3,0)	psi(W_(w^2+w)*W_(w^2+2))	psi(W_(w^2+w)*W_(w^2+2))	
1764	(0,0,0)(1,1,1)(2,1,1)(2,1,0)(3,2,1)(4,2,0)(3,2,0)(4,3,1)(5,3,0)(4,3,0)(5,4,1)(6,4,0)	psi(W_(w^2+w)*W_(w^2+3))	psi(W_(w^2+w)*W_(w^2+3))	
1765	(0,0,0)(1,1,1)(2,1,1)(2,1,0)(3,2,1)(4,2,0)(3,2,1)	psi(W_(w^2+w)^2)	psi(W_(w^2+w)^2)	
1766	(0,0,0)(1,1,1)(2,1,1)(2,1,0)(3,2,1)(4,2,0)(3,2,1)(1,1,1)(2,1,1)	psi(W_(w^2+w)^2+W_(w^2))	psi(W_(w^2+w)^2+W_(w^2))	
1767	(0,0,0)(1,1,1)(2,1,1)(2,1,0)(3,2,1)(4,2,0)(3,2,1)(3,2,0)	psi(W_(w^2+w)^2+W_(w^2+1))	psi(W_(w^2+w)^2+W_(w^2+1))	
1768	(0,0,0)(1,1,1)(2,1,1)(2,1,0)(3,2,1)(4,2,0)(3,2,1)(3,2,1)	psi(W_(w^2+w)^2+W_(w^2+w)	psi(W_(w^2+w)^2+W_(w^2+w))	paren+1
1769	(0,0,0)(1,1,1)(2,1,1)(2,1,0)(3,2,1)(4,2,0)(3,2,1)(4,1,0)	psi(W_(w^2+w)^2+W_(w^2+w)*W)	psi(W_(w^2+w)^2+W_(w^2+w)*W)	
1770	(0,0,0)(1,1,1)(2,1,1)(2,1,0)(3,2,1)(4,2,0)(3,2,1)(4,1,0)(1,1,1)(2,1,1)	psi(W_(w^2+w)^2+W_(w^2+w)*W_(w^2+1))	psi(W_(w^2+w)^2+W_(w^2+w)*W_(w^2+1))	
1771	(0,0,0)(1,1,1)(2,1,1)(2,1,0)(3,2,1)(4,2,0)(3,2,1)(4,2,0)(3,2,1)	psi(W_(w^2+w)^2*2)	psi(W_(w^2+w)^2*2)	
1772	(0,0,0)(1,1,1)(2,1,1)(2,1,0)(3,2,1)(4,2,0)(4,1,0)	psi(W_(w^2+w)^2*W)	psi(W_(w^2+w)^2*W)	
1773	(0,0,0)(1,1,1)(2,1,1)(2,1,0)(3,2,1)(4,2,0)(4,1,0)(1,1,1)(2,1,1)	psi(W_(w^2+w)^2*W_(w^2))	psi(W_(w^2+w)^2*W_(w^2))	
1774	(0,0,0)(1,1,1)(2,1,1)(2,1,0)(3,2,1)(4,2,0)(4,2,0)	psi(W_(w^2+w)^2*W_(w^2+1))	psi(W_(w^2+w)^2*W_(w^2+1))	
1775	(0,0,0)(1,1,1)(2,1,1)(2,1,0)(3,2,1)(4,2,0)(4,2,0)(3,2,1)	psi(W_(w^2+w)^3)	psi(W_(w^2+w)^3)	
1776	(0,0,0)(1,1,1)(2,1,1)(2,1,0)(3,2,1)(4,2,0)(4,2,0)(4,2,0)(3,2,1)	psi(W_(w^2+w)^4)	psi(W_(w^2+w)^4)	
1777	(0,0,0)(1,1,1)(2,1,1)(2,1,0)(3,2,1)(4,2,0)(5,0,0)	psi(W_(w^2+w)^w)	psi(W_(w^2+w)^w)	
1778	(0,0,0)(1,1,1)(2,1,1)(2,1,0)(3,2,1)(4,2,0)(5,1,0)	psi(W_(w^2+w)^W)	psi(W_(w^2+w)^W)	
1779	(0,0,0)(1,1,1)(2,1,1)(2,1,0)(3,2,1)(4,2,0)(5,1,0)(1,1,1)(2,1,1)	psi(W_(w^2+w)^W_(w^2))	psi(W_(w^2+w)^W_(w^2))	
1780	(0,0,0)(1,1,1)(2,1,1)(2,1,0)(3,2,1)(4,2,0)(5,2,0)	psi(W_(w^2+w)^W_(w^2+1))	psi(W_(w^2+w)^W_(w^2+1))	
1781	(0,0,0)(1,1,1)(2,1,1)(2,1,0)(3,2,1)(4,2,0)(5,2,0)(3,2,1)	psi(W_(w^2+w)^W_(w^2+w))	psi(W_(w^2+w)^W_(w^2+w))	
1782	(0,0,0)(1,1,1)(2,1,1)(2,1,0)(3,2,1)(4,2,0)(5,2,0)(5,2,0)(3,2,1)	psi(W_(w^2+w)^W_(w^2+w)^2)	psi(W_(w^2+w)^W_(w^2+w)^2)	
1783	(0,0,0)(1,1,1)(2,1,1)(2,1,0)(3,2,1)(4,2,0)(5,2,0)(6,2,0)(3,2,1)	psi(W_(w^2+w)^W_(w^2+w)^W_(w^2+w))	psi(W_(w^2+w)^W_(w^2+w)^W_(w^2+w))	
1784	(0,0,0)(1,1,1)(2,1,1)(2,1,0)(3,2,1)(4,2,0)(5,3,0)	psi(W_(w^2+w+1))	psi(W_(w^2+w+1))	
1785	(0,0,0)(1,1,1)(2,1,1)(2,1,0)(3,2,1)(4,2,0)(5,3,0)(1,1,1)(2,1,1)	psi(W_(w^2+w+1)+W_(w^2))	psi(W_(w^2+w+1)+W_(w^2))	
1786	(0,0,0)(1,1,1)(2,1,1)(2,1,0)(3,2,1)(4,2,0)(5,3,0)(3,2,0)	psi(W_(w^2+w+1)+W_(w^2+1))	psi(W_(w^2+w+1)+W_(w^2+1))	
1787	(0,0,0)(1,1,1)(2,1,1)(2,1,0)(3,2,1)(4,2,0)(5,3,0)(3,2,1	psi(W_(w^2+w+1)+W_(w^2+w))	psi(W_(w^2+w+1)+W_(w^2+w))	
1788	(0,0,0)(1,1,1)(2,1,1)(2,1,0)(3,2,1)(4,2,0)(5,3,0)(3,2,1(4,2,0)(5,3,0)	psi(W_(w^2+w+1)+psi_W_(w^2+w+1)(W_(w^2+w+1)))	psi(W_(w^2+w+1)+psi_W_(w^2+w+1)(W_(w^2+w+1)))	
1789	(0,0,0)(1,1,1)(2,1,1)(2,1,0)(3,2,1)(4,2,0)(5,3,0)(4,2,0)(5,3,0)	psi(W_(w^2+w+1)+psi_W_(w^2+w+1)(W_(w^2+w+1))^2)	psi(W_(w^2+w+1)+psi_W_(w^2+w+1)(W_(w^2+w+1))^2)	
1790	(0,0,0)(1,1,1)(2,1,1)(2,1,0)(3,2,1)(4,2,0)(5,3,0)(5,3,0)	psi(W_(w^2+w+1)*2)	psi(W_(w^2+w+1)*2)	
1791	(0,0,0)(1,1,1)(2,1,1)(2,1,0)(3,2,1)(4,2,0)(5,3,0)(6,1,0)	psi(W_(w^2+w+1)*W)	psi(W_(w^2+w+1)*W)	
1792	(0,0,0)(1,1,1)(2,1,1)(2,1,0)(3,2,1)(4,2,0)(5,3,0)(6,1,0)(1,1,1)	psi(W_(w^2+w+1)*W_w)	psi(W_(w^2+w+1)*W_w)	
1793	(0,0,0)(1,1,1)(2,1,1)(2,1,0)(3,2,1)(4,2,0)(5,3,0)(6,1,0)(1,1,1)(2,1,1)	psi(W_(w^2+w+1)*W_(w^2))	psi(W_(w^2+w+1)*W_(w^2))	
1794	(0,0,0)(1,1,1)(2,1,1)(2,1,0)(3,2,1)(4,2,0)(5,3,0)(6,2,0)	psi(W_(w^2+w+1)*W_(w^2+1))	psi(W_(w^2+w+1)*W_(w^2+1))	
1795	(0,0,0)(1,1,1)(2,1,1)(2,1,0)(3,2,1)(4,2,0)(5,3,0)(6,2,0)(3,2,1)	psi(W_(w^2+w+1)*W_(w^2+w))	psi(W_(w^2+w+1)*W_(w^2+w))	
1796	(0,0,0)(1,1,1)(2,1,1)(2,1,0)(3,2,1)(4,2,0)(5,3,0)(6,2,0)(7,3,0)	psi(W_(w^2+w+1)*psi_W_(w^2+1)(W_(w^2+w+1)))	psi(W_(w^2+w+1)*psi_W_(w^2+1)(W_(w^2+w+1)))	
1797	(0,0,0)(1,1,1)(2,1,1)(2,1,0)(3,2,1)(4,2,0)(5,3,0)(6,3,0)	psi(W_(w^2+w+1)^2)	psi(W_(w^2+w+1)^2)	
1798	(0,0,0)(1,1,1)(2,1,1)(2,1,0)(3,2,1)(4,2,0)(5,3,0)(6,3,0)(6,3,0)	psi(W_(w^2+w+1)^3)	psi(W_(w^2+w+1)^3)	
1799	(0,0,0)(1,1,1)(2,1,1)(2,1,0)(3,2,1)(4,2,0)(5,3,0)(6,3,0)(7,1,0)	psi(W_(w^2+w+1)^W)	psi(W_(w^2+w+1)^W)	
1800	(0,0,0)(1,1,1)(2,1,1)(2,1,0)(3,2,1)(4,2,0)(5,3,0)(6,3,0)(7,3,0)	psi(W_(w^2+w+1)^W_(w^2+w+1))	psi(W_(w^2+w+1)^W_(w^2+w+1))	
1801	(0,0,0)(1,1,1)(2,1,1)(2,1,0)(3,2,1)(4,2,0)(5,3,0)(6,4,0)	psi(W_(w^2+w+2))	psi(W_(w^2+w+2))	
1802	(0,0,0)(1,1,1)(2,1,1)(2,1,0)(3,2,1)(4,2,0)(5,3,0)(6,4,0)(6,4,0)	psi(W_(w^2+w+2)*2)	psi(W_(w^2+w+2)*2)	
1803	(0,0,0)(1,1,1)(2,1,1)(2,1,0)(3,2,1)(4,2,0)(5,3,0)(6,4,0)(7,4,0)	psi(W_(w^2+w+2)^2)	psi(W_(w^2+w+2)^2)	
1804	(0,0,0)(1,1,1)(2,1,1)(2,1,0)(3,2,1)(4,2,0)(5,3,0)(6,4,0)(7,5,0)	psi(W_(w^2+w+3))	psi(W_(w^2+w+3))	
1805	(0,0,0)(1,1,1)(2,1,1)(2,1,0)(3,2,1)(4,2,0)(5,3,1)	psi(W_(w^2+w2))	psi(W_(w^2+w2))	
1806	(0,0,0)(1,1,1)(2,1,1)(2,1,0)(3,2,1)(4,2,0)(5,3,1)(1,1,1)(2,1,1)	psi(W_(w^2+w2)+W_(w^2))	psi(W_(w^2+w2)+W_(w^2))	
1807	(0,0,0)(1,1,1)(2,1,1)(2,1,0)(3,2,1)(4,2,0)(5,3,1)(3,2,0)	psi(W_(w^2+w2)+W_(w^2+1))	psi(W_(w^2+w2)+W_(w^2+1))	
1808	(0,0,0)(1,1,1)(2,1,1)(2,1,0)(3,2,1)(4,2,0)(5,3,1)(3,2,1)	psi(W_(w^2+w2)+W_(w^2+w))	psi(W_(w^2+w2)+W_(w^2+w))	
1809	(0,0,0)(1,1,1)(2,1,1)(2,1,0)(3,2,1)(4,2,0)(5,3,1)(5,3,0)	psi(W_(w^2+w2)+W_(w^2+w+1))	psi(W_(w^2+w2)+W_(w^2+w+1))	
1810	(0,0,0)(1,1,1)(2,1,1)(2,1,0)(3,2,1)(4,2,0)(5,3,1)(5,3,1)	psi(W_(w^2+w2)*2)	psi(W_(w^2+w2)*2)	
1811	(0,0,0)(1,1,1)(2,1,1)(2,1,0)(3,2,1)(4,2,0)(5,3,1)(6,1,0)	psi(W_(w^2+w2)*W)	psi(W_(w^2+w2)*W)	
1812	(0,0,0)(1,1,1)(2,1,1)(2,1,0)(3,2,1)(4,2,0)(5,3,1)(6,1,0)(1,1,1)(2,1,1)	psi(W_(w^2+w2)*W_(w^2))	psi(W_(w^2+w2)*W_(w^2))	
1813	(0,0,0)(1,1,1)(2,1,1)(2,1,0)(3,2,1)(4,2,0)(5,3,1)(6,2,0)	psi(W_(w^2+w2)*W_(w^2+1))	psi(W_(w^2+w2)*W_(w^2+1))	
1814	(0,0,0)(1,1,1)(2,1,1)(2,1,0)(3,2,1)(4,2,0)(5,3,1)(6,2,0)(3,2,1)	psi(W_(w^2+w2)*W_(w^2+w))	psi(W_(w^2+w2)*W_(w^2+w))	
1815	(0,0,0)(1,1,1)(2,1,1)(2,1,0)(3,2,1)(4,2,0)(5,3,1)(6,3,0)	psi(W_(w^2+w2)*W_(w^2+w+1))	psi(W_(w^2+w2)*W_(w^2+w+1))	
1816	(0,0,0)(1,1,1)(2,1,1)(2,1,0)(3,2,1)(4,2,0)(5,3,1)(6,3,0)(7,4,1)(7,4,0)	psi(W_(w^2+w2)*W_(w^2+w+2))	psi(W_(w^2+w2)*W_(w^2+w+2))	
1817	(0,0,0)(1,1,1)(2,1,1)(2,1,0)(3,2,1)(4,2,0)(5,3,1)(6,3,0)(5,3,1)	psi(W_(w^2+w2)^2)	psi(W_(w^2+w2)^2)	
1818	(0,0,0)(1,1,1)(2,1,1)(2,1,0)(3,2,1)(4,2,0)(5,3,1)(6,3,0)(6,3,0)(5,3,1)	psi(W_(w^2+w2)^3)	psi(W_(w^2+w2)^3)	
1819	(0,0,0)(1,1,1)(2,1,1)(2,1,0)(3,2,1)(4,2,0)(5,3,1)(6,3,0)(7,1,0)	psi(W_(w^2+w2)^W)	psi(W_(w^2+w2)^W)	
1820	(0,0,0)(1,1,1)(2,1,1)(2,1,0)(3,2,1)(4,2,0)(5,3,1)(6,3,0)(7,3,0)	psi(W_(w^2+w2)^W_(w^2+w+1))	psi(W_(w^2+w2)^W_(w^2+w+1))	
1821	(0,0,0)(1,1,1)(2,1,1)(2,1,0)(3,2,1)(4,2,0)(5,3,1)(6,3,0)(7,3,0)(5,3,1)	psi(W_(w^2+w2)^W_(w^2+w2))	psi(W_(w^2+w2)^W_(w^2+w2))	
1822	(0,0,0)(1,1,1)(2,1,1)(2,1,0)(3,2,1)(4,2,0)(5,3,1)(6,3,0)(7,3,0)(8,3,0)(5,3,1)	psi(W_(w^2+w2)^W_(w^2+w2)^W_(w^2+w2))	psi(W_(w^2+w2)^W_(w^2+w2)^W_(w^2+w2))	
1823	(0,0,0)(1,1,1)(2,1,1)(2,1,0)(3,2,1)(4,2,0)(5,3,1)(6,3,0)(7,4,0)	psi(W_(w^2+w2+1))	psi(W_(w^2+w2+1))	
1824	(0,0,0)(1,1,1)(2,1,1)(2,1,0)(3,2,1)(4,2,0)(5,3,1)(6,3,0)(7,4,0)(1,1,1)(2,1,1)	psi(W_(w^2+w2+1)+W_(w^2))	psi(W_(w^2+w2+1)+W_(w^2))	
1825	(0,0,0)(1,1,1)(2,1,1)(2,1,0)(3,2,1)(4,2,0)(5,3,1)(6,3,0)(7,4,0)(3,2,1)	psi(W_(w^2+w2+1)+W_(w^2+w))	psi(W_(w^2+w2+1)+W_(w^2+w))	
1826	(0,0,0)(1,1,1)(2,1,1)(2,1,0)(3,2,1)(4,2,0)(5,3,1)(6,3,0)(7,4,0)(5,3,1)	psi(W_(w^2+w2+1)+W_(w^2+w2))	psi(W_(w^2+w2+1)+W_(w^2+w2))	
1827	(0,0,0)(1,1,1)(2,1,1)(2,1,0)(3,2,1)(4,2,0)(5,3,1)(6,3,0)(7,4,0)(7,4,0)	psi(W_(w^2+w2+1)*2)	psi(W_(w^2+w2+1)*2)	
1828	(0,0,0)(1,1,1)(2,1,1)(2,1,0)(3,2,1)(4,2,0)(5,3,1)(6,3,0)(7,4,0)(8,3,0)	psi(W_(w^2+w2+1)*W_(w^2+w+1))	psi(W_(w^2+w2+1)*W_(w^2+w+1))	
1829	(0,0,0)(1,1,1)(2,1,1)(2,1,0)(3,2,1)(4,2,0)(5,3,1)(6,3,0)(7,4,0)(8,3,0)(5,3,1)	psi(W_(w^2+w2+1)*W_(w^2+w2))	psi(W_(w^2+w2+1)*W_(w^2+w2))	
1830	(0,0,0)(1,1,1)(2,1,1)(2,1,0)(3,2,1)(4,2,0)(5,3,1)(6,3,0)(7,4,0)(8,4,0)	psi(W_(w^2+w2+1)^2)	psi(W_(w^2+w2+1)^2)	
1831	(0,0,0)(1,1,1)(2,1,1)(2,1,0)(3,2,1)(4,2,0)(5,3,1)(6,3,0)(7,4,0)(8,4,0)(9,4,0)	psi(W_(w^2+w2+1)^W_(w^2+w2+1))	psi(W_(w^2+w2+1)^W_(w^2+w2+1))	
1832	(0,0,0)(1,1,1)(2,1,1)(2,1,0)(3,2,1)(4,2,0)(5,3,1)(6,3,0)(7,4,0)(8,5,0)	psi(W_(w^2+w2+2))	psi(W_(w^2+w2+2))	
1833	(0,0,0)(1,1,1)(2,1,1)(2,1,0)(3,2,1)(4,2,0)(5,3,1)(6,3,0)(7,4,0)(8,5,0)(9,6,0)	psi(W_(w^2+w2+3))	psi(W_(w^2+w2+3))	
1834	(0,0,0)(1,1,1)(2,1,1)(2,1,0)(3,2,1)(4,2,0)(5,3,1)(6,3,0)(7,4,1)	psi(W_(w^2+w3))	psi(W_(w^2+w3))	
1835	(0,0,0)(1,1,1)(2,1,1)(2,1,0)(3,2,1)(4,2,0)(5,3,1)(6,3,0)(7,4,1)(1,1,1)(2,1,1)	psi(W_(w^2+w3)+W_(w^2))	psi(W_(w^2+w3)+W_(w^2))	
1836	(0,0,0)(1,1,1)(2,1,1)(2,1,0)(3,2,1)(4,2,0)(5,3,1)(6,3,0)(7,4,1)(3,2,1)	psi(W_(w^2+w3)+W_(w^2+w))	psi(W_(w^2+w3)+W_(w^2+w))	
1837	(0,0,0)(1,1,1)(2,1,1)(2,1,0)(3,2,1)(4,2,0)(5,3,1)(6,3,0)(7,4,1)(5,3,1)	psi(W_(w^2+w3)+W_(w^2+w2))	psi(W_(w^2+w3)+W_(w^2+w2))	
1838	(0,0,0)(1,1,1)(2,1,1)(2,1,0)(3,2,1)(4,2,0)(5,3,1)(6,3,0)(7,4,1)(7,4,1)	psi(W_(w^2+w3)*2)	psi(W_(w^2+w3)*2)	
1839	(0,0,0)(1,1,1)(2,1,1)(2,1,0)(3,2,1)(4,2,0)(5,3,1)(6,3,0)(7,4,1)(8,4,0)	psi(W_(w^2+w3)*W_(w^2+w2+1))	psi(W_(w^2+w3)*W_(w^2+w2+1))	
1840	(0,0,0)(1,1,1)(2,1,1)(2,1,0)(3,2,1)(4,2,0)(5,3,1)(6,3,0)(7,4,1)(8,4,0)(7,4,1)	psi(W_(w^2+w3)^2)	psi(W_(w^2+w3)^2)	
1841	(0,0,0)(1,1,1)(2,1,1)(2,1,0)(3,2,1)(4,2,0)(5,3,1)(6,3,0)(7,4,1)(8,4,0)(9,4,0)(7,4,1)	psi(W_(w^2+w3)^W_(w^2+w3))	psi(W_(w^2+w3)^W_(w^2+w3))	
1842	(0,0,0)(1,1,1)(2,1,1)(2,1,0)(3,2,1)(4,2,0)(5,3,1)(6,3,0)(7,4,1)(8,4,0)(9,5,0)	psi(W_(w^2+w3+1))	psi(W_(w^2+w3+1))	
1843	(0,0,0)(1,1,1)(2,1,1)(2,1,0)(3,2,1)(4,2,0)(5,3,1)(6,3,0)(7,4,1)(8,4,0)(9,5,1)	psi(W_(w^2+w4))	psi(W_(w^2+w4))	
1844	(0,0,0)(1,1,1)(2,1,1)(2,1,0)(3,2,1)(4,2,0)(5,3,1)(6,3,0)(7,4,1)(8,4,0)(9,5,1)(10,5,0)(11,6,1)	psi(W_(w^2+w5))	psi(W_(w^2+w5))	
1845	(0,0,0)(1,1,1)(2,1,1)(2,1,0)(3,2,1)(4,2,1)	psi(W_(w^2*2))	psi(W_(w^2*2))	
1846	(0,0,0)(1,1,1)(2,1,1)(2,1,0)(3,2,1)(4,2,1)(1,1,0)	psi(W_(w^2*2)+W)	psi(W_(w^2*2)+W)	
1847	(0,0,0)(1,1,1)(2,1,1)(2,1,0)(3,2,1)(4,2,1)(1,1,0)(2,2,1)(3,2,1)(3,2,0)(4,3,1)(5,3,1)(2,2,0)	psi(W_(w^2*2)+W_2)	psi(W_(w^2*2)+W_2)	
1848	(0,0,0)(1,1,1)(2,1,1)(2,1,0)(3,2,1)(4,2,1)(1,1,1)	psi(W_(w^2*2)+W_w)	psi(W_(w^2*2)+W_w)	
1849	(0,0,0)(1,1,1)(2,1,1)(2,1,0)(3,2,1)(4,2,1)(1,1,1)(2,1,0)(3,2,1)(4,2,1)	psi(W_(w^2*2)+psi_W_(w+1)(W_(w^2)))	psi(W_(w^2*2)+psi_W_(w+1)(W_(w^2)))	
1850	(0,0,0)(1,1,1)(2,1,1)(2,1,0)(3,2,1)(4,2,1)(1,1,1)(2,1,0)(3,2,1)(4,2,1)(4,2,0)(5,3,0)	psi(W_(w^2*2)+psi_W_(w+1)(W_(w^2+1)))	psi(W_(w^2*2)+psi_W_(w+1)(W_(w^2+1)))	
1851	(0,0,0)(1,1,1)(2,1,1)(2,1,0)(3,2,1)(4,2,1)(1,1,1)(2,1,0)(3,2,1)(4,2,1)(4,2,0)(5,3,1)	psi(W_(w^2*2)+psi_W_(w+1)(W_(w^2+w)))	psi(W_(w^2*2)+psi_W_(w+1)(W_(w^2+w)))	
1852	(0,0,0)(1,1,1)(2,1,1)(2,1,0)(3,2,1)(4,2,1)(1,1,1)(2,1,0)(3,2,1)(4,2,1)(4,2,0)(5,3,1)(6,3,1)	psi(W_(w^2*2)+psi_W_(w+1)(W_(w^2*2)))	psi(W_(w^2*2)+psi_W_(w+1)(W_(w^2*2)))	
1853	(0,0,0)(1,1,1)(2,1,1)(2,1,0)(3,2,1)(4,2,1)(1,1,1)(2,1,0)(3,2,1)(4,2,1)(4,2,0)(5,3,1)(6,3,1)(3,2,0)	psi(W_(w^2*2)+W_(w+1))	psi(W_(w^2*2)+W_(w+1))	
1854	(0,0,0)(1,1,1)(2,1,1)(2,1,0)(3,2,1)(4,2,1)(1,1,1)(2,1,0)(3,2,1)(4,2,1)(4,2,0)(5,3,1)(6,3,1)(3,2,1)	psi(W_(w^2*2)+W_(w2))	psi(W_(w^2*2)+W_(w2))	
1855	(0,0,0)(1,1,1)(2,1,1)(2,1,0)(3,2,1)(4,2,1)(1,1,1)(2,1,0)(3,2,1)(4,2,1)(4,2,0)(5,3,1)(6,3,1)(3,2,1)(4,2,0)(5,3,1)(6,3,1)(6,3,0)(7,4,1)(8,4,1)(5,3,1)	psi(W_(w^2*2)+W_(w3))	psi(W_(w^2*2)+W_(w3))	
1856	(0,0,0)(1,1,1)(2,1,1)(2,1,0)(3,2,1)(4,2,1)(1,1,1)(2,1,1)	psi(W_(w^2*2)+W_(w^2))	psi(W_(w^2*2)+W_(w^2))	
1857	(0,0,0)(1,1,1)(2,1,1)(2,1,0)(3,2,1)(4,2,1)(1,1,1)(2,1,1)(2,1,0)(3,2,1)(4,2,1)	psi(W_(w^2*2)+psi_W_(w^2+1)(W_(w^2*2)))	psi(W_(w^2*2)+psi_W_(w^2+1)(W_(w^2*2)))	
1858	(0,0,0)(1,1,1)(2,1,1)(2,1,0)(3,2,1)(4,2,1)(2,1,0)	psi(W_(w^2*2)+psi_W_(w^2+1)(W_(w^2*2))*W)	psi(W_(w^2*2)+psi_W_(w^2+1)(W_(w^2*2))*W)	
1859	(0,0,0)(1,1,1)(2,1,1)(2,1,0)(3,2,1)(4,2,1)(3,2,0)	psi(W_(w^2*2)+W_(w^2+1))	psi(W_(w^2*2)+W_(w^2+1))	
1860	(0,0,0)(1,1,1)(2,1,1)(2,1,0)(3,2,1)(4,2,1)(3,2,0)(4,3,1)(5,3,1)(4,3,0)	psi(W_(w^2*2)+W_(w^2+2))	psi(W_(w^2*2)+W_(w^2+2))	
1861	(0,0,0)(1,1,1)(2,1,1)(2,1,0)(3,2,1)(4,2,1)(3,2,1)	psi(W_(w^2*2)+W_(w^2+w))	psi(W_(w^2*2)+W_(w^2+w))	
1862	(0,0,0)(1,1,1)(2,1,1)(2,1,0)(3,2,1)(4,2,1)(3,2,1)(4,2,0)(5,3,1)(6,3,1)	psi(W_(w^2*2)+psi_W_(w^2+w+1)(W_(w^2*2)))	psi(W_(w^2*2)+psi_W_(w^2+w+1)(W_(w^2*2)))	
1863	(0,0,0)(1,1,1)(2,1,1)(2,1,0)(3,2,1)(4,2,1)(3,2,1)(4,2,0)(5,3,1)(6,3,1)(5,3,0)	psi(W_(w^2*2)+W_(w^2+w+1))	psi(W_(w^2*2)+W_(w^2+w+1))	
1864	(0,0,0)(1,1,1)(2,1,1)(2,1,0)(3,2,1)(4,2,1)(3,2,1)(4,2,0)(5,3,1)(6,3,1)(5,3,1)	psi(W_(w^2*2)+W_(w^2+w2))	psi(W_(w^2*2)+W_(w^2+w2))	
1865	(0,0,0)(1,1,1)(2,1,1)(2,1,0)(3,2,1)(4,2,1)(3,2,1)(4,2,0)(5,3,1)(6,3,1)(5,3,1)(6,4,0)(7,5,1)(8,5,1)(7,5,1)	psi(W_(w^2*2)+W_(w^2+w3))	psi(W_(w^2*2)+W_(w^2+w3))	
1866	(0,0,0)(1,1,1)(2,1,1)(2,1,0)(3,2,1)(4,2,1)(3,2,1)(4,2,1)	psi(W_(w^2*2)*2)	psi(W_(w^2*2)*2)	
1867	(0,0,0)(1,1,1)(2,1,1)(2,1,0)(3,2,1)(4,2,1)(3,2,1)(4,2,1)(3,2,1)(4,2,1)	psi(W_(w^2*2)*3)	psi(W_(w^2*2)*3)	
1868	(0,0,0)(1,1,1)(2,1,1)(2,1,0)(3,2,1)(4,2,1)(4,0,0)	psi(W_(w^2*2)*w)	psi(W_(w^2*2)*w)	
1869	(0,0,0)(1,1,1)(2,1,1)(2,1,0)(3,2,1)(4,2,1)(4,1,0)	psi(W_(w^2*2)*W)	psi(W_(w^2*2)*W)	
1870	(0,0,0)(1,1,1)(2,1,1)(2,1,0)(3,2,1)(4,2,1)(4,1,0)(1,1,0)(2,2,1)(3,2,1)(3,2,0)(4,3,1)(5,3,1)(5,2,0)	psi(W_(w^2*2)*W_2)	psi(W_(w^2*2)*W_2)	
1871	(0,0,0)(1,1,1)(2,1,1)(2,1,0)(3,2,1)(4,2,1)(4,1,0)(1,1,1)	psi(W_(w^2*2)*W_w)	psi(W_(w^2*2)*W_w)	
1872	(0,0,0)(1,1,1)(2,1,1)(2,1,0)(3,2,1)(4,2,1)(4,1,0)(1,1,1)(2,1,0)(3,2,1)(4,2,1)(4,2,0)(5,3,1)(6,3,1)(6,2,0)	psi(W_(w^2*2)*W_(w+1))	psi(W_(w^2*2)*W_(w+1))	
1873	(0,0,0)(1,1,1)(2,1,1)(2,1,0)(3,2,1)(4,2,1)(4,1,0)(1,1,1)(2,1,0)(3,2,1)(4,2,1)(4,2,0)(5,3,1)(6,3,1)(6,2,0)(3,2,1)	psi(W_(w^2*2)*W_(w2))	psi(W_(w^2*2)*W_(w2))	
1874	(0,0,0)(1,1,1)(2,1,1)(2,1,0)(3,2,1)(4,2,1)(4,1,0)(1,1,1)(2,1,1)	psi(W_(w^2*2)*W_(w^2))	psi(W_(w^2*2)*W_(w^2))	
1875	(0,0,0)(1,1,1)(2,1,1)(2,1,0)(3,2,1)(4,2,1)(4,2,0)	psi(W_(w^2*2)*W_(w^2+1))	psi(W_(w^2*2)*W_(w^2+1))	
1876	(0,0,0)(1,1,1)(2,1,1)(2,1,0)(3,2,1)(4,2,1)(4,2,0)(3,2,0)(4,3,1)(5,3,1)(5,3,0)	psi(W_(w^2*2)*W_(w^2+2))	psi(W_(w^2*2)*W_(w^2+2))	
1877	(0,0,0)(1,1,1)(2,1,1)(2,1,0)(3,2,1)(4,2,1)(4,2,0)(3,2,1)	psi(W_(w^2*2)*W_(w^2+w))	psi(W_(w^2*2)*W_(w^2+w))	
1878	(0,0,0)(1,1,1)(2,1,1)(2,1,0)(3,2,1)(4,2,1)(4,2,0)(3,2,1)(4,2,0)(5,3,1)(6,3,1)(6,3,0)	psi(W_(w^2*2)*W_(w^2+w+1))	psi(W_(w^2*2)*W_(w^2+w+1))	
1879	(0,0,0)(1,1,1)(2,1,1)(2,1,0)(3,2,1)(4,2,1)(4,2,0)(3,2,1)(4,2,0)(5,3,1)(6,3,1)(6,3,0)(5,3,1)	psi(W_(w^2*2)*W_(w^2+w2))	psi(W_(w^2*2)*W_(w^2+w2))	
1880	(0,0,0)(1,1,1)(2,1,1)(2,1,0)(3,2,1)(4,2,1)(4,2,0)(3,2,1)(4,2,0)(5,3,1)(6,3,1)(6,3,0)(5,3,1)(6,3,0)(7,4,1)(8,4,1)(8,4,0)(7,4,1)	psi(W_(w^2*2)*W_(w^2+w3))	psi(W_(w^2*2)*W_(w^2+w3))	
1881	(0,0,0)(1,1,1)(2,1,1)(2,1,0)(3,2,1)(4,2,1)(4,2,0)(3,2,1)(4,2,1)	psi(W_(w^2*2)^2)	psi(W_(w^2*2)^2)	
1882	(0,0,0)(1,1,1)(2,1,1)(2,1,0)(3,2,1)(4,2,1)(4,2,0)(3,2,1)(4,2,1)(3,2,1)(4,2,1)	psi(W_(w^2*2)^2+W_(w^2*2))	psi(W_(w^2*2)^2+W_(w^2*2))	
1883	(0,0,0)(1,1,1)(2,1,1)(2,1,0)(3,2,1)(4,2,1)(4,2,0)(3,2,1)(4,2,1)(4,1,0)	psi(W_(w^2*2)^2+W_(w^2*2)*W)	psi(W_(w^2*2)^2+W_(w^2*2)*W)	
1884	(0,0,0)(1,1,1)(2,1,1)(2,1,0)(3,2,1)(4,2,1)(4,2,0)(3,2,1)(4,2,1)(4,2,0)	psi(W_(w^2*2)^2+W_(w^2*2)*W_(w^2+1))	psi(W_(w^2*2)^2+W_(w^2*2)*W_(w^2+1))	
1885	(0,0,0)(1,1,1)(2,1,1)(2,1,0)(3,2,1)(4,2,1)(4,2,0)(3,2,1)(4,2,1)(4,2,0)(3,2,1)(4,2,1)	psi(W_(w^2*2)^2*2)	psi(W_(w^2*2)^2*2)	
1886	(0,0,0)(1,1,1)(2,1,1)(2,1,0)(3,2,1)(4,2,1)(4,2,0)(4,1,0)	psi(W_(w^2*2)^2*W)	psi(W_(w^2*2)^2*W)	
1887	(0,0,0)(1,1,1)(2,1,1)(2,1,0)(3,2,1)(4,2,1)(4,2,0)(4,2,0)	psi(W_(w^2*2)^2*W_(w^2+1))	psi(W_(w^2*2)^2*W_(w^2+1))	
1888	(0,0,0)(1,1,1)(2,1,1)(2,1,0)(3,2,1)(4,2,1)(4,2,0)(4,2,0)(3,2,1)(4,2,1)	psi(W_(w^2*2)^3)	psi(W_(w^2*2)^3)	
1889	(0,0,0)(1,1,1)(2,1,1)(2,1,0)(3,2,1)(4,2,1)(4,2,0)(4,2,0)(4,2,0)(3,2,1)(4,2,1)	psi(W_(w^2*2)^4)	psi(W_(w^2*2)^4)	
1890	(0,0,0)(1,1,1)(2,1,1)(2,1,0)(3,2,1)(4,2,1)(4,2,0)(5,1,0)	psi(W_(w^2*2)^W)	psi(W_(w^2*2)^W)	
1891	(0,0,0)(1,1,1)(2,1,1)(2,1,0)(3,2,1)(4,2,1)(4,2,0)(5,2,0)	psi(W_(w^2*2)^W_(w^2+1))	psi(W_(w^2*2)^W_(w^2+1))	
1892	(0,0,0)(1,1,1)(2,1,1)(2,1,0)(3,2,1)(4,2,1)(4,2,0)(5,2,0)(3,2,1)(4,2,1)	psi(W_(w^2*2)^W_(w^2*2))	psi(W_(w^2*2)^W_(w^2*2))	
1893	(0,0,0)(1,1,1)(2,1,1)(2,1,0)(3,2,1)(4,2,1)(4,2,0)(5,2,0)(5,2,0)(3,2,1)(4,2,1)	psi(W_(w^2*2)^W_(w^2*2)^2)	psi(W_(w^2*2)^W_(w^2*2)^2)	
1894	(0,0,0)(1,1,1)(2,1,1)(2,1,0)(3,2,1)(4,2,1)(4,2,0)(5,2,0)(6,2,0)(3,2,1)(4,2,1)	psi(W_(w^2*2)^W_(w^2*2)^W_(w^2*2))	psi(W_(w^2*2)^W_(w^2*2)^W_(w^2*2))	
1895	(0,0,0)(1,1,1)(2,1,1)(2,1,0)(3,2,1)(4,2,1)(4,2,0)(5,3,0)	psi(W_(w^2*2+1))	psi(W_(w^2*2+1))	
1896	(0,0,0)(1,1,1)(2,1,1)(2,1,0)(3,2,1)(4,2,1)(4,2,0)(5,3,0)(1,1,1)(2,1,1)	psi(W_(w^2*2+1)+W_(w^2))	psi(W_(w^2*2+1)+W_(w^2))	
1897	(0,0,0)(1,1,1)(2,1,1)(2,1,0)(3,2,1)(4,2,1)(4,2,0)(5,3,0)(3,2,0)	psi(W_(w^2*2+1)+W_(w^2+1))	psi(W_(w^2*2+1)+W_(w^2+1))	
1898	(0,0,0)(1,1,1)(2,1,1)(2,1,0)(3,2,1)(4,2,1)(4,2,0)(5,3,0)(3,2,1)	psi(W_(w^2*2+1)+W_(w^2+w))	psi(W_(w^2*2+1)+W_(w^2+w))	
1899	(0,0,0)(1,1,1)(2,1,1)(2,1,0)(3,2,1)(4,2,1)(4,2,0)(5,3,0)(3,2,1)(4,2,1)	psi(W_(w^2*2+1)+W_(w^2*2))	psi(W_(w^2*2+1)+W_(w^2*2))	
1900	(0,0,0)(1,1,1)(2,1,1)(2,1,0)(3,2,1)(4,2,1)(4,2,0)(5,3,0)(3,2,1)(4,2,1)(4,2,0)(5,3,0)	psi(W_(w^2*2+1)+psi_W_(w^2*2+1)(W_(w^2*2+1)))	psi(W_(w^2*2+1)+psi_W_(w^2*2+1)(W_(w^2*2+1)))	
1901	(0,0,0)(1,1,1)(2,1,1)(2,1,0)(3,2,1)(4,2,1)(4,2,0)(5,3,0)(4,2,0)	psi(W_(w^2*2+1)+psi_W_(w^2*2+1)(W_(w^2*2+1))*W)	psi(W_(w^2*2+1)+psi_W_(w^2*2+1)(W_(w^2*2+1))*W)	
1902	(0,0,0)(1,1,1)(2,1,1)(2,1,0)(3,2,1)(4,2,1)(4,2,0)(5,3,0)(5,3,0)	psi(W_(w^2*2+1)*2)	psi(W_(w^2*2+1)*2)	
1903	(0,0,0)(1,1,1)(2,1,1)(2,1,0)(3,2,1)(4,2,1)(4,2,0)(5,3,0)(5,3,0)(5,3,0)	psi(W_(w^2*2+1)*3)	psi(W_(w^2*2+1)*3)	
1904	(0,0,0)(1,1,1)(2,1,1)(2,1,0)(3,2,1)(4,2,1)(4,2,0)(5,3,0)(6,1,0)	psi(W_(w^2*2+1)*W)	psi(W_(w^2*2+1)*W)	
1905	(0,0,0)(1,1,1)(2,1,1)(2,1,0)(3,2,1)(4,2,1)(4,2,0)(5,3,0)(6,1,0)(1,1,1)(2,1,1)	psi(W_(w^2*2+1)*W_(w^2))	psi(W_(w^2*2+1)*W_(w^2))	
1906	(0,0,0)(1,1,1)(2,1,1)(2,1,0)(3,2,1)(4,2,1)(4,2,0)(5,3,0)(6,2,0)	psi(W_(w^2*2+1)*W_(w^2+1))	psi(W_(w^2*2+1)*W_(w^2+1))	
1907	(0,0,0)(1,1,1)(2,1,1)(2,1,0)(3,2,1)(4,2,1)(4,2,0)(5,3,0)(6,2,0)(3,2,1)(4,2,1)	psi(W_(w^2*2+1)*W_(w^2*2))	psi(W_(w^2*2+1)*W_(w^2*2))	
1908	(0,0,0)(1,1,1)(2,1,1)(2,1,0)(3,2,1)(4,2,1)(4,2,0)(5,3,0)(6,3,0)	psi(W_(w^2*2+1)^2)	psi(W_(w^2*2+1)^2)	
1909	(0,0,0)(1,1,1)(2,1,1)(2,1,0)(3,2,1)(4,2,1)(4,2,0)(5,3,0)(6,3,0)(6,3,0)	psi(W_(w^2*2+1)^3)	psi(W_(w^2*2+1)^3)	
1910	(0,0,0)(1,1,1)(2,1,1)(2,1,0)(3,2,1)(4,2,1)(4,2,0)(5,3,0)(6,3,0)(7,3,0)	psi(W_(w^2*2+1)^W_(w^2*2+1))	psi(W_(w^2*2+1)^W_(w^2*2+1))	
1911	(0,0,0)(1,1,1)(2,1,1)(2,1,0)(3,2,1)(4,2,1)(4,2,0)(5,3,0)(6,4,0)	psi(W_(w^2*2+2))	psi(W_(w^2*2+2))	
1912	(0,0,0)(1,1,1)(2,1,1)(2,1,0)(3,2,1)(4,2,1)(4,2,0)(5,3,0)(6,4,0)(7,4,0)	psi(W_(w^2*2+2)^2)	psi(W_(w^2*2+2)^2)	
1913	(0,0,0)(1,1,1)(2,1,1)(2,1,0)(3,2,1)(4,2,1)(4,2,0)(5,3,0)(6,4,0)(7,5,0)	psi(W_(w^2*2+3))	psi(W_(w^2*2+3))	
1914	(0,0,0)(1,1,1)(2,1,1)(2,1,0)(3,2,1)(4,2,1)(4,2,0)(5,3,1)	psi(W_(w^2*2+w))	psi(W_(w^2*2+w))	
1915	(0,0,0)(1,1,1)(2,1,1)(2,1,0)(3,2,1)(4,2,1)(4,2,0)(5,3,1)(1,1,1)(2,1,1)	psi(W_(w^2*2+w)+W_(w^2))	psi(W_(w^2*2+w)+W_(w^2))	
1916	(0,0,0)(1,1,1)(2,1,1)(2,1,0)(3,2,1)(4,2,1)(4,2,0)(5,3,1)(3,2,1)(4,2,1)	psi(W_(w^2*2+w)+W_(w^2*2))	psi(W_(w^2*2+w)+W_(w^2*2))	
1917	(0,0,0)(1,1,1)(2,1,1)(2,1,0)(3,2,1)(4,2,1)(4,2,0)(5,3,1)(5,3,0)	psi(W_(w^2*2+w)+W_(w^2*2+1))	psi(W_(w^2*2+w)+W_(w^2*2+1))	
1918	(0,0,0)(1,1,1)(2,1,1)(2,1,0)(3,2,1)(4,2,1)(4,2,0)(5,3,1)(5,3,1)	psi(W_(w^2*2+w)*2)	psi(W_(w^2*2+w)*2)	
1919	(0,0,0)(1,1,1)(2,1,1)(2,1,0)(3,2,1)(4,2,1)(4,2,0)(5,3,1)(6,1,0)	psi(W_(w^2*2+w)*W)	psi(W_(w^2*2+w)*W)	
1920	(0,0,0)(1,1,1)(2,1,1)(2,1,0)(3,2,1)(4,2,1)(4,2,0)(5,3,1)(6,2,0)	psi(W_(w^2*2+w)*W_(w^2+1))	psi(W_(w^2*2+w)*W_(w^2+1))	
1921	(0,0,0)(1,1,1)(2,1,1)(2,1,0)(3,2,1)(4,2,1)(4,2,0)(5,3,1)(6,3,0)	psi(W_(w^2*2+w)*W_(w^2*2+1))	psi(W_(w^2*2+w)*W_(w^2*2+1))	
1922	(0,0,0)(1,1,1)(2,1,1)(2,1,0)(3,2,1)(4,2,1)(4,2,0)(5,3,1)(6,3,0)(5,3,1)	psi(W_(w^2*2+w)^2)	psi(W_(w^2*2+w)^2)	
1923	(0,0,0)(1,1,1)(2,1,1)(2,1,0)(3,2,1)(4,2,1)(4,2,0)(5,3,1)(6,3,0)(6,3,0)(5,3,1)	psi(W_(w^2*2+w)^3)	psi(W_(w^2*2+w)^3)	
1924	(0,0,0)(1,1,1)(2,1,1)(2,1,0)(3,2,1)(4,2,1)(4,2,0)(5,3,1)(6,3,0)(7,3,0)(5,3,1)	psi(W_(w^2*2+w)^W_(w^2*2+w))	psi(W_(w^2*2+w)^W_(w^2*2+w))	
1925	(0,0,0)(1,1,1)(2,1,1)(2,1,0)(3,2,1)(4,2,1)(4,2,0)(5,3,1)(6,3,0)(7,4,0)	psi(W_(w^2*2+w+1))	psi(W_(w^2*2+w+1))	
1926	(0,0,0)(1,1,1)(2,1,1)(2,1,0)(3,2,1)(4,2,1)(4,2,0)(5,3,1)(6,3,0)(7,4,0)(8,4,0)	psi(W_(w^2*2+w+1)^2)	psi(W_(w^2*2+w+1)^2)	
1927	(0,0,0)(1,1,1)(2,1,1)(2,1,0)(3,2,1)(4,2,1)(4,2,0)(5,3,1)(6,3,0)(7,4,0)(8,5,0)	psi(W_(w^2*2+w+2))	psi(W_(w^2*2+w+2))	
1928	(0,0,0)(1,1,1)(2,1,1)(2,1,0)(3,2,1)(4,2,1)(4,2,0)(5,3,1)(6,3,0)(7,4,1)	psi(W_(w^2*2+w2))	psi(W_(w^2*2+w2))	
1929	(0,0,0)(1,1,1)(2,1,1)(2,1,0)(3,2,1)(4,2,1)(4,2,0)(5,3,1)(6,3,0)(7,4,1)(8,4,0)(9,5,1)	psi(W_(w^2*2+w3))	psi(W_(w^2*2+w3))	
1930	(0,0,0)(1,1,1)(2,1,1)(2,1,0)(3,2,1)(4,2,1)(4,2,0)(5,3,1)(6,3,1)	psi(W_(w^2*3))	psi(W_(w^2*3))	
1931	(0,0,0)(1,1,1)(2,1,1)(2,1,0)(3,2,1)(4,2,1)(4,2,0)(5,3,1)(6,3,1)(1,1,1)(2,1,1)	psi(W_(w^2*3)+W_(w^2))	psi(W_(w^2*3)+W_(w^2))	
1932	(0,0,0)(1,1,1)(2,1,1)(2,1,0)(3,2,1)(4,2,1)(4,2,0)(5,3,1)(6,3,1)(3,2,1)(4,2,1)	psi(W_(w^2*3)+W_(w^2*2))	psi(W_(w^2*3)+W_(w^2*2))	
1933	(0,0,0)(1,1,1)(2,1,1)(2,1,0)(3,2,1)(4,2,1)(4,2,0)(5,3,1)(6,3,1)(5,3,1)(	psi(W_(w^2*3)+W_(w^2*2+w))	psi(W_(w^2*3)+W_(w^2*2+w))	
1934	(0,0,0)(1,1,1)(2,1,1)(2,1,0)(3,2,1)(4,2,1)(4,2,0)(5,3,1)(6,3,1)(5,3,1)(6,3,1)	psi(W_(w^2*3)*2)	psi(W_(w^2*3)*2)	
1935	(0,0,0)(1,1,1)(2,1,1)(2,1,0)(3,2,1)(4,2,1)(4,2,0)(5,3,1)(6,3,1)(6,1,0)	psi(W_(w^2*3)*W)	psi(W_(w^2*3)*W)	
1936	(0,0,0)(1,1,1)(2,1,1)(2,1,0)(3,2,1)(4,2,1)(4,2,0)(5,3,1)(6,3,1)(6,3,0)	psi(W_(w^2*3)*W_(w^2*2+1))	psi(W_(w^2*3)*W_(w^2*2+1))	
1937	(0,0,0)(1,1,1)(2,1,1)(2,1,0)(3,2,1)(4,2,1)(4,2,0)(5,3,1)(6,3,1)(6,3,0)(5,3,1)(6,3,1)	psi(W_(w^2*3)^2)	psi(W_(w^2*3)^2)	
1938	(0,0,0)(1,1,1)(2,1,1)(2,1,0)(3,2,1)(4,2,1)(4,2,0)(5,3,1)(6,3,1)(6,3,0)(7,3,0)(5,3,1)(6,3,1)	psi(W_(w^2*3)^W_(w^2*3))	psi(W_(w^2*3)^W_(w^2*3))	
1939	(0,0,0)(1,1,1)(2,1,1)(2,1,0)(3,2,1)(4,2,1)(4,2,0)(5,3,1)(6,3,1)(6,3,0)(7,4,0)	psi(W_(w^2*3+1))	psi(W_(w^2*3+1))	
1940	(0,0,0)(1,1,1)(2,1,1)(2,1,0)(3,2,1)(4,2,1)(4,2,0)(5,3,1)(6,3,1)(6,3,0)(7,4,0)(8,5,0)	psi(W_(w^2*3+2))	psi(W_(w^2*3+2))	
1941	(0,0,0)(1,1,1)(2,1,1)(2,1,0)(3,2,1)(4,2,1)(4,2,0)(5,3,1)(6,3,1)(6,3,0)(7,4,1)	psi(W_(w^2*3+w))	psi(W_(w^2*3+w))	
1942	(0,0,0)(1,1,1)(2,1,1)(2,1,0)(3,2,1)(4,2,1)(4,2,0)(5,3,1)(6,3,1)(6,3,0)(7,4,1)(8,4,0)(9,5,1)	psi(W_(w^2*3+w2))	psi(W_(w^2*3+w2))	
1943	(0,0,0)(1,1,1)(2,1,1)(2,1,0)(3,2,1)(4,2,1)(4,2,0)(5,3,1)(6,3,1)(6,3,0)(7,4,1)(8,4,1)	psi(W_(w^2*4))	psi(W_(w^2*4))	
1944	(0,0,0)(1,1,1)(2,1,1)(2,1,0)(3,2,1)(4,2,1)(4,2,0)(5,3,1)(6,3,1)(6,3,0)(7,4,1)(8,4,1)(8,4,0)(9,5,0)	psi(W_(w^2*4+1))	psi(W_(w^2*4+1))	
1945	(0,0,0)(1,1,1)(2,1,1)(2,1,0)(3,2,1)(4,2,1)(4,2,0)(5,3,1)(6,3,1)(6,3,0)(7,4,1)(8,4,1)(8,4,0)(9,5,1)	psi(W_(w^2*4+w))	psi(W_(w^2*4+w))	
1946	(0,0,0)(1,1,1)(2,1,1)(2,1,0)(3,2,1)(4,2,1)(4,2,0)(5,3,1)(6,3,1)(6,3,0)(7,4,1)(8,4,1)(8,4,0)(9,5,1)(10,5,1)	psi(W_(w^2*5))	psi(W_(w^2*5))	
1947	(0,0,0)(1,1,1)(2,1,1)(2,1,0)(3,2,1)(4,2,1)(4,2,0)(5,3,1)(6,3,1)(6,3,0)(7,4,1)(8,4,1)(8,4,0)(9,5,1)(10,5,1)(10,5,0)(11,5,1)(12,6,1)	psi(W_(w^2*6))	psi(W_(w^2*6))	
1948	(0,0,0)(1,1,1)(2,1,1)(2,1,1)	psi(W_(w^3))	psi(W_(w^3))	
1950	(0,0,0)(1,1,1)(2,1,1)(2,1,1)(1,1,0)	psi(W_(w^3)+W)	psi(W_(w^3)+W)	
1951	(0,0,0)(1,1,1)(2,1,1)(2,1,1)(1,1,0)(2,2,1)(3,2,1)(3,2,1)	psi(W_(w^3)+psi_1(W_(w^3)))	psi(W_(w^3)+psi_1(W_(w^3)))	
1952	(0,0,0)(1,1,1)(2,1,1)(2,1,1)(1,1,0)(2,2,1)(3,2,1)(3,2,1)(2,2,0)	psi(W_(w^3)+W_2)	psi(W_(w^3)+W_2)	
1953	(0,0,0)(1,1,1)(2,1,1)(2,1,1)(1,1,1)	psi(W_(w^3)+W_w)	psi(W_(w^3)+W_w)	
1954	(0,0,0)(1,1,1)(2,1,1)(2,1,1)(1,1,1)(2,1,0)(3,2,0)	psi(W_(w^3)+psi_W_(w+1)(W_(w+1)))	psi(W_(w^3)+psi_W_(w+1)(W_(w+1)))	
1955	(0,0,0)(1,1,1)(2,1,1)(2,1,1)(1,1,1)(2,1,0)(3,2,1)	psi(W_(w^3)+psi_W_(w+1)(W_(w2)))	psi(W_(w^3)+psi_W_(w+1)(W_(w2)))	
1956	(0,0,0)(1,1,1)(2,1,1)(2,1,1)(1,1,1)(2,1,0)(3,2,1)(4,2,1)	psi(W_(w^3)+psi_W_(w+1)(W_(w^2)))	psi(W_(w^3)+psi_W_(w+1)(W_(w^2)))	
1957	(0,0,0)(1,1,1)(2,1,1)(2,1,1)(1,1,1)(2,1,0)(3,2,1)(4,2,1)(4,2,1)	psi(W_(w^3)+psi_W_(w+1)(W_(w^3)))	psi(W_(w^3)+psi_W_(w+1)(W_(w^3)))	
1958	(0,0,0)(1,1,1)(2,1,1)(2,1,1)(1,1,1)(2,1,0)(3,2,1)(4,2,1)(4,2,1)(2,1,0)	psi(W_(w^3)+psi_W_(w+1)(W_(w^3))*W)	psi(W_(w^3)+psi_W_(w+1)(W_(w^3))*W)	
1959	(0,0,0)(1,1,1)(2,1,1)(2,1,1)(1,1,1)(2,1,0)(3,2,1)(4,2,1)(4,2,1)(3,2,0)	psi(W_(w^3)+W_(w+1))	psi(W_(w^3)+W_(w+1))	
1960	(0,0,0)(1,1,1)(2,1,1)(2,1,1)(1,1,1)(2,1,0)(3,2,1)(4,2,1)(4,2,1)(3,2,1)	psi(W_(w^3)+W_(w2))	psi(W_(w^3)+W_(w2))	
1961	(0,0,0)(1,1,1)(2,1,1)(2,1,1)(1,1,1)(2,1,0)(3,2,1)(4,2,1)(4,2,1)(3,2,1)(4,2,0)(5,3,1)(6,3,1)(6,3,1)(5,3,1)	psi(W_(w^3)+W_(w3))	psi(W_(w^3)+W_(w3))	
1962	(0,0,0)(1,1,1)(2,1,1)(2,1,1)(1,1,1)(2,1,1)	psi(W_(w^3)+W_(w^2))	psi(W_(w^3)+W_(w^2))	
1963	(0,0,0)(1,1,1)(2,1,1)(2,1,1)(1,1,1)(2,1,1)(2,1,0)(3,2,0)	psi(W_(w^3)+psi_W_(w^2+1)(W_(w^2+1)))	psi(W_(w^3)+psi_W_(w^2+1)(W_(w^2+1)))	
1964	(0,0,0)(1,1,1)(2,1,1)(2,1,1)(1,1,1)(2,1,1)(2,1,0)(3,2,1)	psi(W_(w^3)+psi_W_(w^2+1)(W_(w^2+w)))	psi(W_(w^3)+psi_W_(w^2+1)(W_(w^2+w)))	
1965	(0,0,0)(1,1,1)(2,1,1)(2,1,1)(1,1,1)(2,1,1)(2,1,0)(3,2,1)(4,2,1)	psi(W_(w^3)+psi_W_(w^2+1)(W_(w^2*2)))	psi(W_(w^3)+psi_W_(w^2+1)(W_(w^2*2)))	
1966	(0,0,0)(1,1,1)(2,1,1)(2,1,1)(1,1,1)(2,1,1)(2,1,0)(3,2,1)(4,2,1)(4,2,1)	psi(W_(w^3)+psi_W_(w^2+1)(W_(w^3)))	psi(W_(w^3)+psi_W_(w^2+1)(W_(w^3)))	
1967	(0,0,0)(1,1,1)(2,1,1)(2,1,1)(1,1,1)(2,1,1)(2,1,0)(3,2,1)(4,2,1)(4,2,1)(3,2,0)	psi(W_(w^3)+W_(w^2+1))	psi(W_(w^3)+W_(w^2+1))	
1968	(0,0,0)(1,1,1)(2,1,1)(2,1,1)(1,1,1)(2,1,1)(2,1,0)(3,2,1)(4,2,1)(4,2,1)(3,2,1)	psi(W_(w^3)+W_(w^2+w))	psi(W_(w^3)+W_(w^2+w))	
1969	(0,0,0)(1,1,1)(2,1,1)(2,1,1)(1,1,1)(2,1,1)(2,1,0)(3,2,1)(4,2,1)(4,2,1)(3,2,1)(4,2,1)	psi(W_(w^3)+W_(w^2*2)	psi(W_(w^3)+W_(w^2*2))	paren+1
1970	(0,0,0)(1,1,1)(2,1,1)(2,1,1)(1,1,1)(2,1,1)(2,1,0)(3,2,1)(4,2,1)(4,2,1)(3,2,1)(4,2,1)(4,2,0)(5,3,1)(6,3,1)(6,3,1)(5,3,1)(6,3,1)(6,3,0)	psi(W_(w^3)+W_(w^2*3))	psi(W_(w^3)+W_(w^2*3))	
1971	(0,0,0)(1,1,1)(2,1,1)(2,1,1)(1,1,1)(2,1,1)(2,1,1)	psi(W_(w^3)*2)	psi(W_(w^3)*2)	
1972	(0,0,0)(1,1,1)(2,1,1)(2,1,1)(1,1,1)(2,1,1)(2,1,1)(1,1,1)	psi(W_(w^3)*2+W_w)	psi(W_(w^3)*2+W_w)	
1973	(0,0,0)(1,1,1)(2,1,1)(2,1,1)(1,1,1)(2,1,1)(2,1,1)(1,1,1)(2,1,1)	psi(W_(w^3)*2+W_(w^2))	psi(W_(w^3)*2+W_(w^2))	
1974	(0,0,0)(1,1,1)(2,1,1)(2,1,1)(1,1,1)(2,1,1)(2,1,1)(1,1,1)(2,1,1)(2,1,1)	psi(W_(w^3)*3)	psi(W_(w^3)*3)	
1975	(0,0,0)(1,1,1)(2,1,1)(2,1,1)(2,0,0)	psi(W_(w^3)*w)	psi(W_(w^3)*w)	
1976	(0,0,0)(1,1,1)(2,1,1)(2,1,1)(2,0,0)(3,1,1)	psi(W_(w^3)*psi(W_w))	psi(W_(w^3)*psi(W_w))	
1977	(0,0,0)(1,1,1)(2,1,1)(2,1,1)(2,1,0)	psi(W_(w^3)*W)	psi(W_(w^3)*W)	
1978	(0,0,0)(1,1,1)(2,1,1)(2,1,1)(2,1,0)(1,1,0)(2,2,1)(3,2,1)(3,2,1)(3,1,0)(	psi(W_(w^3)*W+psi_1(W_(w^3)*W))	psi(W_(w^3)*W+psi_1(W_(w^3)*W))	
1979	(0,0,0)(1,1,1)(2,1,1)(2,1,1)(2,1,0)(1,1,0)(2,2,1)(3,2,1)(3,2,1)(3,1,0)(2,2,1)(3,2,1)(3,2,1)	psi(W_(w^3)*W+W_(w^3))	psi(W_(w^3)*W+W_(w^3))	
1980	(0,0,0)(1,1,1)(2,1,1)(2,1,1)(2,1,0)(1,1,0)(2,2,1)(3,2,1)(3,2,1)(3,1,0)(3,1,0)	psi(W_(w^3)*W^2)	psi(W_(w^3)*W^2)	
1981	(0,0,0)(1,1,1)(2,1,1)(2,1,1)(2,1,0)(1,1,0)(2,2,1)(3,2,1)(3,2,1)(3,2,0)	psi(W_(w^3)*W_2)	psi(W_(w^3)*W_2)	
1982	(0,0,0)(1,1,1)(2,1,1)(2,1,1)(2,1,0)(1,1,0)(2,2,1)(3,2,1)(3,2,1)(3,2,0)(2,2,0)(3,3,1)(4,3,1)(4,3,1)(4,3,0)	psi(W_(w^3)*W_3)	psi(W_(w^3)*W_3)	
1983	(0,0,0)(1,1,1)(2,1,1)(2,1,1)(2,1,0)(1,1,1)	psi(W_(w^3)*W_w)	psi(W_(w^3)*W_w)	
1984	(0,0,0)(1,1,1)(2,1,1)(2,1,1)(2,1,0)(1,1,1)(2,1,0)(3,2,1(4,2,1)(4,2,1)(4,1,0)(1,1,1)	psi(W_(w^3)*psi_W_(w+1)(W_(w^3)*W_w))	psi(W_(w^3)*psi_W_(w+1)(W_(w^3)*W_w))	
1985	(0,0,0)(1,1,1)(2,1,1)(2,1,1)(2,1,0)(1,1,1)(2,1,0)(3,2,1(4,2,1)(4,2,1)(4,1,0)(4,1,0)(1,1,1)	psi(W_(w^3)*W_w^2)	psi(W_(w^3)*W_w^2)	
1986	(0,0,0)(1,1,1)(2,1,1)(2,1,1)(2,1,0)(1,1,1)(2,1,0)(3,2,1(4,2,1)(4,2,1)(4,1,0)(5,2,1)(6,2,1)(6,2,1)	psi(W_(w^3)*psi_W_(w+1)(W_(w^3)))	psi(W_(w^3)*psi_W_(w+1)(W_(w^3)))	
1987	(0,0,0)(1,1,1)(2,1,1)(2,1,1)(2,1,0)(1,1,1)(2,1,0)(3,2,1(4,2,1)(4,2,1)(4,2,0)	psi(W_(w^3)*W_(w+1))	psi(W_(w^3)*W_(w+1))	
1988	(0,0,0)(1,1,1)(2,1,1)(2,1,1)(2,1,0)(1,1,1)(2,1,0)(3,2,1(4,2,1)(4,2,1)(4,2,0)(3,2,0)(4,3,1)(5,3,1)(5,3,1)(5,3,0)	psi(W_(w^3)*W_(w+2))	psi(W_(w^3)*W_(w+2))	
1989	(0,0,0)(1,1,1)(2,1,1)(2,1,1)(2,1,0)(1,1,1)(2,1,0)(3,2,1(4,2,1)(4,2,1)(4,2,0)(3,2,1)	psi(W_(w^3)*W_(w2))	psi(W_(w^3)*W_(w2))	
1990	(0,0,0)(1,1,1)(2,1,1)(2,1,1)(2,1,0)(1,1,1)(2,1,0)(3,2,1(4,2,1)(4,2,1)(4,2,0)(3,2,1)(4,2,0)(5,3,1)(6,3,1)(6,3,1)(6,3,0)(5,3,1)	psi(W_(w^3)*W_(w3))	psi(W_(w^3)*W_(w3))	
1991	(0,0,0)(1,1,1)(2,1,1)(2,1,1)(2,1,0)(1,1,1)(2,1,1)	psi(W_(w^3)*W_(w^2))	psi(W_(w^3)*W_(w^2))	
1992	(0,0,0)(1,1,1)(2,1,1)(2,1,1)(2,1,0)(1,1,1)(2,1,1)(2,1,0)(3,2,1)(4,2,1)(4,2,1)(4,1,0)(1,1,1)(2,1,1)	psi(W_(w^3)*W_(w^2)+psi_W_(w^2+1)(W_(w^3)*W_(w^2)))	psi(W_(w^3)*W_(w^2)+psi_W_(w^2+1)(W_(w^3)*W_(w^2)))	
1993	(0,0,0)(1,1,1)(2,1,1)(2,1,1)(2,1,0)(1,1,1)(2,1,1)(2,1,0)(3,2,1)(4,2,1)(4,2,1)(4,1,0)(4,1,0)(1,1,1)(2,1,1)	psi(W_(w^3)*W_(w^2)^2)	psi(W_(w^3)*W_(w^2)^2)	
1994	(0,0,0)(1,1,1)(2,1,1)(2,1,1)(2,1,0)(1,1,1)(2,1,1)(2,1,0)(3,2,1)(4,2,1)(4,2,1)(4,1,0)(5,2,1)(6,2,1)(6,2,1)	psi(W_(w^3)*psi_W_(w^2+1)(W_(w^3)))	psi(W_(w^3)*psi_W_(w^2+1)(W_(w^3)))	
1995	(0,0,0)(1,1,1)(2,1,1)(2,1,1)(2,1,0)(1,1,1)(2,1,1)(2,1,0)(3,2,1)(4,2,1)(4,2,1)(4,2,0)	psi(W_(w^3)*W_(w^2+1))	psi(W_(w^3)*W_(w^2+1))	
1996	(0,0,0)(1,1,1)(2,1,1)(2,1,1)(2,1,0)(1,1,1)(2,1,1)(2,1,0)(3,2,1)(4,2,1)(4,2,1)(4,2,0)(3,2,1)	psi(W_(w^3)*W_(w^2+w))	psi(W_(w^3)*W_(w^2+w))	
1997	(0,0,0)(1,1,1)(2,1,1)(2,1,1)(2,1,0)(1,1,1)(2,1,1)(2,1,0)(3,2,1)(4,2,1)(4,2,1)(4,2,0)(3,2,1)(4,2,0)(5,3,1)(6,3,1)(6,3,1)(6,3,0)(5,3,1)	psi(W_(w^3)*W_(w^2+w2))	psi(W_(w^3)*W_(w^2+w2))	
1998	(0,0,0)(1,1,1)(2,1,1)(2,1,1)(2,1,0)(1,1,1)(2,1,1)(2,1,0)(3,2,1)(4,2,1)(4,2,1)(4,2,0)(3,2,1)(4,2,1)	psi(W_(w^3)*W_(w^2*2))	psi(W_(w^3)*W_(w^2*2))	
1999	(0,0,0)(1,1,1)(2,1,1)(2,1,1)(2,1,0)(1,1,1)(2,1,1)(2,1,0)(3,2,1)(4,2,1)(4,2,1)(4,2,0)(3,2,1)(4,2,1)(4,2,0)(5,3,1)(6,3,1)(6,3,1)(6,3,0)(5,3,1)(6,3,1)	psi(W_(w^3)*W_(w^2*3))	psi(W_(w^3)*W_(w^2*3))	
2000	(0,0,0)(1,1,1)(2,1,1)(2,1,1)(2,1,0)(1,1,1)(2,1,1)(2,1,1)	psi(W_(w^3)^2)	psi(W_(w^3)^2)	
2001	(0,0,0)(1,1,1)(2,1,1)(2,1,1)(2,1,0)(1,1,1)(2,1,1)(2,1,1)(1,1,1)	psi(W_(w^3)^2+W_w)	psi(W_(w^3)^2+W_w)	
2002	(0,0,0)(1,1,1)(2,1,1)(2,1,1)(2,1,0)(1,1,1)(2,1,1)(2,1,1)(1,1,1)(2,1,1)	psi(W_(w^3)^2+W_(w^2))	psi(W_(w^3)^2+W_(w^2))	
2003	(0,0,0)(1,1,1)(2,1,1)(2,1,1)(2,1,0)(1,1,1)(2,1,1)(2,1,1)(1,1,1)(2,1,1)(2,1,1)	psi(W_(w^3)^2+W_(w^3))	psi(W_(w^3)^2+W_(w^3))	
2004	(0,0,0)(1,1,1)(2,1,1)(2,1,1)(2,1,0)(1,1,1)(2,1,1)(2,1,1)(2,1,0)	psi(W_(w^3)^2+W_(w^3)*W)	psi(W_(w^3)^2+W_(w^3)*W)	
2005	(0,0,0)(1,1,1)(2,1,1)(2,1,1)(2,1,0)(1,1,1)(2,1,1)(2,1,1)(2,1,0)(1,1,1)	psi(W_(w^3)^2+W_(w^3)*W_w)	psi(W_(w^3)^2+W_(w^3)*W_w)	
2006	(0,0,0)(1,1,1)(2,1,1)(2,1,1)(2,1,0)(1,1,1)(2,1,1)(2,1,1)(2,1,0)(1,1,1)(2,1,1)(2,1,1)	psi(W_(w^3)^2*2)	psi(W_(w^3)^2*2)	
2007	(0,0,0)(1,1,1)(2,1,1)(2,1,1)(2,1,0)(2,1,0)	psi(W_(w^3)^2*W)	psi(W_(w^3)^2*W)	
2008	(0,0,0)(1,1,1)(2,1,1)(2,1,1)(2,1,0)(2,1,0)(1,1,1)	psi(W_(w^3)^2*W_w)	psi(W_(w^3)^2*W_w)	
2009	(0,0,0)(1,1,1)(2,1,1)(2,1,1)(2,1,0)(2,1,0)(1,1,1)	psi(W_(w^3)^2*W_(w^2))	psi(W_(w^3)^2*W_(w^2))	
2010	(0,0,0)(1,1,1)(2,1,1)(2,1,1)(2,1,0)(2,1,0)(1,1,1)(2,1,1)(2,1,1)	psi(W_(w^3)^3)	psi(W_(w^3)^3)	
2011	(0,0,0)(1,1,1)(2,1,1)(2,1,1)(2,1,0)(2,1,0)(2,1,0)	psi(W_(w^3)^3*W)	psi(W_(w^3)^3*W)	
2012	(0,0,0)(1,1,1)(2,1,1)(2,1,1)(2,1,0)(2,1,0)(2,1,0)(1,1,1)(2,1,1)(2,1,1)	psi(W_(w^3)^4)	psi(W_(w^3)^4)	
2013	(0,0,0)(1,1,1)(2,1,1)(2,1,1)(2,1,0)(3,0,0)	psi(W_(w^3)^w)	psi(W_(w^3)^w)	
2014	(0,0,0)(1,1,1)(2,1,1)(2,1,1)(2,1,0)(3,1,0)	psi(W_(w^3)^W)	psi(W_(w^3)^W)	
2015	(0,0,0)(1,1,1)(2,1,1)(2,1,1)(2,1,0)(3,1,0)(1,1,1)	psi(W_(w^3)^W_w)	psi(W_(w^3)^W_w)	
2016	(0,0,0)(1,1,1)(2,1,1)(2,1,1)(2,1,0)(3,1,0)(1,1,1)(2,1,1)	psi(W_(w^3)^W_(w^2))	psi(W_(w^3)^W_(w^2))	
2017	(0,0,0)(1,1,1)(2,1,1)(2,1,1)(2,1,0)(3,1,0)(1,1,1)(2,1,1)(2,1,1)	psi(W_(w^3)^W_(w^3))	psi(W_(w^3)^W_(w^3))	
2018	(0,0,0)(1,1,1)(2,1,1)(2,1,1)(2,1,0)(3,1,0)(2,1,0)(1,1,1)(2,1,1)(2,1,1)	psi(W_(w^3)^(W_(w^3)+1))	psi(W_(w^3)^(W_(w^3)+1))	
2019	(0,0,0)(1,1,1)(2,1,1)(2,1,1)(2,1,0)(3,1,0)(2,1,0)(3,1,0)(1,1,1)(2,1,1)(2,1,1)	psi(W_(w^3)^(W_(w^3)*2))	psi(W_(w^3)^(W_(w^3)*2))	
2020	(0,0,0)(1,1,1)(2,1,1)(2,1,1)(2,1,0)(3,1,0)(3,1,0)(1,1,1)(2,1,1)(2,1,1)	psi(W_(w^3)^W_(w^3)^2)	psi(W_(w^3)^W_(w^3)^2)	
2021	(0,0,0)(1,1,1)(2,1,1)(2,1,1)(2,1,0)(3,1,0)(4,1,0)(1,1,1)(2,1,1)(2,1,1)	psi(W_(w^3)^W_(w^3)^W_(w^3))	psi(W_(w^3)^W_(w^3)^W_(w^3))	
2022	(0,0,0)(1,1,1)(2,1,1)(2,1,1)(2,1,0)(3,2,0)	psi(W_(w^3+1))	psi(W_(w^3+1))	
2023	(0,0,0)(1,1,1)(2,1,1)(2,1,1)(2,1,0)(3,2,0)(1,1,1)	psi(W_(w^3+1)+W_w)	psi(W_(w^3+1)+W_w)	
2024	(0,0,0)(1,1,1)(2,1,1)(2,1,1)(2,1,0)(3,2,0)(1,1,1)(2,1,1)	psi(W_(w^3+1)+W_(w^2))	psi(W_(w^3+1)+W_(w^2))	
2025	(0,0,0)(1,1,1)(2,1,1)(2,1,1)(2,1,0)(3,2,0)(1,1,1)(2,1,1)(2,1,1)	psi(W_(w^3+1)+W_(w^2))	psi(W_(w^3+1)+W_(w^2))	
2026	(0,0,0)(1,1,1)(2,1,1)(2,1,1)(2,1,0)(3,2,0)(1,1,1)(2,1,1)(2,1,1)(2,1,0)	psi(W_(w^3+1)+W_(w^3)*W)	psi(W_(w^3+1)+W_(w^3)*W)	
2027	(0,0,0)(1,1,1)(2,1,1)(2,1,1)(2,1,0)(3,2,0)(1,1,1)(2,1,1)(2,1,1)(2,1,0)(3,2,0)	psi(W_(w^3+1)+psi_W_(w^3+1)(W_(w^3+1)))	psi(W_(w^3+1)+psi_W_(w^3+1)(W_(w^3+1)))	
2028	(0,0,0)(1,1,1)(2,1,1)(2,1,1)(2,1,0)(3,2,0)(2,1,0)	psi(W_(w^3+1)+psi_W_(w^3+1)(W_(w^3+1))*W)	psi(W_(w^3+1)+psi_W_(w^3+1)(W_(w^3+1))*W)	
2029	(0,0,0)(1,1,1)(2,1,1)(2,1,1)(2,1,0)(3,2,0)(3,1,0)	psi(W_(w^3+1)+psi_W_(w^3+1)(W_(w^3+1))^W)	psi(W_(w^3+1)+psi_W_(w^3+1)(W_(w^3+1))^W)	
2030	(0,0,0)(1,1,1)(2,1,1)(2,1,1)(2,1,0)(3,2,0)(3,2,0)	psi(W_(w^3+1)*2)	psi(W_(w^3+1)*2)	
2031	(0,0,0)(1,1,1)(2,1,1)(2,1,1)(2,1,0)(3,2,0)(4,0,0)	psi(W_(w^3+1)*w)	psi(W_(w^3+1)*w)	
2032	(0,0,0)(1,1,1)(2,1,1)(2,1,1)(2,1,0)(3,2,0)(4,1,0)	psi(W_(w^3+1)*W)	psi(W_(w^3+1)*W)	
2033	(0,0,0)(1,1,1)(2,1,1)(2,1,1)(2,1,0)(3,2,0)(4,1,0)(1,1,1)	psi(W_(w^3+1)*W_w)	psi(W_(w^3+1)*W_w)	
2034	(0,0,0)(1,1,1)(2,1,1)(2,1,1)(2,1,0)(3,2,0)(4,1,0)(1,1,1)(2,1,1)	psi(W_(w^3+1)*W_(w^2))	psi(W_(w^3+1)*W_(w^2))	
2035	(0,0,0)(1,1,1)(2,1,1)(2,1,1)(2,1,0)(3,2,0)(4,1,0)(1,1,1)(2,1,1)(2,1,1)	psi(W_(w^3+1)*W_(w^3))	psi(W_(w^3+1)*W_(w^3))	
2036	(0,0,0)(1,1,1)(2,1,1)(2,1,1)(2,1,0)(3,2,0)(4,1,0)(5,2,0)	psi(W_(w^3+1)*psi_W_(w^3+1)(W_(w^3+1)))	psi(W_(w^3+1)*psi_W_(w^3+1)(W_(w^3+1)))	
2037	(0,0,0)(1,1,1)(2,1,1)(2,1,1)(2,1,0)(3,2,0)(4,2,0)	psi(W_(w^3+1)^2)	psi(W_(w^3+1)^2)	
2038	(0,0,0)(1,1,1)(2,1,1)(2,1,1)(2,1,0)(3,2,0)(4,2,0)(4,2,0)	psi(W_(w^3+1)^3)	psi(W_(w^3+1)^3)	
2039	(0,0,0)(1,1,1)(2,1,1)(2,1,1)(2,1,0)(3,2,0)(4,2,0)(5,2,0)	psi(W_(w^3+1)^W_(w^3+1))	psi(W_(w^3+1)^W_(w^3+1))	
2040	(0,0,0)(1,1,1)(2,1,1)(2,1,1)(2,1,0)(3,2,0)(4,3,0)	psi(W_(w^3+2))	psi(W_(w^3+2))	
2041	(0,0,0)(1,1,1)(2,1,1)(2,1,1)(2,1,0)(3,2,0)(4,3,0)(5,4,0)	psi(W_(w^3+3))	psi(W_(w^3+3))	
2042	(0,0,0)(1,1,1)(2,1,1)(2,1,1)(2,1,0)(3,2,1)	psi(W_(w^3+w))	psi(W_(w^3+w))	
2043	(0,0,0)(1,1,1)(2,1,1)(2,1,1)(2,1,0)(3,2,1)(1,1,1)(2,1,1)(2,1,1)	psi(W_(w^3+w)+W_(w^3))	psi(W_(w^3+w)+W_(w^3))	
2044	(0,0,0)(1,1,1)(2,1,1)(2,1,1)(2,1,0)(3,2,1)(3,2,0)	psi(W_(w^3+w)+W_(w^3+1))	psi(W_(w^3+w)+W_(w^3+1))	
2045	(0,0,0)(1,1,1)(2,1,1)(2,1,1)(2,1,0)(3,2,1)(3,2,1)	psi(W_(w^3+w)*2)	psi(W_(w^3+w)*2)	
2046	(0,0,0)(1,1,1)(2,1,1)(2,1,1)(2,1,0)(3,2,1)(4,2,0)	psi(W_(w^3+w)*W_(w^3+1))	psi(W_(w^3+w)*W_(w^3+1))	
2047	(0,0,0)(1,1,1)(2,1,1)(2,1,1)(2,1,0)(3,2,1)(4,2,0)(3,2,1)	psi(W_(w^3+w)^2)	psi(W_(w^3+w)^2)	
2048	(0,0,0)(1,1,1)(2,1,1)(2,1,1)(2,1,0)(3,2,1)(4,2,0)(5,2,0)(3,2,1)	psi(W_(w^3+w)^W_(w^3+w))	psi(W_(w^3+w)^W_(w^3+w))	
2049	(0,0,0)(1,1,1)(2,1,1)(2,1,1)(2,1,0)(3,2,1)(4,2,0)(5,3,0)	psi(W_(w^3+w+1))	psi(W_(w^3+w+1))	
2050	(0,0,0)(1,1,1)(2,1,1)(2,1,1)(2,1,0)(3,2,1)(4,2,0)(5,3,0)(6,4,0)	psi(W_(w^3+w+2))	psi(W_(w^3+w+2))	
2051	(0,0,0)(1,1,1)(2,1,1)(2,1,1)(2,1,0)(3,2,1)(4,2,0)(5,3,1)	psi(W_(w^3+w2))	psi(W_(w^3+w2))	
2052	(0,0,0)(1,1,1)(2,1,1)(2,1,1)(2,1,0)(3,2,1)(4,2,0)(5,3,1)(6,3,0)(7,4,1)	psi(W_(w^3+w3))	psi(W_(w^3+w3))	
2053	(0,0,0)(1,1,1)(2,1,1)(2,1,1)(2,1,0)(3,2,1)(4,2,1)	psi(W_(w^3+w^2))	psi(W_(w^3+w^2))	
2054	(0,0,0)(1,1,1)(2,1,1)(2,1,1)(2,1,0)(3,2,1)(4,2,1)(1,1,1)(2,1,1)(2,1,1)	psi(W_(w^3+w^2)+W_(w^3))	psi(W_(w^3+w^2)+W_(w^3))	
2055	(0,0,0)(1,1,1)(2,1,1)(2,1,1)(2,1,0)(3,2,1)(4,2,1)(3,2,0)	psi(W_(w^3+w^2)+W_(w^3+1))	psi(W_(w^3+w^2)+W_(w^3+1))	
2056	(0,0,0)(1,1,1)(2,1,1)(2,1,1)(2,1,0)(3,2,1)(4,2,1)(3,2,1)	psi(W_(w^3+w^2)+W_(w^3+w))	psi(W_(w^3+w^2)+W_(w^3+w))	
2057	(0,0,0)(1,1,1)(2,1,1)(2,1,1)(2,1,0)(3,2,1)(4,2,1)(3,2,1)(4,2,1)	psi(W_(w^3+w^2)*2)	psi(W_(w^3+w^2)*2)	
2058	(0,0,0)(1,1,1)(2,1,1)(2,1,1)(2,1,0)(3,2,1)(4,2,1)(4,2,0)	psi(W_(w^3+w^2)*W_(w^3+1))	psi(W_(w^3+w^2)*W_(w^3+1))	
2059	(0,0,0)(1,1,1)(2,1,1)(2,1,1)(2,1,0)(3,2,1)(4,2,1)(4,2,0)(3,2,1)	psi(W_(w^3+w^2)*W_(w^3+w))	psi(W_(w^3+w^2)*W_(w^3+w))	
2060	(0,0,0)(1,1,1)(2,1,1)(2,1,1)(2,1,0)(3,2,1)(4,2,1)(4,2,0)(3,2,1)(4,2,1)	psi(W_(w^3+w^2)^2)	psi(W_(w^3+w^2)^2)	
2061	(0,0,0)(1,1,1)(2,1,1)(2,1,1)(2,1,0)(3,2,1)(4,2,1)(4,2,0)(5,2,0)(3,2,1)(4,2,1)	psi(W_(w^3+w^2)^W_(w^3+w^2))	psi(W_(w^3+w^2)^W_(w^3+w^2))	
2062	(0,0,0)(1,1,1)(2,1,1)(2,1,1)(2,1,0)(3,2,1)(4,2,1)(4,2,0)(5,3,0)	psi(W_(w^3+w^2+1))	psi(W_(w^3+w^2+1))	
2063	(0,0,0)(1,1,1)(2,1,1)(2,1,1)(2,1,0)(3,2,1)(4,2,1)(4,2,0)(5,3,0)(6,4,0)	psi(W_(w^3+w^2+2))	psi(W_(w^3+w^2+2))	
2064	(0,0,0)(1,1,1)(2,1,1)(2,1,1)(2,1,0)(3,2,1)(4,2,1)(4,2,0)(5,3,1)	psi(W_(w^3+w^2+w))	psi(W_(w^3+w^2+w))	
2065	(0,0,0)(1,1,1)(2,1,1)(2,1,1)(2,1,0)(3,2,1)(4,2,1)(4,2,0)(5,3,1)(6,3,0)(7,4,1)	psi(W_(w^3+w^2+w2))	psi(W_(w^3+w^2+w2))	
2066	(0,0,0)(1,1,1)(2,1,1)(2,1,1)(2,1,0)(3,2,1)(4,2,1)(4,2,0)(5,3,1)(6,3,1)	psi(W_(w^3+w^2*2))	psi(W_(w^3+w^2*2))	
2067	(0,0,0)(1,1,1)(2,1,1)(2,1,1)(2,1,0)(3,2,1)(4,2,1)(4,2,0)(5,3,1)(6,3,1)(6,3,0)(7,4,1)(8,4,1)	psi(W_(w^3+w^2*3))	psi(W_(w^3+w^2*3))	
2068	(0,0,0)(1,1,1)(2,1,1)(2,1,1)(2,1,0)(3,2,1)(4,2,1)(4,2,1)	psi(W_(w^3*2))	psi(W_(w^3*2))	
2069	(0,0,0)(1,1,1)(2,1,1)(2,1,1)(2,1,0)(3,2,1)(4,2,1)(4,2,1)(1,1,1)(2,1,1)(2,1,1)	psi(W_(w^3*2)+W_(w^3))	psi(W_(w^3*2)+W_(w^3))	
2070	(0,0,0)(1,1,1)(2,1,1)(2,1,1)(2,1,0)(3,2,1)(4,2,1)(4,2,1)(3,2,0)	psi(W_(w^3*2)+W_(w^3+1))	psi(W_(w^3*2)+W_(w^3+1))	
2071	(0,0,0)(1,1,1)(2,1,1)(2,1,1)(2,1,0)(3,2,1)(4,2,1)(4,2,1)(3,2,1)	psi(W_(w^3*2)+W_(w^3+w))	psi(W_(w^3*2)+W_(w^3+w))	
2072	(0,0,0)(1,1,1)(2,1,1)(2,1,1)(2,1,0)(3,2,1)(4,2,1)(4,2,1)(3,2,1)(42,1)(4,2,1)	psi(W_(w^3*2)*2)	psi(W_(w^3*2)*2)	
2073	(0,0,0)(1,1,1)(2,1,1)(2,1,1)(2,1,0)(3,2,1)(4,2,1)(4,2,1)(4,2,0)	psi(W_(w^3*2)*W_(w^3+1))	psi(W_(w^3*2)*W_(w^3+1))	
2074	(0,0,0)(1,1,1)(2,1,1)(2,1,1)(2,1,0)(3,2,1)(4,2,1)(4,2,1)(4,2,0)(3,2,1)	psi(W_(w^3*2)*W_(w^3+w))	psi(W_(w^3*2)*W_(w^3+w))	
2075	(0,0,0)(1,1,1)(2,1,1)(2,1,1)(2,1,0)(3,2,1)(4,2,1)(4,2,1)(4,2,0)(3,2,1)(4,2,1)	psi(W_(w^3*2)*W_(w^3+w^2))	psi(W_(w^3*2)*W_(w^3+w^2))	
2076	(0,0,0)(1,1,1)(2,1,1)(2,1,1)(2,1,0)(3,2,1)(4,2,1)(4,2,1)(4,2,0)(3,2,1)(4,2,1)(4,2,1)	psi(W_(w^3*2)^2)	psi(W_(w^3*2)^2)	
2077	(0,0,0)(1,1,1)(2,1,1)(2,1,1)(2,1,0)(3,2,1)(4,2,1)(4,2,1)(4,2,0)(5,2,0)(3,2,1)(4,2,1)(4,2,1)	psi(W_(w^3*2)^W_(w^3*2))	psi(W_(w^3*2)^W_(w^3*2))	
2078	(0,0,0)(1,1,1)(2,1,1)(2,1,1)(2,1,0)(3,2,1)(4,2,1)(4,2,1)(4,2,0)(5,3,0)	psi(W_(w^3*2+1))	psi(W_(w^3*2+1))	
2079	(0,0,0)(1,1,1)(2,1,1)(2,1,1)(2,1,0)(3,2,1)(4,2,1)(4,2,1)(4,2,0)(5,3,0)(6,4,0)	psi(W_(w^3*2+2))	psi(W_(w^3*2+2))	
2080	(0,0,0)(1,1,1)(2,1,1)(2,1,1)(2,1,0)(3,2,1)(4,2,1)(4,2,1)(4,2,0)(5,3,1)	psi(W_(w^3*2+w))	psi(W_(w^3*2+w))	
2081	(0,0,0)(1,1,1)(2,1,1)(2,1,1)(2,1,0)(3,2,1)(4,2,1)(4,2,1)(4,2,0)(5,3,1)(6,3,0)(7,4,1)	psi(W_(w^3*2+w2))	psi(W_(w^3*2+w2))	
2082	(0,0,0)(1,1,1)(2,1,1)(2,1,1)(2,1,0)(3,2,1)(4,2,1)(4,2,1)(4,2,0)(5,3,1)(6,3,1)	psi(W_(w^3*2+w^2))	psi(W_(w^3*2+w^2))	
2083	(0,0,0)(1,1,1)(2,1,1)(2,1,1)(2,1,0)(3,2,1)(4,2,1)(4,2,1)(4,2,0)(5,3,1)(6,3,1)(6,3,0)(7,4,1)(8,4,1)	psi(W_(w^3*2+w^2*2))	psi(W_(w^3*2+w^2*2))	
2084	(0,0,0)(1,1,1)(2,1,1)(2,1,1)(2,1,0)(3,2,1)(4,2,1)(4,2,1)(4,2,0)(5,3,1)(6,3,1)(6,3,1)	psi(W_(w^3*3))	psi(W_(w^3*3))	
2085	(0,0,0)(1,1,1)(2,1,1)(2,1,1)(2,1,0)(3,2,1)(4,2,1)(4,2,1)(4,2,0)(5,3,1)(6,3,1)(6,3,1)(6,3,0)(7,4,1)(8,4,1)(8,4,1)	psi(W_(w^3*4))	psi(W_(w^3*4))	
2086	(0,0,0)(1,1,1)(2,1,1)(2,1,1)(2,1,1)	psi(W_(w^4))	psi(W_(w^4))	
2087	(0,0,0)(1,1,1)(2,1,1)(2,1,1)(2,1,1)(1,1,1)	psi(W_(w^4)+W_w)	psi(W_(w^4)+W_w)	
2088	(0,0,0)(1,1,1)(2,1,1)(2,1,1)(2,1,1)(1,1,1)(2,1,1)	psi(W_(w^4)+W_(w^2))	psi(W_(w^4)+W_(w^2))	
2089	(0,0,0)(1,1,1)(2,1,1)(2,1,1)(2,1,1)(1,1,1)(2,1,1)(2,1,1)	psi(W_(w^4)+W_(w^3))	psi(W_(w^4)+W_(w^3))	
2090	(0,0,0)(1,1,1)(2,1,1)(2,1,1)(2,1,1)(1,1,1)(2,1,1)(2,1,1)(2,1,1)	psi(W_(w^4)*2)	psi(W_(w^4)*2)	
2091	(0,0,0)(1,1,1)(2,1,1)(2,1,1)(2,1,1)(2,1,0)	psi(W_(w^4)*W)	psi(W_(w^4)*W)	
2092	(0,0,0)(1,1,1)(2,1,1)(2,1,1)(2,1,1)(2,1,0)(1,1,1)	psi(W_(w^4)*W_w)	psi(W_(w^4)*W_w)	
2093	(0,0,0)(1,1,1)(2,1,1)(2,1,1)(2,1,1)(2,1,0)(1,1,1)(2,1,1)	psi(W_(w^4)*W_(w^2))	psi(W_(w^4)*W_(w^2))	
2094	(0,0,0)(1,1,1)(2,1,1)(2,1,1)(2,1,1)(2,1,0)(1,1,1)(2,1,1)(2,1,1)	psi(W_(w^4)*W_(w^3))	psi(W_(w^4)*W_(w^3))	
2095	(0,0,0)(1,1,1)(2,1,1)(2,1,1)(2,1,1)(2,1,0)(1,1,1)(2,1,1)(2,1,1)(2,1,1)	psi(W_(w^4)^2)	psi(W_(w^4)^2)	
2096	(0,0,0)(1,1,1)(2,1,1)(2,1,1)(2,1,1)(2,1,0)(2,1,0)(1,1,1)(2,1,1)(2,1,1)(2,1,1)	psi(W_(w^4)^3)	psi(W_(w^4)^3)	
2097	(0,0,0)(1,1,1)(2,1,1)(2,1,1)(2,1,1)(2,1,0)(3,1,0)(1,1,1)(2,1,1)(2,1,1)(2,1,1)	psi(W_(w^4)^W_(w^4))	psi(W_(w^4)^W_(w^4))	
2098	(0,0,0)(1,1,1)(2,1,1)(2,1,1)(2,1,1)(2,1,0)(3,2,0)	psi(W_(w^4+1))	psi(W_(w^4+1))	
2099	(0,0,0)(1,1,1)(2,1,1)(2,1,1)(2,1,1)(2,1,0)(3,2,0)(4,3,0)	psi(W_(w^4+2))	psi(W_(w^4+2))	
2100	(0,0,0)(1,1,1)(2,1,1)(2,1,1)(2,1,1)(2,1,0)(3,2,1)	psi(W_(w^4+w))	psi(W_(w^4+w))	
2101	(0,0,0)(1,1,1)(2,1,1)(2,1,1)(2,1,1)(2,1,0)(3,2,1)(4,2,0)(5,3,1)	psi(W_(w^4+w2))	psi(W_(w^4+w2))	
2102	(0,0,0)(1,1,1)(2,1,1)(2,1,1)(2,1,1)(2,1,0)(3,2,1)(4,2,1)	psi(W_(w^4+w^2))	psi(W_(w^4+w^2))	
2103	(0,0,0)(1,1,1)(2,1,1)(2,1,1)(2,1,1)(2,1,0)(3,2,1)(4,2,1)(4,2,0)(5,3,1)(6,3,1)	psi(W_(w^4+w^2*2))	psi(W_(w^4+w^2*2))	
2104	(0,0,0)(1,1,1)(2,1,1)(2,1,1)(2,1,1)(2,1,0)(3,2,1)(4,2,1)(4,2,1)	psi(W_(w^4+w^3))	psi(W_(w^4+w^3))	
2105	(0,0,0)(1,1,1)(2,1,1)(2,1,1)(2,1,1)(2,1,0)(3,2,1)(4,2,1)(4,2,1)(4,2,0)(5,3,1)(6,3,1)(6,3,1)	psi(W_(w^4+w^3*2))	psi(W_(w^4+w^3*2))	
2106	(0,0,0)(1,1,1)(2,1,1)(2,1,1)(2,1,1)(2,1,0)(3,2,1)(4,2,1)(4,2,1)(4,2,1)	psi(W_(w^4*2))	psi(W_(w^4*2))	
2107	(0,0,0)(1,1,1)(2,1,1)(2,1,1)(2,1,1)(2,1,0)(3,2,1)(4,2,1)(4,2,1)(4,2,1)(4,2,0)(5,3,1)(6,3,1)(6,3,1)(6,3,1)	psi(W_(w^4*3))	psi(W_(w^4*3))	
2108	(0,0,0)(1,1,1)(2,1,1)(2,1,1)(2,1,1)(2,1,1)	psi(W_(w^5))	psi(W_(w^5))	
2109	(0,0,0)(1,1,1)(2,1,1)(2,1,1)(2,1,1)(2,1,1)(2,1,0)	psi(W_(w^5)*W)	psi(W_(w^5)*W)	
2110	(0,0,0)(1,1,1)(2,1,1)(2,1,1)(2,1,1)(2,1,1)(2,1,0)(3,2,0)	psi(W_(w^5+1))	psi(W_(w^5+1))	
2111	(0,0,0)(1,1,1)(2,1,1)(2,1,1)(2,1,1)(2,1,1)(2,1,0)(3,2,1)	psi(W_(w^5+w))	psi(W_(w^5+w))	
2112	(0,0,0)(1,1,1)(2,1,1)(2,1,1)(2,1,1)(2,1,1)(2,1,0)(3,2,1)(4,2,1)	psi(W_(w^5+w^2))	psi(W_(w^5+w^2))	
2113	(0,0,0)(1,1,1)(2,1,1)(2,1,1)(2,1,1)(2,1,1)(2,1,0)(3,2,1)(4,2,1)(4,2,1)(4,2,1)(4,2,1)	psi(W_(w^5*3))	psi(W_(w^5*3))	
2114	(0,0,0)(1,1,1)(2,1,1)(2,1,1)(2,1,1)(2,1,1)(2,1,1)	psi(W_(w^6))	psi(W_(w^6))	
2115	(0,0,0)(1,1,1)(2,1,1)(2,1,1)(2,1,1)(2,1,1)(2,1,1)(2,1,1)	psi(W_(w^7))	psi(W_(w^7))	
2116	(0,0,0)(1,1,1)(2,1,1)(3,0,0)	psi(W_(w^w))	psi(W_(w^w))	
2117	(0,0,0)(1,1,1)(2,1,1)(3,0,0)(1,1,0)	psi(W_(w^w)+W)	psi(W_(w^w)+W)	
2118	(0,0,0)(1,1,1)(2,1,1)(3,0,0)(1,1,1)	psi(W_(w^w)+W_w)	psi(W_(w^w)+W_w)	
2119	(0,0,0)(1,1,1)(2,1,1)(3,0,0)(1,1,1)(2,1,1)	psi(W_(w^w)+W_(w^2))	psi(W_(w^w)+W_(w^2))	
2120	(0,0,0)(1,1,1)(2,1,1)(3,0,0)(1,1,1)(2,1,1)(2,1,1)	psi(W_(w^w)+W_(w^3))	psi(W_(w^w)+W_(w^3))	
2121	(0,0,0)(1,1,1)(2,1,1)(3,0,0)(1,1,1)(2,1,1)(3,0,0)	psi(W_(w^w)*2)	psi(W_(w^w)*2)	
2122	(0,0,0)(1,1,1)(2,1,1)(3,0,0)(2,0,0)	psi(W_(w^w)*w)	psi(W_(w^w)*w)	
2123	(0,0,0)(1,1,1)(2,1,1)(3,0,0)(2,1,0)	psi(W_(w^w)*W)	psi(W_(w^w)*W)	
2124	(0,0,0)(1,1,1)(2,1,1)(3,0,0)(2,1,0)(1,1,1)	psi(W_(w^w)*W_w)	psi(W_(w^w)*W_w)	
2125	(0,0,0)(1,1,1)(2,1,1)(3,0,0)(2,1,0)(1,1,1)(2,1,1)	psi(W_(w^w)*W_(w^2))	psi(W_(w^w)*W_(w^2))	
2126	(0,0,0)(1,1,1)(2,1,1)(3,0,0)(2,1,0)(1,1,1)(2,1,1)(2,1,1)	psi(W_(w^w)*W_(w^3))	psi(W_(w^w)*W_(w^3))	
2127	(0,0,0)(1,1,1)(2,1,1)(3,0,0)(2,1,0)(1,1,1)(2,1,1)(3,0,0)	psi(W_(w^w)^2)	psi(W_(w^w)^2)	
2128	(0,0,0)(1,1,1)(2,1,1)(3,0,0)(2,1,0)(2,1,0)(1,1,1)(2,1,1)(3,0,0)	psi(W_(w^w)^3)	psi(W_(w^w)^3)	
2129	(0,0,0)(1,1,1)(2,1,1)(3,0,0)(2,1,0)(3,1,0)(1,1,1)(2,1,1)(3,0,0)	psi(W_(w^w)^W_(w^w))	psi(W_(w^w)^W_(w^w))	
2130	(0,0,0)(1,1,1)(2,1,1)(3,0,0)(2,1,0)(3,2,0)	psi(W_(w^w+1))	psi(W_(w^w+1))	
2131	(0,0,0)(1,1,1)(2,1,1)(3,0,0)(2,1,0)(3,2,0)(4,3,0)	psi(W_(w^w+w2))	psi(W_(w^w+w2))	
2132	(0,0,0)(1,1,1)(2,1,1)(3,0,0)(2,1,0)(3,2,1)	psi(W_(w^w+w))	psi(W_(w^w+w))	
2133	(0,0,0)(1,1,1)(2,1,1)(3,0,0)(2,1,0)(3,2,1)(3,2,0)(4,3,1)	psi(W_(w^w+w2))	psi(W_(w^w+w2))	
2134	(0,0,0)(1,1,1)(2,1,1)(3,0,0)(2,1,0)(3,2,1)(4,2,1)	psi(W_(w^w+w^2))	psi(W_(w^w+w^2))	
2135	(0,0,0)(1,1,1)(2,1,1)(3,0,0)(2,1,0)(3,2,1)(4,2,1)(4,2,1)	psi(W_(w^w+w^3))	psi(W_(w^w+w^3))	
2136	(0,0,0)(1,1,1)(2,1,1)(3,0,0)(2,1,0)(3,2,1)(4,2,1)(5,0,0)	psi(W_(w^w*2))	psi(W_(w^w*2))	
2137	(0,0,0)(1,1,1)(2,1,1)(3,0,0)(2,1,0)(3,2,1)(4,2,1)(5,0,0)(4,2,0)(5,3,1)(6,3,1)(7,0,0)	psi(W_(w^w*3))	psi(W_(w^w*3))	
2138	(0,0,0)(1,1,1)(2,1,1)(3,0,0)(2,1,1)	psi(W_(w^(w+1)))	psi(W_(w^(w+1)))	
2139	(0,0,0)(1,1,1)(2,1,1)(3,0,0)(2,1,1)(2,1,0)(3,2,0)	psi(W_(w^(w+1)+1))	psi(W_(w^(w+1)+1))	
2140	(0,0,0)(1,1,1)(2,1,1)(3,0,0)(2,1,1)(2,1,0)(3,2,1)(4,2,1)(5,0,0)	psi(W_(w^(w+1)+w^w))	psi(W_(w^(w+1)+w^w))	
2141	(0,0,0)(1,1,1)(2,1,1)(3,0,0)(2,1,1)(2,1,0)(3,2,1)(4,2,1)(5,0,0)(4,2,1)	psi(W_(w^(w+1)*2))	psi(W_(w^(w+1)*2))	
2142	(0,0,0)(1,1,1)(2,1,1)(3,0,0)(2,1,1)(2,1,1)	psi(W_(w^(w+2)))	psi(W_(w^(w+2)))	
2143	(0,0,0)(1,1,1)(2,1,1)(3,0,0)(2,1,1)(2,1,1)(2,1,1)	psi(W_(w^(w+3)))	psi(W_(w^(w+3)))	
2144	(0,0,0)(1,1,1)(2,1,1)(3,0,0)(2,1,1)(3,0,0)	psi(W_(w^(w2))	psi(W_(w^(w2)))	paren+1
2145	(0,0,0)(1,1,1)(2,1,1)(3,0,0)(2,1,1)(3,0,0)(2,1,1)(3,0,0)	psi(W_(w^(w3)))	psi(W_(w^(w3)))	
2146	(0,0,0)(1,1,1)(2,1,1)(3,0,0)(3,0,0)	psi(W_(w^w^2))	psi(W_(w^w^2))	
2147	(0,0,0)(1,1,1)(2,1,1)(3,0,0)(3,0,0)(3,0,0)	psi(W_(w^w^3))	psi(W_(w^w^3))	
2148	(0,0,0)(1,1,1)(2,1,1)(3,0,0)(4,0,0)	psi(W_(w^w^w))	psi(W_(w^w^w))	
2149	(0,0,0)(1,1,1)(2,1,1)(3,0,0)(4,0,0)(4,0,0)	psi(W_(w^w^w^2))	psi(W_(w^w^w^2))	
2150	(0,0,0)(1,1,1)(2,1,1)(3,0,0)(4,0,0)(5,0,0)	psi(W_(w^w^w^w))	psi(W_(w^w^w^w))	
2151	(0,0,0)(1,1,1)(2,1,1)(3,0,0)(4,0,0)(5,0,0)(6,0,0)	psi(W_(w^w^w^w^w))	psi(W_(w^w^w^w^w))	
2152	(0,0,0)(1,1,1)(2,1,1)(3,0,0)(4,1,0)	psi(W_psi(W))	psi(W_psi(W))	
2153	(0,0,0)(1,1,1)(2,1,1)(3,0,0)(4,1,0)(2,1,0)(3,2,0)	psi(W_(psi(W)+1))	psi(W_(psi(W)+1))	
2154	(0,0,0)(1,1,1)(2,1,1)(3,0,0)(4,1,0)(2,1,0)(3,2,1)	psi(W_(psi(W)+w))	psi(W_(psi(W)+w))	
2155	(0,0,0)(1,1,1)(2,1,1)(3,0,0)(4,1,0)(2,1,0)(3,2,1)(4,2,1)	psi(W_(psi(W)+w^2))	psi(W_(psi(W)+w^2))	
2156	(0,0,0)(1,1,1)(2,1,1)(3,0,0)(4,1,0)(2,1,0)(3,2,1)(4,2,1)(5,0,0)	psi(W_(psi(W)+w^w))	psi(W_(psi(W)+w^w))	
2157	(0,0,0)(1,1,1)(2,1,1)(3,0,0)(4,1,0)(2,1,0)(3,2,1)(4,2,1)(5,0,0)(6,1,0)	psi(W_(psi(W)*2))	psi(W_(psi(W)*2))	
2158	(0,0,0)(1,1,1)(2,1,1)(3,0,0)(4,1,0)(2,1,1)	psi(W_(psi(W)*w))	psi(W_(psi(W)*w))	
2159	(0,0,0)(1,1,1)(2,1,1)(3,0,0)(4,1,0)(2,1,1)(3,0,0)	psi(W_(psi(W)*w^w))	psi(W_(psi(W)*w^w))	
2160	(0,0,0)(1,1,1)(2,1,1)(3,0,0)(4,1,0)(2,1,1)(3,0,0)(4,1,0)	psi(W_(psi(W)^2))	psi(W_(psi(W)^2))	
2161	(0,0,0)(1,1,1)(2,1,1)(3,0,0)(4,1,0)(3,0,0)	psi(W_(psi(W)^w))	psi(W_(psi(W)^w))	
2162	(0,0,0)(1,1,1)(2,1,1)(3,0,0)(4,1,0)(3,0,0)(4,1,0)	psi(W_(psi(W)^psi(W)))	psi(W_(psi(W)^psi(W)))	
2163	(0,0,0)(1,1,1)(2,1,1)(3,0,0)(4,1,0)(4,0,0)	psi(W_(psi(W)^psi(W)^w))	psi(W_(psi(W)^psi(W)^w))	
2164	(0,0,0)(1,1,1)(2,1,1)(3,0,0)(4,1,0)(4,0,0)(5,1,0)	psi(W_(psi(W)^psi(W)^psi(W)))	psi(W_(psi(W)^psi(W)^psi(W)))	
2165	(0,0,0)(1,1,1)(2,1,1)(3,0,0)(4,1,0)(4,1,0)	psi(W_psi(W2))	psi(W_psi(W2))	
2166	(0,0,0)(1,1,1)(2,1,1)(3,0,0)(4,1,0)(4,1,0)(4,1,0)	psi(W_psi(W3))	psi(W_psi(W3))	
2167	(0,0,0)(1,1,1)(2,1,1)(3,0,0)(4,1,0)(5,0,0)	psi(W_psi(W*w))	psi(W_psi(W*w))	
2168	(0,0,0)(1,1,1)(2,1,1)(3,0,0)(4,1,0)(5,0,0)(6,1,0)	psi(W_psi(W*psi(W)))	psi(W_psi(W*psi(W)))	
2169	(0,0,0)(1,1,1)(2,1,1)(3,0,0)(4,1,0)(5,1,0)	psi(W_psi(W^2))	psi(W_psi(W^2))	
2170	(0,0,0)(1,1,1)(2,1,1)(3,0,0)(4,1,0)(5,1,0)(5,1,0)	psi(W_psi(W^3))	psi(W_psi(W^3))	
2171	(0,0,0)(1,1,1)(2,1,1)(3,0,0)(4,1,0)(5,1,0)(6,0,0)	psi(W_psi(W^w))	psi(W_psi(W^w))	
2172	(0,0,0)(1,1,1)(2,1,1)(3,0,0)(4,1,0)(5,1,0)(6,1,0)	psi(W_psi(W^W))	psi(W_psi(W^W))	
2173	(0,0,0)(1,1,1)(2,1,1)(3,0,0)(4,1,0)(5,1,0)(6,1,0)(7,1,0)	psi(W_psi(W^W^W))	psi(W_psi(W^W^W))	
2174	(0,0,0)(1,1,1)(2,1,1)(3,0,0)(4,1,0)(5,2,0)	psi(W_psi(W_2))	psi(W_psi(W_2))	
2175	(0,0,0)(1,1,1)(2,1,1)(3,0,0)(4,1,0)(5,2,0)(6,2,0)	psi(W_psi(W_2^2))	psi(W_psi(W_2^2))	
2176	(0,0,0)(1,1,1)(2,1,1)(3,0,0)(4,1,0)(5,2,0)(6,3,0)	psi(W_psi(W_3))	psi(W_psi(W_3))	
2177	(0,0,0)(1,1,1)(2,1,1)(3,0,0)(4,1,1)	psi(W_psi(W_w))	psi(W_psi(W_w))	
2178	(0,0,0)(1,1,1)(2,1,1)(3,0,0)(4,1,1)(4,1,1)	psi(W_psi(W_w*2))	psi(W_psi(W_w*2))	
2179	(0,0,0)(1,1,1)(2,1,1)(3,0,0)(4,1,1)(5,1,0)	psi(W_psi(W_w*W))	psi(W_psi(W_w*W))	
2180	(0,0,0)(1,1,1)(2,1,1)(3,0,0)(4,1,1)(5,1,0)(4,1,1)	psi(W_psi(W_w^2))	psi(W_psi(W_w^2))	
2181	(0,0,0)(1,1,1)(2,1,1)(3,0,0)(4,1,1)(5,1,0)(6,1,0)(4,1,1)	psi(W_psi(W_w^W_w))	psi(W_psi(W_w^W_w))	
2182	(0,0,0)(1,1,1)(2,1,1)(3,0,0)(4,1,1)(5,1,0)(6,2,0)	psi(W_psi(W_(w+1)))	psi(W_psi(W_(w+1)))	
2183	(0,0,0)(1,1,1)(2,1,1)(3,0,0)(4,1,1)(5,1,0)(6,2,0)(7,3,0)	psi(W_psi(W_(w+2)))	psi(W_psi(W_(w+2)))	
2184	(0,0,0)(1,1,1)(2,1,1)(3,0,0)(4,1,1)(5,1,0)(6,2,1)	psi(W_psi(W_(w2)))	psi(W_psi(W_(w2)))	
2185	(0,0,0)(1,1,1)(2,1,1)(3,0,0)(4,1,1)(5,1,0)(6,2,1)(7,2,0)(8,3,1)	psi(W_psi(W_(w3)))	psi(W_psi(W_(w3)))	
2186	(0,0,0)(1,1,1)(2,1,1)(3,0,0)(4,1,1)(5,1,1)	psi(W_psi(W_(w^2)))	psi(W_psi(W_(w^2)))	
2187	(0,0,0)(1,1,1)(2,1,1)(3,0,0)(4,1,1)(5,1,1)(5,1,1)	psi(W_psi(W_(w^3)))	psi(W_psi(W_(w^3)))	
2188	(0,0,0)(1,1,1)(2,1,1)(3,0,0)(4,1,1)(5,1,1)(6,0,0)	psi(W_psi(W_(w^w)))	psi(W_psi(W_(w^w)))	
2189	(0,0,0)(1,1,1)(2,1,1)(3,0,0)(4,1,1)(5,1,1)(6,0,0)(7,1,0)	psi(W_psi(W_psi(W)))	psi(W_psi(W_psi(W)))	
2190	(0,0,0)(1,1,1)(2,1,1)(3,0,0)(4,1,1)(5,1,1)(6,0,0)(7,1,1)	psi(W_psi(W_psi(W_w)))	psi(W_psi(W_psi(W_w)))	
2191	(0,0,0)(1,1,1)(2,1,1)(3,0,0)(4,1,1)(5,1,1)(6,0,0)(7,1,1)(8,1,1)	psi(W_psi(W_psi(W_(w^2))))	psi(W_psi(W_psi(W_(w^2))))	
2192	(0,0,0)(1,1,1)(2,1,1)(3,0,0)(4,1,1)(5,1,1)(6,0,0)(7,1,1)(8,1,1)(9,0,0)(10,1,1)	psi(W_psi(W_psi(W_psi(W_w))))	psi(W_psi(W_psi(W_psi(W_w))))	
2193	(0,0,0)(1,1,1)(2,1,1)(3,1,0)	psi(W_W)	psi(W_W)	
2195	(0,0,0)(1,1,1)(2,1,1)(3,1,0)(1,0,0)	psi(W_W)*w	psi(W_W)*w	
2196	(0,0,0)(1,1,1)(2,1,1)(3,1,0)(1,1,0)	psi(W_W+W)	psi(W_W+W)	
2197	(0,0,0)(1,1,1)(2,1,1)(3,1,0)(1,1,0)(2,2,0)	psi(W_W+psi_1(W_2))	psi(W_W+psi_1(W_2))	
2198	(0,0,0)(1,1,1)(2,1,1)(3,1,0)(1,1,0)(2,2,1)	psi(W_W+psi_1(W_w))	psi(W_W+psi_1(W_w))	
2199	(0,0,0)(1,1,1)(2,1,1)(3,1,0)(1,1,0)(2,2,1)(3,2,1)	psi(W_W+psi_1(W_(w^2)))	psi(W_W+psi_1(W_(w^2)))	
2200	(0,0,0)(1,1,1)(2,1,1)(3,1,0)(1,1,0)(2,2,1)(3,2,1)(4,0,0)	psi(W_W+psi_1(W_(w^w)))	psi(W_W+psi_1(W_(w^w)))	
2201	(0,0,0)(1,1,1)(2,1,1)(3,1,0)(1,1,0)(2,2,1)(3,2,1)(4,1,0)	psi(W_W+psi_1(W_W))	psi(W_W+psi_1(W_W))	
2202	(0,0,0)(1,1,1)(2,1,1)(3,1,0)(1,1,0)(2,2,1)(3,2,1)(4,1,0)(1,1,0)(2,2,1)(3,2,1)(4,1,0)	psi(W_W+psi_1(W_W)*2)	psi(W_W+psi_1(W_W)*2)	
2203	(0,0,0)(1,1,1)(2,1,1)(3,1,0)(1,1,0)(2,2,1)(3,2,1)(4,1,0)(2,1,0)	psi(W_W+psi_1(W_W)*W)	psi(W_W+psi_1(W_W)*W)	
2204	(0,0,0)(1,1,1)(2,1,1)(3,1,0)(1,1,0)(2,2,1)(3,2,1)(4,1,0)(2,2,0)	psi(W_W+W_2)	psi(W_W+W_2)	
2205	(0,0,0)(1,1,1)(2,1,1)(3,1,0)(1,1,0)(2,2,1)(3,2,1)(4,1,0)(2,2,0)(3,3,1)(4,3,1)(5,1,0)	psi(W_W+psi_2(W_W))	psi(W_W+psi_2(W_W))	
2206	(0,0,0)(1,1,1)(2,1,1)(3,1,0)(1,1,0)(2,2,1)(3,2,1)(4,1,0)(2,2,0)(3,3,1)(4,3,1)(5,1,0)(3,3,0)	psi(W_W+W_3)	psi(W_W+W_3)	
2207	(0,0,0)(1,1,1)(2,1,1)(3,1,0)(1,1,0)(2,2,1)(3,2,1)(4,1,0)(2,2,1)	psi(W_W+W_w)	psi(W_W+W_w)	
2208	(0,0,0)(1,1,1)(2,1,1)(3,1,0)(1,1,0)(2,2,1)(3,2,1)(4,1,0)(2,2,1)(2,2,1)	psi(W_W+W_w*2)	psi(W_W+W_w*2)	
2209	(0,0,0)(1,1,1)(2,1,1)(3,1,0)(1,1,0)(2,2,1)(3,2,1)(4,1,0)(2,2,1)(3,1,0)	psi(W_W+W_w*W)	psi(W_W+W_w*W)	
2210	(0,0,0)(1,1,1)(2,1,1)(3,1,0)(1,1,0)(2,2,1)(3,2,1)(4,1,0)(2,2,1)(3,2,0)	psi(W_W+W_w*W_2)	psi(W_W+W_w*W_2)	
2211	(0,0,0)(1,1,1)(2,1,1)(3,1,0)(1,1,0)(2,2,1)(3,2,1)(4,1,0)(2,2,1)(3,2,0)(2,2,1)	psi(W_W+W_w^2)	psi(W_W+W_w^2)	
2212	(0,0,0)(1,1,1)(2,1,1)(3,1,0)(1,1,0)(2,2,1)(3,2,1)(4,1,0)(2,2,1)(3,2,0)(4,2,0)(2,2,1)	psi(W_W+W_w^W_w)	psi(W_W+W_w^W_w)	
2213	(0,0,0)(1,1,1)(2,1,1)(3,1,0)(1,1,0)(2,2,1)(3,2,1)(4,1,0)(2,2,1)(3,2,0)(4,3,0)	psi(W_W+psi_W_(w+1)(W_(w+1)))	psi(W_W+psi_W_(w+1)(W_(w+1)))	
2214	(0,0,0)(1,1,1)(2,1,1)(3,1,0)(1,1,0)(2,2,1)(3,2,1)(4,1,0)(2,2,1)(3,2,0)(4,3,1)	psi(W_W+psi_W_(w+1)(W_(w2)))	psi(W_W+psi_W_(w+1)(W_(w2)))	
2215	(0,0,0)(1,1,1)(2,1,1)(3,1,0)(1,1,0)(2,2,1)(3,2,1)(4,1,0)(2,2,1)(3,2,1)(4,1,0)(2,2,1)(3,2,0)(4,3,1)(5,3,1)	psi(W_W+psi_W_(w+1)(W_(w^2)))	psi(W_W+psi_W_(w+1)(W_(w^2)))	
2216	(0,0,0)(1,1,1)(2,1,1)(3,1,0)(1,1,0)(2,2,1)(3,2,1)(4,1,0)(2,2,1)(3,2,0)(4,3,1)(5,3,1)(5,3,1)	psi(W_W+psi_W_(w+1)(W_(w^3)))	psi(W_W+psi_W_(w+1)(W_(w^3)))	
2217	(0,0,0)(1,1,1)(2,1,1)(3,1,0)(1,1,0)(2,2,1)(3,2,1)(4,1,0)(2,2,1)(3,2,0)(4,3,1)(5,3,1)(6,0,0)	psi(W_W+psi_W_(w+1)(W_(w^w)))	psi(W_W+psi_W_(w+1)(W_(w^w)))	
2218	(0,0,0)(1,1,1)(2,1,1)(3,1,0)(1,1,0)(2,2,1)(3,2,1)(4,1,0)(2,2,1)(3,2,0)(4,3,1)(5,3,1)(6,1,0)	psi(W_W+psi_W_(w+1)(W_W))	psi(W_W+psi_W_(w+1)(W_W))	
2219	(0,0,0)(1,1,1)(2,1,1)(3,1,0)(1,1,0)(2,2,1)(3,2,1)(4,1,0)(2,2,1)(3,2,0)(4,3,1)(5,3,1)(6,1,0)(2,2,1)(3,2,0)(4,3,1)(5,3,1)(6,1,0)	psi(W_W+psi_W_(w+1)(W_w)*2)	psi(W_W+psi_W_(w+1)(W_w)*2)	
2220	(0,0,0)(1,1,1)(2,1,1)(3,1,0)(1,1,0)(2,2,1)(3,2,1)(4,1,0)(2,2,1)(3,2,0)(4,3,1)(5,3,1)(6,1,0)(3,1,0)	psi(W_W+psi_W_(w+1)(W_W)*W)	psi(W_W+psi_W_(w+1)(W_W)*W)	
2221	(0,0,0)(1,1,1)(2,1,1)(3,1,0)(1,1,0)(2,2,1)(3,2,1)(4,1,0)(2,2,1)(3,2,0)(4,3,1)(5,3,1)(6,1,0)(3,2,0)	psi(W_W+psi_W_(w+1)(W_W)*W_2)	psi(W_W+psi_W_(w+1)(W_W)*W_2)	
2222	(0,0,0)(1,1,1)(2,1,1)(3,1,0)(1,1,0)(2,2,1)(3,2,1)(4,1,0)(2,2,1)(3,2,0)(4,3,1)(5,3,1)(6,1,0)(4,2,0)	psi(W_W+psi_W_(w+1)(W_W)^W_2)	psi(W_W+psi_W_(w+1)(W_W)^W_2)	
2223	(0,0,0)(1,1,1)(2,1,1)(3,1,0)(1,1,0)(2,2,1)(3,2,1)(4,1,0)(2,2,1)(3,2,0)(4,3,1)(5,3,1)(6,1,0)(4,3,0)	psi(W_W+W_(w+1))	psi(W_W+W_(w+1))	
2224	(0,0,0)(1,1,1)(2,1,1)(3,1,0)(1,1,0)(2,2,1)(3,2,1)(4,1,0)(2,2,1)(3,2,0)(4,3,1)(5,3,1)(6,1,0)(4,3,0)(5,4,1)	psi(W_W+psi_W_(w+2)(W_(w2)))	psi(W_W+psi_W_(w+2)(W_(w2)))	
2225	(0,0,0)(1,1,1)(2,1,1)(3,1,0)(1,1,0)(2,2,1)(3,2,1)(4,1,0)(2,2,1)(3,2,0)(4,3,1)(5,3,1)(6,1,0)(4,3,0)(5,4,1)(6,4,1)	psi(W_W+psi_W_(w+2)(W_(w^2)))	psi(W_W+psi_W_(w+2)(W_(w^2)))	
2226	(0,0,0)(1,1,1)(2,1,1)(3,1,0)(1,1,0)(2,2,1)(3,2,1)(4,1,0)(2,2,1)(3,2,0)(4,3,1)(5,3,1)(6,1,0)(4,3,0)(5,4,1)(6,4,1)(7,1,0)	psi(W_W+psi_W_(w+2)(W_W))	psi(W_W+psi_W_(w+2)(W_W))	
2227	(0,0,0)(1,1,1)(2,1,1)(3,1,0)(1,1,0)(2,2,1)(3,2,1)(4,1,0)(2,2,1)(3,2,0)(4,3,1)(5,3,1)(6,1,0)(4,3,0)(5,4,1)(6,4,1)(7,1,0)(5,4,0)	psi(W_W+W_(w+2))	psi(W_W+W_(w+2))	
2228	(0,0,0)(1,1,1)(2,1,1)(3,1,0)(1,1,0)(2,2,1)(3,2,1)(4,1,0)(2,2,1)(3,2,0)(4,3,1)(5,3,1)(6,1,0)(4,3,1)	psi(W_W+W_(w2))	psi(W_W+W_(w2))	
2229	(0,0,0)(1,1,1)(2,1,1)(3,1,0)(1,1,0)(2,2,1)(3,2,1)(4,1,0)(2,2,1)(3,2,0)(4,3,1)(5,3,1)(6,1,0)(4,3,1)(5,4,0)(6,5,1)(7,5,1)	psi(W_W+psi_W_(w2+1)(W_(w^2)))	psi(W_W+psi_W_(w2+1)(W_(w^2)))	
2230	(0,0,0)(1,1,1)(2,1,1)(3,1,0)(1,1,0)(2,2,1)(3,2,1)(4,1,0)(2,2,1)(3,2,0)(4,3,1)(5,3,1)(6,1,0)(4,3,1)(5,4,0)(6,5,1)(7,5,1)(8,1,0)	psi(W_W+psi_W_(w2+1)(W_W))	psi(W_W+psi_W_(w2+1)(W_W))	
2231	(0,0,0)(1,1,1)(2,1,1)(3,1,0)(1,1,0)(2,2,1)(3,2,1)(4,1,0)(2,2,1)(3,2,0)(4,3,1)(5,3,1)(6,1,0)(4,3,1)(5,4,0)(6,5,1)(7,5,1)(8,1,0)(6,5,0)	psi(W_W+W_(w2+1))	psi(W_W+W_(w2+1))	
2232	(0,0,0)(1,1,1)(2,1,1)(3,1,0)(1,1,0)(2,2,1)(3,2,1)(4,1,0)(2,2,1)(3,2,0)(4,3,1)(5,3,1)(6,1,0)(4,3,1)(5,4,0)(6,5,1)(7,5,1)(8,1,0)(6,5,1)	psi(W_W+W_(w3))	psi(W_W+W_(w3))	
2233	(0,0,0)(1,1,1)(2,1,1)(3,1,0)(1,1,0)(2,2,1)(3,2,1)(4,1,0)(2,2,1)(3,2,1)	psi(W_W+W_(w^2))	psi(W_W+W_(w^2))	
2234	(0,0,0)(1,1,1)(2,1,1)(3,1,0)(1,1,0)(2,2,1)(3,2,1)(4,1,0)(2,2,1)(3,2,1)(3,2,0)(4,3,1)(5,3,1)(6,1,0)	psi(W_W+psi_W_(w^2+1)(W_W))	psi(W_W+psi_W_(w^2+1)(W_W))	
2235	(0,0,0)(1,1,1)(2,1,1)(3,1,0)(1,1,0)(2,2,1)(3,2,1)(4,1,0)(2,2,1)(3,2,1)(3,2,0)(4,3,1)(5,3,1)(6,1,0)(4,3,0)	psi(W_W+W_(w^2+1))	psi(W_W+W_(w^2+1))	
2236	(0,0,0)(1,1,1)(2,1,1)(3,1,0)(1,1,0)(2,2,1)(3,2,1)(4,1,0)(2,2,1)(3,2,1)(3,2,0)(4,3,1)(5,3,1)(6,1,0)(4,3,1)(5,3,1)	psi(W_W+W_(w^2*2))	psi(W_W+W_(w^2*2))	
2237	(0,0,0)(1,1,1)(2,1,1)(3,1,0)(1,1,0)(2,2,1)(3,2,1)(4,1,0)(2,2,1)(3,2,1)(3,2,1)	psi(W_W+W_(w^3))	psi(W_W+W_(w^3))	
2238	(0,0,0)(1,1,1)(2,1,1)(3,1,0)(1,1,0)(2,2,1)(3,2,1)(4,1,0)(2,2,1)(3,2,1)(4,0,0)	psi(W_W+W_(w^w))	psi(W_W+W_(w^w))	
2239	(0,0,0)(1,1,1)(2,1,1)(3,1,0)(1,1,0)(2,2,1)(3,2,1)(4,1,0)(2,2,1)(3,2,1)(4,0,0)(5,1,0)	psi(W_W+W_psi(W))	psi(W_W+W_psi(W))	
2240	(0,0,0)(1,1,1)(2,1,1)(3,1,0)(1,1,0)(2,2,1)(3,2,1)(4,1,0)(2,2,1)(3,2,1)(4,0,0)(5,1,1)	psi(W_W+W_psi(W_w))	psi(W_W+W_psi(W_w))	
2241	(0,0,0)(1,1,1)(2,1,1)(3,1,0)(1,1,0)(2,2,1)(3,2,1)(4,1,0)(2,2,1)(3,2,1)(4,0,0)(5,1,1)(6,1,1)(7,1,0)	psi(W_W+W_psi(W_W))	psi(W_W+W_psi(W_W))	
2242	(0,0,0)(1,1,1)(2,1,1)(3,1,0)(1,1,0)(2,2,1)(3,2,1)(4,1,0)(2,2,1)(3,2,1)(4,0,0)(5,1,1)(6,1,1)(7,1,0)(3,2,0)(4,3,1)(5,3,1)(6,1,0)(4,3,0)	psi(W_W+W_(psi(W_W)+1))	psi(W_W+W_(psi(W_W)+1))	
2243	(0,0,0)(1,1,1)(2,1,1)(3,1,0)(1,1,0)(2,2,1)(3,2,1)(4,1,0)(2,2,1)(3,2,1)(4,0,0)(5,1,1)(6,1,1)(7,1,0)(3,2,1)	psi(W_W+W_(psi(W_W)*w))	psi(W_W+W_(psi(W_W)*w))	
2244	(0,0,0)(1,1,1)(2,1,1)(3,1,0)(1,1,0)(2,2,1)(3,2,1)(4,1,0)(2,2,1)(3,2,1)(4,0,0)(5,1,1)(6,1,1)(7,1,0)(5,1,0)	psi(W_W+W_psi(W_W+W))	psi(W_W+W_psi(W_W+W))	
2245	(0,0,0)(1,1,1)(2,1,1)(3,1,0)(1,1,0)(2,2,1)(3,2,1)(4,1,0)(2,2,1)(3,2,1)(4,0,0)(5,1,1)(6,1,1)(7,1,0)(5,1,0)(6,2,1)(7,2,1)(8,1,0)(6,2,1)	psi(W_W+W_psi(W_W+W_w))	psi(W_W+W_psi(W_W+W_w))	
2246	(0,0,0)(1,1,1)(2,1,1)(3,1,0)(1,1,0)(2,2,1)(3,2,1)(4,1,0)(2,2,1)(3,2,1)(4,1,0)	psi(W_W*2)	psi(W_W*2)	
2247	(0,0,0)(1,1,1)(2,1,1)(3,1,0)(1,1,0)(2,2,1)(3,2,1)(4,1,0)(2,2,1)(3,2,1)(4,1,0)(2,2,1)	psi(W_W*2+W_w)	psi(W_W*2+W_w)	
2248	(0,0,0)(1,1,1)(2,1,1)(3,1,0)(1,1,0)(2,2,1)(3,2,1)(4,1,0)(2,2,1)(3,2,1)(4,1,0)(2,2,1)(3,2,1)	psi(W_W*2+W_(w^2))	psi(W_W*2+W_(w^2))	
2249	(0,0,0)(1,1,1)(2,1,1)(3,1,0)(1,1,0)(2,2,1)(3,2,1)(4,1,0)(2,2,1)(3,2,1)(4,1,0)(2,2,1)(3,2,1)(4,1,0)	psi(W_W*3)	psi(W_W*3)	
2250	(0,0,0)(1,1,1)(2,1,1)(3,1,0)(1,1,0)(2,2,1)(3,2,1)(4,1,0)(3,0,0)	psi(W_W*w)	psi(W_W*w)	
2251	(0,0,0)(1,1,1)(2,1,1)(3,1,0)(1,1,0)(2,2,1)(3,2,1)(4,1,0)(3,0,0)(4,1,1)	psi(W_W*psi(W_w))	psi(W_W*psi(W_w))	
2252	(0,0,0)(1,1,1)(2,1,1)(3,1,0)(1,1,0)(2,2,1)(3,2,1)(4,1,0)(3,1,0)	psi(W_W*W)	psi(W_W*W)	
2253	(0,0,0)(1,1,1)(2,1,1)(3,1,0)(1,1,0)(2,2,1)(3,2,1)(4,1,0)(3,1,0)(2,2,0)	psi(W_W*W+W_2)	psi(W_W*W+W_2)	
2254	(0,0,0)(1,1,1)(2,1,1)(3,1,0)(1,1,0)(2,2,1)(3,2,1)(4,1,0)(3,1,0)(2,2,0)(3,3,1)(4,3,1)(5,1,0)(4,1,0)(3,3,0)	psi(W_W*W+W_3)	psi(W_W*W+W_3)	
2255	(0,0,0)(1,1,1)(2,1,1)(3,1,0)(1,1,0)(2,2,1)(3,2,1)(4,1,0)(3,1,0)(2,2,1)	psi(W_W*W+W_w)	psi(W_W*W+W_w)	
2256	(0,0,0)(1,1,1)(2,1,1)(3,1,0)(1,1,0)(2,2,1)(3,2,1)(4,1,0)(3,1,0)(2,2,1)(3,2,1)	psi(W_W*W+W_(w^2))	psi(W_W*W+W_(w^2))	
2257	(0,0,0)(1,1,1)(2,1,1)(3,1,0)(1,1,0)(2,2,1)(3,2,1)(4,1,0)(3,1,0)(2,2,1)(3,2,1)(4,1,0)	psi(W_W*W+W_W)	psi(W_W*W+W_W)	
2258	(0,0,0)(1,1,1)(2,1,1)(3,1,0)(1,1,0)(2,2,1)(3,2,1)(4,1,0)(3,1,0)(2,2,1)(3,2,1)(4,1,0)(3,1,0)	psi(W_W*W2)	psi(W_W*W2)	
2259	(0,0,0)(1,1,1)(2,1,1)(3,1,0)(1,1,0)(2,2,1)(3,2,1)(4,1,0)(3,1,0)(3,1,0)	psi(W_W*W^2)	psi(W_W*W^2)	
2260	(0,0,0)(1,1,1)(2,1,1)(3,1,0)(1,1,0)(2,2,1)(3,2,1)(4,1,0)(3,1,0)(4,2,1)	psi(W_W*psi_1(W_w))	psi(W_W*psi_1(W_w))	
2261	(0,0,0)(1,1,1)(2,1,1)(3,1,0)(1,1,0)(2,2,1)(3,2,1)(4,1,0)(3,2,0)	psi(W_W*W_2)	psi(W_W*W_2)	
2262	(0,0,0)(1,1,1)(2,1,1)(3,1,0)(1,1,0)(2,2,1)(3,2,1)(4,1,0)(3,2,0)(2,2,0)(3,3,1)(4,3,1)(5,1,0)	psi(W_W*W_2+psi_2(W_W))	psi(W_W*W_2+psi_2(W_W))	
2263	(0,0,0)(1,1,1)(2,1,1)(3,1,0)(1,1,0)(2,2,1)(3,2,1)(4,1,0)(3,2,0)(2,2,0)(3,3,1)(4,3,1)(5,1,0)(4,2,0)	psi(W_W*W_2+psi_2(W_W*W_2))	psi(W_W*W_2+psi_2(W_W*W_2))	
2264	(0,0,0)(1,1,1)(2,1,1)(3,1,0)(1,1,0)(2,2,1)(3,2,1)(4,1,0)(3,2,0)(2,2,0)(3,3,1)(4,3,1)(5,1,0)(4,2,0)(3,3,0)	psi(W_W*W_2+W_3)	psi(W_W*W_2+W_3)	
2265	(0,0,0)(1,1,1)(2,1,1)(3,1,0)(1,1,0)(2,2,1)(3,2,1)(4,1,0)(3,2,0)(2,2,0)(3,3,1)(4,3,1)(5,1,0)(4,2,0)(3,3,1)	psi(W_W*W_2+W_w)	psi(W_W*W_2+W_w)	
2266	(0,0,0)(1,1,1)(2,1,1)(3,1,0)(1,1,0)(2,2,1)(3,2,1)(4,1,0)(3,2,0)(2,2,0)(3,3,1)(4,3,1)(5,1,0)(4,2,0)(3,3,1)(4,3,1)	psi(W_W*W_2+W_(w^2))	psi(W_W*W_2+W_(w^2))	
2267	(0,0,0)(1,1,1)(2,1,1)(3,1,0)(1,1,0)(2,2,1)(3,2,1)(4,1,0)(3,2,0)(2,2,0)(3,3,1)(4,3,1)(5,1,0)(4,2,0)(3,3,1)(4,3,1)(5,1,0)	psi(W_W*W_2+W_W)	psi(W_W*W_2+W_W)	
2268	(0,0,0)(1,1,1)(2,1,1)(3,1,0)(1,1,0)(2,2,1)(3,2,1)(4,1,0)(3,2,0)(2,2,0)(3,3,1)(4,3,1)(5,1,0)(4,2,0)(3,3,1)(4,3,1)(5,1,0)(4,2,0)	psi(W_W*W_2*2)	psi(W_W*W_2*2)	
2269	(0,0,0)(1,1,1)(2,1,1)(3,1,0)(1,1,0)(2,2,1)(3,2,1)(4,1,0)(3,2,0)(2,2,0)(3,3,1)(4,3,1)(5,1,0)(4,2,0)(4,2,0)	psi(W_W*W_2^2)	psi(W_W*W_2^2)	
2270	(0,0,0)(1,1,1)(2,1,1)(3,1,0)(1,1,0)(2,2,1)(3,2,1)(4,1,0)(3,2,0)(2,2,0)(3,3,1)(4,3,1)(5,1,0)(4,2,0)(5,3,1)	psi(W_W*psi_2(W_w))	psi(W_W*psi_2(W_w))	
2271	(0,0,0)(1,1,1)(2,1,1)(3,1,0)(1,1,0)(2,2,1)(3,2,1)(4,1,0)(3,2,0)(2,2,0)(3,3,1)(4,3,1)(5,1,0)(4,3,0)	psi(W_W*W_3)	psi(W_W*W_3)	
2272	(0,0,0)(1,1,1)(2,1,1)(3,1,0)(1,1,0)(2,2,1)(3,2,1)(4,1,0)(3,2,0)(2,2,0)(3,3,1)(4,3,1)(5,1,0)(4,3,0)(3,3,0)(4,4,1)(5,4,1)(6,1,0)(5,4,0)	psi(W_W*W_4)	psi(W_W*W_4)	
2273	(0,0,0)(1,1,1)(2,1,1)(3,1,0)(1,1,0)(2,2,1)(3,2,1)(4,1,0)(3,2,0)(2,2,1)	psi(W_W*W_w)	psi(W_W*W_w)	
2274	(0,0,0)(1,1,1)(2,1,1)(3,1,0)(1,1,0)(2,2,1)(3,2,1)(4,1,0)(3,2,0)(2,2,1)(2,2,1)	psi(W_W*W_w+W_w)	psi(W_W*W_w+W_w)	
2275	(0,0,0)(1,1,1)(2,1,1)(3,1,0)(1,1,0)(2,2,1)(3,2,1)(4,1,0)(3,2,0)(2,2,1)(3,2,0)(2,2,1)	psi(W_W*W_w+W_w^2)	psi(W_W*W_w+W_w^2)	
2276	(0,0,0)(1,1,1)(2,1,1)(3,1,0)(1,1,0)(2,2,1)(3,2,1)(4,1,0)(3,2,0)(2,2,1)(3,2,0)(4,3,0)	psi(W_W*W_w+psi_W_(w+1)(W_(w+1)))	psi(W_W*W_w+psi_W_(w+1)(W_(w+1)))	
2277	(0,0,0)(1,1,1)(2,1,1)(3,1,0)(1,1,0)(2,2,1)(3,2,1)(4,1,0)(3,2,0)(2,2,1)(3,2,0)(4,3,1)	psi(W_W*W_w+psi_W_(w+1)(W_(w2)))	psi(W_W*W_w+psi_W_(w+1)(W_(w2)))	
2278	(0,0,0)(1,1,1)(2,1,1)(3,1,0)(1,1,0)(2,2,1)(3,2,1)(4,1,0)(3,2,0)(2,2,1)(3,2,0)(4,3,1)(5,3,1)	psi(W_W*W_w+psi_W_(w+1)(W_(w^2)))	psi(W_W*W_w+psi_W_(w+1)(W_(w^2)))	
2279	(0,0,0)(1,1,1)(2,1,1)(3,1,0)(1,1,0)(2,2,1)(3,2,1)(4,1,0)(3,2,0)(2,2,1)(3,2,0)(4,3,1)(5,3,1)(6,1,0)	psi(W_W*W_w+psi_W_(w+1)(W_W))	psi(W_W*W_w+psi_W_(w+1)(W_W))	
2280	(0,0,0)(1,1,1)(2,1,1)(3,1,0)(1,1,0)(2,2,1)(3,2,1)(4,1,0)(3,2,0)(2,2,1)(3,2,0)(4,3,1)(5,3,1)(6,1,0)(5,2,0)(2,2,1)	psi(W_W*W_w+psi_W_(w+1)(W_W*W_w))	psi(W_W*W_w+psi_W_(w+1)(W_W*W_w))	
2281	(0,0,0)(1,1,1)(2,1,1)(3,1,0)(1,1,0)(2,2,1)(3,2,1)(4,1,0)(3,2,0)(2,2,1)(3,2,0)(4,3,1)(5,3,1)(6,1,0)(5,2,0)(4,3,0)	psi(W_W*W_w+W_(w+1))	psi(W_W*W_w+W_(w+1))	
2282	(0,0,0)(1,1,1)(2,1,1)(3,1,0)(1,1,0)(2,2,1)(3,2,1)(4,1,0)(3,2,0)(2,2,1)(3,2,0)(4,3,1)(5,3,1)(6,1,0)(5,2,0)(4,3,0)(5,4,1)(6,4,1)(7,1,0)(6,4,0)	psi(W_W*W_w+W_(w+2))	psi(W_W*W_w+W_(w+2))	
2283	(0,0,0)(1,1,1)(2,1,1)(3,1,0)(1,1,0)(2,2,1)(3,2,1)(4,1,0)(3,2,0)(2,2,1)(3,2,0)(4,3,1)(5,3,1)(6,1,0)(5,2,0)(4,3,1)	psi(W_W*W_w+W_(w2))	psi(W_W*W_w+W_(w2))	
2284	(0,0,0)(1,1,1)(2,1,1)(3,1,0)(1,1,0)(2,2,1)(3,2,1)(4,1,0)(3,2,0)(2,2,1)(3,2,0)(4,3,1)(5,3,1)(6,1,0)(5,2,0)(4,3,1)(5,3,1)	psi(W_W*W_w+W_(w^2))	psi(W_W*W_w+W_(w^2))	
2285	(0,0,0)(1,1,1)(2,1,1)(3,1,0)(1,1,0)(2,2,1)(3,2,1)(4,1,0)(3,2,0)(2,2,1)(3,2,0)(4,3,1)(5,3,1)(6,1,0)(5,2,0)(4,3,1)(5,3,1)(6,1,0)	psi(W_W*W_w+W_W)	psi(W_W*W_w+W_W)	
2286	(0,0,0)(1,1,1)(2,1,1)(3,1,0)(1,1,0)(2,2,1)(3,2,1)(4,1,0)(3,2,0)(2,2,1)(3,2,0)(4,3,1)(5,3,1)(6,1,0)(5,2,0)(4,3,1)(5,3,1)(6,1,0)(5,2,0)	psi(W_W*W_w+W_W*W_2)	psi(W_W*W_w+W_W*W_2)	
2287	(0,0,0)(1,1,1)(2,1,1)(3,1,0)(1,1,0)(2,2,1)(3,2,1)(4,1,0)(3,2,0)(2,2,1)(3,2,0)(4,3,1)(5,3,1)(6,1,0)(5,2,0)(4,3,1)(5,3,1)(6,1,0)(5,2,0)(2,2,1)	psi(W_W*W_w*2)	psi(W_W*W_w*2)	
2288	(0,0,0)(1,1,1)(2,1,1)(3,1,0)(1,1,0)(2,2,1)(3,2,1)(4,1,0)(3,2,0)(2,2,1)(3,2,0)(4,3,1)(5,3,1)(6,1,0)(5,2,0)(5,2,0)(2,2,1)	psi(W_W*W_w^2)	psi(W_W*W_w^2)	
2289	(0,0,0)(1,1,1)(2,1,1)(3,1,0)(1,1,0)(2,2,1)(3,2,1)(4,1,0)(3,2,0)(2,2,1)(3,2,0)(4,3,1)(5,3,1)(6,1,0)(5,2,0)(6,3,0)	psi(W_W*psi_W_(w+1)(W_(w+1)))	psi(W_W*psi_W_(w+1)(W_(w+1)))	
2290	(0,0,0)(1,1,1)(2,1,1)(3,1,0)(1,1,0)(2,2,1)(3,2,1)(4,1,0)(3,2,0)(2,2,1)(3,2,0)(4,3,1)(5,3,1)(6,1,0)(5,3,0)	psi(W_W*W_(w+1))	psi(W_W*W_(w+1))	
2291	(0,0,0)(1,1,1)(2,1,1)(3,1,0)(1,1,0)(2,2,1)(3,2,1)(4,1,0)(3,2,0)(2,2,1)(3,2,0)(4,3,1)(5,3,1)(6,1,0)(5,3,0)(4,3,0)	psi(W_W*W_(w+1)+W_(w+1))	psi(W_W*W_(w+1)+W_(w+1))	
2292	(0,0,0)(1,1,1)(2,1,1)(3,1,0)(1,1,0)(2,2,1)(3,2,1)(4,1,0)(3,2,0)(2,2,1)(3,2,0)(4,3,1)(5,3,1)(6,1,0)(5,3,0)(4,3,0)(5,4,1)(6,4,1)(7,1,0)(6,3,0)	psi(W_W*W_(w+1)+psi_W_(w+2)(W_W*W_(w+1)))	psi(W_W*W_(w+1)+psi_W_(w+2)(W_W*W_(w+1)))	
2293	(0,0,0)(1,1,1)(2,1,1)(3,1,0)(1,1,0)(2,2,1)(3,2,1)(4,1,0)(3,2,0)(2,2,1)(3,2,0)(4,3,1)(5,3,1)(6,1,0)(5,3,0)(4,3,0)(5,4,1)(6,4,1)(7,1,0)(6,3,0)(6,3,0)	psi(W_W*W_(w+1)^2)	psi(W_W*W_(w+1)^2)	
2294	(0,0,0)(1,1,1)(2,1,1)(3,1,0)(1,1,0)(2,2,1)(3,2,1)(4,1,0)(3,2,0)(2,2,1)(3,2,0)(4,3,1)(5,3,1)(6,1,0)(5,3,0)(4,3,0)(5,4,1)(6,4,1)(7,1,0)(6,4,0)	psi(W_W*W_(w+2))	psi(W_W*W_(w+2))	
2295	(0,0,0)(1,1,1)(2,1,1)(3,1,0)(1,1,0)(2,2,1)(3,2,1)(4,1,0)(3,2,0)(2,2,1)(3,2,0)(4,3,1)(5,3,1)(6,1,0)(5,3,0)(4,3,0)(5,4,1)(6,4,1)(7,1,0)(6,4,0)(5,4,0)(6,5,1)(7,5,1)(8,1,0)(7,5,0)	psi(W_W*W_(w+3))	psi(W_W*W_(w+3))	
2296	(0,0,0)(1,1,1)(2,1,1)(3,1,0)(1,1,0)(2,2,1)(3,2,1)(4,1,0)(3,2,0)(2,2,1)(3,2,0)(4,3,1)(5,3,1)(6,1,0)(5,3,0)(4,3,1)	psi(W_W*W_(w2))	psi(W_W*W_(w2))	
2297	(0,0,0)(1,1,1)(2,1,1)(3,1,0)(1,1,0)(2,2,1)(3,2,1)(4,1,0)(3,2,0)(2,2,1)(3,2,0)(4,3,1)(5,3,1)(6,1,0)(5,3,0)(4,3,1)(5,3,0)(6,4,1)(7,4,1)(8,1,0)	psi(W_W*W_(w2)+psi_W_(w2+1)(W_W))	psi(W_W*W_(w2)+psi_W_(w2+1)(W_W))	
2298	(0,0,0)(1,1,1)(2,1,1)(3,1,0)(1,1,0)(2,2,1)(3,2,1)(4,1,0)(3,2,0)(2,2,1)(3,2,0)(4,3,1)(5,3,1)(6,1,0)(5,3,0)(4,3,1)(5,3,0)(6,4,1)(7,4,1)(8,1,0)(7,3,0)(6,4,1)(7,4,1)(8,1,0)	psi(W_W*W_(w2)+W_W)	psi(W_W*W_(w2)+W_W)	
2299	(0,0,0)(1,1,1)(2,1,1)(3,1,0)(1,1,0)(2,2,1)(3,2,1)(4,1,0)(3,2,0)(2,2,1)(3,2,0)(4,3,1)(5,3,1)(6,1,0)(5,3,0)(4,3,1)(5,3,0)(6,4,1)(7,4,1)(8,1,0)(7,4,0)	psi(W_W*W_(w2+1))	psi(W_W*W_(w2+1))	
2300	(0,0,0)(1,1,1)(2,1,1)(3,1,0)(1,1,0)(2,2,1)(3,2,1)(4,1,0)(3,2,0)(2,2,1)(3,2,0)(4,3,1)(5,3,1)(6,1,0)(5,3,0)(4,3,1)(5,3,0)(6,4,1)(7,4,1)(8,1,0)(7,4,0)(6,4,1)	psi(W_W*W_(w3))	psi(W_W*W_(w3))	
2301	(0,0,0)(1,1,1)(2,1,1)(3,1,0)(1,1,0)(2,2,1)(3,2,1)(4,1,0)(3,2,0)(2,2,1)(3,2,1)	psi(W_W*W_(w^2))	psi(W_W*W_(w^2))	
2302	(0,0,0)(1,1,1)(2,1,1)(3,1,0)(1,1,0)(2,2,1)(3,2,1)(4,1,0)(3,2,0)(2,2,1)(3,2,1)(3,2,0)(4,3,1)(5,3,1)(6,1,0)(5,2,0)(2,2,1)(3,2,1)	psi(W_W*W_(w^2)+psi_W_(w^2+1)(W_W*W_(w^2))	psi(W_W*W_(w^2)+psi_W_(w^2+1)(W_W*W_(w^2)))	paren+1
2303	(0,0,0)(1,1,1)(2,1,1)(3,1,0)(1,1,0)(2,2,1)(3,2,1)(4,1,0)(3,2,0)(2,2,1)(3,2,1)(3,2,0)(4,3,1)(5,3,1)(6,1,0)(5,2,0)(5,2,0)(2,2,1)(3,2,1)	psi(W_W*W_(w^2)^2)	psi(W_W*W_(w^2)^2)	
2304	(0,0,0)(1,1,1)(2,1,1)(3,1,0)(1,1,0)(2,2,1)(3,2,1)(4,1,0)(3,2,0)(2,2,1)(3,2,1)(3,2,0)(4,3,1)(5,3,1)(6,1,0)(5,3,0)	psi(W_W*W_(w^2+1))	psi(W_W*W_(w^2+1))	
2305	(0,0,0)(1,1,1)(2,1,1)(3,1,0)(1,1,0)(2,2,1)(3,2,1)(4,1,0)(3,2,0)(2,2,1)(3,2,1)(3,2,0)(4,3,1)(5,3,1)(6,1,0)(5,3,0)(4,3,1)	psi(W_W*W_(w^2+w))	psi(W_W*W_(w^2+w))	
2306	(0,0,0)(1,1,1)(2,1,1)(3,1,0)(1,1,0)(2,2,1)(3,2,1)(4,1,0)(3,2,0)(2,2,1)(3,2,1)(3,2,0)(4,3,1)(5,3,1)(6,1,0)(5,3,0)(4,3,1)(5,3,1)	psi(W_W*W_(w^2*2))	psi(W_W*W_(w^2*2))	
2307	(0,0,0)(1,1,1)(2,1,1)(3,1,0)(1,1,0)(2,2,1)(3,2,1)(4,1,0)(3,2,0)(2,2,1)(3,2,1)(3,2,1)	psi(W_W*W_(w^3))	psi(W_W*W_(w^3))	
2308	(0,0,0)(1,1,1)(2,1,1)(3,1,0)(1,1,0)(2,2,1)(3,2,1)(4,1,0)(3,2,0)(2,2,1)(3,2,1)(4,0,0)	psi(W_W*W_(w^w))	psi(W_W*W_(w^w))	
2309	(0,0,0)(1,1,1)(2,1,1)(3,1,0)(1,1,0)(2,2,1)(3,2,1)(4,1,0)(3,2,0)(2,2,1)(3,2,1)(4,0,0)(5,1,1)	psi(W_W*W_psi(W_w))	psi(W_W*W_psi(W_w))	
2310	(0,0,0)(1,1,1)(2,1,1)(3,1,0)(1,1,0)(2,2,1)(3,2,1)(4,1,0)(3,2,0)(2,2,1)(3,2,1)(4,0,0)(5,1,1)(6,1,1)(7,1,0)	psi(W_W*W_psi(W_W))	psi(W_W*W_psi(W_W))	
2311	(0,0,0)(1,1,1)(2,1,1)(3,1,0)(1,1,0)(2,2,1)(3,2,1)(4,1,0)(3,2,0)(2,2,1)(3,2,1)(4,1,0)	psi(W_W^2)	psi(W_W^2)	
2312	(0,0,0)(1,1,1)(2,1,1)(3,1,0)(1,1,0)(2,2,1)(3,2,1)(4,1,0)(3,2,0)(2,2,1)(3,2,1)(4,1,0)(2,2,1)	psi(W_W^2+W_w)	psi(W_W^2+W_w)	
2313	(0,0,0)(1,1,1)(2,1,1)(3,1,0)(1,1,0)(2,2,1)(3,2,1)(4,1,0)(3,2,0)(2,2,1)(3,2,1)(4,1,0)(2,2,1)(3,2,1)(4,1,0)	psi(W_W^2+W_W)	psi(W_W^2+W_W)	
2314	(0,0,0)(1,1,1)(2,1,1)(3,1,0)(1,1,0)(2,2,1)(3,2,1)(4,1,0)(3,2,0)(2,2,1)(3,2,1)(4,1,0)(3,2,0)	psi(W_W^2+W_W*W_2)	psi(W_W^2+W_W*W_2)	
2315	(0,0,0)(1,1,1)(2,1,1)(3,1,0)(1,1,0)(2,2,1)(3,2,1)(4,1,0)(3,2,0)(2,2,1)(3,2,1)(4,1,0)(3,2,0)(2,2,1)	psi(W_W^2+W_W*W_w)	psi(W_W^2+W_W*W_w)	
2316	(0,0,0)(1,1,1)(2,1,1)(3,1,0)(1,1,0)(2,2,1)(3,2,1)(4,1,0)(3,2,0)(2,2,1)(3,2,1)(4,1,0)(3,2,0)(2,2,1)(3,2,1)(4,1,0)	psi(W_W^2*2)	psi(W_W^2*2)	
2317	(0,0,0)(1,1,1)(2,1,1)(3,1,0)(1,1,0)(2,2,1)(3,2,1)(4,1,0)(3,2,0)(3,2,0)	psi(W_W^2*W_2)	psi(W_W^2*W_2)	
2318	(0,0,0)(1,1,1)(2,1,1)(3,1,0)(1,1,0)(2,2,1)(3,2,1)(4,1,0)(3,2,0)(3,2,0)(2,2,1)	psi(W_W^2*W_w)	psi(W_W^2*W_w)	
2319	(0,0,0)(1,1,1)(2,1,1)(3,1,0)(1,1,0)(2,2,1)(3,2,1)(4,1,0)(3,2,0)(3,2,0)(2,2,1)(3,2,1)(4,1,0)	psi(W_W^3)	psi(W_W^3)	
2320	(0,0,0)(1,1,1)(2,1,1)(3,1,0)(1,1,0)(2,2,1)(3,2,1)(4,1,0)(3,2,0)(4,1,0)	psi(W_W^W)	psi(W_W^W)	
2321	(0,0,0)(1,1,1)(2,1,1)(3,1,0)(1,1,0)(2,2,1)(3,2,1)(4,1,0)(3,2,0)(4,2,0)	psi(W_W^W_2)	psi(W_W^W_2)	
2322	(0,0,0)(1,1,1)(2,1,1)(3,1,0)(1,1,0)(2,2,1)(3,2,1)(4,1,0)(3,2,0)(4,2,0)(2,2,1)	psi(W_W^W_w)	psi(W_W^W_w)	
2323	(0,0,0)(1,1,1)(2,1,1)(3,1,0)(1,1,0)(2,2,1)(3,2,1)(4,1,0)(3,2,0)(4,2,0)(2,2,1)(3,2,1)(4,1,0)	psi(W_W^W_W)	psi(W_W^W_W)	
2324	(0,0,0)(1,1,1)(2,1,1)(3,1,0)(1,1,0)(2,2,1)(3,2,1)(4,1,0)(3,2,0)(4,2,0)(3,2,0)(2,2,1)(3,2,1)(4,1,0)	psi(W_W^(W_W+1))	psi(W_W^(W_W+1))	
2325	(0,0,0)(1,1,1)(2,1,1)(3,1,0)(1,1,0)(2,2,1)(3,2,1)(4,1,0)(3,2,0)(4,2,0)(3,2,0)(4,2,0)(2,2,1)(3,2,1)(4,1,0)	psi(W_W^(W_W*2))	psi(W_W^(W_W*2))	
2326	(0,0,0)(1,1,1)(2,1,1)(3,1,0)(1,1,0)(2,2,1)(3,2,1)(4,1,0)(3,2,0)(4,2,0)(4,2,0)(2,2,1)(3,2,1)(4,1,0)	psi(W_W^W_W^2)	psi(W_W^W_W^2)	
2327	(0,0,0)(1,1,1)(2,1,1)(3,1,0)(1,1,0)(2,2,1)(3,2,1)(4,1,0)(3,2,0)(4,2,0)(5,2,0)(2,2,1)(3,2,1)(4,1,0)	psi(W_W^W_W^W_W)	psi(W_W^W_W^W_W)	
2328	(0,0,0)(1,1,1)(2,1,1)(3,1,0)(1,1,0)(2,2,1)(3,2,1)(4,1,0)(3,2,0)(4,3,0)	psi(W_(W+1))	psi(W_(W+1))	
2329	(0,0,0)(1,1,1)(2,1,1)(3,1,0)(1,1,0)(2,2,1)(3,2,1)(4,1,0)(3,2,0)(4,3,0)(1,1,0)	psi(W_(W+1)+W)	psi(W_(W+1)+W)	
2330	(0,0,0)(1,1,1)(2,1,1)(3,1,0)(1,1,0)(2,2,1)(3,2,1)(4,1,0)(3,2,0)(4,3,0)(2,2,0)	psi(W_(W+1)+W_2)	psi(W_(W+1)+W_2)	
2331	(0,0,0)(1,1,1)(2,1,1)(3,1,0)(1,1,0)(2,2,1)(3,2,1)(4,1,0)(3,2,0)(4,3,0)(2,2,1)	psi(W_(W+1)+W_w)	psi(W_(W+1)+W_w)	
2332	(0,0,0)(1,1,1)(2,1,1)(3,1,0)(1,1,0)(2,2,1)(3,2,1)(4,1,0)(3,2,0)(4,3,0)(2,2,1)(3,2,1)	psi(W_(W+1)+W_(w^2))	psi(W_(W+1)+W_(w^2))	
2333	(0,0,0)(1,1,1)(2,1,1)(3,1,0)(1,1,0)(2,2,1)(3,2,1)(4,1,0)(3,2,0)(4,3,0)(2,2,1)(3,2,1)(4,1,0)	psi(W_(W+1)+W_W)	psi(W_(W+1)+W_W)	
2334	(0,0,0)(1,1,1)(2,1,1)(3,1,0)(1,1,0)(2,2,1)(3,2,1)(4,1,0)(3,2,0)(4,3,0)(2,2,1)(3,2,1)(4,1,0)(3,2,0)	psi(W_(W+1)+W_W*W_2)	psi(W_(W+1)+W_W*W_2)	
2335	(0,0,0)(1,1,1)(2,1,1)(3,1,0)(1,1,0)(2,2,1)(3,2,1)(4,1,0)(3,2,0)(4,3,0)(2,2,1)(3,2,1)(4,1,0)(3,2,0)(4,2,0)	psi(W_(W+1)+W_W^W_2)	psi(W_(W+1)+W_W^W_2)	
2336	(0,0,0)(1,1,1)(2,1,1)(3,1,0)(1,1,0)(2,2,1)(3,2,1)(4,1,0)(3,2,0)(4,3,0)(2,2,1)(3,2,1)(4,1,0)(3,2,0)(4,3,0)	psi(W_(W+1)+psi_W_(W+1)(W_(W+1)))	psi(W_(W+1)+psi_W_(W+1)(W_(W+1)))	
2337	(0,0,0)(1,1,1)(2,1,1)(3,1,0)(1,1,0)(2,2,1)(3,2,1)(4,1,0)(3,2,0)(4,3,0)(3,2,0)(4,3,0)	psi(W_(W+1)+psi_W_(W+1)(W_(W+1))^2)	psi(W_(W+1)+psi_W_(W+1)(W_(W+1))^2)	
2338	(0,0,0)(1,1,1)(2,1,1)(3,1,0)(1,1,0)(2,2,1)(3,2,1)(4,1,0)(3,2,0)(4,3,0)(4,2,0)(5,3,0)	psi(W_(W+1)+psi_W_(W+1)(W_(W+1))^psi_W_(W+1)(W_(W+1)))	psi(W_(W+1)+psi_W_(W+1)(W_(W+1))^psi_W_(W+1)(W_(W+1)))	
2339	(0,0,0)(1,1,1)(2,1,1)(3,1,0)(1,1,0)(2,2,1)(3,2,1)(4,1,0)(3,2,0)(4,3,0)(4,3,0)	psi(W_(W+1)*2)	psi(W_(W+1)*2)	
2340	(0,0,0)(1,1,1)(2,1,1)(3,1,0)(1,1,0)(2,2,1)(3,2,1)(4,1,0)(3,2,0)(4,3,0)(5,1,0)	psi(W_(W+1)*W)	psi(W_(W+1)*W)	
2341	(0,0,0)(1,1,1)(2,1,1)(3,1,0)(1,1,0)(2,2,1)(3,2,1)(4,1,0)(3,2,0)(4,3,0)(5,2,0)	psi(W_(W+1)*W_2)	psi(W_(W+1)*W_2)	
2342	(0,0,0)(1,1,1)(2,1,1)(3,1,0)(1,1,0)(2,2,1)(3,2,1)(4,1,0)(3,2,0)(4,3,0)(5,2,0)(2,2,0)(3,3,1)(4,3,1)(5,1,0)(4,3,0)(5,4,0)(6,3,0)	psi(W_(W+1)*W_3)	psi(W_(W+1)*W_3)	
2343	(0,0,0)(1,1,1)(2,1,1)(3,1,0)(1,1,0)(2,2,1)(3,2,1)(4,1,0)(3,2,0)(4,3,0)(5,2,0)(2,2,1)	psi(W_(W+1)*W_w)	psi(W_(W+1)*W_w)	
2344	(0,0,0)(1,1,1)(2,1,1)(3,1,0)(1,1,0)(2,2,1)(3,2,1)(4,1,0)(3,2,0)(4,3,0)(5,2,0)(2,2,1)(3,2,0)(4,3,1)(5,3,1)(6,1,0)(5,3,0)(6,4,0)(7,3,0)	psi(W_(W+1)*W_(w+1))	psi(W_(W+1)*W_(w+1))	
2345	(0,0,0)(1,1,1)(2,1,1)(3,1,0)(1,1,0)(2,2,1)(3,2,1)(4,1,0)(3,2,0)(4,3,0)(5,2,0)(2,2,1)(3,2,0)(4,3,1)(5,3,1)(6,1,0)(5,3,0)(6,4,0)(7,3,0)(4,3,1)	psi(W_(W+1)*W_(w2))	psi(W_(W+1)*W_(w2))	
2346	(0,0,0)(1,1,1)(2,1,1)(3,1,0)(1,1,0)(2,2,1)(3,2,1)(4,1,0)(3,2,0)(4,3,0)(5,2,0)(2,2,1)(3,2,1)	psi(W_(W+1)*W_(w^2))	psi(W_(W+1)*W_(w^2))	
2347	(0,0,0)(1,1,1)(2,1,1)(3,1,0)(1,1,0)(2,2,1)(3,2,1)(4,1,0)(3,2,0)(4,3,0)(5,2,0)(2,2,1)(3,2,1)(3,2,1)	psi(W_(W+1)*W_(w^3))	psi(W_(W+1)*W_(w^3))	
2348	(0,0,0)(1,1,1)(2,1,1)(3,1,0)(1,1,0)(2,2,1)(3,2,1)(4,1,0)(3,2,0)(4,3,0)(5,2,0)(2,2,1)(3,2,1)(4,0,0)	psi(W_(W+1)*W_(w^w))	psi(W_(W+1)*W_(w^w))	
2349	(0,0,0)(1,1,1)(2,1,1)(3,1,0)(1,1,0)(2,2,1)(3,2,1)(4,1,0)(3,2,0)(4,3,0)(5,2,0)(2,2,1)(3,2,1)(4,1,0)	psi(W_(W+1)*W_W)	psi(W_(W+1)*W_W)	
2350	(0,0,0)(1,1,1)(2,1,1)(3,1,0)(1,1,0)(2,2,1)(3,2,1)(4,1,0)(3,2,0)(4,3,0)(5,2,0)(2,2,1)(3,2,1)(4,1,0)(2,2,1)(3,2,1)(4,1,0)	psi(W_(W+1)*W_W+W_W)	psi(W_(W+1)*W_W+W_W)	
2351	(0,0,0)(1,1,1)(2,1,1)(3,1,0)(1,1,0)(2,2,1)(3,2,1)(4,1,0)(3,2,0)(4,3,0)(5,2,0)(2,2,1)(3,2,1)(4,1,0)(3,2,0)	psi(W_(W+1)*W_W+W_w*W_2)	psi(W_(W+1)*W_W+W_w*W_2)	
2352	(0,0,0)(1,1,1)(2,1,1)(3,1,0)(1,1,0)(2,2,1)(3,2,1)(4,1,0)(3,2,0)(4,3,0)(5,2,0)(2,2,1)(3,2,1)(4,1,0)(3,2,0)(4,3,0)(5,2,0)	psi(W_(W+1)*W_W+psi_W_(W+1)(W_(W+1)*W_2))	psi(W_(W+1)*W_W+psi_W_(W+1)(W_(W+1)*W_2))	
2353	(0,0,0)(1,1,1)(2,1,1)(3,1,0)(1,1,0)(2,2,1)(3,2,1)(4,1,0)(3,2,0)(4,3,0)(5,2,0)(3,2,0)	psi(W_(W+1)*W_W+psi_W_(W+1)(W_(W+1)*W_W)*W_2)	psi(W_(W+1)*W_W+psi_W_(W+1)(W_(W+1)*W_W)*W_2)	
2354	(0,0,0)(1,1,1)(2,1,1)(3,1,0)(1,1,0)(2,2,1)(3,2,1)(4,1,0)(3,2,0)(4,3,0)(5,2,0)(4,3,0)	psi(W_(W+1)*W_W+W_(W+1))	psi(W_(W+1)*W_W+W_(W+1))	
2355	(0,0,0)(1,1,1)(2,1,1)(3,1,0)(1,1,0)(2,2,1)(3,2,1)(4,1,0)(3,2,0)(4,3,0)(5,2,0)(5,2,0)	psi(W_(W+1)*W_W*W_2)	psi(W_(W+1)*W_W*W_2)	
2356	(0,0,0)(1,1,1)(2,1,1)(3,1,0)(1,1,0)(2,2,1)(3,2,1)(4,1,0)(3,2,0)(4,3,0)(5,2,0)(6,3,0)	psi(W_(W+1)*psi_W_(W+1)(W_(W+1)))	psi(W_(W+1)*psi_W_(W+1)(W_(W+1)))	
2357	(0,0,0)(1,1,1)(2,1,1)(3,1,0)(1,1,0)(2,2,1)(3,2,1)(4,1,0)(3,2,0)(4,3,0)(5,3,0)	psi(W_(W+1)^2)	psi(W_(W+1)^2)	
2358	(0,0,0)(1,1,1)(2,1,1)(3,1,0)(1,1,0)(2,2,1)(3,2,1)(4,1,0)(3,2,0)(4,3,0)(5,3,0)(4,3,0)	psi(W_(W+1)^2+W_(W+1))	psi(W_(W+1)^2+W_(W+1))	
2359	(0,0,0)(1,1,1)(2,1,1)(3,1,0)(1,1,0)(2,2,1)(3,2,1)(4,1,0)(3,2,0)(4,3,0)(5,3,0)(4,3,0)(5,3,0)	psi(W_(W+1)^2*2)	psi(W_(W+1)^2*2)	
2360	(0,0,0)(1,1,1)(2,1,1)(3,1,0)(1,1,0)(2,2,1)(3,2,1)(4,1,0)(3,2,0)(4,3,0)(5,3,0)(5,3,0)	psi(W_(W+1)^3)	psi(W_(W+1)^3)	
2361	(0,0,0)(1,1,1)(2,1,1)(3,1,0)(1,1,0)(2,2,1)(3,2,1)(4,1,0)(3,2,0)(4,3,0)(5,3,0)(6,3,0)	psi(W_(W+1)^W_(W+1))	psi(W_(W+1)^W_(W+1))	
2362	(0,0,0)(1,1,1)(2,1,1)(3,1,0)(1,1,0)(2,2,1)(3,2,1)(4,1,0)(3,2,0)(4,3,0)(5,4,0)	psi(W_(W+2))	psi(W_(W+2))	
2363	(0,0,0)(1,1,1)(2,1,1)(3,1,0)(1,1,0)(2,2,1)(3,2,1)(4,1,0)(3,2,0)(4,3,0)(5,4,0)(2,2,1)(3,2,1)(4,1,0)	psi(W_(W+2)+W_W)	psi(W_(W+2)+W_W)	
2364	(0,0,0)(1,1,1)(2,1,1)(3,1,0)(1,1,0)(2,2,1)(3,2,1)(4,1,0)(3,2,0)(4,3,0)(5,4,0)(4,3,0)	psi(W_(W+2)+W_(W+1))	psi(W_(W+2)+W_(W+1))	
2365	(0,0,0)(1,1,1)(2,1,1)(3,1,0)(1,1,0)(2,2,1)(3,2,1)(4,1,0)(3,2,0)(4,3,0)(5,4,0)(5,4,0)	psi(W_(W+2)*2)	psi(W_(W+2)*2)	
2366	(0,0,0)(1,1,1)(2,1,1)(3,1,0)(1,1,0)(2,2,1)(3,2,1)(4,1,0)(3,2,0)(4,3,0)(5,4,0)(6,2,0)	psi(W_(W+2)*W_2)	psi(W_(W+2)*W_2)	
2367	(0,0,0)(1,1,1)(2,1,1)(3,1,0)(1,1,0)(2,2,1)(3,2,1)(4,1,0)(3,2,0)(4,3,0)(5,4,0)(6,3,0)	psi(W_(W+2)*W_(W+1))	psi(W_(W+2)*W_(W+1))	
2368	(0,0,0)(1,1,1)(2,1,1)(3,1,0)(1,1,0)(2,2,1)(3,2,1)(4,1,0)(3,2,0)(4,3,0)(5,4,0)(6,4,0)	psi(W_(W+2)^2)	psi(W_(W+2)^2)	
2369	(0,0,0)(1,1,1)(2,1,1)(3,1,0)(1,1,0)(2,2,1)(3,2,1)(4,1,0)(3,2,0)(4,3,0)(5,4,0)(6,4,0)(7,4,0)	psi(W_(W+2)^W_(W+2))	psi(W_(W+2)^W_(W+2))	
2370	(0,0,0)(1,1,1)(2,1,1)(3,1,0)(1,1,0)(2,2,1)(3,2,1)(4,1,0)(3,2,0)(4,3,0)(5,4,0)(6,5,0)	psi(W_(W+3))	psi(W_(W+3))	
2371	(0,0,0)(1,1,1)(2,1,1)(3,1,0)(1,1,0)(2,2,1)(3,2,1)(4,1,0)(3,2,0)(4,3,0)(5,4,0)(6,5,0)(7,6,0)	psi(W_(W+4))	psi(W_(W+4))	
2372	(0,0,0)(1,1,1)(2,1,1)(3,1,0)(1,1,0)(2,2,1)(3,2,1)(4,1,0)(3,2,0)(4,3,1)	psi(W_(W+w))	psi(W_(W+w))	
2373	(0,0,0)(1,1,1)(2,1,1)(3,1,0)(1,1,0)(2,2,1)(3,2,1)(4,1,0)(3,2,0)(4,3,1)(2,2,1)	psi(W_(W+w)+W_w)	psi(W_(W+w)+W_w)	
2374	(0,0,0)(1,1,1)(2,1,1)(3,1,0)(1,1,0)(2,2,1)(3,2,1)(4,1,0)(3,2,0)(4,3,1)(2,2,1)(3,2,1)(4,1,0)	psi(W_(W+w)+W_W)	psi(W_(W+w)+W_W)	
2375	(0,0,0)(1,1,1)(2,1,1)(3,1,0)(1,1,0)(2,2,1)(3,2,1)(4,1,0)(3,2,0)(4,3,1)(2,2,1)(3,2,1)(4,1,0)(3,2,0)(4,3,1)	psi(W_(W+w)+psi_W_(w+1)(W_(W+w))	psi(W_(W+w)+psi_W_(w+1)(W_(W+w)))	paren+1
2376	(0,0,0)(1,1,1)(2,1,1)(3,1,0)(1,1,0)(2,2,1)(3,2,1)(4,1,0)(3,2,0)(4,3,1)(3,2,0)	psi(W_(W+w)+psi_W_(W+1)(W_(W+w))*W_2)	psi(W_(W+w)+psi_W_(W+1)(W_(W+w))*W_2)	
2377	(0,0,0)(1,1,1)(2,1,1)(3,1,0)(1,1,0)(2,2,1)(3,2,1)(4,1,0)(3,2,0)(4,3,1)(4,3,0)	psi(W_(W+w)+W_(W+1))	psi(W_(W+w)+W_(W+1))	
2378	(0,0,0)(1,1,1)(2,1,1)(3,1,0)(1,1,0)(2,2,1)(3,2,1)(4,1,0)(3,2,0)(4,3,1)(4,3,0)(5,4,1)	psi(W_(W+w)+psi_W_(w+2)(W_(w+w)))	psi(W_(W+w)+psi_W_(w+2)(W_(w+w)))	
2379	(0,0,0)(1,1,1)(2,1,1)(3,1,0)(1,1,0)(2,2,1)(3,2,1)(4,1,0)(3,2,0)(4,3,1)(4,3,0)(5,4,1)(5,4,0)	psi(W_(W+w)+W_(w+2))	psi(W_(W+w)+W_(w+2))	
2380	(0,0,0)(1,1,1)(2,1,1)(3,1,0)(1,1,0)(2,2,1)(3,2,1)(4,1,0)(3,2,0)(4,3,1)(4,3,1)	psi(W_(W+w)*2)	psi(W_(W+w)*2)	
2381	(0,0,0)(1,1,1)(2,1,1)(3,1,0)(1,1,0)(2,2,1)(3,2,1)(4,1,0)(3,2,0)(4,3,1)(5,1,0)	psi(W_(W+w)*W)	psi(W_(W+w)*W)	
2382	(0,0,0)(1,1,1)(2,1,1)(3,1,0)(1,1,0)(2,2,1)(3,2,1)(4,1,0)(3,2,0)(4,3,1)(5,2,0)	psi(W_(W+w)*W_2)	psi(W_(W+w)*W_2)	
2383	(0,0,0)(1,1,1)(2,1,1)(3,1,0)(1,1,0)(2,2,1)(3,2,1)(4,1,0)(3,2,0)(4,3,1)(5,2,0)(2,2,1)	psi(W_(W+w)*W_w)	psi(W_(W+w)*W_w)	
2384	(0,0,0)(1,1,1)(2,1,1)(3,1,0)(1,1,0)(2,2,1)(3,2,1)(4,1,0)(3,2,0)(4,3,1)(5,2,0)(2,2,1)(3,2,1)(4,1,0)	psi(W_(W+w)*W_W)	psi(W_(W+w)*W_W)	
2385	(0,0,0)(1,1,1)(2,1,1)(3,1,0)(1,1,0)(2,2,1)(3,2,1)(4,1,0)(3,2,0)(4,3,1)(5,2,0)(4,3,0)	psi(W_(W+w)*W_W+W_(W+1))	psi(W_(W+w)*W_W+W_(W+1))	
2386	(0,0,0)(1,1,1)(2,1,1)(3,1,0)(1,1,0)(2,2,1)(3,2,1)(4,1,0)(3,2,0)(4,3,1)(5,2,0)(5,2,0)	psi(W_(W+w)*W_W*W_2)	psi(W_(W+w)*W_W*W_2)	
2387	(0,0,0)(1,1,1)(2,1,1)(3,1,0)(1,1,0)(2,2,1)(3,2,1)(4,1,0)(3,2,0)(4,3,1)(5,3,0)	psi(W_(W+w)*W_(W+1))	psi(W_(W+w)*W_(W+1))	
2388	(0,0,0)(1,1,1)(2,1,1)(3,1,0)(1,1,0)(2,2,1)(3,2,1)(4,1,0)(3,2,0)(4,3,1)(5,3,0)(4,3,1)	psi(W_(W+w)^2)	psi(W_(W+w)^2)	
2389	(0,0,0)(1,1,1)(2,1,1)(3,1,0)(1,1,0)(2,2,1)(3,2,1)(4,1,0)(3,2,0)(4,3,1)(5,3,0)(6,3,0)(4,3,1)	psi(W_(W+w)^W_(W+w))	psi(W_(W+w)^W_(W+w))	
2390	(0,0,0)(1,1,1)(2,1,1)(3,1,0)(1,1,0)(2,2,1)(3,2,1)(4,1,0)(3,2,0)(4,3,1)(5,3,0)(6,4,0)	psi(W_(W+w+1))	psi(W_(W+w+1))	
2391	(0,0,0)(1,1,1)(2,1,1)(3,1,0)(1,1,0)(2,2,1)(3,2,1)(4,1,0)(3,2,0)(4,3,1)(5,3,0)(6,4,0)(7,5,0)	psi(W_(W+w+2))	psi(W_(W+w+2))	
2392	(0,0,0)(1,1,1)(2,1,1)(3,1,0)(1,1,0)(2,2,1)(3,2,1)(4,1,0)(3,2,0)(4,3,1)(5,3,0)(6,4,1)	psi(W_(W+w2))	psi(W_(W+w2))	
2393	(0,0,0)(1,1,1)(2,1,1)(3,1,0)(1,1,0)(2,2,1)(3,2,1)(4,1,0)(3,2,0)(4,3,1)(5,3,0)(6,4,1)(7,4,0)(8,5,1)	psi(W_(W+w3))	psi(W_(W+w3))	
2394	(0,0,0)(1,1,1)(2,1,1)(3,1,0)(1,1,0)(2,2,1)(3,2,1)(4,1,0)(3,2,0)(4,3,1)(5,3,1)	psi(W_(W+w^2))	psi(W_(W+w^2))	
2395	(0,0,0)(1,1,1)(2,1,1)(3,1,0)(1,1,0)(2,2,1)(3,2,1)(4,1,0)(3,2,0)(4,3,1)(5,3,1)(5,3,0)	psi(W_(W+w^2)*W_(W+1))	psi(W_(W+w^2)*W_(W+1))	
2396	(0,0,0)(1,1,1)(2,1,1)(3,1,0)(1,1,0)(2,2,1)(3,2,1)(4,1,0)(3,2,0)(4,3,1)(5,3,1)(5,3,0)(4,3,1)(5,3,1)	psi(W_(W+w^2)^2)	psi(W_(W+w^2)^2)	
2397	(0,0,0)(1,1,1)(2,1,1)(3,1,0)(1,1,0)(2,2,1)(3,2,1)(4,1,0)(3,2,0)(4,3,1)(5,3,1)(5,3,0)(6,4,0)	psi(W_(W+w^2+1))	psi(W_(W+w^2+1))	
2398	(0,0,0)(1,1,1)(2,1,1)(3,1,0)(1,1,0)(2,2,1)(3,2,1)(4,1,0)(3,2,0)(4,3,1)(5,3,1)(5,3,0)(6,4,1)	psi(W_(W+w^2+w))	psi(W_(W+w^2+w))	
2399	(0,0,0)(1,1,1)(2,1,1)(3,1,0)(1,1,0)(2,2,1)(3,2,1)(4,1,0)(3,2,0)(4,3,1)(5,3,1)(5,3,0)(6,4,1)(7,4,1)	psi(W_(W+w^2*2))	psi(W_(W+w^2*2))	
2400	(0,0,0)(1,1,1)(2,1,1)(3,1,0)(1,1,0)(2,2,1)(3,2,1)(4,1,0)(3,2,0)(4,3,1)(5,3,1)(5,3,1)	psi(W_(W+w^3))	psi(W_(W+w^3))	
2401	(0,0,0)(1,1,1)(2,1,1)(3,1,0)(1,1,0)(2,2,1)(3,2,1)(4,1,0)(3,2,0)(4,3,1)(5,3,1)(5,3,1)(5,3,1)	psi(W_(W+w^4))	psi(W_(W+w^4))	
2402	(0,0,0)(1,1,1)(2,1,1)(3,1,0)(1,1,0)(2,2,1)(3,2,1)(4,1,0)(3,2,0)(4,3,1)(5,3,1)(6,0,0)	psi(W_(W+w^w))	psi(W_(W+w^w))	
2403	(0,0,0)(1,1,1)(2,1,1)(3,1,0)(1,1,0)(2,2,1)(3,2,1)(4,1,0)(3,2,0)(4,3,1)(5,3,1)(6,0,0)(7,0,0)	psi(W_(W+w^w^w))	psi(W_(W+w^w^w))	
2404	(0,0,0)(1,1,1)(2,1,1)(3,1,0)(1,1,0)(2,2,1)(3,2,1)(4,1,0)(3,2,0)(4,3,1)(5,3,1)(6,0,0)(7,1,0)	psi(W_(W+psi(W)))	psi(W_(W+psi(W)))	
2405	(0,0,0)(1,1,1)(2,1,1)(3,1,0)(1,1,0)(2,2,1)(3,2,1)(4,1,0)(3,2,0)(4,3,1)(5,3,1)(6,0,0)(7,1,1)	psi(W_(W+psi(W_w))	psi(W_(W+psi(W_w)))	paren+1
2406	(0,0,0)(1,1,1)(2,1,1)(3,1,0)(1,1,0)(2,2,1)(3,2,1)(4,1,0)(3,2,0)(4,3,1)(5,3,1)(6,0,0)(7,1,1)(8,1,1)(9,1,0)	psi(W_(W+psi(W_W))	psi(W_(W+psi(W_W)))	paren+1
2407	(0,0,0)(1,1,1)(2,1,1)(3,1,0)(1,1,0)(2,2,1)(3,2,1)(4,1,0)(3,2,0)(4,3,1)(5,3,1)(6,1,0)	psi(W_(W2))	psi(W_(W2))	
2408	(0,0,0)(1,1,1)(2,1,1)(3,1,0)(1,1,0)(2,2,1)(3,2,1)(4,1,0)(3,2,0)(4,3,1)(5,3,1)(6,1,0)(2,2,1)(3,2,1)(4,1,0)	psi(W_(W2)+W_W)	psi(W_(W2)+W_W)	
2409	(0,0,0)(1,1,1)(2,1,1)(3,1,0)(1,1,0)(2,2,1)(3,2,1)(4,1,0)(3,2,0)(4,3,1)(5,3,1)(6,1,0)(4,3,0)	psi(W_(W2)+W_(W+1))	psi(W_(W2)+W_(W+1))	
2410	(0,0,0)(1,1,1)(2,1,1)(3,1,0)(1,1,0)(2,2,1)(3,2,1)(4,1,0)(3,2,0)(4,3,1)(5,3,1)(6,1,0)(4,3,1)	psi(W_(W2)+W_(W+w))	psi(W_(W2)+W_(W+w))	
2411	(0,0,0)(1,1,1)(2,1,1)(3,1,0)(1,1,0)(2,2,1)(3,2,1)(4,1,0)(3,2,0)(4,3,1)(5,3,1)(6,1,0)(4,3,1)(5,3,1)	psi(W_(W2)+W_(W+w^2))	psi(W_(W2)+W_(W+w^2))	
2412	(0,0,0)(1,1,1)(2,1,1)(3,1,0)(1,1,0)(2,2,1)(3,2,1)(4,1,0)(3,2,0)(4,3,1)(5,3,1)(6,1,0)(4,3,1)(5,3,1)(6,1,0)	psi(W_(W2)*2)	psi(W_(W2)*2)	
2413	(0,0,0)(1,1,1)(2,1,1)(3,1,0)(1,1,0)(2,2,1)(3,2,1)(4,1,0)(3,2,0)(4,3,1)(5,3,1)(6,1,0)(5,0,0)	psi(W_(W2)*w)	psi(W_(W2)*w)	
2414	(0,0,0)(1,1,1)(2,1,1)(3,1,0)(1,1,0)(2,2,1)(3,2,1)(4,1,0)(3,2,0)(4,3,1)(5,3,1)(6,1,0)(5,2,0)	psi(W_(W2)*W_2)	psi(W_(W2)*W_2)	
2415	(0,0,0)(1,1,1)(2,1,1)(3,1,0)(1,1,0)(2,2,1)(3,2,1)(4,1,0)(3,2,0)(4,3,1)(5,3,1)(6,1,0)(5,2,0)(2,2,1)(3,2,1)(4,1,0)	psi(W_(W2)*W_W)	psi(W_(W2)*W_W)	
2416	(0,0,0)(1,1,1)(2,1,1)(3,1,0)(1,1,0)(2,2,1)(3,2,1)(4,1,0)(3,2,0)(4,3,1)(5,3,1)(6,1,0)(5,2,0)(4,3,1)(5,3,1)(6,1,0)	psi(W_(W2)*W_W+W_(W2))	psi(W_(W2)*W_W+W_(W2))	
2417	(0,0,0)(1,1,1)(2,1,1)(3,1,0)(1,1,0)(2,2,1)(3,2,1)(4,1,0)(3,2,0)(4,3,1)(5,3,1)(6,1,0)(5,3,0)	psi(W_(W2)*W_(W+1))	psi(W_(W2)*W_(W+1))	
2418	(0,0,0)(1,1,1)(2,1,1)(3,1,0)(1,1,0)(2,2,1)(3,2,1)(4,1,0)(3,2,0)(4,3,1)(5,3,1)(6,1,0)(5,3,0)(4,3,1)	psi(W_(W2)*W_(W+w))	psi(W_(W2)*W_(W+w))	
2419	(0,0,0)(1,1,1)(2,1,1)(3,1,0)(1,1,0)(2,2,1)(3,2,1)(4,1,0)(3,2,0)(4,3,1)(5,3,1)(6,1,0)(5,3,0)(4,3,1)(5,3,1)(6,1,0)	psi(W_(W2)^2)	psi(W_(W2)^2)	
2420	(0,0,0)(1,1,1)(2,1,1)(3,1,0)(1,1,0)(2,2,1)(3,2,1)(4,1,0)(3,2,0)(4,3,1)(5,3,1)(6,1,0)(5,3,0)(6,3,0)(4,3,1)(5,3,1)(6,1,0)	psi(W_(W2)^W_(W2))	psi(W_(W2)^W_(W2))	
2421	(0,0,0)(1,1,1)(2,1,1)(3,1,0)(1,1,0)(2,2,1)(3,2,1)(4,1,0)(3,2,0)(4,3,1)(5,3,1)(6,1,0)(5,3,0)(6,4,0)	psi(W_(W2+1))	psi(W_(W2+1))	
2422	(0,0,0)(1,1,1)(2,1,1)(3,1,0)(1,1,0)(2,2,1)(3,2,1)(4,1,0)(3,2,0)(4,3,1)(5,3,1)(6,1,0)(5,3,0)(6,4,0)(6,4,0)	psi(W_(W2+1)*2)	psi(W_(W2+1)*2)	
2423	(0,0,0)(1,1,1)(2,1,1)(3,1,0)(1,1,0)(2,2,1)(3,2,1)(4,1,0)(3,2,0)(4,3,1)(5,3,1)(6,1,0)(5,3,0)(6,4,0)(7,4,0)	psi(W_(W2+1)^2)	psi(W_(W2+1)^2)	
2424	(0,0,0)(1,1,1)(2,1,1)(3,1,0)(1,1,0)(2,2,1)(3,2,1)(4,1,0)(3,2,0)(4,3,1)(5,3,1)(6,1,0)(5,3,0)(6,4,0)(7,5,0)	psi(W_(W2+2))	psi(W_(W2+2))	
2425	(0,0,0)(1,1,1)(2,1,1)(3,1,0)(1,1,0)(2,2,1)(3,2,1)(4,1,0)(3,2,0)(4,3,1)(5,3,1)(6,1,0)(5,3,0)(6,4,1)	psi(W_(W2+w))	psi(W_(W2+w))	
2426	(0,0,0)(1,1,1)(2,1,1)(3,1,0)(1,1,0)(2,2,1)(3,2,1)(4,1,0)(3,2,0)(4,3,1)(5,3,1)(6,1,0)(5,3,0)(6,4,1)(7,4,0)(8,5,1)	psi(W_(W2+w2))	psi(W_(W2+w2))	
2427	(0,0,0)(1,1,1)(2,1,1)(3,1,0)(1,1,0)(2,2,1)(3,2,1)(4,1,0)(3,2,0)(4,3,1)(5,3,1)(6,1,0)(5,3,0)(6,4,1)(7,4,1)	psi(W_(W2+w^2))	psi(W_(W2+w^2))	
2428	(0,0,0)(1,1,1)(2,1,1)(3,1,0)(1,1,0)(2,2,1)(3,2,1)(4,1,0)(3,2,0)(4,3,1)(5,3,1)(6,1,0)(5,3,0)(6,4,1)(7,4,1)(8,0,0)	psi(W_(W2+w^w))	psi(W_(W2+w^w))	
2429	(0,0,0)(1,1,1)(2,1,1)(3,1,0)(1,1,0)(2,2,1)(3,2,1)(4,1,0)(3,2,0)(4,3,1)(5,3,1)(6,1,0)(5,3,0)(6,4,1)(7,4,1)(8,1,0)	psi(W_(W3))	psi(W_(W3))	
2430	(0,0,0)(1,1,1)(2,1,1)(3,1,0)(1,1,0)(2,2,1)(3,2,1)(4,1,0)(3,2,0)(4,3,1)(5,3,1)(6,1,0)(5,3,0)(6,4,1)(7,4,1)(8,1,0)(7,4,0)(8,5,0)	psi(W_(W3+1))	psi(W_(W3+1))	
2431	(0,0,0)(1,1,1)(2,1,1)(3,1,0)(1,1,0)(2,2,1)(3,2,1)(4,1,0)(3,2,0)(4,3,1)(5,3,1)(6,1,0)(5,3,0)(6,4,1)(7,4,1)(8,1,0)(7,4,0)(8,5,1)	psi(W_(W3+w))	psi(W_(W3+w))	
2432	(0,0,0)(1,1,1)(2,1,1)(3,1,0)(1,1,0)(2,2,1)(3,2,1)(4,1,0)(3,2,0)(4,3,1)(5,3,1)(6,1,0)(5,3,0)(6,4,1)(7,4,1)(8,1,0)(7,4,0)(8,5,1)(9,5,1)(10,1,0)	psi(W_(W4))	psi(W_(W4))	
2433	(0,0,0)(1,1,1)(2,1,1)(3,1,0)(1,1,0)(2,2,1)(3,2,1)(4,1,0)(3,2,0)(4,3,1)(5,3,1)(6,1,0)(5,3,0)(6,4,1)(7,4,1)(8,1,0)(7,4,0)(8,5,1)(9,5,1)(10,1,0)(9,5,0)(10,6,1)(11,6,1)(12,1,0)	psi(W_(W5))	psi(W_(W5))	
2434	(0,0,0)(1,1,1)(2,1,1)(3,1,0)(1,1,0)(2,2,1)(3,2,1)(4,1,0)(3,2,1)	psi(W_(W*w))	psi(W_(W*w))	
2435	(0,0,0)(1,1,1)(2,1,1)(3,1,0)(1,1,0)(2,2,1)(3,2,1)(4,1,0)(3,2,1)(2,2,0)	psi(W_(W*w)+W_2)	psi(W_(W*w)+W_2)	
2436	(0,0,0)(1,1,1)(2,1,1)(3,1,0)(1,1,0)(2,2,1)(3,2,1)(4,1,0)(3,2,1)(2,2,1)	psi(W_(W*w)+W_w)	psi(W_(W*w)+W_w)	
2437	(0,0,0)(1,1,1)(2,1,1)(3,1,0)(1,1,0)(2,2,1)(3,2,1)(4,1,0)(3,2,1)(2,2,1)(3,2,1)	psi(W_(W*w)+W_(w^2))	psi(W_(W*w)+W_(w^2))	
2438	(0,0,0)(1,1,1)(2,1,1)(3,1,0)(1,1,0)(2,2,1)(3,2,1)(4,1,0)(3,2,1)(2,2,1)(3,2,1)(4,0,0)	psi(W_(W*w)+W_(w^w))	psi(W_(W*w)+W_(w^w))	
2439	(0,0,0)(1,1,1)(2,1,1)(3,1,0)(1,1,0)(2,2,1)(3,2,1)(4,1,0)(3,2,1)(2,2,1)(3,2,1)(4,1,0)	psi(W_(W*w)+W_W)	psi(W_(W*w)+W_W)	
2440	(0,0,0)(1,1,1)(2,1,1)(3,1,0)(1,1,0)(2,2,1)(3,2,1)(4,1,0)(3,2,1)(2,2,1)(3,2,1)(4,1,0)(3,2,0)(4,3,0)	psi(W_(W*w)+psi_W_(W+1)(W_(W+1)))	psi(W_(W*w)+psi_W_(W+1)(W_(W+1)))	
2441	(0,0,0)(1,1,1)(2,1,1)(3,1,0)(1,1,0)(2,2,1)(3,2,1)(4,1,0)(3,2,1)(2,2,1)(3,2,1)(4,1,0)(3,2,0)(4,3,1)	psi(W_(W*w)+psi_W_(W+1)(W_(W+w)))	psi(W_(W*w)+psi_W_(W+1)(W_(W+w)))	
2442	(0,0,0)(1,1,1)(2,1,1)(3,1,0)(1,1,0)(2,2,1)(3,2,1)(4,1,0)(3,2,1)(2,2,1)(3,2,1)(4,1,0)(3,2,0)(4,3,1)(5,3,1)(6,1,0)	psi(W_(W*w)+psi_W_(W+1)(W_(W2)))	psi(W_(W*w)+psi_W_(W+1)(W_(W2)))	
2443	(0,0,0)(1,1,1)(2,1,1)(3,1,0)(1,1,0)(2,2,1)(3,2,1)(4,1,0)(3,2,1)(2,2,1)(3,2,1)(4,1,0)(3,2,0)(4,3,1)(5,3,1)(6,1,0)(5,3,1)	psi(W_(W*w)+psi_W_(W+1)(W_(W*w)))	psi(W_(W*w)+psi_W_(W+1)(W_(W*w)))	
2444	(0,0,0)(1,1,1)(2,1,1)(3,1,0)(1,1,0)(2,2,1)(3,2,1)(4,1,0)(3,2,1)(2,2,1)(3,2,1)(4,1,0)(3,2,0)(4,3,1)(5,3,1)(6,1,0)(5,3,1)(4,3,0)	psi(W_(W*w)+W_(W+1))	psi(W_(W*w)+W_(W+1))	
2445	(0,0,0)(1,1,1)(2,1,1)(3,1,0)(1,1,0)(2,2,1)(3,2,1)(4,1,0)(3,2,1)(2,2,1)(3,2,1)(4,1,0)(3,2,0)(4,3,1)(5,3,1)(6,1,0)(5,3,1)(4,3,1)	psi(W_(W*w)+W_(W+w))	psi(W_(W*w)+W_(W+w))	
2446	(0,0,0)(1,1,1)(2,1,1)(3,1,0)(1,1,0)(2,2,1)(3,2,1)(4,1,0)(3,2,1)(2,2,1)(3,2,1)(4,1,0)(3,2,0)(4,3,1)(5,3,1)(6,1,0)(5,3,1)(4,3,1)(5,3,1)(6,1,0)	psi(W_(W*w)+W_(W2))	psi(W_(W*w)+W_(W2))	
2447	(0,0,0)(1,1,1)(2,1,1)(3,1,0)(1,1,0)(2,2,1)(3,2,1)(4,1,0)(3,2,1)(2,2,1)(3,2,1)(4,1,0)(3,2,0)(4,3,1)(5,3,1)(6,1,0)(5,3,1)(4,3,1)(5,3,1)(6,1,0)(5,3,0)(6,4,1)(7,5,1)(8,1,0)(7,5,1)(6,4,1)(7,5,1)(8,1,0)	psi(W_(W*w)+W_(W3))	psi(W_(W*w)+W_(W3))	
2448	(0,0,0)(1,1,1)(2,1,1)(3,1,0)(1,1,0)(2,2,1)(3,2,1)(4,1,0)(3,2,1)(2,2,1)(3,2,1)(4,1,0)(3,2,1)	psi(W_(W*w)*2)	psi(W_(W*w)*2)	
2449	(0,0,0)(1,1,1)(2,1,1)(3,1,0)(1,1,0)(2,2,1)(3,2,1)(4,1,0)(3,2,1)(2,2,1)(3,2,1)(4,1,0)(3,2,1)(2,2,1)(3,2,1)(4,1,0)(3,2,1)	psi(W_(W*w)*3)	psi(W_(W*w)*3)	
2450	(0,0,0)(1,1,1)(2,1,1)(3,1,0)(1,1,0)(2,2,1)(3,2,1)(4,1,0)(3,2,1)(3,1,0)	psi(W_(W*w)*W)	psi(W_(W*w)*W)	
2451	(0,0,0)(1,1,1)(2,1,1)(3,1,0)(1,1,0)(2,2,1)(3,2,1)(4,1,0)(3,2,1)(3,2,0)	psi(W_(W*w)*W_2)	psi(W_(W*w)*W_2)	
2452	(0,0,0)(1,1,1)(2,1,1)(3,1,0)(1,1,0)(2,2,1)(3,2,1)(4,1,0)(3,2,1)(3,2,0)(2,2,1)	psi(W_(W*w)*W_w)	psi(W_(W*w)*W_w)	
2453	(0,0,0)(1,1,1)(2,1,1)(3,1,0)(1,1,0)(2,2,1)(3,2,1)(4,1,0)(3,2,1)(3,2,0)(2,2,1)(3,2,1)	psi(W_(W*w)*W_(w^2))	psi(W_(W*w)*W_(w^2))	
2454	(0,0,0)(1,1,1)(2,1,1)(3,1,0)(1,1,0)(2,2,1)(3,2,1)(4,1,0)(3,2,1)(3,2,0)(2,2,1)(3,2,1)(4,1,0)	psi(W_(W*w)*W_W)	psi(W_(W*w)*W_W)	
2455	(0,0,0)(1,1,1)(2,1,1)(3,1,0)(1,1,0)(2,2,1)(3,2,1)(4,1,0)(3,2,1)(3,2,0)(2,2,1)(3,2,1)(4,1,0)(2,2,1)(3,2,1)(4,1,0)	psi(W_(W*w)*W_W+W_W)	psi(W_(W*w)*W_W+W_W)	
2456	(0,0,0)(1,1,1)(2,1,1)(3,1,0)(1,1,0)(2,2,1)(3,2,1)(4,1,0)(3,2,1)(3,2,0)(2,2,1)(3,2,1)(4,1,0)(3,2,0)	psi(W_(W*w)*W_W+W_W*W_2)	psi(W_(W*w)*W_W+W_W*W_2)	
2457	(0,0,0)(1,1,1)(2,1,1)(3,1,0)(1,1,0)(2,2,1)(3,2,1)(4,1,0)(3,2,1)(3,2,0)(2,2,1)(3,2,1)(4,1,0)(3,2,0)(4,3,0)	psi(W_(W*w)*W_W+psi_W_(W+1)(W_(W+1)))	psi(W_(W*w)*W_W+psi_W_(W+1)(W_(W+1)))	
2458	(0,0,0)(1,1,1)(2,1,1)(3,1,0)(1,1,0)(2,2,1)(3,2,1)(4,1,0)(3,2,1)(3,2,0)(2,2,1)(3,2,1)(4,1,0)(3,2,0)(4,3,1)	psi(W_(W*w)*W_W+psi_W_(W+1)(W_(W+w)))	psi(W_(W*w)*W_W+psi_W_(W+1)(W_(W+w)))	
2459	(0,0,0)(1,1,1)(2,1,1)(3,1,0)(1,1,0)(2,2,1)(3,2,1)(4,1,0)(3,2,1)(3,2,0)(2,2,1)(3,2,1)(4,1,0)(3,2,0)(4,3,1)(5,3,1)(6,1,0)	psi(W_(W*w)*W_W+psi_W_(W+1)(W_(W2)))	psi(W_(W*w)*W_W+psi_W_(W+1)(W_(W2)))	
2460	(0,0,0)(1,1,1)(2,1,1)(3,1,0)(1,1,0)(2,2,1)(3,2,1)(4,1,0)(3,2,1)(3,2,0)(2,2,1)(3,2,1)(4,1,0)(3,2,0)(4,3,1)(5,3,1)(6,1,0)(5,3,1)	psi(W_(W*w)*W_W+psi_W_(W+1)(W_(W*w)))	psi(W_(W*w)*W_W+psi_W_(W+1)(W_(W*w)))	
2461	(0,0,0)(1,1,1)(2,1,1)(3,1,0)(1,1,0)(2,2,1)(3,2,1)(4,1,0)(3,2,1)(3,2,0)(2,2,1)(3,2,1)(4,1,0)(3,2,0)(4,3,1)(5,3,1)(6,1,0)(5,3,1)(5,2,0)(2,2,1)(3,2,1)(4,1,0)	psi(W_(W*w)*W_W+psi_W_(W+1)(W_(W*w)*W_W))	psi(W_(W*w)*W_W+psi_W_(W+1)(W_(W*w)*W_W))	
2462	(0,0,0)(1,1,1)(2,1,1)(3,1,0)(1,1,0)(2,2,1)(3,2,1)(4,1,0)(3,2,1)(3,2,0)(2,2,1)(3,2,1)(4,1,0)(3,2,0)(4,3,1)(5,3,1)(6,1,0)(5,3,1)(5,2,0)(4,3,0)	psi(W_(W*w)*W_W+W_(w+1))	psi(W_(W*w)*W_W+W_(w+1))	
2463	(0,0,0)(1,1,1)(2,1,1)(3,1,0)(1,1,0)(2,2,1)(3,2,1)(4,1,0)(3,2,1)(3,2,0)(2,2,1)(3,2,1)(4,1,0)(3,2,0)(4,3,1)(5,3,1)(6,1,0)(5,3,1)(5,2,0)(4,3,1)	psi(W_(W*w)*W_W+W_(W+w))	psi(W_(W*w)*W_W+W_(W+w))	
2464	(0,0,0)(1,1,1)(2,1,1)(3,1,0)(1,1,0)(2,2,1)(3,2,1)(4,1,0)(3,2,1)(3,2,0)(2,2,1)(3,2,1)(4,1,0)(3,2,0)(4,3,1)(5,3,1)(6,1,0)(5,3,1)(5,2,0)(4,3,1)(5,3,1)(6,1,0)	psi(W_(W*w)*W_W+W_(W2))	psi(W_(W*w)*W_W+W_(W2))	
2465	(0,0,0)(1,1,1)(2,1,1)(3,1,0)(1,1,0)(2,2,1)(3,2,1)(4,1,0)(3,2,1)(3,2,0)(2,2,1)(3,2,1)(4,1,0)(3,2,0)(4,3,1)(5,3,1)(6,1,0)(5,3,1)(5,2,0)(4,3,1)(5,3,1)(6,1,0)(5,3,1)	psi(W_(W*w)*W_W+W_(W*w))	psi(W_(W*w)*W_W+W_(W*w))	
2466	(0,0,0)(1,1,1)(2,1,1)(3,1,0)(1,1,0)(2,2,1)(3,2,1)(4,1,0)(3,2,1)(3,2,0)(2,2,1)(3,2,1)(4,1,0)(3,2,0)(4,3,1)(5,3,1)(6,1,0)(5,3,1)(5,2,0)(4,3,1)(5,3,1)(6,1,0)(5,3,1)(5,2,0)(2,2,1)(3,2,1)(4,1,0)	psi(W_(W*w)*W_W*2)	psi(W_(W*w)*W_W*2)	
2467	(0,0,0)(1,1,1)(2,1,1)(3,1,0)(1,1,0)(2,2,1)(3,2,1)(4,1,0)(3,2,1)(3,2,0)(2,2,1)(3,2,1)(4,1,0)(3,2,0)(4,3,1)(5,3,1)(6,1,0)(5,3,1)(5,2,0)(5,2,0)	psi(W_(W*w)*W_W*W_2)	psi(W_(W*w)*W_W*W_2)	
2468	(0,0,0)(1,1,1)(2,1,1)(3,1,0)(1,1,0)(2,2,1)(3,2,1)(4,1,0)(3,2,1)(3,2,0)(2,2,1)(3,2,1)(4,1,0)(3,2,0)(4,3,1)(5,3,1)(6,1,0)(5,3,1)(5,2,0)(6,3,0)	psi(W_(W*w)*psi_W_(W+1)(W_(W+1)))	psi(W_(W*w)*psi_W_(W+1)(W_(W+1)))	
2469	(0,0,0)(1,1,1)(2,1,1)(3,1,0)(1,1,0)(2,2,1)(3,2,1)(4,1,0)(3,2,1)(3,2,0)(2,2,1)(3,2,1)(4,1,0)(3,2,0)(4,3,1)(5,3,1)(6,1,0)(5,3,1)(5,3,0)	psi(W_(W*w)*W_(W+1))	psi(W_(W*w)*W_(W+1))	
2470	(0,0,0)(1,1,1)(2,1,1)(3,1,0)(1,1,0)(2,2,1)(3,2,1)(4,1,0)(3,2,1)(3,2,0)(2,2,1)(3,2,1)(4,1,0)(3,2,0)(4,3,1)(5,3,1)(6,1,0)(5,3,1)(5,3,0)(4,3,0)(5,4,1)(6,4,1)(7,1,0)(6,4,1)(6,4,0)	psi(W_(W*w)*W_(W+2))	psi(W_(W*w)*W_(W+2))	
2471	(0,0,0)(1,1,1)(2,1,1)(3,1,0)(1,1,0)(2,2,1)(3,2,1)(4,1,0)(3,2,1)(3,2,0)(2,2,1)(3,2,1)(4,1,0)(3,2,0)(4,3,1)(5,3,1)(6,1,0)(5,3,1)(5,3,0)(4,3,1)	psi(W_(W*w)*W_(W+w))	psi(W_(W*w)*W_(W+w))	
2472	(0,0,0)(1,1,1)(2,1,1)(3,1,0)(1,1,0)(2,2,1)(3,2,1)(4,1,0)(3,2,1)(3,2,0)(2,2,1)(3,2,1)(4,1,0)(3,2,0)(4,3,1)(5,3,1)(6,1,0)(5,3,1)(5,3,0)(4,3,1)(5,3,1)	psi(W_(W*w)*W_(W+w^2))	psi(W_(W*w)*W_(W+w^2))	
2473	(0,0,0)(1,1,1)(2,1,1)(3,1,0)(1,1,0)(2,2,1)(3,2,1)(4,1,0)(3,2,1)(3,2,0)(2,2,1)(3,2,1)(4,1,0)(3,2,0)(4,3,1)(5,3,1)(6,1,0)(5,3,1)(5,3,0)(4,3,1)(5,3,1)(6,1,0)	psi(W_(W*w)*W_(W2))	psi(W_(W*w)*W_(W2))	
2474	(0,0,0)(1,1,1)(2,1,1)(3,1,0)(1,1,0)(2,2,1)(3,2,1)(4,1,0)(3,2,1)(3,2,0)(2,2,1)(3,2,1)(4,1,0)(3,2,0)(4,3,1)(5,3,1)(6,1,0)(5,3,1)(5,3,0)(4,3,1)(5,3,1)(6,1,0)(5,3,0)(6,4,1)(7,4,1)(8,1,0)(7,4,1)(7,4,0)(6,4,1)(7,4,1)(8,1,0)	psi(W_(W*w)*W_(W3))	psi(W_(W*w)*W_(W3))	
2475	(0,0,0)(1,1,1)(2,1,1)(3,1,0)(1,1,0)(2,2,1)(3,2,1)(4,1,0)(3,2,1)(3,2,0)(2,2,1)(3,2,1)(4,1,0)(3,2,1)	psi(W_(W*w)^2)	psi(W_(W*w)^2)	
2476	(0,0,0)(1,1,1)(2,1,1)(3,1,0)(1,1,0)(2,2,1)(3,2,1)(4,1,0)(3,2,1)(3,2,0)(2,2,1)(3,2,1)(4,1,0)(3,2,1)(2,2,1)(3,2,1)(4,1,0)(3,2,1)	psi(W_(W*w)^2+W_(W*w))	psi(W_(W*w)^2+W_(W*w))	
2477	(0,0,0)(1,1,1)(2,1,1)(3,1,0)(1,1,0)(2,2,1)(3,2,1)(4,1,0)(3,2,1)(3,2,0)(2,2,1)(3,2,1)(4,1,0)(3,2,1)(3,2,0)	psi(W_(W*w)^2+W_(W*w)*W_2)	psi(W_(W*w)^2+W_(W*w)*W_2)	
2478	(0,0,0)(1,1,1)(2,1,1)(3,1,0)(1,1,0)(2,2,1)(3,2,1)(4,1,0)(3,2,1)(3,2,0)(2,2,1)(3,2,1)(4,1,0)(3,2,1)(3,2,0)(2,2,1)(3,2,1)(4,1,0)(3,2,1)	psi(W_(W*w)^2*2)	psi(W_(W*w)^2*2)	
2479	(0,0,0)(1,1,1)(2,1,1)(3,1,0)(1,1,0)(2,2,1)(3,2,1)(4,1,0)(3,2,1)(3,2,0)(3,2,0)	psi(W_(W*w)^2*W_2)	psi(W_(W*w)^2*W_2)	
2480	(0,0,0)(1,1,1)(2,1,1)(3,1,0)(1,1,0)(2,2,1)(3,2,1)(4,1,0)(3,2,1)(3,2,0)(3,2,0)(2,2,1)(3,2,1)(4,1,0)	psi(W_(W*w)^2*W_W)	psi(W_(W*w)^2*W_W)	
2481	(0,0,0)(1,1,1)(2,1,1)(3,1,0)(1,1,0)(2,2,1)(3,2,1)(4,1,0)(3,2,1)(3,2,0)(3,2,0)(2,2,1)(3,2,1)(4,1,0)(3,2,1)	psi(W_(W*w)^3)	psi(W_(W*w)^3)	
2482	(0,0,0)(1,1,1)(2,1,1)(3,1,0)(1,1,0)(2,2,1)(3,2,1)(4,1,0)(3,2,1)(3,2,0)(3,2,0)(3,2,0)(2,2,1)(3,2,1)(4,1,0)(3,2,1)	psi(W_(W*w)^4)	psi(W_(W*w)^4)	
2483	(0,0,0)(1,1,1)(2,1,1)(3,1,0)(1,1,0)(2,2,1)(3,2,1)(4,1,0)(3,2,1)(3,2,0)(4,2,0)(2,2,1)(3,2,1)(4,1,0)(3,2,1)	psi(W_(W*w)^W_(W*w))	psi(W_(W*w)^W_(W*w))	
2484	(0,0,0)(1,1,1)(2,1,1)(3,1,0)(1,1,0)(2,2,1)(3,2,1)(4,1,0)(3,2,1)(3,2,0)(4,2,0)(5,2,0)(2,2,1)(3,2,1)(4,1,0)(3,2,1)	psi(W_(W*w)^W_(W*w)^W_(W*w))	psi(W_(W*w)^W_(W*w)^W_(W*w))	
2485	(0,0,0)(1,1,1)(2,1,1)(3,1,0)(1,1,0)(2,2,1)(3,2,1)(4,1,0)(3,2,1)(3,2,0)(4,3,0)	psi(W_(W*w+1))	psi(W_(W*w+1))	
2486	(0,0,0)(1,1,1)(2,1,1)(3,1,0)(1,1,0)(2,2,1)(3,2,1)(4,1,0)(3,2,1)(3,2,0)(4,3,0)(4,3,0)	psi(W_(W*w+1)*2)	psi(W_(W*w+1)*2)	
2487	(0,0,0)(1,1,1)(2,1,1)(3,1,0)(1,1,0)(2,2,1)(3,2,1)(4,1,0)(3,2,1)(3,2,0)(4,3,0)(5,3,0)	psi(W_(W*w+1)^2)	psi(W_(W*w+1)^2)	
2488	(0,0,0)(1,1,1)(2,1,1)(3,1,0)(1,1,0)(2,2,1)(3,2,1)(4,1,0)(3,2,1)(3,2,0)(4,3,0)(5,4,0)	psi(W_(W*w+2))	psi(W_(W*w+2))	
2489	(0,0,0)(1,1,1)(2,1,1)(3,1,0)(1,1,0)(2,2,1)(3,2,1)(4,1,0)(3,2,1)(3,2,0)(4,3,1)	psi(W_(W*w+w))	psi(W_(W*w+w))	
2490	(0,0,0)(1,1,1)(2,1,1)(3,1,0)(1,1,0)(2,2,1)(3,2,1)(4,1,0)(3,2,1)(3,2,0)(4,3,1)(5,3,1)	psi(W_(W*w+w^2))	psi(W_(W*w+w^2))	
2491	(0,0,0)(1,1,1)(2,1,1)(3,1,0)(1,1,0)(2,2,1)(3,2,1)(4,1,0)(3,2,1)(3,2,0)(4,3,1)(5,3,1)(6,0,0)	psi(W_(W*w+w^w))	psi(W_(W*w+w^w))	
2492	(0,0,0)(1,1,1)(2,1,1)(3,1,0)(1,1,0)(2,2,1)(3,2,1)(4,1,0)(3,2,1)(3,2,0)(4,3,1)(5,3,1)(6,1,0)	psi(W_(W*w+W))	psi(W_(W*w+W))	
2493	(0,0,0)(1,1,1)(2,1,1)(3,1,0)(1,1,0)(2,2,1)(3,2,1)(4,1,0)(3,2,1)(3,2,0)(4,3,1)(5,3,1)(6,1,0)(4,3,1)(5,3,1)(6,1,0)	psi(W_(W*w+W)*2)	psi(W_(W*w+W)*2)	
2494	(0,0,0)(1,1,1)(2,1,1)(3,1,0)(1,1,0)(2,2,1)(3,2,1)(4,1,0)(3,2,1)(3,2,0)(4,3,1)(5,3,1)(6,1,0)(5,2,0)	psi(W_(W*w+W)*W_2)	psi(W_(W*w+W)*W_2)	
2495	(0,0,0)(1,1,1)(2,1,1)(3,1,0)(1,1,0)(2,2,1)(3,2,1)(4,1,0)(3,2,1)(3,2,0)(4,3,1)(5,3,1)(6,1,0)(5,3,0)	psi(W_(W*w+W)*W_(W*w+1))	psi(W_(W*w+W)*W_(W*w+1))	
2496	(0,0,0)(1,1,1)(2,1,1)(3,1,0)(1,1,0)(2,2,1)(3,2,1)(4,1,0)(3,2,1)(3,2,0)(4,3,1)(5,3,1)(6,1,0)(5,3,0)(4,3,1)(5,3,1)(6,1,0)	psi(W_(W*w+W)^2)	psi(W_(W*w+W)^2)	
2497	(0,0,0)(1,1,1)(2,1,1)(3,1,0)(1,1,0)(2,2,1)(3,2,1)(4,1,0)(3,2,1)(3,2,0)(4,3,1)(5,3,1)(6,1,0)(5,3,0)(6,4,0)	psi(W_(W*w+W+1))	psi(W_(W*w+W+1))	
2498	(0,0,0)(1,1,1)(2,1,1)(3,1,0)(1,1,0)(2,2,1)(3,2,1)(4,1,0)(3,2,1)(3,2,0)(4,3,1)(5,3,1)(6,1,0)(5,3,0)(6,4,1)	psi(W_(W*w+W+w))	psi(W_(W*w+W+w))	
2499	(0,0,0)(1,1,1)(2,1,1)(3,1,0)(1,1,0)(2,2,1)(3,2,1)(4,1,0)(3,2,1)(3,2,0)(4,3,1)(5,3,1)(6,1,0)(5,3,0)(6,4,1)(7,4,1)(8,1,0)	psi(W_(W*w+W2))	psi(W_(W*w+W2))	
2500	(0,0,0)(1,1,1)(2,1,1)(3,1,0)(1,1,0)(2,2,1)(3,2,1)(4,1,0)(3,2,1)(3,2,0)(4,3,1)(5,3,1)(6,1,0)(5,3,1)	psi(W_(W*w2))	psi(W_(W*w2))	
2501	(0,0,0)(1,1,1)(2,1,1)(3,1,0)(1,1,0)(2,2,1)(3,2,1)(4,1,0)(3,2,1)(3,2,0)(4,3,1)(5,3,1)(6,1,0)(5,3,1)(5,3,0)(6,4,1)(7,4,1)(8,1,0)(7,4,1)	psi(W_(W*w3))	psi(W_(W*w3))	
2502	(0,0,0)(1,1,1)(2,1,1)(3,1,0)(1,1,0)(2,2,1)(3,2,1)(4,1,0)(3,2,1)(3,2,1)	psi(W_(W*w^2))	psi(W_(W*w^2))	
2503	(0,0,0)(1,1,1)(2,1,1)(3,1,0)(1,1,0)(2,2,1)(3,2,1)(4,1,0)(3,2,1)(3,2,1)(3,2,0)(4,3,1)(5,3,1)(6,1,0)(5,3,1)(5,3,1)	psi(W_(W*w^2*2))	psi(W_(W*w^2*2))	
2504	(0,0,0)(1,1,1)(2,1,1)(3,1,0)(1,1,0)(2,2,1)(3,2,1)(4,1,0)(3,2,1)(3,2,1)(3,2,1)	psi(W_(W*w^3))	psi(W_(W*w^3))	
2505	(0,0,0)(1,1,1)(2,1,1)(3,1,0)(1,1,0)(2,2,1)(3,2,1)(4,1,0)(3,2,1)(4,0,0)	psi(W_(W*w^w))	psi(W_(W*w^w))	
2506	(0,0,0)(1,1,1)(2,1,1)(3,1,0)(1,1,0)(2,2,1)(3,2,1)(4,1,0)(3,2,1)(4,0,0)(5,1,0)	psi(W_(W*psi(W)))	psi(W_(W*psi(W)))	
2507	(0,0,0)(1,1,1)(2,1,1)(3,1,0)(1,1,0)(2,2,1)(3,2,1)(4,1,0)(3,2,1)(4,0,0)(5,1,1)	psi(W_(W*psi(W_w)))	psi(W_(W*psi(W_w)))	
2508	(0,0,0)(1,1,1)(2,1,1)(3,1,0)(1,1,0)(2,2,1)(3,2,1)(4,1,0)(3,2,1)(4,1,0)	psi(W_(W^2))	psi(W_(W^2))	
2509	(0,0,0)(1,1,1)(2,1,1)(3,1,0)(1,1,0)(2,2,1)(3,2,1)(4,1,0)(3,2,1)(4,1,0)(2,2,1)(3,2,1)(4,1,0)(3,2,1)(4,1,0)	psi(W_(W^2)*2)	psi(W_(W^2)*2)	
2510	(0,0,0)(1,1,1)(2,1,1)(3,1,0)(1,1,0)(2,2,1)(3,2,1)(4,1,0)(3,2,1)(4,1,0)(3,2,0)	psi(W_(W^2)*W_2)	psi(W_(W^2)*W_2)	
2511	(0,0,0)(1,1,1)(2,1,1)(3,1,0)(1,1,0)(2,2,1)(3,2,1)(4,1,0)(3,2,1)(4,1,0)(3,2,0)(2,2,1)(3,2,1)(4,1,0)	psi(W_(W^2)*W_W)	psi(W_(W^2)*W_W)	
2512	(0,0,0)(1,1,1)(2,1,1)(3,1,0)(1,1,0)(2,2,1)(3,2,1)(4,1,0)(3,2,1)(4,1,0)(3,2,0)(2,2,1)(3,2,1)(4,1,0)(3,2,1)(4,1,0)	psi(W_(W^2)^2)	psi(W_(W^2)^2)	
2513	(0,0,0)(1,1,1)(2,1,1)(3,1,0)(1,1,0)(2,2,1)(3,2,1)(4,1,0)(3,2,1)(4,1,0)(3,2,0)(4,3,0)	psi(W_(W^2+1))	psi(W_(W^2+1))	
2514	(0,0,0)(1,1,1)(2,1,1)(3,1,0)(1,1,0)(2,2,1)(3,2,1)(4,1,0)(3,2,1)(4,1,0)(3,2,0)(4,3,0)(5,4,0)	psi(W_(W^2+2))	psi(W_(W^2+2))	
2515	(0,0,0)(1,1,1)(2,1,1)(3,1,0)(1,1,0)(2,2,1)(3,2,1)(4,1,0)(3,2,1)(4,1,0)(3,2,0)(4,3,1)	psi(W_(W^2+w))	psi(W_(W^2+w))	
2516	(0,0,0)(1,1,1)(2,1,1)(3,1,0)(1,1,0)(2,2,1)(3,2,1)(4,1,0)(3,2,1)(4,1,0)(3,2,0)(4,3,1)(5,3,1)	psi(W_(W^2+w^2))	psi(W_(W^2+w^2))	
2517	(0,0,0)(1,1,1)(2,1,1)(3,1,0)(1,1,0)(2,2,1)(3,2,1)(4,1,0)(3,2,1)(4,1,0)(3,2,0)(4,3,1)(5,3,1)(6,1,0)	psi(W_(W^2+W))	psi(W_(W^2+W))	
2518	(0,0,0)(1,1,1)(2,1,1)(3,1,0)(1,1,0)(2,2,1)(3,2,1)(4,1,0)(3,2,1)(4,1,0)(3,2,0)(4,3,1)(5,3,1)(6,1,0)(5,3,0)(6,4,0)	psi(W_(W^2+W+1))	psi(W_(W^2+W+1))	
2519	(0,0,0)(1,1,1)(2,1,1)(3,1,0)(1,1,0)(2,2,1)(3,2,1)(4,1,0)(3,2,1)(4,1,0)(3,2,0)(4,3,1)(5,3,1)(6,1,0)(5,3,0)(6,4,1)	psi(W_(W^2+W+w))	psi(W_(W^2+W+w))	
2520	(0,0,0)(1,1,1)(2,1,1)(3,1,0)(1,1,0)(2,2,1)(3,2,1)(4,1,0)(3,2,1)(4,1,0)(3,2,0)(4,3,1)(5,3,1)(6,1,0)(5,3,0)(6,4,1)(7,4,1)(8,1,0)	psi(W_(W^2+W2))	psi(W_(W^2+W2))	
2521	(0,0,0)(1,1,1)(2,1,1)(3,1,0)(1,1,0)(2,2,1)(3,2,1)(4,1,0)(3,2,1)(4,1,0)(3,2,0)(4,3,1)(5,3,1)(6,1,0)(5,3,1)	psi(W_(W^2+W*w))	psi(W_(W^2+W*w))	
2522	(0,0,0)(1,1,1)(2,1,1)(3,1,0)(1,1,0)(2,2,1)(3,2,1)(4,1,0)(3,2,1)(4,1,0)(3,2,0)(4,3,1)(5,3,1)(6,1,0)(5,3,1)(5,3,1)	psi(W_(W^2+W*w^2))	psi(W_(W^2+W*w^2))	
2523	(0,0,0)(1,1,1)(2,1,1)(3,1,0)(1,1,0)(2,2,1)(3,2,1)(4,1,0)(3,2,1)(4,1,0)(3,2,0)(4,3,1)(5,3,1)(6,1,0)(5,3,1)(6,1,0)	psi(W_(W^2*2))	psi(W_(W^2*2))	
2524	(0,0,0)(1,1,1)(2,1,1)(3,1,0)(1,1,0)(2,2,1)(3,2,1)(4,1,0)(3,2,1)(4,1,0)(3,2,1)	psi(W_(W^2*w))	psi(W_(W^2*w))	
2525	(0,0,0)(1,1,1)(2,1,1)(3,1,0)(1,1,0)(2,2,1)(3,2,1)(4,1,0)(3,2,1)(4,1,0)(3,2,1)(3,2,1)	psi(W_(W^2*w^2))	psi(W_(W^2*w^2))	
2526	(0,0,0)(1,1,1)(2,1,1)(3,1,0)(1,1,0)(2,2,1)(3,2,1)(4,1,0)(3,2,1)(4,1,0)(3,2,1)(4,0,0)	psi(W_(W^2*w^w))	psi(W_(W^2*w^w))	
2527	(0,0,0)(1,1,1)(2,1,1)(3,1,0)(1,1,0)(2,2,1)(3,2,1)(4,1,0)(3,2,1)(4,1,0)(3,2,1)(4,1,0)	psi(W_(W^3))	psi(W_(W^3))	
2528	(0,0,0)(1,1,1)(2,1,1)(3,1,0)(1,1,0)(2,2,1)(3,2,1)(4,1,0)(3,2,1)(4,1,0)(3,2,1)(4,1,0)(3,2,1)	psi(W_(W^3*w))	psi(W_(W^3*w))	
2529	(0,0,0)(1,1,1)(2,1,1)(3,1,0)(1,1,0)(2,2,1)(3,2,1)(4,1,0)(3,2,1)(4,1,0)(3,2,1)(4,1,0)(3,2,1)(4,1,0)	psi(W_(W^4))	psi(W_(W^4))	
2530	(0,0,0)(1,1,1)(2,1,1)(3,1,0)(1,1,0)(2,2,1)(3,2,1)(4,1,0)(4,0,0)	psi(W_(W^w))	psi(W_(W^w))	
2531	(0,0,0)(1,1,1)(2,1,1)(3,1,0)(1,1,0)(2,2,1)(3,2,1)(4,1,0)(4,0,0)(3,2,1)	psi(W_(W^w*w))	psi(W_(W^w*w))	
2532	(0,0,0)(1,1,1)(2,1,1)(3,1,0)(1,1,0)(2,2,1)(3,2,1)(4,1,0)(4,0,0)(3,2,1)(4,1,0)	psi(W_(W^(W+1)))	psi(W_(W^(W+1)))	
2533	(0,0,0)(1,1,1)(2,1,1)(3,1,0)(1,1,0)(2,2,1)(3,2,1)(4,1,0)(4,0,0)(3,2,1)(4,1,0)(4,0,0)	psi(W_(W^(w2)))	psi(W_(W^(w2)))	
2534	(0,0,0)(1,1,1)(2,1,1)(3,1,0)(1,1,0)(2,2,1)(3,2,1)(4,1,0)(4,0,0)(4,0,0)	psi(W_(W^w^2))	psi(W_(W^w^2))	
2535	(0,0,0)(1,1,1)(2,1,1)(3,1,0)(1,1,0)(2,2,1)(3,2,1)(4,1,0)(4,0,0)(5,0,0)	psi(W_(W^w^w))	psi(W_(W^w^w))	
2536	(0,0,0)(1,1,1)(2,1,1)(3,1,0)(1,1,0)(2,2,1)(3,2,1)(4,1,0)(4,1,0)	psi(W_(W^W))	psi(W_(W^W))	
2537	(0,0,0)(1,1,1)(2,1,1)(3,1,0)(1,1,0)(2,2,1)(3,2,1)(4,1,0)(4,1,0)(3,2,1)	psi(W_(W^W*w))	psi(W_(W^W*w))	
2538	(0,0,0)(1,1,1)(2,1,1)(3,1,0)(1,1,0)(2,2,1)(3,2,1)(4,1,0)(4,1,0)(3,2,1)(4,1,0)	psi(W_(W^(W+1)))	psi(W_(W^(W+1)))	
2539	(0,0,0)(1,1,1)(2,1,1)(3,1,0)(1,1,0)(2,2,1)(3,2,1)(4,1,0)(4,1,0)(3,2,1)(4,1,0)(4,1,0)	psi(W_(W^(W2)))	psi(W_(W^(W2)))	
2540	(0,0,0)(1,1,1)(2,1,1)(3,1,0)(1,1,0)(2,2,1)(3,2,1)(4,1,0)(4,1,0)(4,1,0)	psi(W_(W^W^2))	psi(W_(W^W^2))	
2541	(0,0,0)(1,1,1)(2,1,1)(3,1,0)(1,1,0)(2,2,1)(3,2,1)(4,1,0)(5,1,0)	psi(W_(W^W^W))	psi(W_(W^W^W))	
2542	(0,0,0)(1,1,1)(2,1,1)(3,1,0)(1,1,0)(2,2,1)(3,2,1)(4,1,0)(5,1,0)(6,1,0)	psi(W_(W^W^W^W))	psi(W_(W^W^W^W))	
2543	(0,0,0)(1,1,1)(2,1,1)(3,1,0)(1,1,0)(2,2,1)(3,2,1)(4,1,0)(5,2,0)	psi(W_psi_1(W_2))	psi(W_psi_1(W_2))	
2544	(0,0,0)(1,1,1)(2,1,1)(3,1,0)(1,1,0)(2,2,1)(3,2,1)(4,1,0)(5,2,0)(5,2,0)	psi(W_psi_1(W_2*2))	psi(W_psi_1(W_2*2))	
2545	(0,0,0)(1,1,1)(2,1,1)(3,1,0)(1,1,0)(2,2,1)(3,2,1)(4,1,0)(5,2,0)(6,1,0)	psi(W_psi_1(W_2*W))	psi(W_psi_1(W_2*W))	
2546	(0,0,0)(1,1,1)(2,1,1)(3,1,0)(1,1,0)(2,2,1)(3,2,1)(4,1,0)(5,2,0)(6,2,0)	psi(W_psi_1(W_2^2))	psi(W_psi_1(W_2^2))	
2547	(0,0,0)(1,1,1)(2,1,1)(3,1,0)(1,1,0)(2,2,1)(3,2,1)(4,1,0)(5,2,0)(6,2,0)(7,2,0)	psi(W_psi_1(W_2^W_2))	psi(W_psi_1(W_2^W_2))	
2548	(0,0,0)(1,1,1)(2,1,1)(3,1,0)(1,1,0)(2,2,1)(3,2,1)(4,1,0)(5,2,0)(6,3,0)	psi(W_psi_1(W_3))	psi(W_psi_1(W_3))	
2549	(0,0,0)(1,1,1)(2,1,1)(3,1,0)(1,1,0)(2,2,1)(3,2,1)(4,1,0)(5,2,0)(6,3,0)(7,4,0)	psi(W_psi_1(W_4))	psi(W_psi_1(W_4))	
2550	(0,0,0)(1,1,1)(2,1,1)(3,1,0)(1,1,0)(2,2,1)(3,2,1)(4,1,0)(5,2,1)	psi(W_psi_1(W_w))	psi(W_psi_1(W_w))	
2551	(0,0,0)(1,1,1)(2,1,1)(3,1,0)(1,1,0)(2,2,1)(3,2,1)(4,1,0)(5,2,1)(6,2,0)	psi(W_psi_1(W_w*W_2))	psi(W_psi_1(W_w*W_2))	
2552	(0,0,0)(1,1,1)(2,1,1)(3,1,0)(1,1,0)(2,2,1)(3,2,1)(4,1,0)(5,2,1)(6,2,0)(5,2,1)	psi(W_psi_1(W_w^2))	psi(W_psi_1(W_w^2))	
2553	(0,0,0)(1,1,1)(2,1,1)(3,1,0)(1,1,0)(2,2,1)(3,2,1)(4,1,0)(5,2,1)(6,2,0)(7,3,0)	psi(W_psi_1(W_(w+1)))	psi(W_psi_1(W_(w+1)))	
2554	(0,0,0)(1,1,1)(2,1,1)(3,1,0)(1,1,0)(2,2,1)(3,2,1)(4,1,0)(5,2,1)(6,2,0)(7,3,1)	psi(W_psi_1(W_(w2)))	psi(W_psi_1(W_(w2)))	
2555	(0,0,0)(1,1,1)(2,1,1)(3,1,0)(1,1,0)(2,2,1)(3,2,1)(4,1,0)(5,2,1)(6,2,1)	psi(W_psi_1(W_(w^2)))	psi(W_psi_1(W_(w^2)))	
2556	(0,0,0)(1,1,1)(2,1,1)(3,1,0)(1,1,0)(2,2,1)(3,2,1)(4,1,0)(5,2,1)(6,2,1)(7,0,0)	psi(W_psi_1(W_(w^w)))	psi(W_psi_1(W_(w^w)))	
2557	(0,0,0)(1,1,1)(2,1,1)(3,1,0)(1,1,0)(2,2,1)(3,2,1)(4,1,0)(5,2,1)(6,2,1)(7,1,0)	psi(W_psi_1(W_W))	psi(W_psi_1(W_W))	
2558	(0,0,0)(1,1,1)(2,1,1)(3,1,0)(1,1,0)(2,2,1)(3,2,1)(4,1,0)(5,2,1)(6,2,1)(7,1,0)(6,2,1)	psi(W_psi_1(W_(W*w)))	psi(W_psi_1(W_(W*w)))	
2559	(0,0,0)(1,1,1)(2,1,1)(3,1,0)(1,1,0)(2,2,1)(3,2,1)(4,1,0)(5,2,1)(6,2,1)(7,1,0)(7,1,0)	psi(W_psi_1(W_(W^W)))	psi(W_psi_1(W_(W^W)))	
2560	(0,0,0)(1,1,1)(2,1,1)(3,1,0)(1,1,0)(2,2,1)(3,2,1)(4,1,0)(5,2,1)(6,2,1)(7,1,0)(8,2,0)	psi(W_psi_1(W_psi_1(W_2)))	psi(W_psi_1(W_psi_1(W_2)))	
2561	(0,0,0)(1,1,1)(2,1,1)(3,1,0)(1,1,0)(2,2,1)(3,2,1)(4,1,0)(5,2,1)(6,2,1)(7,1,0)(8,2,1)(9,2,1)(10,1,0)	psi(W_psi_1(W_psi_1(W_W)))	psi(W_psi_1(W_psi_1(W_W)))	
2562	(0,0,0)(1,1,1)(2,1,1)(3,1,0)(1,1,0)(2,2,1)(3,2,1)(4,2,0)	psi(W_W_2)	psi(W_W_2)	
2564	(0,0,0)(1,1,1)(2,1,1)(3,1,0)(1,1,0)(2,2,1)(3,2,1)(4,2,0)(1,1,0)	psi(W_W_2+W)	psi(W_W_2+W)	
2565	(0,0,0)(1,1,1)(2,1,1)(3,1,0)(1,1,0)(2,2,1)(3,2,1)(4,2,0)(1,1,0)(2,2,1)(3,2,1)(4,2,0)	psi(W_W_2+psi_1(W_W_2))	psi(W_W_2+psi_1(W_W_2))	
2566	(0,0,0)(1,1,1)(2,1,1)(3,1,0)(1,1,0)(2,2,1)(3,2,1)(4,2,0)(2,2,0)	psi(W_W_2+W_2)	psi(W_W_2+W_2)	
2567	(0,0,0)(1,1,1)(2,1,1)(3,1,0)(1,1,0)(2,2,1)(3,2,1)(4,2,0)(2,2,0)(3,3,1)	psi(W_W_2+psi_2(W_w))	psi(W_W_2+psi_2(W_w))	
2568	(0,0,0)(1,1,1)(2,1,1)(3,1,0)(1,1,0)(2,2,1)(3,2,1)(4,2,0)(2,2,0)(3,3,1)(4,3,1)(5,1,0)	psi(W_W_2+psi_2(W_W))	psi(W_W_2+psi_2(W_W))	
2569	(0,0,0)(1,1,1)(2,1,1)(3,1,0)(1,1,0)(2,2,1)(3,2,1)(4,2,0)(2,2,0)(3,3,1)(4,3,1)(5,2,0)	psi(W_W_2+psi_2(W_W_2))	psi(W_W_2+psi_2(W_W_2))	
2570	(0,0,0)(1,1,1)(2,1,1)(3,1,0)(1,1,0)(2,2,1)(3,2,1)(4,2,0)(2,2,0)(3,3,1)(4,3,1)(5,2,0)(3,3,0)	psi(W_W_2+W_3)	psi(W_W_2+W_3)	
2571	(0,0,0)(1,1,1)(2,1,1)(3,1,0)(1,1,0)(2,2,1)(3,2,1)(4,2,0)(2,2,0)(3,3,1)(4,3,1)(5,2,0)(3,3,1)	psi(W_W_2+W_w)	psi(W_W_2+W_w)	
2572	(0,0,0)(1,1,1)(2,1,1)(3,1,0)(1,1,0)(2,2,1)(3,2,1)(4,2,0)(2,2,0)(3,3,1)(4,3,1)(5,2,0)(3,3,1)(4,3,0)	psi(W_W_2+W_w*W_3)	psi(W_W_2+W_w*W_3)	
2573	(0,0,0)(1,1,1)(2,1,1)(3,1,0)(1,1,0)(2,2,1)(3,2,1)(4,2,0)(2,2,0)(3,3,1)(4,3,1)(5,2,0)(3,3,1)(4,3,0)(3,3,1)	psi(W_W_2+W_w^2)	psi(W_W_2+W_w^2)	
2574	(0,0,0)(1,1,1)(2,1,1)(3,1,0)(1,1,0)(2,2,1)(3,2,1)(4,2,0)(2,2,0)(3,3,1)(4,3,1)(5,2,0)(3,3,1)(4,3,0)(5,4,0)	psi(W_W_2+psi_W_(w+1)(W_(w+1)))	psi(W_W_2+psi_W_(w+1)(W_(w+1)))	
2575	(0,0,0)(1,1,1)(2,1,1)(3,1,0)(1,1,0)(2,2,1)(3,2,1)(4,2,0)(2,2,0)(3,3,1)(4,3,1)(5,2,0)(3,3,1)(4,3,0)(5,4,1)(6,4,1)(7,2,0)	psi(W_W_2+psi_W_(w+1)(W_W_2))	psi(W_W_2+psi_W_(w+1)(W_W_2))	
2576	(0,0,0)(1,1,1)(2,1,1)(3,1,0)(1,1,0)(2,2,1)(3,2,1)(4,2,0)(2,2,0)(3,3,1)(4,3,1)(5,2,0)(3,3,1)(4,3,0)(5,4,1)(6,4,1)(7,2,0)(5,4,0)	psi(W_W_2+W_(w+1))	psi(W_W_2+W_(w+1))	
2577	(0,0,0)(1,1,1)(2,1,1)(3,1,0)(1,1,0)(2,2,1)(3,2,1)(4,2,0)(2,2,0)(3,3,1)(4,3,1)(5,2,0)(3,3,1)(4,3,0)(5,4,1)(6,4,1)(7,2,0)(5,4,1)	psi(W_W_2+W_(w2))	psi(W_W_2+W_(w2))	
2578	(0,0,0)(1,1,1)(2,1,1)(3,1,0)(1,1,0)(2,2,1)(3,2,1)(4,2,0)(2,2,0)(3,3,1)(4,3,1)(5,2,0)(3,3,1)(4,3,1)	psi(W_W_2+W_(w^2))	psi(W_W_2+W_(w^2))	
2579	(0,0,0)(1,1,1)(2,1,1)(3,1,0)(1,1,0)(2,2,1)(3,2,1)(4,2,0)(2,2,0)(3,3,1)(4,3,1)(5,2,0)(3,3,1)(4,3,1)(4,3,1)	psi(W_W_2+W_(w^3))	psi(W_W_2+W_(w^3))	
2580	(0,0,0)(1,1,1)(2,1,1)(3,1,0)(1,1,0)(2,2,1)(3,2,1)(4,2,0)(2,2,0)(3,3,1)(4,3,1)(5,2,0)(3,3,1)(4,3,1)(5,0,0)	psi(W_W_2+W_(w^w))	psi(W_W_2+W_(w^w))	
2581	(0,0,0)(1,1,1)(2,1,1)(3,1,0)(1,1,0)(2,2,1)(3,2,1)(4,2,0)(2,2,0)(3,3,1)(4,3,1)(5,2,0)(3,3,1)(4,3,1)(5,1,0)	psi(W_W_2+W_W)	psi(W_W_2+W_W)	
2582	(0,0,0)(1,1,1)(2,1,1)(3,1,0)(1,1,0)(2,2,1)(3,2,1)(4,2,0)(2,2,0)(3,3,1)(4,3,1)(5,2,0)(3,3,1)(4,3,1)(5,1,0)(4,3,1)	psi(W_W_2+W_(W*w))	psi(W_W_2+W_(W*w))	
2583	(0,0,0)(1,1,1)(2,1,1)(3,1,0)(1,1,0)(2,2,1)(3,2,1)(4,2,0)(2,2,0)(3,3,1)(4,3,1)(5,2,0)(3,3,1)(4,3,1)(5,1,0)(5,1,0)	psi(W_W_2+W_(W^W))	psi(W_W_2+W_(W^W))	
2584	(0,0,0)(1,1,1)(2,1,1)(3,1,0)(1,1,0)(2,2,1)(3,2,1)(4,2,0)(2,2,0)(3,3,1)(4,3,1)(5,2,0)(3,3,1)(4,3,1)(5,1,0)(6,2,0)	psi(W_W_2+W_psi_1(W_2))	psi(W_W_2+W_psi_1(W_2))	
2585	(0,0,0)(1,1,1)(2,1,1)(3,1,0)(1,1,0)(2,2,1)(3,2,1)(4,2,0)(2,2,0)(3,3,1)(4,3,1)(5,2,0)(3,3,1)(4,3,1)(5,1,0)(6,2,1)(7,2,1)(8,1,0)	psi(W_W_2+W_psi_1(W_W))	psi(W_W_2+W_psi_1(W_W))	
2586	(0,0,0)(1,1,1)(2,1,1)(3,1,0)(1,1,0)(2,2,1)(3,2,1)(4,2,0)(2,2,0)(3,3,1)(4,3,1)(5,2,0)(3,3,1)(4,3,1)(5,1,0)(6,2,1)(7,2,1)(8,2,0)	psi(W_W_2+W_psi_1(W_W_2))	psi(W_W_2+W_psi_1(W_W_2))	
2587	(0,0,0)(1,1,1)(2,1,1)(3,1,0)(1,1,0)(2,2,1)(3,2,1)(4,2,0)(2,2,0)(3,3,1)(4,3,1)(5,2,0)(3,3,1)(4,3,1)(5,2,0)	psi(W_W_2*2)	psi(W_W_2*2)	
2588	(0,0,0)(1,1,1)(2,1,1)(3,1,0)(1,1,0)(2,2,1)(3,2,1)(4,2,0)(2,2,0)(3,3,1)(4,3,1)(5,2,0)(3,3,1)(4,3,1)(5,2,0)(3,3,1)(4,3,1)(5,2,0)	psi(W_W_2*3)	psi(W_W_2*3)	
2589	(0,0,0)(1,1,1)(2,1,1)(3,1,0)(1,1,0)(2,2,1)(3,2,1)(4,2,0)(2,2,0)(3,3,1)(4,3,1)(5,2,0)(4,1,0)	psi(W_W_2*W)	psi(W_W_2*W)	
2590	(0,0,0)(1,1,1)(2,1,1)(3,1,0)(1,1,0)(2,2,1)(3,2,1)(4,2,0)(2,2,0)(3,3,1)(4,3,1)(5,2,0)(4,2,0)	psi(W_W_2*W_2)	psi(W_W_2*W_2)	
2591	(0,0,0)(1,1,1)(2,1,1)(3,1,0)(1,1,0)(2,2,1)(3,2,1)(4,2,0)(2,2,0)(3,3,1)(4,3,1)(5,2,0)(4,3,0)	psi(W_W_2*W_3)	psi(W_W_2*W_3)	
2592	(0,0,0)(1,1,1)(2,1,1)(3,1,0)(1,1,0)(2,2,1)(3,2,1)(4,2,0)(2,2,0)(3,3,1)(4,3,1)(5,2,0)(4,3,0)(3,3,0)	psi(W_W_2*W_3+W_3)	psi(W_W_2*W_3+W_3)	
2593	(0,0,0)(1,1,1)(2,1,1)(3,1,0)(1,1,0)(2,2,1)(3,2,1)(4,2,0)(2,2,0)(3,3,1)(4,3,1)(5,2,0)(4,3,0)(3,3,0)(4,4,1)	psi(W_W_2*W_3+psi_3(W_w))	psi(W_W_2*W_3+psi_3(W_w))	
2594	(0,0,0)(1,1,1)(2,1,1)(3,1,0)(1,1,0)(2,2,1)(3,2,1)(4,2,0)(2,2,0)(3,3,1)(4,3,1)(5,2,0)(4,3,0)(3,3,0)(4,4,1)(5,4,1)(6,2,0)	psi(W_W_2*W_3+psi_3(W_W_2))	psi(W_W_2*W_3+psi_3(W_W_2))	
2595	(0,0,0)(1,1,1)(2,1,1)(3,1,0)(1,1,0)(2,2,1)(3,2,1)(4,2,0)(2,2,0)(3,3,1)(4,3,1)(5,2,0)(4,3,0)(3,3,0)(4,4,1)(5,4,1)(6,2,0)(5,3,0)	psi(W_W_2*W_3+psi_3(W_W_2*W_3))	psi(W_W_2*W_3+psi_3(W_W_2*W_3))	
2596	(0,0,0)(1,1,1)(2,1,1)(3,1,0)(1,1,0)(2,2,1)(3,2,1)(4,2,0)(2,2,0)(3,3,1)(4,3,1)(5,2,0)(4,3,0)(3,3,0)(4,4,1)(5,4,1)(6,2,0)(5,3,0)(4,4,0)	psi(W_W_2*W_3+W_4)	psi(W_W_2*W_3+W_4)	
2597	(0,0,0)(1,1,1)(2,1,1)(3,1,0)(1,1,0)(2,2,1)(3,2,1)(4,2,0)(2,2,0)(3,3,1)(4,3,1)(5,2,0)(4,3,0)(3,3,0)(4,4,1)(5,4,1)(6,2,0)(5,3,0)(4,4,1)	psi(W_W_2*W_3+W_w)	psi(W_W_2*W_3+W_w)	
2598	(0,0,0)(1,1,1)(2,1,1)(3,1,0)(1,1,0)(2,2,1)(3,2,1)(4,2,0)(2,2,0)(3,3,1)(4,3,1)(5,2,0)(4,3,0)(3,3,0)(4,4,1)(5,4,1)(6,2,0)(5,3,0)(4,4,1)(5,4,1)(6,1,0)	psi(W_W_2*W_3+W_W)	psi(W_W_2*W_3+W_W)	
2599	(0,0,0)(1,1,1)(2,1,1)(3,1,0)(1,1,0)(2,2,1)(3,2,1)(4,2,0)(2,2,0)(3,3,1)(4,3,1)(5,2,0)(4,3,0)(3,3,0)(4,4,1)(5,4,1)(6,2,0)(5,3,0)(4,4,1)(5,4,1)(6,2,0)	psi(W_W_2*W_3+W_W_2)	psi(W_W_2*W_3+W_W_2)	
2600	(0,0,0)(1,1,1)(2,1,1)(3,1,0)(1,1,0)(2,2,1)(3,2,1)(4,2,0)(2,2,0)(3,3,1)(4,3,1)(5,2,0)(4,3,0)(3,3,0)(4,4,1)(5,4,1)(6,2,0)(5,3,0)(4,4,1)(5,4,1)(6,2,0)(5,3,0)	psi(W_W_2*W_3*2)	psi(W_W_2*W_3*2)	
2601	(0,0,0)(1,1,1)(2,1,1)(3,1,0)(1,1,0)(2,2,1)(3,2,1)(4,2,0)(2,2,0)(3,3,1)(4,3,1)(5,2,0)(4,3,0)(3,3,0)(4,4,1)(5,4,1)(6,2,0)(5,3,0)(5,3,0)	psi(W_W_2*W_3^2)	psi(W_W_2*W_3^2)	
2602	(0,0,0)(1,1,1)(2,1,1)(3,1,0)(1,1,0)(2,2,1)(3,2,1)(4,2,0)(2,2,0)(3,3,1)(4,3,1)(5,2,0)(4,3,0)(3,3,0)(4,4,1)(5,4,1)(6,2,0)(5,3,0)(6,4,0)	psi(W_W_2*psi_3(W_4))	psi(W_W_2*psi_3(W_4))	
2603	(0,0,0)(1,1,1)(2,1,1)(3,1,0)(1,1,0)(2,2,1)(3,2,1)(4,2,0)(2,2,0)(3,3,1)(4,3,1)(5,2,0)(4,3,0)(3,3,0)(4,4,1)(5,4,1)(6,2,0)(5,3,0)(6,4,1)	psi(W_W_2*psi_3(W_w))	psi(W_W_2*psi_3(W_w))	
2604	(0,0,0)(1,1,1)(2,1,1)(3,1,0)(1,1,0)(2,2,1)(3,2,1)(4,2,0)(2,2,0)(3,3,1)(4,3,1)(5,2,0)(4,3,0)(3,3,0)(4,4,1)(5,4,1)(6,2,0)(5,4,0)	psi(W_W_2*W_4)	psi(W_W_2*W_4)	
2605	(0,0,0)(1,1,1)(2,1,1)(3,1,0)(1,1,0)(2,2,1)(3,2,1)(4,2,0)(2,2,0)(3,3,1)(4,3,1)(5,2,0)(4,3,0)(3,3,0)(4,4,1)(5,4,1)(6,2,0)(5,4,0)(4,4,0)(5,5,1)(6,5,1)(7,2,0)(6,5,0)	psi(W_W_2*W_5)	psi(W_W_2*W_5)	
2606	(0,0,0)(1,1,1)(2,1,1)(3,1,0)(1,1,0)(2,2,1)(3,2,1)(4,2,0)(2,2,0)(3,3,1)(4,3,1)(5,2,0)(4,3,0)(3,3,1)	psi(W_W_2*W_w)	psi(W_W_2*W_w)	
2607	(0,0,0)(1,1,1)(2,1,1)(3,1,0)(1,1,0)(2,2,1)(3,2,1)(4,2,0)(2,2,0)(3,3,1)(4,3,1)(5,2,0)(4,3,0)(3,3,1)(4,3,0)(3,3,1)	psi(W_W_2*W_w+W_w^2)	psi(W_W_2*W_w+W_w^2)	
2608	(0,0,0)(1,1,1)(2,1,1)(3,1,0)(1,1,0)(2,2,1)(3,2,1)(4,2,0)(2,2,0)(3,3,1)(4,3,1)(5,2,0)(4,3,0)(3,3,1)(4,3,0)(5,4,0)(	psi(W_W_2*W_w+psi_W_(w+1)(W_(w+1)))	psi(W_W_2*W_w+psi_W_(w+1)(W_(w+1)))	
2609	(0,0,0)(1,1,1)(2,1,1)(3,1,0)(1,1,0)(2,2,1)(3,2,1)(4,2,0)(2,2,0)(3,3,1)(4,3,1)(5,2,0)(4,3,0)(3,3,1)(4,3,0)(5,4,1)(6,4,1)(7,2,0)	psi(W_W_2*W_w+psi_W_(w+1)(W_W_2))	psi(W_W_2*W_w+psi_W_(w+1)(W_W_2))	
2610	(0,0,0)(1,1,1)(2,1,1)(3,1,0)(1,1,0)(2,2,1)(3,2,1)(4,2,0)(2,2,0)(3,3,1)(4,3,1)(5,2,0)(4,3,0)(3,3,1)(4,3,0)(5,4,1)(6,4,1)(7,2,0)(6,3,0)(5,4,0)	psi(W_W_2*W_w+W_(w+1))	psi(W_W_2*W_w+W_(w+1))	
2611	(0,0,0)(1,1,1)(2,1,1)(3,1,0)(1,1,0)(2,2,1)(3,2,1)(4,2,0)(2,2,0)(3,3,1)(4,3,1)(5,2,0)(4,3,0)(3,3,1)(4,3,0)(5,4,1)(6,4,1)(7,2,0)(6,3,0)(5,4,1)(6,4,1)	psi(W_W_2*W_w+W_(w^2))	psi(W_W_2*W_w+W_(w^2))	
2612	(0,0,0)(1,1,1)(2,1,1)(3,1,0)(1,1,0)(2,2,1)(3,2,1)(4,2,0)(2,2,0)(3,3,1)(4,3,1)(5,2,0)(4,3,0)(3,3,1)(4,3,0)(5,4,1)(6,4,1)(7,2,0)(6,3,0)(5,4,1)(6,4,1)(7,2,0)	psi(W_W_2*W_w+W_W_2)	psi(W_W_2*W_w+W_W_2)	
2613	(0,0,0)(1,1,1)(2,1,1)(3,1,0)(1,1,0)(2,2,1)(3,2,1)(4,2,0)(2,2,0)(3,3,1)(4,3,1)(5,2,0)(4,3,0)(3,3,1)(4,3,0)(5,4,1)(6,4,1)(7,2,0)(6,3,0)(5,4,1)(6,4,1)(7,2,0)(6,3,0)(3,3,1)	psi(W_W_2*W_w*2)	psi(W_W_2*W_w*2)	
2614	(0,0,0)(1,1,1)(2,1,1)(3,1,0)(1,1,0)(2,2,1)(3,2,1)(4,2,0)(2,2,0)(3,3,1)(4,3,1)(5,2,0)(4,3,0)(3,3,1)(4,3,0)(5,4,1)(6,4,1)(7,2,0)(6,3,0)(6,3,0)(3,3,1)	psi(W_W_2*W_w^2)	psi(W_W_2*W_w^2)	
2615	(0,0,0)(1,1,1)(2,1,1)(3,1,0)(1,1,0)(2,2,1)(3,2,1)(4,2,0)(2,2,0)(3,3,1)(4,3,1)(5,2,0)(4,3,0)(3,3,1)(4,3,0)(5,4,1)(6,4,1)(7,2,0)(6,3,0)(7,4,0)	psi(W_W_2*psi_W_(w+1)(W_(W+1)))	psi(W_W_2*psi_W_(w+1)(W_(W+1)))	
2616	(0,0,0)(1,1,1)(2,1,1)(3,1,0)(1,1,0)(2,2,1)(3,2,1)(4,2,0)(2,2,0)(3,3,1)(4,3,1)(5,2,0)(4,3,0)(3,3,1)(4,3,0)(5,4,1)(6,4,1)(7,2,0)(6,3,0)(7,4,1)(8,4,1)	psi(W_W_2*psi_W_(w+1)(W_(w^2)))	psi(W_W_2*psi_W_(w+1)(W_(w^2)))	
2617	(0,0,0)(1,1,1)(2,1,1)(3,1,0)(1,1,0)(2,2,1)(3,2,1)(4,2,0)(2,2,0)(3,3,1)(4,3,1)(5,2,0)(4,3,0)(3,3,1)(4,3,0)(5,4,1)(6,4,1)(7,2,0)(6,3,0)(7,4,1)(8,4,1)(9,2,0)	psi(W_W_2*psi_W_(w+1)(W_W_2))	psi(W_W_2*psi_W_(w+1)(W_W_2))	
2618	(0,0,0)(1,1,1)(2,1,1)(3,1,0)(1,1,0)(2,2,1)(3,2,1)(4,2,0)(2,2,0)(3,3,1)(4,3,1)(5,2,0)(4,3,0)(3,3,1)(4,3,0)(5,4,1)(6,4,1)(7,2,0)(6,4,0)	psi(W_W_2*W_(w+1))	psi(W_W_2*W_(w+1))	
2619	(0,0,0)(1,1,1)(2,1,1)(3,1,0)(1,1,0)(2,2,1)(3,2,1)(4,2,0)(2,2,0)(3,3,1)(4,3,1)(5,2,0)(4,3,0)(3,3,1)(4,3,0)(5,4,1)(6,4,1)(7,2,0)(6,4,0)(5,4,0)(6,5,1)(7,5,1)(8,2,0)	psi(W_W_2*W_(w=1)+psi_W_(w+2)(W_W_2))	psi(W_W_2*W_(w=1)+psi_W_(w+2)(W_W_2))	
2620	(0,0,0)(1,1,1)(2,1,1)(3,1,0)(1,1,0)(2,2,1)(3,2,1)(4,2,0)(2,2,0)(3,3,1)(4,3,1)(5,2,0)(4,3,0)(3,3,1)(4,3,0)(5,4,1)(6,4,1)(7,2,0)(6,4,0)(5,4,0)(6,5,1)(7,5,1)(8,2,0)(7,4,1)(8,4,1)	psi(W_W_2*W_(w+1)+W_(w^2))	psi(W_W_2*W_(w+1)+W_(w^2))	
2621	(0,0,0)(1,1,1)(2,1,1)(3,1,0)(1,1,0)(2,2,1)(3,2,1)(4,2,0)(2,2,0)(3,3,1)(4,3,1)(5,2,0)(4,3,0)(3,3,1)(4,3,0)(5,4,1)(6,4,1)(7,2,0)(6,4,0)(5,4,0)(6,5,1)(7,5,1)(8,2,0)(7,5,0)	psi(W_W_2*W_(w+2))	psi(W_W_2*W_(w+2))	
2622	(0,0,0)(1,1,1)(2,1,1)(3,1,0)(1,1,0)(2,2,1)(3,2,1)(4,2,0)(2,2,0)(3,3,1)(4,3,1)(5,2,0)(4,3,0)(3,3,1)(4,3,0)(5,4,1)(6,4,1)(7,2,0)(6,4,0)(5,4,1)	psi(W_W_2*W_(w2))	psi(W_W_2*W_(w2))	
2623	(0,0,0)(1,1,1)(2,1,1)(3,1,0)(1,1,0)(2,2,1)(3,2,1)(4,2,0)(2,2,0)(3,3,1)(4,3,1)(5,2,0)(4,3,0)(3,3,1)(4,3,0)(5,4,1)(6,4,1)(7,2,0)(6,4,0)(5,4,1)(6,4,0)(7,5,1)(8,5,1)(9,2,0)(8,5,0)(7,5,1)	psi(W_W_2*W_(w3))	psi(W_W_2*W_(w3))	
2624	(0,0,0)(1,1,1)(2,1,1)(3,1,0)(1,1,0)(2,2,1)(3,2,1)(4,2,0)(2,2,0)(3,3,1)(4,3,1)(5,2,0)(4,3,0)(3,3,1)(4,3,1)	psi(W_W_2*W_(w^2))	psi(W_W_2*W_(w^2))	
2625	(0,0,0)(1,1,1)(2,1,1)(3,1,0)(1,1,0)(2,2,1)(3,2,1)(4,2,0)(2,2,0)(3,3,1)(4,3,1)(5,2,0)(4,3,0)(3,3,1)(4,3,1)(4,3,0)5,4,1)(6,4,1)(7,2,0)	psi(W_W_2*W_(w^2)+psi_W_(w^2+1)(W_W_2))	psi(W_W_2*W_(w^2)+psi_W_(w^2+1)(W_W_2))	
2626	(0,0,0)(1,1,1)(2,1,1)(3,1,0)(1,1,0)(2,2,1)(3,2,1)(4,2,0)(2,2,0)(3,3,1)(4,3,1)(5,2,0)(4,3,0)(3,3,1)(4,3,1)(4,3,0)5,4,1)(6,4,1)(7,2,0)(6,4,0)	psi(W_W_2*W_(w^2+1))	psi(W_W_2*W_(w^2+1))	
2627	(0,0,0)(1,1,1)(2,1,1)(3,1,0)(1,1,0)(2,2,1)(3,2,1)(4,2,0)(2,2,0)(3,3,1)(4,3,1)(5,2,0)(4,3,0)(3,3,1)(4,3,1)(4,3,0)5,4,1)(6,4,1)(7,2,0)(6,4,1)(5,4,1)	psi(W_W_2*W_(w^2+w))	psi(W_W_2*W_(w^2+w))	
2628	(0,0,0)(1,1,1)(2,1,1)(3,1,0)(1,1,0)(2,2,1)(3,2,1)(4,2,0)(2,2,0)(3,3,1)(4,3,1)(5,2,0)(4,3,0)(3,3,1)(4,3,1)(4,3,0)5,4,1)(6,4,1)(7,2,0)(6,4,1)(5,4,1)(6,4,1)	psi(W_W_2*W_(w^2*2))	psi(W_W_2*W_(w^2*2))	
2629	(0,0,0)(1,1,1)(2,1,1)(3,1,0)(1,1,0)(2,2,1)(3,2,1)(4,2,0)(2,2,0)(3,3,1)(4,3,1)(5,2,0)(4,3,0)(3,3,1)(4,3,1)(4,3,1)	psi(W_W_2*W_(w^3))	psi(W_W_2*W_(w^3))	
2630	(0,0,0)(1,1,1)(2,1,1)(3,1,0)(1,1,0)(2,2,1)(3,2,1)(4,2,0)(2,2,0)(3,3,1)(4,3,1)(5,2,0)(4,3,0)(3,3,1)(4,3,1)(4,3,1)(4,3,1)	psi(W_W_2*W_(w^4))	psi(W_W_2*W_(w^4))	
2631	(0,0,0)(1,1,1)(2,1,1)(3,1,0)(1,1,0)(2,2,1)(3,2,1)(4,2,0)(2,2,0)(3,3,1)(4,3,1)(5,2,0)(4,3,0)(3,3,1)(4,3,1)(5,0,0)	psi(W_W_2*W_(w^w))	psi(W_W_2*W_(w^w))	
2632	(0,0,0)(1,1,1)(2,1,1)(3,1,0)(1,1,0)(2,2,1)(3,2,1)(4,2,0)(2,2,0)(3,3,1)(4,3,1)(5,2,0)(4,3,0)(3,3,1)(4,3,1)(5,0,0)(6,1,0)	psi(W_W_2*W_psi(W))	psi(W_W_2*W_psi(W))	
2633	(0,0,0)(1,1,1)(2,1,1)(3,1,0)(1,1,0)(2,2,1)(3,2,1)(4,2,0)(2,2,0)(3,3,1)(4,3,1)(5,2,0)(4,3,0)(3,3,1)(4,3,1)(5,0,0)(6,1,1)	psi(W_W_2*W_psi(W_w))	psi(W_W_2*W_psi(W_w))	
2634	(0,0,0)(1,1,1)(2,1,1)(3,1,0)(1,1,0)(2,2,1)(3,2,1)(4,2,0)(2,2,0)(3,3,1)(4,3,1)(5,2,0)(4,3,0)(3,3,1)(4,3,1)(5,1,0)	psi(W_W_2*W_W)	psi(W_W_2*W_W)	
2635	(0,0,0)(1,1,1)(2,1,1)(3,1,0)(1,1,0)(2,2,1)(3,2,1)(4,2,0)(2,2,0)(3,3,1)(4,3,1)(5,2,0)(4,3,0)(3,3,1)(4,3,1)(5,1,0)(4,3,0)	psi(W_W_2*W_W+psi_W_(W+1)(W_(W+1)))	psi(W_W_2*W_W+psi_W_(W+1)(W_(W+1)))	
2636	(0,0,0)(1,1,1)(2,1,1)(3,1,0)(1,1,0)(2,2,1)(3,2,1)(4,2,0)(2,2,0)(3,3,1)(4,3,1)(5,2,0)(4,3,0)(3,3,1)(4,3,1)(5,1,0)(4,3,0)(5,4,1)(6,4,1)(7,2,0)	psi(W_W_2*W_W+psi_W_(W+1)(W_W_2))	psi(W_W_2*W_W+psi_W_(W+1)(W_W_2))	
2637	(0,0,0)(1,1,1)(2,1,1)(3,1,0)(1,1,0)(2,2,1)(3,2,1)(4,2,0)(2,2,0)(3,3,1)(4,3,1)(5,2,0)(4,3,0)(3,3,1)(4,3,1)(5,1,0)(4,3,0)(5,4,1)(6,4,1)(7,2,0)(6,3,0)(5,4,1)(6,4,1)(7,2,0)	psi(W_W_2*W_W+W_W_2)	psi(W_W_2*W_W+W_W_2)	
2638	(0,0,0)(1,1,1)(2,1,1)(3,1,0)(1,1,0)(2,2,1)(3,2,1)(4,2,0)(2,2,0)(3,3,1)(4,3,1)(5,2,0)(4,3,0)(3,3,1)(4,3,1)(5,1,0)(4,3,0)(5,4,1)(6,4,1)(7,2,0)(6,4,0)	psi(W_W_2*W_(W+1))	psi(W_W_2*W_(W+1))	
2639	(0,0,0)(1,1,1)(2,1,1)(3,1,0)(1,1,0)(2,2,1)(3,2,1)(4,2,0)(2,2,0)(3,3,1)(4,3,1)(5,2,0)(4,3,0)(3,3,1)(4,3,1)(5,1,0)(4,3,0)(5,4,1)(6,4,1)(7,2,0)(6,4,0)(5,4,1)	psi(W_W_2*W_(W+w))	psi(W_W_2*W_(W+w))	
2640	(0,0,0)(1,1,1)(2,1,1)(3,1,0)(1,1,0)(2,2,1)(3,2,1)(4,2,0)(2,2,0)(3,3,1)(4,3,1)(5,2,0)(4,3,0)(3,3,1)(4,3,1)(5,1,0)(4,3,0)(5,4,1)(6,4,1)(7,2,0)(6,4,0)(5,4,1)(6,4,1)	psi(W_W_2*W_(W+w^2))	psi(W_W_2*W_(W+w^2))	
2641	(0,0,0)(1,1,1)(2,1,1)(3,1,0)(1,1,0)(2,2,1)(3,2,1)(4,2,0)(2,2,0)(3,3,1)(4,3,1)(5,2,0)(4,3,0)(3,3,1)(4,3,1)(5,1,0)(4,3,0)(5,4,1)(6,4,1)(7,2,0)(6,4,0)(5,4,1)(6,4,1)(7,1,0)	psi(W_W_2*W_(W2))	psi(W_W_2*W_(W2))	
2642	(0,0,0)(1,1,1)(2,1,1)(3,1,0)(1,1,0)(2,2,1)(3,2,1)(4,2,0)(2,2,0)(3,3,1)(4,3,1)(5,2,0)(4,3,0)(3,3,1)(4,3,1)(5,1,0)(4,3,1)	psi(W_W_2*W_(W*w))	psi(W_W_2*W_(W*w))	
2643	(0,0,0)(1,1,1)(2,1,1)(3,1,0)(1,1,0)(2,2,1)(3,2,1)(4,2,0)(2,2,0)(3,3,1)(4,3,1)(5,2,0)(4,3,0)(3,3,1)(4,3,1)(5,1,0)(4,3,1)(4,3,1)	psi(W_W_2*W_(W*w^2))	psi(W_W_2*W_(W*w^2))	
2644	(0,0,0)(1,1,1)(2,1,1)(3,1,0)(1,1,0)(2,2,1)(3,2,1)(4,2,0)(2,2,0)(3,3,1)(4,3,1)(5,2,0)(4,3,0)(3,3,1)(4,3,1)(5,1,0)(4,3,1)(5,0,0)	psi(W_W_2*W_(W*w^w))	psi(W_W_2*W_(W*w^w))	
2645	(0,0,0)(1,1,1)(2,1,1)(3,1,0)(1,1,0)(2,2,1)(3,2,1)(4,2,0)(2,2,0)(3,3,1)(4,3,1)(5,2,0)(4,3,0)(3,3,1)(4,3,1)(5,1,0)(4,3,1)(5,1,0)	psi(W_W_2*W_(W^2))	psi(W_W_2*W_(W^2))	
2646	(0,0,0)(1,1,1)(2,1,1)(3,1,0)(1,1,0)(2,2,1)(3,2,1)(4,2,0)(2,2,0)(3,3,1)(4,3,1)(5,2,0)(4,3,0)(3,3,1)(4,3,1)(5,1,0)(5,0,0)	psi(W_W_2*W_(W^w))	psi(W_W_2*W_(W^w))	
2647	(0,0,0)(1,1,1)(2,1,1)(3,1,0)(1,1,0)(2,2,1)(3,2,1)(4,2,0)(2,2,0)(3,3,1)(4,3,1)(5,2,0)(4,3,0)(3,3,1)(4,3,1)(5,1,0)(5,1,0)	psi(W_W_2*W_(W^W))	psi(W_W_2*W_(W^W))	
2648	(0,0,0)(1,1,1)(2,1,1)(3,1,0)(1,1,0)(2,2,1)(3,2,1)(4,2,0)(2,2,0)(3,3,1)(4,3,1)(5,2,0)(4,3,0)(3,3,1)(4,3,1)(5,1,0)(6,1,0)	psi(W_W_2*W_(W^W^W))	psi(W_W_2*W_(W^W^W))	
2649	(0,0,0)(1,1,1)(2,1,1)(3,1,0)(1,1,0)(2,2,1)(3,2,1)(4,2,0)(2,2,0)(3,3,1)(4,3,1)(5,2,0)(4,3,0)(3,3,1)(4,3,1)(5,1,0)(6,2,0)	psi(W_W_2*W_psi_1(W_2))	psi(W_W_2*W_psi_1(W_2))	
2650	(0,0,0)(1,1,1)(2,1,1)(3,1,0)(1,1,0)(2,2,1)(3,2,1)(4,2,0)(2,2,0)(3,3,1)(4,3,1)(5,2,0)(4,3,0)(3,3,1)(4,3,1)(5,1,0)(6,2,1)	psi(W_W_2*W_psi_1(W_w))	psi(W_W_2*W_psi_1(W_w))	
2651	(0,0,0)(1,1,1)(2,1,1)(3,1,0)(1,1,0)(2,2,1)(3,2,1)(4,2,0)(2,2,0)(3,3,1)(4,3,1)(5,2,0)(4,3,0)(3,3,1)(4,3,1)(5,1,0)(6,2,1)(7,2,1)(8,2,0)	psi(W_W_2*W_psi_1(W_W_2))	psi(W_W_2*W_psi_1(W_W_2))	
2652	(0,0,0)(1,1,1)(2,1,1)(3,1,0)(1,1,0)(2,2,1)(3,2,1)(4,2,0)(2,2,0)(3,3,1)(4,3,1)(5,2,0)(4,3,0)(3,3,1)(4,3,1)(5,2,0)	psi(W_W_2^2)	psi(W_W_2^2)	
2653	(0,0,0)(1,1,1)(2,1,1)(3,1,0)(1,1,0)(2,2,1)(3,2,1)(4,2,0)(2,2,0)(3,3,1)(4,3,1)(5,2,0)(4,3,0)(3,3,1)(4,3,1)(5,2,0)(3,3,1)	psi(W_W_2^2+W_w)	psi(W_W_2^2+W_w)	
2654	(0,0,0)(1,1,1)(2,1,1)(3,1,0)(1,1,0)(2,2,1)(3,2,1)(4,2,0)(2,2,0)(3,3,1)(4,3,1)(5,2,0)(4,3,0)(3,3,1)(4,3,1)(5,2,0)(3,3,1)(4,3,1)	psi(W_W_2+W_(w^2))	psi(W_W_2+W_(w^2))	
2655	(0,0,0)(1,1,1)(2,1,1)(3,1,0)(1,1,0)(2,2,1)(3,2,1)(4,2,0)(2,2,0)(3,3,1)(4,3,1)(5,2,0)(4,3,0)(3,3,1)(4,3,1)(5,2,0)(3,3,1)(4,3,1)(5,2,0)	psi(W_W_2^2+W_W_2)	psi(W_W_2^2+W_W_2)	
2656	(0,0,0)(1,1,1)(2,1,1)(3,1,0)(1,1,0)(2,2,1)(3,2,1)(4,2,0)(2,2,0)(3,3,1)(4,3,1)(5,2,0)(4,3,0)(3,3,1)(4,3,1)(5,2,0)(4,0,0)	psi(W_W_2^2+W_W_2*w)	psi(W_W_2^2+W_W_2*w)	
2657	(0,0,0)(1,1,1)(2,1,1)(3,1,0)(1,1,0)(2,2,1)(3,2,1)(4,2,0)(2,2,0)(3,3,1)(4,3,1)(5,2,0)(4,3,0)(3,3,1)(4,3,1)(5,2,0)(4,3,0)	psi(W_W_2^2+W_w_2*W_3)	psi(W_W_2^2+W_w_2*W_3)	
2658	(0,0,0)(1,1,1)(2,1,1)(3,1,0)(1,1,0)(2,2,1)(3,2,1)(4,2,0)(2,2,0)(3,3,1)(4,3,1)(5,2,0)(4,3,0)(3,3,1)(4,3,1)(5,2,0)(4,3,0)(3,3,1)	psi(W_W_2^2+W_W_2*W_w)	psi(W_W_2^2+W_W_2*W_w)	
2659	(0,0,0)(1,1,1)(2,1,1)(3,1,0)(1,1,0)(2,2,1)(3,2,1)(4,2,0)(2,2,0)(3,3,1)(4,3,1)(5,2,0)(4,3,0)(3,3,1)(4,3,1)(5,2,0)(4,3,0)(3,3,1)(4,3,1)(5,1,0)	psi(W_W_2^2+W_W_2*W_W)	psi(W_W_2^2+W_W_2*W_W)	
2660	(0,0,0)(1,1,1)(2,1,1)(3,1,0)(1,1,0)(2,2,1)(3,2,1)(4,2,0)(2,2,0)(3,3,1)(4,3,1)(5,2,0)(4,3,0)(3,3,1)(4,3,1)(5,2,0)(4,3,0)(3,3,1)(4,3,1)(5,2,0)	psi(W_W_2^2*2)	psi(W_W_2^2*2)	
2661	(0,0,0)(1,1,1)(2,1,1)(3,1,0)(1,1,0)(2,2,1)(3,2,1)(4,2,0)(2,2,0)(3,3,1)(4,3,1)(5,2,0)(4,3,0)(4,0,0)	psi(W_W_2^2*W)	psi(W_W_2^2*W)	
2662	(0,0,0)(1,1,1)(2,1,1)(3,1,0)(1,1,0)(2,2,1)(3,2,1)(4,2,0)(2,2,0)(3,3,1)(4,3,1)(5,2,0)(4,3,0)(4,3,0)	psi(W_W_2^2*W_3)	psi(W_W_2^2*W_3)	
2663	(0,0,0)(1,1,1)(2,1,1)(3,1,0)(1,1,0)(2,2,1)(3,2,1)(4,2,0)(2,2,0)(3,3,1)(4,3,1)(5,2,0)(4,3,0)(4,3,0)(3,3,1)	psi(W_W_2^2*W_w)	psi(W_W_2^2*W_w)	
2664	(0,0,0)(1,1,1)(2,1,1)(3,1,0)(1,1,0)(2,2,1)(3,2,1)(4,2,0)(2,2,0)(3,3,1)(4,3,1)(5,2,0)(4,3,0)(4,3,0)(3,3,1)(4,3,1)(5,1,0)	psi(W_W_2^2*W_W)	psi(W_W_2^2*W_W)	
2665	(0,0,0)(1,1,1)(2,1,1)(3,1,0)(1,1,0)(2,2,1)(3,2,1)(4,2,0)(2,2,0)(3,3,1)(4,3,1)(5,2,0)(4,3,0)(4,3,0)(3,3,1)(4,3,1)(5,2,0)	psi(W_W_2^3)	psi(W_W_2^3)	
2666	(0,0,0)(1,1,1)(2,1,1)(3,1,0)(1,1,0)(2,2,1)(3,2,1)(4,2,0)(2,2,0)(3,3,1)(4,3,1)(5,2,0)(4,3,0)(4,3,0)(4,3,0)(3,3,1)(4,3,1)(5,2,0)	psi(W_W_2^4)	psi(W_W_2^4)	
2667	(0,0,0)(1,1,1)(2,1,1)(3,1,0)(1,1,0)(2,2,1)(3,2,1)(4,2,0)(2,2,0)(3,3,1)(4,3,1)(5,2,0)(4,3,0)(5,0,0)	psi(W_W_2^w)	psi(W_W_2^w)	
2668	(0,0,0)(1,1,1)(2,1,1)(3,1,0)(1,1,0)(2,2,1)(3,2,1)(4,2,0)(2,2,0)(3,3,1)(4,3,1)(5,2,0)(4,3,0)(5,3,0)	psi(W_W_2^W_3)	psi(W_W_2^W_3)	
2669	(0,0,0)(1,1,1)(2,1,1)(3,1,0)(1,1,0)(2,2,1)(3,2,1)(4,2,0)(2,2,0)(3,3,1)(4,3,1)(5,2,0)(4,3,0)(5,3,0)(3,3,1)	psi(W_W_2^W_w)	psi(W_W_2^W_w)	
2670	(0,0,0)(1,1,1)(2,1,1)(3,1,0)(1,1,0)(2,2,1)(3,2,1)(4,2,0)(2,2,0)(3,3,1)(4,3,1)(5,2,0)(4,3,0)(5,3,0)(3,3,1)(4,3,1)(5,1,0)	psi(W_W_2^W_W)	psi(W_W_2^W_W)	
2671	(0,0,0)(1,1,1)(2,1,1)(3,1,0)(1,1,0)(2,2,1)(3,2,1)(4,2,0)(2,2,0)(3,3,1)(4,3,1)(5,2,0)(4,3,0)(5,3,0)(3,3,1)(4,3,1)(5,2,0)	psi(W_W_2^W_W_2)	psi(W_W_2^W_W_2)	
2672	(0,0,0)(1,1,1)(2,1,1)(3,1,0)(1,1,0)(2,2,1)(3,2,1)(4,2,0)(2,2,0)(3,3,1)(4,3,1)(5,2,0)(4,3,0)(5,3,0)(5,3,0)(3,3,1)(4,3,1)(5,2,0)	psi(W_W_2^W_W_2^2)	psi(W_W_2^W_W_2^2)	
2673	(0,0,0)(1,1,1)(2,1,1)(3,1,0)(1,1,0)(2,2,1)(3,2,1)(4,2,0)(2,2,0)(3,3,1)(4,3,1)(5,2,0)(4,3,0)(5,3,0)(6,3,0)(3,3,1)(4,3,1)(5,2,0)	psi(W_W_2^W_W_2^W_W_2)	psi(W_W_2^W_W_2^W_W_2)	
2674	(0,0,0)(1,1,1)(2,1,1)(3,1,0)(1,1,0)(2,2,1)(3,2,1)(4,2,0)(2,2,0)(3,3,1)(4,3,1)(5,2,0)(4,3,0)(5,4,0)	psi(W_(W_2+1))	psi(W_(W_2+1))	
2675	(0,0,0)(1,1,1)(2,1,1)(3,1,0)(1,1,0)(2,2,1)(3,2,1)(4,2,0)(2,2,0)(3,3,1)(4,3,1)(5,2,0)(4,3,0)(5,4,0)(3,3,1)	psi(W_(W_2+1)+W_w)	psi(W_(W_2+1)+W_w)	
2676	(0,0,0)(1,1,1)(2,1,1)(3,1,0)(1,1,0)(2,2,1)(3,2,1)(4,2,0)(2,2,0)(3,3,1)(4,3,1)(5,2,0)(4,3,0)(5,4,0)(3,3,1)(4,3,1)	psi(W_(W_2+1)+W_(w^2))	psi(W_(W_2+1)+W_(w^2))	
2677	(0,0,0)(1,1,1)(2,1,1)(3,1,0)(1,1,0)(2,2,1)(3,2,1)(4,2,0)(2,2,0)(3,3,1)(4,3,1)(5,2,0)(4,3,0)(5,4,0)(3,3,1)(4,3,1)(5,1,0)	psi(W_(W_2+1)+W_W)	psi(W_(W_2+1)+W_W)	
2678	(0,0,0)(1,1,1)(2,1,1)(3,1,0)(1,1,0)(2,2,1)(3,2,1)(4,2,0)(2,2,0)(3,3,1)(4,3,1)(5,2,0)(4,3,0)(5,4,0)(3,3,1)(4,3,1)(5,2,0)	psi(W_(W_2+1)+W_W_2)	psi(W_(W_2+1)+W_W_2)	
2679	(0,0,0)(1,1,1)(2,1,1)(3,1,0)(1,1,0)(2,2,1)(3,2,1)(4,2,0)(2,2,0)(3,3,1)(4,3,1)(5,2,0)(4,3,0)(5,4,0)(3,3,1)(4,3,1)(5,2,0)(4,3,0)(5,4,0)	psi(W_(W_2+1)+psi_W_(W_2+1)(W_(W_2+1)))	psi(W_(W_2+1)+psi_W_(W_2+1)(W_(W_2+1)))	
2680	(0,0,0)(1,1,1)(2,1,1)(3,1,0)(1,1,0)(2,2,1)(3,2,1)(4,2,0)(2,2,0)(3,3,1)(4,3,1)(5,2,0)(4,3,0)(5,4,0)(4,3,0)(5,4,0)	psi(W_(W_2+1)+psi_W_(W_2+1)(W_(W_2+1))^2)	psi(W_(W_2+1)+psi_W_(W_2+1)(W_(W_2+1))^2)	
2681	(0,0,0)(1,1,1)(2,1,1)(3,1,0)(1,1,0)(2,2,1)(3,2,1)(4,2,0)(2,2,0)(3,3,1)(4,3,1)(5,2,0)(4,3,0)(5,4,0)(5,4,0)	psi(W_(W_2+1)*2)	psi(W_(W_2+1)*2)	
2682	(0,0,0)(1,1,1)(2,1,1)(3,1,0)(1,1,0)(2,2,1)(3,2,1)(4,2,0)(2,2,0)(3,3,1)(4,3,1)(5,2,0)(4,3,0)(5,4,0)(6,0,0)	psi(W_(W_2+1)*w)	psi(W_(W_2+1)*w)	
2683	(0,0,0)(1,1,1)(2,1,1)(3,1,0)(1,1,0)(2,2,1)(3,2,1)(4,2,0)(2,2,0)(3,3,1)(4,3,1)(5,2,0)(4,3,0)(5,4,0)(6,3,0)	psi(W_(W_2+1)*W_3)	psi(W_(W_2+1)*W_3)	
2684	(0,0,0)(1,1,1)(2,1,1)(3,1,0)(1,1,0)(2,2,1)(3,2,1)(4,2,0)(2,2,0)(3,3,1)(4,3,1)(5,2,0)(4,3,0)(5,4,0)(6,3,0)(3,3,1)	psi(W_(W_2+1)*W_w)	psi(W_(W_2+1)*W_w)	
2685	(0,0,0)(1,1,1)(2,1,1)(3,1,0)(1,1,0)(2,2,1)(3,2,1)(4,2,0)(2,2,0)(3,3,1)(4,3,1)(5,2,0)(4,3,0)(5,4,0)(6,3,0)(3,3,1)(4,3,1)	psi(W_(W_2+1)*W_(w^2))	psi(W_(W_2+1)*W_(w^2))	
2686	(0,0,0)(1,1,1)(2,1,1)(3,1,0)(1,1,0)(2,2,1)(3,2,1)(4,2,0)(2,2,0)(3,3,1)(4,3,1)(5,2,0)(4,3,0)(5,4,0)(6,3,0)(3,3,1)(4,3,1)(5,1,0)	psi(W_(W_2+1)*W_W)	psi(W_(W_2+1)*W_W)	
2687	(0,0,0)(1,1,1)(2,1,1)(3,1,0)(1,1,0)(2,2,1)(3,2,1)(4,2,0)(2,2,0)(3,3,1)(4,3,1)(5,2,0)(4,3,0)(5,4,0)(6,3,0)(3,3,1)(4,3,1)(5,2,0)	psi(W_(W_2+1)*W_W_2)	psi(W_(W_2+1)*W_W_2)	
2688	(0,0,0)(1,1,1)(2,1,1)(3,1,0)(1,1,0)(2,2,1)(3,2,1)(4,2,0)(2,2,0)(3,3,1)(4,3,1)(5,2,0)(4,3,0)(5,4,0)(6,3,0)(5,4,0)	psi(W_(W_2+1)*W_W_2+W_(W_2+1))	psi(W_(W_2+1)*W_W_2+W_(W_2+1))	
2689	(0,0,0)(1,1,1)(2,1,1)(3,1,0)(1,1,0)(2,2,1)(3,2,1)(4,2,0)(2,2,0)(3,3,1)(4,3,1)(5,2,0)(4,3,0)(5,4,0)(6,3,0)(7,4,0)	psi(W_(W_2+1)*psi_W_(W_2+1)(W_(W_2+1)))	psi(W_(W_2+1)*psi_W_(W_2+1)(W_(W_2+1)))	
2690	(0,0,0)(1,1,1)(2,1,1)(3,1,0)(1,1,0)(2,2,1)(3,2,1)(4,2,0)(2,2,0)(3,3,1)(4,3,1)(5,2,0)(4,3,0)(5,4,0)(6,4,0)	psi(W_(W_2+1)^2)	psi(W_(W_2+1)^2)	
2691	(0,0,0)(1,1,1)(2,1,1)(3,1,0)(1,1,0)(2,2,1)(3,2,1)(4,2,0)(2,2,0)(3,3,1)(4,3,1)(5,2,0)(4,3,0)(5,4,0)(6,4,0)(6,4,0)	psi(W_(W_2+1)^3)	psi(W_(W_2+1)^3)	
2692	(0,0,0)(1,1,1)(2,1,1)(3,1,0)(1,1,0)(2,2,1)(3,2,1)(4,2,0)(2,2,0)(3,3,1)(4,3,1)(5,2,0)(4,3,0)(5,4,0)(6,4,0)(7,0,0)	psi(W_(W_2+1)^w)	psi(W_(W_2+1)^w)	
2693	(0,0,0)(1,1,1)(2,1,1)(3,1,0)(1,1,0)(2,2,1)(3,2,1)(4,2,0)(2,2,0)(3,3,1)(4,3,1)(5,2,0)(4,3,0)(5,4,0)(6,4,0)(7,4,0)	psi(W_(W_2+1)^W_(W_2+1))	psi(W_(W_2+1)^W_(W_2+1))	
2694	(0,0,0)(1,1,1)(2,1,1)(3,1,0)(1,1,0)(2,2,1)(3,2,1)(4,2,0)(2,2,0)(3,3,1)(4,3,1)(5,2,0)(4,3,0)(5,4,0)(6,5,0)	psi(W_(W_2+2))	psi(W_(W_2+2))	
2695	(0,0,0)(1,1,1)(2,1,1)(3,1,0)(1,1,0)(2,2,1)(3,2,1)(4,2,0)(2,2,0)(3,3,1)(4,3,1)(5,2,0)(4,3,0)(5,4,0)(6,5,0)(6,5,0)	psi(W_(W_2+2)*2)	psi(W_(W_2+2)*2)	
2696	(0,0,0)(1,1,1)(2,1,1)(3,1,0)(1,1,0)(2,2,1)(3,2,1)(4,2,0)(2,2,0)(3,3,1)(4,3,1)(5,2,0)(4,3,0)(5,4,0)(6,5,0)(7,5,0)	psi(W_(W_2+2)^2)	psi(W_(W_2+2)^2)	
2697	(0,0,0)(1,1,1)(2,1,1)(3,1,0)(1,1,0)(2,2,1)(3,2,1)(4,2,0)(2,2,0)(3,3,1)(4,3,1)(5,2,0)(4,3,0)(5,4,0)(6,5,0)(7,6,0)	psi(W_(W_2+3))	psi(W_(W_2+3))	
2698	(0,0,0)(1,1,1)(2,1,1)(3,1,0)(1,1,0)(2,2,1)(3,2,1)(4,2,0)(2,2,0)(3,3,1)(4,3,1)(5,2,0)(4,3,0)(5,4,1)	psi(W_(W_2+w))	psi(W_(W_2+w))	
2699	(0,0,0)(1,1,1)(2,1,1)(3,1,0)(1,1,0)(2,2,1)(3,2,1)(4,2,0)(2,2,0)(3,3,1)(4,3,1)(5,2,0)(4,3,0)(5,4,1)(5,4,1)	psi(W_(W_2+w)*2)	psi(W_(W_2+w)*2)	
2700	(0,0,0)(1,1,1)(2,1,1)(3,1,0)(1,1,0)(2,2,1)(3,2,1)(4,2,0)(2,2,0)(3,3,1)(4,3,1)(5,2,0)(4,3,0)(5,4,1)(6,4,0)(5,4,1)	psi(W_(W_2+w)^2)	psi(W_(W_2+w)^2)	
2701	(0,0,0)(1,1,1)(2,1,1)(3,1,0)(1,1,0)(2,2,1)(3,2,1)(4,2,0)(2,2,0)(3,3,1)(4,3,1)(5,2,0)(4,3,0)(5,4,1)(6,4,0)(7,5,0)	psi(W_(W_2+w+1))	psi(W_(W_2+w+1))	
2702	(0,0,0)(1,1,1)(2,1,1)(3,1,0)(1,1,0)(2,2,1)(3,2,1)(4,2,0)(2,2,0)(3,3,1)(4,3,1)(5,2,0)(4,3,0)(5,4,1)(6,4,0)(7,5,1)	psi(W_(W_2+w2))	psi(W_(W_2+w2))	
2703	(0,0,0)(1,1,1)(2,1,1)(3,1,0)(1,1,0)(2,2,1)(3,2,1)(4,2,0)(2,2,0)(3,3,1)(4,3,1)(5,2,0)(4,3,0)(5,4,1)(6,4,1)	psi(W_(W_2+w^2))	psi(W_(W_2+w^2))	
2704	(0,0,0)(1,1,1)(2,1,1)(3,1,0)(1,1,0)(2,2,1)(3,2,1)(4,2,0)(2,2,0)(3,3,1)(4,3,1)(5,2,0)(4,3,0)(5,4,1)(6,4,1)(7,0,0)	psi(W_(W_2+w^w))	psi(W_(W_2+w^w))	
2705	(0,0,0)(1,1,1)(2,1,1)(3,1,0)(1,1,0)(2,2,1)(3,2,1)(4,2,0)(2,2,0)(3,3,1)(4,3,1)(5,2,0)(4,3,0)(5,4,1)(6,4,1)(7,1,0)	psi(W_(W_2+W))	psi(W_(W_2+W))	
2706	(0,0,0)(1,1,1)(2,1,1)(3,1,0)(1,1,0)(2,2,1)(3,2,1)(4,2,0)(2,2,0)(3,3,1)(4,3,1)(5,2,0)(4,3,0)(5,4,1)(6,4,1)(7,1,0)(5,4,1)(6,4,1)(7,1,0)	psi(W_(W_2+W)*2)	psi(W_(W_2+W)*2)	
2707	(0,0,0)(1,1,1)(2,1,1)(3,1,0)(1,1,0)(2,2,1)(3,2,1)(4,2,0)(2,2,0)(3,3,1)(4,3,1)(5,2,0)(4,3,0)(5,4,1)(6,4,1)(7,1,0)(6,4,0)(5,4,1)(6,4,1)(7,1,0)	psi(W_(W_2+W)^2)	psi(W_(W_2+W)^2)	
2708	(0,0,0)(1,1,1)(2,1,1)(3,1,0)(1,1,0)(2,2,1)(3,2,1)(4,2,0)(2,2,0)(3,3,1)(4,3,1)(5,2,0)(4,3,0)(5,4,1)(6,4,1)(7,1,0)(6,4,0)(7,5,0)	psi(W_(W_2+W+1))	psi(W_(W_2+W+1))	
2709	(0,0,0)(1,1,1)(2,1,1)(3,1,0)(1,1,0)(2,2,1)(3,2,1)(4,2,0)(2,2,0)(3,3,1)(4,3,1)(5,2,0)(4,3,0)(5,4,1)(6,4,1)(7,1,0)(6,4,0)(7,5,1)	psi(W_(W_2+W+w))	psi(W_(W_2+W+w))	
2710	(0,0,0)(1,1,1)(2,1,1)(3,1,0)(1,1,0)(2,2,1)(3,2,1)(4,2,0)(2,2,0)(3,3,1)(4,3,1)(5,2,0)(4,3,0)(5,4,1)(6,4,1)(7,1,0)(6,4,0)(7,5,1)(8,5,1)	psi(W_(W_2+W+w^2))	psi(W_(W_2+W+w^2))	
2711	(0,0,0)(1,1,1)(2,1,1)(3,1,0)(1,1,0)(2,2,1)(3,2,1)(4,2,0)(2,2,0)(3,3,1)(4,3,1)(5,2,0)(4,3,0)(5,4,1)(6,4,1)(7,1,0)(6,4,0)(7,5,1)(8,5,1)(9,1,0)	psi(W_(W_2+W2))	psi(W_(W_2+W2))	
2712	(0,0,0)(1,1,1)(2,1,1)(3,1,0)(1,1,0)(2,2,1)(3,2,1)(4,2,0)(2,2,0)(3,3,1)(4,3,1)(5,2,0)(4,3,0)(5,4,1)(6,4,1)(7,1,0)(6,4,1)	psi(W_(W_2+W*w))	psi(W_(W_2+W*w))	
2713	(0,0,0)(1,1,1)(2,1,1)(3,1,0)(1,1,0)(2,2,1)(3,2,1)(4,2,0)(2,2,0)(3,3,1)(4,3,1)(5,2,0)(4,3,0)(5,4,1)(6,4,1)(7,1,0)(6,4,1)(7,0,0)	psi(W_(W_2+W*w^w))	psi(W_(W_2+W*w^w))	
2714	(0,0,0)(1,1,1)(2,1,1)(3,1,0)(1,1,0)(2,2,1)(3,2,1)(4,2,0)(2,2,0)(3,3,1)(4,3,1)(5,2,0)(4,3,0)(5,4,1)(6,4,1)(7,1,0)(6,4,1)(7,1,0)	psi(W_(W_2+W^2))	psi(W_(W_2+W^2))	
2715	(0,0,0)(1,1,1)(2,1,1)(3,1,0)(1,1,0)(2,2,1)(3,2,1)(4,2,0)(2,2,0)(3,3,1)(4,3,1)(5,2,0)(4,3,0)(5,4,1)(6,4,1)(7,1,0)(7,1,0)	psi(W_(W_2+W^W))	psi(W_(W_2+W^W))	
2716	(0,0,0)(1,1,1)(2,1,1)(3,1,0)(1,1,0)(2,2,1)(3,2,1)(4,2,0)(2,2,0)(3,3,1)(4,3,1)(5,2,0)(4,3,0)(5,4,1)(6,4,1)(7,1,0)(8,2,0)	psi(W_(W_2+psi_1(W_2)))	psi(W_(W_2+psi_1(W_2)))	
2717	(0,0,0)(1,1,1)(2,1,1)(3,1,0)(1,1,0)(2,2,1)(3,2,1)(4,2,0)(2,2,0)(3,3,1)(4,3,1)(5,2,0)(4,3,0)(5,4,1)(6,4,1)(7,1,0)(8,2,1)	psi(W_(W_2+psi_1(W_w)))	psi(W_(W_2+psi_1(W_w)))	
2718	(0,0,0)(1,1,1)(2,1,1)(3,1,0)(1,1,0)(2,2,1)(3,2,1)(4,2,0)(2,2,0)(3,3,1)(4,3,1)(5,2,0)(4,3,0)(5,4,1)(6,4,1)(7,2,0)	psi(W_(W_2*2))	psi(W_(W_2*2))	
2719	(0,0,0)(1,1,1)(2,1,1)(3,1,0)(1,1,0)(2,2,1)(3,2,1)(4,2,0)(2,2,0)(3,3,1)(4,3,1)(5,2,0)(4,3,0)(5,4,1)(6,4,1)(7,2,0)(5,4,1)(6,4,1)(7,2,0)	psi(W_(W_2*2)*2)	psi(W_(W_2*2)*2)	
2720	(0,0,0)(1,1,1)(2,1,1)(3,1,0)(1,1,0)(2,2,1)(3,2,1)(4,2,0)(2,2,0)(3,3,1)(4,3,1)(5,2,0)(4,3,0)(5,4,1)(6,4,1)(7,2,0)(6,4,0)(5,4,1)(6,4,1)(7,2,0)	psi(W_(W_2*2)^2)	psi(W_(W_2*2)^2)	
2721	(0,0,0)(1,1,1)(2,1,1)(3,1,0)(1,1,0)(2,2,1)(3,2,1)(4,2,0)(2,2,0)(3,3,1)(4,3,1)(5,2,0)(4,3,0)(5,4,1)(6,4,1)(7,2,0)(6,4,0)(7,5,0)	psi(W_(W_2*2+1))	psi(W_(W_2*2+1))	
2722	(0,0,0)(1,1,1)(2,1,1)(3,1,0)(1,1,0)(2,2,1)(3,2,1)(4,2,0)(2,2,0)(3,3,1)(4,3,1)(5,2,0)(4,3,0)(5,4,1)(6,4,1)(7,2,0)(6,4,0)(7,5,1)	psi(W_(W_2*2+w))	psi(W_(W_2*2+w))	
2723	(0,0,0)(1,1,1)(2,1,1)(3,1,0)(1,1,0)(2,2,1)(3,2,1)(4,2,0)(2,2,0)(3,3,1)(4,3,1)(5,2,0)(4,3,0)(5,4,1)(6,4,1)(7,2,0)(6,4,0)(7,5,1)(8,5,1)	psi(W_(W_2*2+W))	psi(W_(W_2*2+W))	
2724	(0,0,0)(1,1,1)(2,1,1)(3,1,0)(1,1,0)(2,2,1)(3,2,1)(4,2,0)(2,2,0)(3,3,1)(4,3,1)(5,2,0)(4,3,0)(5,4,1)(6,4,1)(7,2,0)(6,4,0)(7,5,1)(8,5,1)(9,1,0)	psi(W_(W_2*2+W))	psi(W_(W_2*2+W))	
2725	(0,0,0)(1,1,1)(2,1,1)(3,1,0)(1,1,0)(2,2,1)(3,2,1)(4,2,0)(2,2,0)(3,3,1)(4,3,1)(5,2,0)(4,3,0)(5,4,1)(6,4,1)(7,2,0)(6,4,0)(7,5,1)(8,5,1)(9,2,0)	psi(W_(W_2*3))	psi(W_(W_2*3))	
2726	(0,0,0)(1,1,1)(2,1,1)(3,1,0)(1,1,0)(2,2,1)(3,2,1)(4,2,0)(2,2,0)(3,3,1)(4,3,1)(5,2,0)(4,3,1)	psi(W_(W_2*w))	psi(W_(W_2*w))	
2727	(0,0,0)(1,1,1)(2,1,1)(3,1,0)(1,1,0)(2,2,1)(3,2,1)(4,2,0)(2,2,0)(3,3,1)(4,3,1)(5,2,0)(4,3,1)(3,3,1)	psi(W_(W_2*w)+W_w)	psi(W_(W_2*w)+W_w)	
2728	(0,0,0)(1,1,1)(2,1,1)(3,1,0)(1,1,0)(2,2,1)(3,2,1)(4,2,0)(2,2,0)(3,3,1)(4,3,1)(5,2,0)(4,3,1)(3,3,1)(4,3,1)(5,2,0)	psi(W_(W_2*w)+W_W_2)	psi(W_(W_2*w)+W_W_2)	
2729	(0,0,0)(1,1,1)(2,1,1)(3,1,0)(1,1,0)(2,2,1)(3,2,1)(4,2,0)(2,2,0)(3,3,1)(4,3,1)(5,2,0)(4,3,1)(3,3,1)(4,3,1)(5,2,0)(4,3,0)(5,4,1)(6,4,1)(7,2,0)(6,4,0)	psi(W_(W_2*w)+W_(W_2+1))	psi(W_(W_2*w)+W_(W_2+1))	
2730	(0,0,0)(1,1,1)(2,1,1)(3,1,0)(1,1,0)(2,2,1)(3,2,1)(4,2,0)(2,2,0)(3,3,1)(4,3,1)(5,2,0)(4,3,1)(3,3,1)(4,3,1)(5,2,0)(4,3,0)(5,4,1)(6,4,1)(7,2,0)(6,4,0)(5,4,1)(6,4,1)(7,2,0)	psi(W_(W_2*w)+W_(W_2*2))	psi(W_(W_2*w)+W_(W_2*2))	
2731	(0,0,0)(1,1,1)(2,1,1)(3,1,0)(1,1,0)(2,2,1)(3,2,1)(4,2,0)(2,2,0)(3,3,1)(4,3,1)(5,2,0)(4,3,1)(3,3,1)(4,3,1)(5,2,0)(4,3,1)	psi(W_(W_2*w)*2)	psi(W_(W_2*w)*2)	
2732	(0,0,0)(1,1,1)(2,1,1)(3,1,0)(1,1,0)(2,2,1)(3,2,1)(4,2,0)(2,2,0)(3,3,1)(4,3,1)(5,2,0)(4,3,1)(4,3,0)	psi(W_(W_2*w)*W_3)	psi(W_(W_2*w)*W_3)	
2733	(0,0,0)(1,1,1)(2,1,1)(3,1,0)(1,1,0)(2,2,1)(3,2,1)(4,2,0)(2,2,0)(3,3,1)(4,3,1)(5,2,0)(4,3,1)(4,3,0)(3,3,1)	psi(W_(W_2*w)*W_w)	psi(W_(W_2*w)*W_w)	
2734	(0,0,0)(1,1,1)(2,1,1)(3,1,0)(1,1,0)(2,2,1)(3,2,1)(4,2,0)(2,2,0)(3,3,1)(4,3,1)(5,2,0)(4,3,1)(4,3,0)(3,3,1)(4,3,2)(5,2,0)	psi(W_(W_2*w)*W_W_2)	psi(W_(W_2*w)*W_W_2)	
2735	(0,0,0)(1,1,1)(2,1,1)(3,1,0)(1,1,0)(2,2,1)(3,2,1)(4,2,0)(2,2,0)(3,3,1)(4,3,1)(5,2,0)(4,3,1)(4,3,0)(3,3,1)(4,3,2)(5,2,0)(4,3,0)(5,4,1)(6,4,1)(7,2,0)(6,4,1)(6,4,0)	psi(W_(W_2*w)*W_(W_2+1))	psi(W_(W_2*w)*W_(W_2+1))	
2736	(0,0,0)(1,1,1)(2,1,1)(3,1,0)(1,1,0)(2,2,1)(3,2,1)(4,2,0)(2,2,0)(3,3,1)(4,3,1)(5,2,0)(4,3,1)(4,3,0)(3,3,1)(4,3,2)(5,2,0)(4,3,0)(5,4,1)(6,4,1)(7,2,0)(6,4,1)(6,4,0)(5,4,1)(6,4,1)(7,2,0)	psi(W_(W_2*w)*W_(W_2*2))	psi(W_(W_2*w)*W_(W_2*2))	
2737	(0,0,0)(1,1,1)(2,1,1)(3,1,0)(1,1,0)(2,2,1)(3,2,1)(4,2,0)(2,2,0)(3,3,1)(4,3,1)(5,2,0)(4,3,1)(4,3,0)(3,3,1)(4,3,1)(5,2,0)(4,3,1)	psi(W_(W_2*w)^2)	psi(W_(W_2*w)^2)	
2738	(0,0,0)(1,1,1)(2,1,1)(3,1,0)(1,1,0)(2,2,1)(3,2,1)(4,2,0)(2,2,0)(3,3,1)(4,3,1)(5,2,0)(4,3,1)(4,3,0)(5,3,0)(3,3,1)(4,3,1)(5,2,0)(4,3,1)	psi(W_(W_2*w)^W_(W_2*w))	psi(W_(W_2*w)^W_(W_2*w))	
2739	(0,0,0)(1,1,1)(2,1,1)(3,1,0)(1,1,0)(2,2,1)(3,2,1)(4,2,0)(2,2,0)(3,3,1)(4,3,1)(5,2,0)(4,3,1)(4,3,0)(5,4,0)	psi(W_(W_2*w+1))	psi(W_(W_2*w+1))	
2740	(0,0,0)(1,1,1)(2,1,1)(3,1,0)(1,1,0)(2,2,1)(3,2,1)(4,2,0)(2,2,0)(3,3,1)(4,3,1)(5,2,0)(4,3,1)(4,3,0)(5,4,1)	psi(W_(W_2*w+w))	psi(W_(W_2*w+w))	
2741	(0,0,0)(1,1,1)(2,1,1)(3,1,0)(1,1,0)(2,2,1)(3,2,1)(4,2,0)(2,2,0)(3,3,1)(4,3,1)(5,2,0)(4,3,1)(4,3,0)(5,4,1)(6,4,1)	psi(W_(W_2*w+w^2))	psi(W_(W_2*w+w^2))	
2742	(0,0,0)(1,1,1)(2,1,1)(3,1,0)(1,1,0)(2,2,1)(3,2,1)(4,2,0)(2,2,0)(3,3,1)(4,3,1)(5,2,0)(4,3,1)(4,3,0)(5,4,1)(6,4,1)(7,1,0)	psi(W_(W_2*w+W))	psi(W_(W_2*w+W))	
2743	(0,0,0)(1,1,1)(2,1,1)(3,1,0)(1,1,0)(2,2,1)(3,2,1)(4,2,0)(2,2,0)(3,3,1)(4,3,1)(5,2,0)(4,3,1)(4,3,0)(5,4,1)(6,4,1)(7,2,0)	psi(W_(W_2*w+W_2))	psi(W_(W_2*w+W_2))	
2744	(0,0,0)(1,1,1)(2,1,1)(3,1,0)(1,1,0)(2,2,1)(3,2,1)(4,2,0)(2,2,0)(3,3,1)(4,3,1)(5,2,0)(4,3,1)(4,3,0)(5,4,1)(6,4,1)(7,2,0)(6,4,1)	psi(W_(W_2*w2))	psi(W_(W_2*w2))	
2745	(0,0,0)(1,1,1)(2,1,1)(3,1,0)(1,1,0)(2,2,1)(3,2,1)(4,2,0)(2,2,0)(3,3,1)(4,3,1)(5,2,0)(4,3,1)(4,3,1)	psi(W_(W_2*w^2))	psi(W_(W_2*w^2))	
2746	(0,0,0)(1,1,1)(2,1,1)(3,1,0)(1,1,0)(2,2,1)(3,2,1)(4,2,0)(2,2,0)(3,3,1)(4,3,1)(5,2,0)(4,3,1)(5,0,0)	psi(W_(W_2*w^w))	psi(W_(W_2*w^w))	
2747	(0,0,0)(1,1,1)(2,1,1)(3,1,0)(1,1,0)(2,2,1)(3,2,1)(4,2,0)(2,2,0)(3,3,1)(4,3,1)(5,2,0)(4,3,1)(5,1,0)	psi(W_(W_2*W))	psi(W_(W_2*W))	
2748	(0,0,0)(1,1,1)(2,1,1)(3,1,0)(1,1,0)(2,2,1)(3,2,1)(4,2,0)(2,2,0)(3,3,1)(4,3,1)(5,2,0)(4,3,1)(5,1,0)(4,3,0)(5,4,0)	psi(W_(W_2*W+1))	psi(W_(W_2*W+1))	
2749	(0,0,0)(1,1,1)(2,1,1)(3,1,0)(1,1,0)(2,2,1)(3,2,1)(4,2,0)(2,2,0)(3,3,1)(4,3,1)(5,2,0)(4,3,1)(5,1,0)(4,3,0)(5,4,1)	psi(W_(W_2*W+w))	psi(W_(W_2*W+w))	
2750	(0,0,0)(1,1,1)(2,1,1)(3,1,0)(1,1,0)(2,2,1)(3,2,1)(4,2,0)(2,2,0)(3,3,1)(4,3,1)(5,2,0)(4,3,1)(5,1,0)(4,3,0)(5,4,1)(6,4,1)(7,1,0)	psi(W_(W_2*W+W))	psi(W_(W_2*W+W))	
2751	(0,0,0)(1,1,1)(2,1,1)(3,1,0)(1,1,0)(2,2,1)(3,2,1)(4,2,0)(2,2,0)(3,3,1)(4,3,1)(5,2,0)(4,3,1)(5,1,0)(4,3,0)(5,4,1)(6,4,1)(7,2,0)	psi(W_(W_2*W+W_2))	psi(W_(W_2*W+W_2))	
2752	(0,0,0)(1,1,1)(2,1,1)(3,1,0)(1,1,0)(2,2,1)(3,2,1)(4,2,0)(2,2,0)(3,3,1)(4,3,1)(5,2,0)(4,3,1)(5,1,0)(4,3,0)(5,4,1)(6,4,1)(7,2,0)(6,4,1)(7,1,0)	psi(W_(W_2*W2))	psi(W_(W_2*W2))	
2753	(0,0,0)(1,1,1)(2,1,1)(3,1,0)(1,1,0)(2,2,1)(3,2,1)(4,2,0)(2,2,0)(3,3,1)(4,3,1)(5,2,0)(4,3,1)(5,1,0)(4,3,1)	psi(W_(W_2*W*w))	psi(W_(W_2*W*w))	
2754	(0,0,0)(1,1,1)(2,1,1)(3,1,0)(1,1,0)(2,2,1)(3,2,1)(4,2,0)(2,2,0)(3,3,1)(4,3,1)(5,2,0)(4,3,1)(5,1,0)(4,3,1)(5,1,0)	psi(W_(W_2*W^2))	psi(W_(W_2*W^2))	
2755	(0,0,0)(1,1,1)(2,1,1)(3,1,0)(1,1,0)(2,2,1)(3,2,1)(4,2,0)(2,2,0)(3,3,1)(4,3,1)(5,2,0)(4,3,1)(5,1,0)(4,3,1)(5,1,0)(6,1,0)	psi(W_(W_2*W^W))	psi(W_(W_2*W^W))	
2756	(0,0,0)(1,1,1)(2,1,1)(3,1,0)(1,1,0)(2,2,1)(3,2,1)(4,2,0)(2,2,0)(3,3,1)(4,3,1)(5,2,0)(4,3,1)(5,1,0)(4,3,1)(5,1,0)(6,2,0)	psi(W_(W_2*psi_1(W_2)))	psi(W_(W_2*psi_1(W_2)))	
2757	(0,0,0)(1,1,1)(2,1,1)(3,1,0)(1,1,0)(2,2,1)(3,2,1)(4,2,0)(2,2,0)(3,3,1)(4,3,1)(5,2,0)(4,3,1)(5,1,0)(4,3,1)(5,1,0)(6,2,0)	psi(W_(W_2*psi_1(W_w)))	psi(W_(W_2*psi_1(W_w)))	
2758	(0,0,0)(1,1,1)(2,1,1)(3,1,0)(1,1,0)(2,2,1)(3,2,1)(4,2,0)(2,2,0)(3,3,1)(4,3,1)(5,2,0)(4,3,1)(5,2,0)	psi(W_(W_2^2))	psi(W_(W_2^2))	
2759	(0,0,0)(1,1,1)(2,1,1)(3,1,0)(1,1,0)(2,2,1)(3,2,1)(4,2,0)(2,2,0)(3,3,1)(4,3,1)(5,2,0)(4,3,1)(5,2,0)(4,3,0)(5,4,0)	psi(W_(W_2^2+1))	psi(W_(W_2^2+1))	
2760	(0,0,0)(1,1,1)(2,1,1)(3,1,0)(1,1,0)(2,2,1)(3,2,1)(4,2,0)(2,2,0)(3,3,1)(4,3,1)(5,2,0)(4,3,1)(5,2,0)(4,3,0)(5,4,1)	psi(W_(W_2^2+w))	psi(W_(W_2^2+w))	
2761	(0,0,0)(1,1,1)(2,1,1)(3,1,0)(1,1,0)(2,2,1)(3,2,1)(4,2,0)(2,2,0)(3,3,1)(4,3,1)(5,2,0)(4,3,1)(5,2,0)(4,3,0)(5,4,1)(6,4,1)(7,1,0)	psi(W_(W_2^2+W))	psi(W_(W_2^2+W))	
2762	(0,0,0)(1,1,1)(2,1,1)(3,1,0)(1,1,0)(2,2,1)(3,2,1)(4,2,0)(2,2,0)(3,3,1)(4,3,1)(5,2,0)(4,3,1)(5,2,0)(4,3,0)(5,4,1)(6,4,1)(7,2,0)	psi(W_(W_2^2+W_2))	psi(W_(W_2^2+W_2))	
2763	(0,0,0)(1,1,1)(2,1,1)(3,1,0)(1,1,0)(2,2,1)(3,2,1)(4,2,0)(2,2,0)(3,3,1)(4,3,1)(5,2,0)(4,3,1)(5,2,0)(4,3,0)(5,4,1)(6,4,1)(7,2,0)(6,4,1)(7,2,0)	psi(W_(W_2^2*2))	psi(W_(W_2^2*2))	
2764	(0,0,0)(1,1,1)(2,1,1)(3,1,0)(1,1,0)(2,2,1)(3,2,1)(4,2,0)(2,2,0)(3,3,1)(4,3,1)(5,2,0)(4,3,1)(5,2,0)(4,3,1)	psi(W_(W_2^2*w))	psi(W_(W_2^2*w))	
2765	(0,0,0)(1,1,1)(2,1,1)(3,1,0)(1,1,0)(2,2,1)(3,2,1)(4,2,0)(2,2,0)(3,3,1)(4,3,1)(5,2,0)(4,3,1)(5,2,0)(4,3,1)(5,1,0)	psi(W_(W_2^2*W))	psi(W_(W_2^2*W))	
2766	(0,0,0)(1,1,1)(2,1,1)(3,1,0)(1,1,0)(2,2,1)(3,2,1)(4,2,0)(2,2,0)(3,3,1)(4,3,1)(5,2,0)(4,3,1)(5,2,0)(4,3,1)(5,2,0)	psi(W_(W_2^3))	psi(W_(W_2^3))	
2767	(0,0,0)(1,1,1)(2,1,1)(3,1,0)(1,1,0)(2,2,1)(3,2,1)(4,2,0)(2,2,0)(3,3,1)(4,3,1)(5,2,0)(5,0,0)	psi(W_(W_2^w))	psi(W_(W_2^w))	
2768	(0,0,0)(1,1,1)(2,1,1)(3,1,0)(1,1,0)(2,2,1)(3,2,1)(4,2,0)(2,2,0)(3,3,1)(4,3,1)(5,2,0)(5,1,0)	psi(W_(W_2^W))	psi(W_(W_2^W))	
2769	(0,0,0)(1,1,1)(2,1,1)(3,1,0)(1,1,0)(2,2,1)(3,2,1)(4,2,0)(2,2,0)(3,3,1)(4,3,1)(5,2,0)(5,2,0)	psi(W_(W_2^W_2))	psi(W_(W_2^W_2))	
2770	(0,0,0)(1,1,1)(2,1,1)(3,1,0)(1,1,0)(2,2,1)(3,2,1)(4,2,0)(2,2,0)(3,3,1)(4,3,1)(5,2,0)(6,2,0)	psi(W_(W_2^W_2^W_2))	psi(W_(W_2^W_2^W_2))	
2771	(0,0,0)(1,1,1)(2,1,1)(3,1,0)(1,1,0)(2,2,1)(3,2,1)(4,2,0)(2,2,0)(3,3,1)(4,3,1)(5,2,0)(6,3,0)	psi(W_psi_2(W_3))	psi(W_psi_2(W_3))	
2772	(0,0,0)(1,1,1)(2,1,1)(3,1,0)(1,1,0)(2,2,1)(3,2,1)(4,2,0)(2,2,0)(3,3,1)(4,3,1)(5,2,0)(6,3,1)	psi(W_psi_2(W_w))	psi(W_psi_2(W_w))	
2773	(0,0,0)(1,1,1)(2,1,1)(3,1,0)(1,1,0)(2,2,1)(3,2,1)(4,2,0)(2,2,0)(3,3,1)(4,3,1)(5,3,0)	psi(W_W_3)	psi(W_W_3)	
2774	(0,0,0)(1,1,1)(2,1,1)(3,1,0)(1,1,0)(2,2,1)(3,2,1)(4,2,0)(2,2,0)(3,3,1)(4,3,1)(5,3,0)(3,3,0)	psi(W_W_3+W_3)	psi(W_W_3+W_3)	
2775	(0,0,0)(1,1,1)(2,1,1)(3,1,0)(1,1,0)(2,2,1)(3,2,1)(4,2,0)(2,2,0)(3,3,1)(4,3,1)(5,3,0)(3,3,0)(4,4,1)	psi(W_W_3+psi_3(W_w))	psi(W_W_3+psi_3(W_w))	
2776	(0,0,0)(1,1,1)(2,1,1)(3,1,0)(1,1,0)(2,2,1)(3,2,1)(4,2,0)(2,2,0)(3,3,1)(4,3,1)(5,3,0)(3,3,0)(4,4,1)(5,4,1)(6,1,0)	psi(W_W_3+psi_3(W_W))	psi(W_W_3+psi_3(W_W))	
2777	(0,0,0)(1,1,1)(2,1,1)(3,1,0)(1,1,0)(2,2,1)(3,2,1)(4,2,0)(2,2,0)(3,3,1)(4,3,1)(5,3,0)(3,3,0)(4,4,1)(5,4,1)(6,3,0)	psi(W_W_3+psi_3(W_W_3))	psi(W_W_3+psi_3(W_W_3))	
2778	(0,0,0)(1,1,1)(2,1,1)(3,1,0)(1,1,0)(2,2,1)(3,2,1)(4,2,0)(2,2,0)(3,3,1)(4,3,1)(5,3,0)(3,3,0)(4,4,1)(5,4,1)(6,3,0)(4,4,0)	psi(W_W_3+W_4)	psi(W_W_3+W_4)	
2779	(0,0,0)(1,1,1)(2,1,1)(3,1,0)(1,1,0)(2,2,1)(3,2,1)(4,2,0)(2,2,0)(3,3,1)(4,3,1)(5,3,0)(3,3,0)(4,4,1)(5,4,1)(6,3,0)(4,4,1)	psi(W_W_3+W_w)	psi(W_W_3+W_w)	
2780	(0,0,0)(1,1,1)(2,1,1)(3,1,0)(1,1,0)(2,2,1)(3,2,1)(4,2,0)(2,2,0)(3,3,1)(4,3,1)(5,3,0)(3,3,0)(4,4,1)(5,4,1)(6,3,0)(4,4,1)(5,4,1)	psi(W_W_3+W_(w^2))	psi(W_W_3+W_(w^2))	
2781	(0,0,0)(1,1,1)(2,1,1)(3,1,0)(1,1,0)(2,2,1)(3,2,1)(4,2,0)(2,2,0)(3,3,1)(4,3,1)(5,3,0)(3,3,0)(4,4,1)(5,4,1)(6,3,0)(4,4,1)(5,4,1)(5,1,0)	psi(W_W_3+W_W)	psi(W_W_3+W_W)	
2782	(0,0,0)(1,1,1)(2,1,1)(3,1,0)(1,1,0)(2,2,1)(3,2,1)(4,2,0)(2,2,0)(3,3,1)(4,3,1)(5,3,0)(3,3,0)(4,4,1)(5,4,1)(6,3,0)(4,4,1)(5,4,1)(6,2,0)	psi(W_W_3+W_W_2)	psi(W_W_3+W_W_2)	
2783	(0,0,0)(1,1,1)(2,1,1)(3,1,0)(1,1,0)(2,2,1)(3,2,1)(4,2,0)(2,2,0)(3,3,1)(4,3,1)(5,3,0)(3,3,0)(4,4,1)(5,4,1)(6,3,0)(4,4,1)(5,4,1)(6,3,0)	psi(W_W_3*2)	psi(W_W_3*2)	
2784	(0,0,0)(1,1,1)(2,1,1)(3,1,0)(1,1,0)(2,2,1)(3,2,1)(4,2,0)(2,2,0)(3,3,1)(4,3,1)(5,3,0)(3,3,0)(4,4,1)(5,4,1)(6,3,0)(5,0,0)	psi(W_W_3*w)	psi(W_W_3*w)	
2785	(0,0,0)(1,1,1)(2,1,1)(3,1,0)(1,1,0)(2,2,1)(3,2,1)(4,2,0)(2,2,0)(3,3,1)(4,3,1)(5,3,0)(3,3,0)(4,4,1)(5,4,1)(6,3,0)(5,3,0)	psi(W_W_3*W_3)	psi(W_W_3*W_3)	
2786	(0,0,0)(1,1,1)(2,1,1)(3,1,0)(1,1,0)(2,2,1)(3,2,1)(4,2,0)(2,2,0)(3,3,1)(4,3,1)(5,3,0)(3,3,0)(4,4,1)(5,4,1)(6,3,0)(5,4,0)	psi(W_W_3*W_4)	psi(W_W_3*W_4)	
2787	(0,0,0)(1,1,1)(2,1,1)(3,1,0)(1,1,0)(2,2,1)(3,2,1)(4,2,0)(2,2,0)(3,3,1)(4,3,1)(5,3,0)(3,3,0)(4,4,1)(5,4,1)(6,3,0)(5,4,0)(4,4,1)	psi(W_W_3*W_w)	psi(W_W_3*W_w)	
2788	(0,0,0)(1,1,1)(2,1,1)(3,1,0)(1,1,0)(2,2,1)(3,2,1)(4,2,0)(2,2,0)(3,3,1)(4,3,1)(5,3,0)(3,3,0)(4,4,1)(5,4,1)(6,3,0)(5,4,0)(4,4,1)(5,4,1)	psi(W_W_3*W_(w^2))	psi(W_W_3*W_(w^2))	
2789	(0,0,0)(1,1,1)(2,1,1)(3,1,0)(1,1,0)(2,2,1)(3,2,1)(4,2,0)(2,2,0)(3,3,1)(4,3,1)(5,3,0)(3,3,0)(4,4,1)(5,4,1)(6,3,0)(5,4,0)(4,4,1)(5,4,1)(6,1,0)	psi(W_W_3*W_W)	psi(W_W_3*W_W)	
2790	(0,0,0)(1,1,1)(2,1,1)(3,1,0)(1,1,0)(2,2,1)(3,2,1)(4,2,0)(2,2,0)(3,3,1)(4,3,1)(5,3,0)(3,3,0)(4,4,1)(5,4,1)(6,3,0)(5,4,0)(4,4,1)(5,4,1)(6,2,0)	psi(W_W_3*W_W_2)	psi(W_W_3*W_W_2)	
2791	(0,0,0)(1,1,1)(2,1,1)(3,1,0)(1,1,0)(2,2,1)(3,2,1)(4,2,0)(2,2,0)(3,3,1)(4,3,1)(5,3,0)(3,3,0)(4,4,1)(5,4,1)(6,3,0)(5,4,0)(4,4,1)(5,4,1)(6,3,0)	psi(W_W_3^2)	psi(W_W_3^2)	
2792	(0,0,0)(1,1,1)(2,1,1)(3,1,0)(1,1,0)(2,2,1)(3,2,1)(4,2,0)(2,2,0)(3,3,1)(4,3,1)(5,3,0)(3,3,0)(4,4,1)(5,4,1)(6,3,0)(5,4,0)(6,4,0)(4,4,1)(5,4,1)(6,3,0)	psi(W_W_3^W_W_3)	psi(W_W_3^W_W_3)	
2793	(0,0,0)(1,1,1)(2,1,1)(3,1,0)(1,1,0)(2,2,1)(3,2,1)(4,2,0)(2,2,0)(3,3,1)(4,3,1)(5,3,0)(3,3,0)(4,4,1)(5,4,1)(6,3,0)(5,4,0)(6,5,0)	psi(W_(W_3+1))	psi(W_(W_3+1))	
2794	(0,0,0)(1,1,1)(2,1,1)(3,1,0)(1,1,0)(2,2,1)(3,2,1)(4,2,0)(2,2,0)(3,3,1)(4,3,1)(5,3,0)(3,3,0)(4,4,1)(5,4,1)(6,3,0)(5,4,0)(6,5,0)(7,6,0)	psi(W_(W_3+2))	psi(W_(W_3+2))	
2795	(0,0,0)(1,1,1)(2,1,1)(3,1,0)(1,1,0)(2,2,1)(3,2,1)(4,2,0)(2,2,0)(3,3,1)(4,3,1)(5,3,0)(3,3,0)(4,4,1)(5,4,1)(6,3,0)(5,4,0)(6,5,1)	psi(W_(W_3+w))	psi(W_(W_3+w))	
2796	(0,0,0)(1,1,1)(2,1,1)(3,1,0)(1,1,0)(2,2,1)(3,2,1)(4,2,0)(2,2,0)(3,3,1)(4,3,1)(5,3,0)(3,3,0)(4,4,1)(5,4,1)(6,3,0)(5,4,0)(6,5,1)(7,5,1)	psi(W_(W_3+w^2))	psi(W_(W_3+w^2))	
2797	(0,0,0)(1,1,1)(2,1,1)(3,1,0)(1,1,0)(2,2,1)(3,2,1)(4,2,0)(2,2,0)(3,3,1)(4,3,1)(5,3,0)(3,3,0)(4,4,1)(5,4,1)(6,3,0)(5,4,0)(6,5,1)(7,5,1)(8,1,0)	psi(W_(W_3+W))	psi(W_(W_3+W))	
2798	(0,0,0)(1,1,1)(2,1,1)(3,1,0)(1,1,0)(2,2,1)(3,2,1)(4,2,0)(2,2,0)(3,3,1)(4,3,1)(5,3,0)(3,3,0)(4,4,1)(5,4,1)(6,3,0)(5,4,0)(6,5,1)(7,5,1)(8,2,0)	psi(W_(W_3+W_2))	psi(W_(W_3+W_2))	
2799	(0,0,0)(1,1,1)(2,1,1)(3,1,0)(1,1,0)(2,2,1)(3,2,1)(4,2,0)(2,2,0)(3,3,1)(4,3,1)(5,3,0)(3,3,0)(4,4,1)(5,4,1)(6,3,0)(5,4,0)(6,5,1)(7,5,1)(8,3,0)	psi(W_(W_3*2))	psi(W_(W_3*2))	
2800	(0,0,0)(1,1,1)(2,1,1)(3,1,0)(1,1,0)(2,2,1)(3,2,1)(4,2,0)(2,2,0)(3,3,1)(4,3,1)(5,3,0)(3,3,0)(4,4,1)(5,4,1)(6,3,0)(5,4,1)	psi(W_(W_3*w))	psi(W_(W_3*w))	
2801	(0,0,0)(1,1,1)(2,1,1)(3,1,0)(1,1,0)(2,2,1)(3,2,1)(4,2,0)(2,2,0)(3,3,1)(4,3,1)(5,3,0)(3,3,0)(4,4,1)(5,4,1)(6,3,0)(5,4,1)(5,4,1)	psi(W_(W_3*w^2))	psi(W_(W_3*w^2))	
2802	(0,0,0)(1,1,1)(2,1,1)(3,1,0)(1,1,0)(2,2,1)(3,2,1)(4,2,0)(2,2,0)(3,3,1)(4,3,1)(5,3,0)(3,3,0)(4,4,1)(5,4,1)(6,3,0)(5,4,1)(6,1,0)	psi(W_(W_3*W))	psi(W_(W_3*W))	
2803	(0,0,0)(1,1,1)(2,1,1)(3,1,0)(1,1,0)(2,2,1)(3,2,1)(4,2,0)(2,2,0)(3,3,1)(4,3,1)(5,3,0)(3,3,0)(4,4,1)(5,4,1)(6,3,0)(5,4,1)(6,2,0)	psi(W_(W_3*W_2))	psi(W_(W_3*W_2))	
2804	(0,0,0)(1,1,1)(2,1,1)(3,1,0)(1,1,0)(2,2,1)(3,2,1)(4,2,0)(2,2,0)(3,3,1)(4,3,1)(5,3,0)(3,3,0)(4,4,1)(5,4,1)(6,3,0)(5,4,1)(6,3,0)	psi(W_(W_3^2))	psi(W_(W_3^2))	
2805	(0,0,0)(1,1,1)(2,1,1)(3,1,0)(1,1,0)(2,2,1)(3,2,1)(4,2,0)(2,2,0)(3,3,1)(4,3,1)(5,3,0)(3,3,0)(4,4,1)(5,4,1)(6,3,0)(6,0,0)	psi(W_(W_3^w))	psi(W_(W_3^w))	
2806	(0,0,0)(1,1,1)(2,1,1)(3,1,0)(1,1,0)(2,2,1)(3,2,1)(4,2,0)(2,2,0)(3,3,1)(4,3,1)(5,3,0)(3,3,0)(4,4,1)(5,4,1)(6,3,0)(6,3,0)	psi(W_(W_3^W_3))	psi(W_(W_3^W_3))	
2807	(0,0,0)(1,1,1)(2,1,1)(3,1,0)(1,1,0)(2,2,1)(3,2,1)(4,2,0)(2,2,0)(3,3,1)(4,3,1)(5,3,0)(3,3,0)(4,4,1)(5,4,1)(6,3,0)(7,4,0)	psi(W_psi_3(W_4))	psi(W_psi_3(W_4))	
2808	(0,0,0)(1,1,1)(2,1,1)(3,1,0)(1,1,0)(2,2,1)(3,2,1)(4,2,0)(2,2,0)(3,3,1)(4,3,1)(5,3,0)(3,3,0)(4,4,1)(5,4,1)(6,4,0)	psi(W_W_4)	psi(W_W_4)	
2809	(0,0,0)(1,1,1)(2,1,1)(3,1,0)(1,1,0)(2,2,1)(3,2,1)(4,2,0)(2,2,0)(3,3,1)(4,3,1)(5,3,0)(3,3,0)(4,4,1)(5,4,1)(6,4,0)(4,4,0)(5,5,1)(6,5,1)(7,5,0)	psi(W_W_5)	psi(W_W_5)	
2810	(0,0,0)(1,1,1)(2,1,1)(3,1,0)(1,1,0)(2,2,1)(3,2,1)(4,2,0)(2,2,0)(3,3,1)(4,3,1)(5,3,0)(3,3,0)(4,4,1)(5,4,1)(6,4,0)(4,4,0)(5,5,1)(6,5,1)(7,5,0)(5,5,0)(6,6,1)(7,6,1)(8,6,0)	psi(W_W_6)	psi(W_W_6)	
2811	(0,0,0)(1,1,1)(2,1,1)(3,1,0)(1,1,1)	psi(W_W_w)	psi(W_W_w)	
2813	(0,0,0)(1,1,1)(2,1,1)(3,1,0)(1,1,1)(1,0,0)	psi(W_W_w)*w	psi(W_W_w)*w	
2814	(0,0,0)(1,1,1)(2,1,1)(3,1,0)(1,1,1)(1,1,0)	psi(W_W_w+W)	psi(W_W_w+W)	
2815	(0,0,0)(1,1,1)(2,1,1)(3,1,0)(1,1,1)(1,1,0)(2,2,1)	psi(W_W_w+psi_1(W_w))	psi(W_W_w+psi_1(W_w))	
2816	(0,0,0)(1,1,1)(2,1,1)(3,1,0)(1,1,1)(1,1,0)(2,2,1)(3,2,1)(4,1,0)	psi(W_W_w+W_W)	psi(W_W_w+W_W)	
2817	(0,0,0)(1,1,1)(2,1,1)(3,1,0)(1,1,1)(1,1,0)(2,2,1)(3,2,1)(4,1,0)(2,2,1)	psi(W_W_w+psi_1(W_W_w))	psi(W_W_w+psi_1(W_W_w))	
2818	(0,0,0)(1,1,1)(2,1,1)(3,1,0)(1,1,1)(1,1,0)(2,2,1)(3,2,1)(4,1,0)(2,2,1)(2,2,0)	psi(W_W_w+W_2)	psi(W_W_w+W_2)	
2819	(0,0,0)(1,1,1)(2,1,1)(3,1,0)(1,1,1)(1,1,0)(2,2,1)(3,2,1)(4,1,0)(2,2,1)(2,2,0)(3,3,1)(4,3,1)(5,1,0)(3,3,1)(3,3,0)	psi(W_W_w+W_3)	psi(W_W_w+W_3)	
2820	(0,0,0)(1,1,1)(2,1,1)(3,1,0)(1,1,1)(1,1,1)	psi(W_W_w+W_w)	psi(W_W_w+W_w)	
2821	(0,0,0)(1,1,1)(2,1,1)(3,1,0)(1,1,1)(1,1,1)(1,1,1)	psi(W_W_w+W_w*2)	psi(W_W_w+W_w*2)	
2822	(0,0,0)(1,1,1)(2,1,1)(3,1,0)(1,1,1)(2,1,0)	psi(W_W_w+W_w*W)	psi(W_W_w+W_w*W)	
2823	(0,0,0)(1,1,1)(2,1,1)(3,1,0)(1,1,1)(2,1,0)(1,1,1)	psi(W_W_w+W_w^2)	psi(W_W_w+W_w^2)	
2824	(0,0,0)(1,1,1)(2,1,1)(3,1,0)(1,1,1)(2,1,0)(3,1,0)1,1,1)	psi(W_W_w+W_w^W_w)	psi(W_W_w+W_w^W_w)	
2825	(0,0,0)(1,1,1)(2,1,1)(3,1,0)(1,1,1)(2,1,0)(3,2,0)	psi(W_W_w+psi_W_(w+1)(W_(w+1)))	psi(W_W_w+psi_W_(w+1)(W_(w+1)))	
2826	(0,0,0)(1,1,1)(2,1,1)(3,1,0)(1,1,1)(2,1,0)(3,2,1)	psi(W_W_w+psi_W_(w+1)(W_(w2)))	psi(W_W_w+psi_W_(w+1)(W_(w2)))	
2827	(0,0,0)(1,1,1)(2,1,1)(3,1,0)(1,1,1)(2,1,0)(3,2,1)(4,2,1)	psi(W_W_w+psi_W_(w+1)(W_(w^2)))	psi(W_W_w+psi_W_(w+1)(W_(w^2)))	
2828	(0,0,0)(1,1,1)(2,1,1)(3,1,0)(1,1,1)(2,1,0)(3,2,1)(4,2,1)(4,2,1)	psi(W_W_w+psi_W_(w+1)(W_(w^3)))	psi(W_W_w+psi_W_(w+1)(W_(w^3)))	
2829	(0,0,0)(1,1,1)(2,1,1)(3,1,0)(1,1,1)(2,1,0)(3,2,1)(4,2,1)(5,0,0)	psi(W_W_w+psi_W_(w+1)(W_(w^w)))	psi(W_W_w+psi_W_(w+1)(W_(w^w)))	
2830	(0,0,0)(1,1,1)(2,1,1)(3,1,0)(1,1,1)(2,1,0)(3,2,1)(4,2,1)(5,1,0)	psi(W_W_w+psi_W_(w+1)(W_W))	psi(W_W_w+psi_W_(w+1)(W_W))	
2831	(0,0,0)(1,1,1)(2,1,1)(3,1,0)(1,1,1)(2,1,0)(3,2,1)(4,2,1)(5,1,0)(1,1,0)	psi(W_W_w+psi_W_(w+1)(W_W)+W)	psi(W_W_w+psi_W_(w+1)(W_W)+W)	
2832	(0,0,0)(1,1,1)(2,1,1)(3,1,0)(1,1,1)(2,1,0)(3,2,1)(4,2,1)(5,1,0)(1,1,0)(2,2,1)	psi(W_W_w+psi_W_(w+1)(W_W)+psi_1(W_w))	psi(W_W_w+psi_W_(w+1)(W_W)+psi_1(W_w))	
2833	(0,0,0)(1,1,1)(2,1,1)(3,1,0)(1,1,1)(2,1,0)(3,2,1)(4,2,1)(5,1,0)(1,1,0)(2,2,1)(3,2,1)(4,2,0)(2,2,1)	psi(W_W_w+psi_W_(w+1)(W_W)+psi_1(W_W_w))	psi(W_W_w+psi_W_(w+1)(W_W)+psi_1(W_W_w))	
2834	(0,0,0)(1,1,1)(2,1,1)(3,1,0)(1,1,1)(2,1,0)(3,2,1)(4,2,1)(5,1,0)(1,1,0)(2,2,1)(3,2,1)(4,2,0)(2,2,1)(2,2,1)	psi(W_W_w+psi_W_(w+1)(W_W)+psi_1(W_W_w+W_w))	psi(W_W_w+psi_W_(w+1)(W_W)+psi_1(W_W_w+W_w))	
2835	(0,0,0)(1,1,1)(2,1,1)(3,1,0)(1,1,1)(2,1,0)(3,2,1)(4,2,1)(5,1,0)(1,1,0)(2,2,1)(3,2,1)(4,2,0)(2,2,1)(3,2,0)	psi(W_W_w+psi_W_(w+1)(W_W)+psi_1(W_W_w+W_w*W_2))	psi(W_W_w+psi_W_(w+1)(W_W)+psi_1(W_W_w+W_w*W_2))	
2836	(0,0,0)(1,1,1)(2,1,1)(3,1,0)(1,1,1)(2,1,0)(3,2,1)(4,2,1)(5,1,0)(1,1,0)(2,2,1)(3,2,1)(4,2,0)(2,2,1)(3,2,0)(4,3,0)	psi(W_W_w+psi_W_(w+1)(W_W)+psi_1(W_W_w+psi_W_(w+1)(W_(w+1))))	psi(W_W_w+psi_W_(w+1)(W_W)+psi_1(W_W_w+psi_W_(w+1)(W_(w+1))))	
2837	(0,0,0)(1,1,1)(2,1,1)(3,1,0)(1,1,1)(2,1,0)(3,2,1)(4,2,1)(5,1,0)(1,1,0)(2,2,1)(3,2,1)(4,2,0)(2,2,1)(3,2,0)(4,3,1)(5,3,1)	psi(W_W_w+psi_W_(w+1)(W_W)+psi_1(W_W_w+psi_W_(w+1)(W_(w^2)))	psi(W_W_w+psi_W_(w+1)(W_W)+psi_1(W_W_w+psi_W_(w+1)(W_(w^2))))	paren+1
2838	(0,0,0)(1,1,1)(2,1,1)(3,1,0)(1,1,1)(2,1,0)(3,2,1)(4,2,1)(5,1,0)(1,1,0)(2,2,1)(3,2,1)(4,2,0)(2,2,1)(3,2,0)(4,3,1)(5,3,1)(6,1,0)	psi(W_W_w+psi_W_(w+1)(W_W)+psi_1(W_W_w+psi_W_(w+1)(W_W)))	psi(W_W_w+psi_W_(w+1)(W_W)+psi_1(W_W_w+psi_W_(w+1)(W_W)))	
2839	(0,0,0)(1,1,1)(2,1,1)(3,1,0)(1,1,1)(2,1,0)(3,2,1)(4,2,1)(5,1,0)(1,1,0)(2,2,1)(3,2,1)(4,2,0)(2,2,1)(3,2,0)(4,3,1)(5,3,1)(6,1,0)(2,2,0)	psi(W_W_w+psi_W_(w+1)(W_W)+W_2)	psi(W_W_w+psi_W_(w+1)(W_W)+W_2)	
2840	(0,0,0)(1,1,1)(2,1,1)(3,1,0)(1,1,1)(2,1,0)(3,2,1)(4,2,1)(5,1,0)(1,1,0)(2,2,1)(3,2,1)(4,2,0)(2,2,1)(3,2,0)(4,3,1)(5,3,1)(6,1,0)(2,2,1)	psi(W_W_w+psi_W_(w+1)(W_W)+W_w)	psi(W_W_w+psi_W_(w+1)(W_W)+W_w)	
2841	(0,0,0)(1,1,1)(2,1,1)(3,1,0)(1,1,1)(2,1,0)(3,2,1)(4,2,1)(5,1,0)(1,1,0)(2,2,1)(3,2,1)(4,2,0)(2,2,1)(3,2,0)(4,3,1)(5,3,1)(6,1,0)(2,2,1)(3,2,0)(4,3,0)	psi(W_W_w+psi_W_(w+1)(W_W)+psi_W_(w+1)(W_(w+1)))	psi(W_W_w+psi_W_(w+1)(W_W)+psi_W_(w+1)(W_(w+1)))	
2842	(0,0,0)(1,1,1)(2,1,1)(3,1,0)(1,1,1)(2,1,0)(3,2,1)(4,2,1)(5,1,0)(1,1,0)(2,2,1)(3,2,1)(4,2,0)(2,2,1)(3,2,0)(4,3,1)(5,3,1)(6,1,0)(2,2,1)(3,2,0)(4,3,1)(5,3,1)	psi(W_W_w+psi_W_(w+1)(W_W)+psi_W_(w+1)(W_(w^2)))	psi(W_W_w+psi_W_(w+1)(W_W)+psi_W_(w+1)(W_(w^2)))	
2843	(0,0,0)(1,1,1)(2,1,1)(3,1,0)(1,1,1)(2,1,0)(3,2,1)(4,2,1)(5,1,0)(1,1,0)(2,2,1)(3,2,1)(4,2,0)(2,2,1)(3,2,0)(4,3,1)(5,3,1)(6,1,0)(2,2,1)(3,2,0)(4,3,1)(5,3,1)(6,1,0)	psi(W_W_w+psi_W_(w+1)(W_W)*2)	psi(W_W_w+psi_W_(w+1)(W_W)*2)	
2844	(0,0,0)(1,1,1)(2,1,1)(3,1,0)(1,1,1)(2,1,0)(3,2,1)(4,2,1)(5,1,0)(1,1,0)(2,2,1)(3,2,1)(4,2,0)(2,2,1)(3,2,0)(4,3,1)(5,3,1)(6,1,0)(2,2,1)(3,2,0)(4,3,1)(5,3,1)(6,1,0)(2,2,1)(3,2,0)(4,3,1)(5,3,1)(6,1,0)	psi(W_W_w+psi_W_(w+1)(W_W)*3)	psi(W_W_w+psi_W_(w+1)(W_W)*3)	
2845	(0,0,0)(1,1,1)(2,1,1)(3,1,0)(1,1,1)(2,1,0)(3,2,1)(4,2,1)(5,1,0)(1,1,0)(2,2,1)(3,2,1)(4,2,0)(2,2,1)(3,2,0)(4,3,1)(5,3,1)(6,1,0)(3,0,0)	psi(W_W_w+psi_W_(w+1)(W_W)*w)	psi(W_W_w+psi_W_(w+1)(W_W)*w)	
2846	(0,0,0)(1,1,1)(2,1,1)(3,1,0)(1,1,1)(2,1,0)(3,2,1)(4,2,1)(5,1,0)(1,1,0)(2,2,1)(3,2,1)(4,2,0)(2,2,1)(3,2,0)(4,3,1)(5,3,1)(6,1,0)(3,2,0)	psi(W_W_w+psi_W_(w+1)(W_W)*W_2)	psi(W_W_w+psi_W_(w+1)(W_W)*W_2)	
2847	(0,0,0)(1,1,1)(2,1,1)(3,1,0)(1,1,1)(2,1,0)(3,2,1)(4,2,1)(5,1,0)(1,1,0)(2,2,1)(3,2,1)(4,2,0)(2,2,1)(3,2,0)(4,3,1)(5,3,1)(6,1,0)(3,2,0)(2,2,1)	psi(W_W_w+psi_W_(w+1)(W_W)*W_w)	psi(W_W_w+psi_W_(w+1)(W_W)*W_w)	
2848	(0,0,0)(1,1,1)(2,1,1)(3,1,0)(1,1,1)(2,1,0)(3,2,1)(4,2,1)(5,1,0)(1,1,0)(2,2,1)(3,2,1)(4,2,0)(2,2,1)(3,2,0)(4,3,1)(5,3,1)(6,1,0)(3,2,0)(2,2,1)(3,2,0)(4,3,1)(5,3,1)(6,1,0)	psi(W_W_w+psi_W_(w+1)(W_W)*W_w+psi_W_(w+1)(W_W))	psi(W_W_w+psi_W_(w+1)(W_W)*W_w+psi_W_(w+1)(W_W))	
2849	(0,0,0)(1,1,1)(2,1,1)(3,1,0)(1,1,1)(2,1,0)(3,2,1)(4,2,1)(5,1,0)(1,1,0)(2,2,1)(3,2,1)(4,2,0)(2,2,1)(3,2,0)(4,3,1)(5,3,1)(6,1,0)(3,2,0)(2,2,1)(3,2,0)(4,3,1)(5,3,1)(6,1,0)(3,2,0)(2,2,1)	psi(W_W_w+psi_W_(w+1)(W_W)*W_w*2)	psi(W_W_w+psi_W_(w+1)(W_W)*W_w*2)	
2850	(0,0,0)(1,1,1)(2,1,1)(3,1,0)(1,1,1)(2,1,0)(3,2,1)(4,2,1)(5,1,0)(1,1,0)(2,2,1)(3,2,1)(4,2,0)(2,2,1)(3,2,0)(4,3,1)(5,3,1)(6,1,0)(3,2,0)(3,2,0)	psi(W_W_w+psi_W_(w+1)(W_W)*W_w*W_2)	psi(W_W_w+psi_W_(w+1)(W_W)*W_w*W_2)	
2851	(0,0,0)(1,1,1)(2,1,1)(3,1,0)(1,1,1)(2,1,0)(3,2,1)(4,2,1)(5,1,0)(1,1,0)(2,2,1)(3,2,1)(4,2,0)(2,2,1)(3,2,0)(4,3,1)(5,3,1)(6,1,0)(3,2,0)(3,2,0)(2,2,1)	psi(W_W_w+psi_W_(w+1)(W_W)*W_w^2)	psi(W_W_w+psi_W_(w+1)(W_W)*W_w^2)	
2852	(0,0,0)(1,1,1)(2,1,1)(3,1,0)(1,1,1)(2,1,0)(3,2,1)(4,2,1)(5,1,0)(1,1,0)(2,2,1)(3,2,1)(4,2,0)(2,2,1)(3,2,0)(4,3,1)(5,3,1)(6,1,0)(3,2,0)(4,2,0)(2,2,1)	psi(W_W_w+psi_W_(w+1)(W_W)*W_w^W_w)	psi(W_W_w+psi_W_(w+1)(W_W)*W_w^W_w)	
2853	(0,0,0)(1,1,1)(2,1,1)(3,1,0)(1,1,1)(2,1,0)(3,2,1)(4,2,1)(5,1,0)(1,1,0)(2,2,1)(3,2,1)(4,2,0)(2,2,1)(3,2,0)(4,3,1)(5,3,1)(6,1,0)(3,2,0)(4,3,0)	psi(W_W_w+psi_W_(w+1)(W_W)*psi_W_(w+1)(W_(w+1)))	psi(W_W_w+psi_W_(w+1)(W_W)*psi_W_(w+1)(W_(w+1)))	
2854	(0,0,0)(1,1,1)(2,1,1)(3,1,0)(1,1,1)(2,1,0)(3,2,1)(4,2,1)(5,1,0)(1,1,0)(2,2,1)(3,2,1)(4,2,0)(2,2,1)(3,2,0)(4,3,1)(5,3,1)(6,1,0)(3,2,0)(4,3,1)	psi(W_W_w+psi_W_(w+1)(W_W)*psi_W_(w+1)(W_(w2)))	psi(W_W_w+psi_W_(w+1)(W_W)*psi_W_(w+1)(W_(w2)))	
2855	(0,0,0)(1,1,1)(2,1,1)(3,1,0)(1,1,1)(2,1,0)(3,2,1)(4,2,1)(5,1,0)(1,1,0)(2,2,1)(3,2,1)(4,2,0)(2,2,1)(3,2,0)(4,3,1)(5,3,1)(6,1,0)(3,2,0)(4,3,1)(5,3,1)	psi(W_W_w+psi_W_(w+1)(W_W)*psi_W_(w+1)(W_(w^2)))	psi(W_W_w+psi_W_(w+1)(W_W)*psi_W_(w+1)(W_(w^2)))	
2856	(0,0,0)(1,1,1)(2,1,1)(3,1,0)(1,1,1)(2,1,0)(3,2,1)(4,2,1)(5,1,0)(1,1,0)(2,2,1)(3,2,1)(4,2,0)(2,2,1)(3,2,0)(4,3,1)(5,3,1)(6,1,0)(3,2,0)(4,3,1)(5,3,1)(6,1,0)	psi(W_W_w+psi_W_(w+1)(W_W)^2)	psi(W_W_w+psi_W_(w+1)(W_W)^2)	
2857	(0,0,0)(1,1,1)(2,1,1)(3,1,0)(1,1,1)(2,1,0)(3,2,1)(4,2,1)(5,1,0)(1,1,0)(2,2,1)(3,2,1)(4,2,0)(2,2,1)(3,2,0)(4,3,1)(5,3,1)(6,1,0)(3,2,0)(4,3,1)(5,3,1)(6,1,0)(3,2,0)	psi(W_W_w+psi_W_(w+1)(W_W)^2*W_2)	psi(W_W_w+psi_W_(w+1)(W_W)^2*W_2)	
2858	(0,0,0)(1,1,1)(2,1,1)(3,1,0)(1,1,1)(2,1,0)(3,2,1)(4,2,1)(5,1,0)(1,1,0)(2,2,1)(3,2,1)(4,2,0)(2,2,1)(3,2,0)(4,3,1)(5,3,1)(6,1,0)(3,2,0)(4,3,1)(5,3,1)(6,1,0)(3,2,0)(2,2,1)	psi(W_W_w+psi_W_(w+1)(W_W)^2*W_w)	psi(W_W_w+psi_W_(w+1)(W_W)^2*W_w)	
2859	(0,0,0)(1,1,1)(2,1,1)(3,1,0)(1,1,1)(2,1,0)(3,2,1)(4,2,1)(5,1,0)(1,1,0)(2,2,1)(3,2,1)(4,2,0)(2,2,1)(3,2,0)(4,3,1)(5,3,1)(6,1,0)(3,2,0)(4,3,1)(5,3,1)(6,1,0)(3,2,0)(4,3,1)(5,3,1)(6,1,0)	psi(W_W_w+psi_W_(w+1)(W_W)^3)	psi(W_W_w+psi_W_(w+1)(W_W)^3)	
2860	(0,0,0)(1,1,1)(2,1,1)(3,1,0)(1,1,1)(2,1,0)(3,2,1)(4,2,1)(5,1,0)(1,1,0)(2,2,1)(3,2,1)(4,2,0)(2,2,1)(3,2,0)(4,3,1)(5,3,1)(6,1,0)(4,0,0)	psi(W_W_w+psi_W_(w+1)(W_W)^w)	psi(W_W_w+psi_W_(w+1)(W_W)^w)	
2861	(0,0,0)(1,1,1)(2,1,1)(3,1,0)(1,1,1)(2,1,0)(3,2,1)(4,2,1)(5,1,0)(1,1,0)(2,2,1)(3,2,1)(4,2,0)(2,2,1)(3,2,0)(4,3,1)(5,3,1)(6,1,0)(4,2,0)(2,2,1)	psi(W_W_w+psi_W_(w+1)(W_W)^W_w)	psi(W_W_w+psi_W_(w+1)(W_W)^W_w)	
2862	(0,0,0)(1,1,1)(2,1,1)(3,1,0)(1,1,1)(2,1,0)(3,2,1)(4,2,1)(5,1,0)(1,1,0)(2,2,1)(3,2,1)(4,2,0)(2,2,1)(3,2,0)(4,3,1)(5,3,1)(6,1,0)(4,2,0)(5,3,1)(6,3,1)(7,1,0)	psi(W_W_w+psi_W_(w+1)(W_W)^psi_W_(w+1)(W_W))	psi(W_W_w+psi_W_(w+1)(W_W)^psi_W_(w+1)(W_W))	
2863	(0,0,0)(1,1,1)(2,1,1)(3,1,0)(1,1,1)(2,1,0)(3,2,1)(4,2,1)(5,1,0)(1,1,0)(2,2,1)(3,2,1)(4,2,0)(2,2,1)(3,2,0)(4,3,1)(5,3,1)(6,1,0)(4,3,0)	psi(W_W_w+psi_W_(w+1)(W_W+W_(w+1)))	psi(W_W_w+psi_W_(w+1)(W_W+W_(w+1)))	
2864	(0,0,0)(1,1,1)(2,1,1)(3,1,0)(1,1,1)(2,1,0)(3,2,1)(4,2,1)(5,1,0)(1,1,0)(2,2,1)(3,2,1)(4,2,0)(2,2,1)(3,2,0)(4,3,1)(5,3,1)(6,1,0)(4,3,0)(5,3,0)	psi(W_W_w+psi_W_(w+1)(W_W+W_(w+1)^2))	psi(W_W_w+psi_W_(w+1)(W_W+W_(w+1)^2))	
2865	(0,0,0)(1,1,1)(2,1,1)(3,1,0)(1,1,1)(2,1,0)(3,2,1)(4,2,1)(5,1,0)(1,1,0)(2,2,1)(3,2,1)(4,2,0)(2,2,1)(3,2,0)(4,3,1)(5,3,1)(6,1,0)(4,3,0)(5,4,0)	psi(W_W_w+psi_W_(w+1)(W_W+psi_W_(w+2)(W_(w+2)))	psi(W_W_w+psi_W_(w+1)(W_W+psi_W_(w+2)(W_(w+2))))	paren+1
2866	(0,0,0)(1,1,1)(2,1,1)(3,1,0)(1,1,1)(2,1,0)(3,2,1)(4,2,1)(5,1,0)(1,1,0)(2,2,1)(3,2,1)(4,2,0)(2,2,1)(3,2,0)(4,3,1)(5,3,1)(6,1,0)(4,3,0)(5,4,1)	psi(W_W_w+psi_W_(w+1)(W_W+psi_W_(w+2)(W_(w2)))	psi(W_W_w+psi_W_(w+1)(W_W+psi_W_(w+2)(W_(w2))))	paren+1
2867	(0,0,0)(1,1,1)(2,1,1)(3,1,0)(1,1,1)(2,1,0)(3,2,1)(4,2,1)(5,1,0)(1,1,0)(2,2,1)(3,2,1)(4,2,0)(2,2,1)(3,2,0)(4,3,1)(5,3,1)(6,1,0)(4,3,0)(5,4,1)(6,4,1)(7,1,0)	psi(W_W_w+psi_W_(w+1)(W_W+psi_W_(w+2)(W_W)))	psi(W_W_w+psi_W_(w+1)(W_W+psi_W_(w+2)(W_W)))	
2868	(0,0,0)(1,1,1)(2,1,1)(3,1,0)(1,1,1)(2,1,0)(3,2,1)(4,2,1)(5,1,0)(1,1,0)(2,2,1)(3,2,1)(4,2,0)(2,2,1)(3,2,0)(4,3,1)(5,3,1)(6,1,0)(4,3,0)(5,4,1)(6,4,1)(7,2,0)	psi(W_W_w+psi_W_(w+1)(W_W+psi_W_(w+2)(W_W_2)))	psi(W_W_w+psi_W_(w+1)(W_W+psi_W_(w+2)(W_W_2)))	
2869	(0,0,0)(1,1,1)(2,1,1)(3,1,0)(1,1,1)(2,1,0)(3,2,1)(4,2,1)(5,1,0)(1,1,0)(2,2,1)(3,2,1)(4,2,0)(2,2,1)(3,2,0)(4,3,1)(5,3,1)(6,1,0)(4,3,0)(5,4,1)(6,4,1)(7,1,0)(4,3,0)	psi(W_W_w+psi_W_(w+1)(W_W+psi_W_(w+2)(W_W)+W_(w+1)))	psi(W_W_w+psi_W_(w+1)(W_W+psi_W_(w+2)(W_W)+W_(w+1)))	
2870	(0,0,0)(1,1,1)(2,1,1)(3,1,0)(1,1,1)(2,1,0)(3,2,1)(4,2,1)(5,1,0)(1,1,0)(2,2,1)(3,2,1)(4,2,0)(2,2,1)(3,2,0)(4,3,1)(5,3,1)(6,1,0)(4,3,0)(5,4,1)(6,4,1)(7,1,0)(4,3,0)(5,4,1)(6,4,1)(7,1,0)	psi(W_W_w+psi_W_(w+1)(W_W+psi_W_(w+2)(W_W)*2))	psi(W_W_w+psi_W_(w+1)(W_W+psi_W_(w+2)(W_W)*2))	
2871	(0,0,0)(1,1,1)(2,1,1)(3,1,0)(1,1,1)(2,1,0)(3,2,1)(4,2,1)(5,1,0)(1,1,0)(2,2,1)(3,2,1)(4,2,0)(2,2,1)(3,2,0)(4,3,1)(5,3,1)(6,1,0)(4,3,0)(5,4,1)(6,4,1)(7,1,0)(5,3,0)	psi(W_W_w+psi_W_(w+1)(W_W+psi_W_(w+2)(W_W)*W_(w+1))))	psi(W_W_w+psi_W_(w+1)(W_W+psi_W_(w+2)(W_W)*W_(w+1)))	paren-1
2872	(0,0,0)(1,1,1)(2,1,1)(3,1,0)(1,1,1)(2,1,0)(3,2,1)(4,2,1)(5,1,0)(1,1,0)(2,2,1)(3,2,1)(4,2,0)(2,2,1)(3,2,0)(4,3,1)(5,3,1)(6,1,0)(4,3,0)(5,4,1)(6,4,1)(7,1,0)(5,4,0)	psi(W_W_w+psi_W_(w+1)(W_W+W_(w+2)))	psi(W_W_w+psi_W_(w+1)(W_W+W_(w+2)))	
2873	(0,0,0)(1,1,1)(2,1,1)(3,1,0)(1,1,1)(2,1,0)(3,2,1)(4,2,1)(5,1,0)(1,1,0)(2,2,1)(3,2,1)(4,2,0)(2,2,1)(3,2,0)(4,3,1)(5,3,1)(6,1,0)(4,3,0)(5,4,1)(6,4,1)(7,1,0)(5,4,0)(6,5,1)(7,5,1)(8,1,0)	psi(W_W_w+psi_W_(w+1)(W_W_w+psi_W_(w+3)(W_W)))	psi(W_W_w+psi_W_(w+1)(W_W_w+psi_W_(w+3)(W_W)))	
2874	(0,0,0)(1,1,1)(2,1,1)(3,1,0)(1,1,1)(2,1,0)(3,2,1)(4,2,1)(5,1,0)(1,1,0)(2,2,1)(3,2,1)(4,2,0)(2,2,1)(3,2,0)(4,3,1)(5,3,1)(6,1,0)(4,3,0)(5,4,1)(6,4,1)(7,1,0)(5,4,0)(6,5,1)(7,5,1)(8,1,0)(6,5,0)	psi(W_W_w+psi_W_(w+1)(W_W+W_(w+3)))	psi(W_W_w+psi_W_(w+1)(W_W+W_(w+3)))	
2875	(0,0,0)(1,1,1)(2,1,1)(3,1,0)(1,1,1)(2,1,0)(3,2,1)(4,2,1)(5,1,0)(1,1,0)(2,2,1)(3,2,1)(4,2,0)(2,2,1)(3,2,0)(4,3,1)(5,3,1)(6,1,0)(4,3,1)	psi(W_W_w+psi_W_(w+1)(W_W+W_(w2)))	psi(W_W_w+psi_W_(w+1)(W_W+W_(w2)))	
2876	(0,0,0)(1,1,1)(2,1,1)(3,1,0)(1,1,1)(2,1,0)(3,2,1)(4,2,1)(5,1,0)(1,1,0)(2,2,1)(3,2,1)(4,2,0)(2,2,1)(3,2,0)(4,3,1)(5,3,1)(6,1,0)(4,3,1)(5,3,0)(6,4,0)	psi(W_W_w+psi_W_(w+1)(W_W+psi_W_(w2+1)(W_(w2+1)))	psi(W_W_w+psi_W_(w+1)(W_W+psi_W_(w2+1)(W_(w2+1))))	paren+1
2877	(0,0,0)(1,1,1)(2,1,1)(3,1,0)(1,1,1)(2,1,0)(3,2,1)(4,2,1)(5,1,0)(1,1,0)(2,2,1)(3,2,1)(4,2,0)(2,2,1)(3,2,0)(4,3,1)(5,3,1)(6,1,0)(4,3,1)(5,3,0)(6,4,1)(7,4,1)(8,1,0)	psi(W_W_w+psi_W_(w+1)(W_W+psi_W_(w2+1)(W_W)))	psi(W_W_w+psi_W_(w+1)(W_W+psi_W_(w2+1)(W_W)))	
2878	(0,0,0)(1,1,1)(2,1,1)(3,1,0)(1,1,1)(2,1,0)(3,2,1)(4,2,1)(5,1,0)(1,1,0)(2,2,1)(3,2,1)(4,2,0)(2,2,1)(3,2,0)(4,3,1)(5,3,1)(6,1,0)(4,3,1)(5,3,0)(6,4,1)(7,4,1)(8,1,0)(6,4,0)	psi(W_W_w+psi_W_(w+1)(W_W+W_(w2+1)))	psi(W_W_w+psi_W_(w+1)(W_W+W_(w2+1)))	
2879	(0,0,0)(1,1,1)(2,1,1)(3,1,0)(1,1,1)(2,1,0)(3,2,1)(4,2,1)(5,1,0)(1,1,0)(2,2,1)(3,2,1)(4,2,0)(2,2,1)(3,2,0)(4,3,1)(5,3,1)(6,1,0)(4,3,1)(5,3,0)(6,4,1)(7,4,1)(8,1,0)(6,4,1)	psi(W_W_w+psi_W_(w+1)(W_W+W_(w3)))	psi(W_W_w+psi_W_(w+1)(W_W+W_(w3)))	
2880	(0,0,0)(1,1,1)(2,1,1)(3,1,0)(1,1,1)(2,1,0)(3,2,1)(4,2,1)(5,1,0)(1,1,0)(2,2,1)(3,2,1)(4,2,0)(2,2,1)(3,2,0)(4,3,1)(5,3,1)(6,1,0)(4,3,1)(5,3,1)	psi(W_W_w+psi_W_(w+1)(W_W+W_(w^2)))	psi(W_W_w+psi_W_(w+1)(W_W+W_(w^2)))	
2881	(0,0,0)(1,1,1)(2,1,1)(3,1,0)(1,1,1)(2,1,0)(3,2,1)(4,2,1)(5,1,0)(1,1,0)(2,2,1)(3,2,1)(4,2,0)(2,2,1)(3,2,0)(4,3,1)(5,3,1)(6,1,0)(4,3,1)(5,3,1)(5,3,1)	psi(W_W_w+psi_W_(w+1)(W_W+W_(w^3)))	psi(W_W_w+psi_W_(w+1)(W_W+W_(w^3)))	
2882	(0,0,0)(1,1,1)(2,1,1)(3,1,0)(1,1,1)(2,1,0)(3,2,1)(4,2,1)(5,1,0)(1,1,0)(2,2,1)(3,2,1)(4,2,0)(2,2,1)(3,2,0)(4,3,1)(5,3,1)(6,1,0)(4,3,1)(5,3,1)(6,0,0)	psi(W_W_w+psi_W_(w+1)(W_W+W_(w^w)))	psi(W_W_w+psi_W_(w+1)(W_W+W_(w^w)))	
2883	(0,0,0)(1,1,1)(2,1,1)(3,1,0)(1,1,1)(2,1,0)(3,2,1)(4,2,1)(5,1,0)(1,1,0)(2,2,1)(3,2,1)(4,2,0)(2,2,1)(3,2,0)(4,3,1)(5,3,1)(6,1,0)(4,3,1)(5,3,1)(6,1,0)	psi(W_W_w+psi_W_(w+1)(W_W*2))	psi(W_W_w+psi_W_(w+1)(W_W*2))	
2884	(0,0,0)(1,1,1)(2,1,1)(3,1,0)(1,1,1)(2,1,0)(3,2,1)(4,2,1)(5,1,0)(1,1,0)(2,2,1)(3,2,1)(4,2,0)(2,2,1)(3,2,0)(4,3,1)(5,3,1)(6,1,0)(4,3,1)(5,3,1)(6,1,0)(4,3,1)(5,3,1)(6,1,0)	psi(W_W_w+psi_W_(w+1)(W_W*3))	psi(W_W_w+psi_W_(w+1)(W_W*3))	
2885	(0,0,0)(1,1,1)(2,1,1)(3,1,0)(1,1,1)(2,1,0)(3,2,1)(4,2,1)(5,1,0)(1,1,0)(2,2,1)(3,2,1)(4,2,0)(2,2,1)(3,2,0)(4,3,1)(5,3,1)(6,1,0)(5,0,0)	psi(W_W_w+psi_W_(w+1)(W_W*w))	psi(W_W_w+psi_W_(w+1)(W_W*w))	
2886	(0,0,0)(1,1,1)(2,1,1)(3,1,0)(1,1,1)(2,1,0)(3,2,1)(4,2,1)(5,1,0)(1,1,0)(2,2,1)(3,2,1)(4,2,0)(2,2,1)(3,2,0)(4,3,1)(5,3,1)(6,1,0)(5,3,0)	psi(W_W_w+psi_W_(w+1)(W_W*W_3))	psi(W_W_w+psi_W_(w+1)(W_W*W_3))	
2887	(0,0,0)(1,1,1)(2,1,1)(3,1,0)(1,1,1)(2,1,0)(3,2,1)(4,2,1)(5,1,0)(1,1,0)(2,2,1)(3,2,1)(4,2,0)(2,2,1)(3,2,0)(4,3,1)(5,3,1)(6,1,0)(5,3,0)(4,3,1)	psi(W_W_w+psi_W_(w+1)(W_W*W_w))	psi(W_W_w+psi_W_(w+1)(W_W*W_w))	
2888	(0,0,0)(1,1,1)(2,1,1)(3,1,0)(1,1,1)(2,1,0)(3,2,1)(4,2,1)(5,1,0)(1,1,0)(2,2,1)(3,2,1)(4,2,0)(2,2,1)(3,2,0)(4,3,1)(5,3,1)(6,1,0)(5,3,0)(4,3,1)(5,3,1)(6,1,0)	psi(W_W_w+psi_W_(w+1)(W_W^2))	psi(W_W_w+psi_W_(w+1)(W_W^2))	
2889	(0,0,0)(1,1,1)(2,1,1)(3,1,0)(1,1,1)(2,1,0)(3,2,1)(4,2,1)(5,1,0)(1,1,0)(2,2,1)(3,2,1)(4,2,0)(2,2,1)(3,2,0)(4,3,1)(5,3,1)(6,1,0)(5,3,0)(6,3,0)(4,3,1)(5,3,1)(6,1,0)	psi(W_W_w+psi_W_(w+1)(W_W^W_W))	psi(W_W_w+psi_W_(w+1)(W_W^W_W))	
2890	(0,0,0)(1,1,1)(2,1,1)(3,1,0)(1,1,1)(2,1,0)(3,2,1)(4,2,1)(5,1,0)(1,1,0)(2,2,1)(3,2,1)(4,2,0)(2,2,1)(3,2,0)(4,3,1)(5,3,1)(6,1,0)(5,3,0)(6,4,0)	psi(W_W_w+psi_W_(w+1)(W_(W+1)))	psi(W_W_w+psi_W_(w+1)(W_(W+1)))	
2891	(0,0,0)(1,1,1)(2,1,1)(3,1,0)(1,1,1)(2,1,0)(3,2,1)(4,2,1)(5,1,0)(1,1,0)(2,2,1)(3,2,1)(4,2,0)(2,2,1)(3,2,0)(4,3,1)(5,3,1)(6,1,0)(5,3,0)(6,4,1)	psi(W_W_w+psi_W_(w+1)(W_(W+w)))	psi(W_W_w+psi_W_(w+1)(W_(W+w)))	
2892	(0,0,0)(1,1,1)(2,1,1)(3,1,0)(1,1,1)(2,1,0)(3,2,1)(4,2,1)(5,1,0)(1,1,0)(2,2,1)(3,2,1)(4,2,0)(2,2,1)(3,2,0)(4,3,1)(5,3,1)(6,1,0)(5,3,0)(6,4,1)(7,4,1)	psi(W_W_w+psi_W_(w+1)(W_(W+w^2)))	psi(W_W_w+psi_W_(w+1)(W_(W+w^2)))	
2893	(0,0,0)(1,1,1)(2,1,1)(3,1,0)(1,1,1)(2,1,0)(3,2,1)(4,2,1)(5,1,0)(1,1,0)(2,2,1)(3,2,1)(4,2,0)(2,2,1)(3,2,0)(4,3,1)(5,3,1)(6,1,0)(5,3,0)(6,4,1)(7,4,1)(8,1,0)	psi(W_W_w+psi_W_(w+1)(W_(W2)))	psi(W_W_w+psi_W_(w+1)(W_(W2)))	
2894	(0,0,0)(1,1,1)(2,1,1)(3,1,0)(1,1,1)(2,1,0)(3,2,1)(4,2,1)(5,1,0)(1,1,0)(2,2,1)(3,2,1)(4,2,0)(2,2,1)(3,2,0)(4,3,1)(5,3,1)(6,1,0)(5,3,1)	psi(W_W_w+psi_W_(w+1)(W_(W*w)))	psi(W_W_w+psi_W_(w+1)(W_(W*w)))	
2895	(0,0,0)(1,1,1)(2,1,1)(3,1,0)(1,1,1)(2,1,0)(3,2,1)(4,2,1)(5,1,0)(1,1,0)(2,2,1)(3,2,1)(4,2,0)(2,2,1)(3,2,0)(4,3,1)(5,3,1)(6,1,0)(5,3,1)(6,0,0)	psi(W_W_w+psi_W_(w+1)(W_(W*w^w)))	psi(W_W_w+psi_W_(w+1)(W_(W*w^w)))	
2896	(0,0,0)(1,1,1)(2,1,1)(3,1,0)(1,1,1)(2,1,0)(3,2,1)(4,2,1)(5,1,0)(1,1,0)(2,2,1)(3,2,1)(4,2,0)(2,2,1)(3,2,0)(4,3,1)(5,3,1)(6,1,0)(5,3,1)(6,1,0)	psi(W_W_w+psi_W_(w+1)(W_(W^2)))	psi(W_W_w+psi_W_(w+1)(W_(W^2)))	
2897	(0,0,0)(1,1,1)(2,1,1)(3,1,0)(1,1,1)(2,1,0)(3,2,1)(4,2,1)(5,1,0)(1,1,0)(2,2,1)(3,2,1)(4,2,0)(2,2,1)(3,2,0)(4,3,1)(5,3,1)(6,1,0)(6,1,0)	psi(W_W_w+psi_W_(w+1)(W_(W^W)))	psi(W_W_w+psi_W_(w+1)(W_(W^W)))	
2898	(0,0,0)(1,1,1)(2,1,1)(3,1,0)(1,1,1)(2,1,0)(3,2,1)(4,2,1)(5,1,0)(1,1,0)(2,2,1)(3,2,1)(4,2,0)(2,2,1)(3,2,0)(4,3,1)(5,3,1)(6,1,0)(7,2,0)	psi(W_W_w+psi_W_(w+1)(W_psi_1(W_2)))	psi(W_W_w+psi_W_(w+1)(W_psi_1(W_2)))	
2899	(0,0,0)(1,1,1)(2,1,1)(3,1,0)(1,1,1)(2,1,0)(3,2,1)(4,2,1)(5,1,0)(1,1,0)(2,2,1)(3,2,1)(4,2,0)(2,2,1)(3,2,0)(4,3,1)(5,3,1)(6,1,0)(7,2,1)	psi(W_W_w+psi_W_(w+1)(W_psi_1(W_w)))	psi(W_W_w+psi_W_(w+1)(W_psi_1(W_w)))	
2900	(0,0,0)(1,1,1)(2,1,1)(3,1,0)(1,1,1)(2,1,0)(3,2,1)(4,2,1)(5,1,0)(1,1,0)(2,2,1)(3,2,1)(4,2,0)(2,2,1)(3,2,0)(4,3,1)(5,3,1)(6,2,0)	psi(W_W_w+psi_W_(w+1)(W_W_2))	psi(W_W_w+psi_W_(w+1)(W_W_2))	
2901	(0,0,0)(1,1,1)(2,1,1)(3,1,0)(1,1,1)(2,1,0)(3,2,1)(4,2,1)(5,1,0)(1,1,0)(2,2,1)(3,2,1)(4,2,0)(2,2,1)(3,2,0)(4,3,1)(5,3,1)(6,2,0)(2,2,0)	psi(W_W_w+psi_W_(w+1)(W_W_2)+W_2)	psi(W_W_w+psi_W_(w+1)(W_W_2)+W_2)	
2902	(0,0,0)(1,1,1)(2,1,1)(3,1,0)(1,1,1)(2,1,0)(3,2,1)(4,2,1)(5,1,0)(1,1,0)(2,2,1)(3,2,1)(4,2,0)(2,2,1)(3,2,0)(4,3,1)(5,3,1)(6,2,0)(2,2,0)(3,3,1)	psi(W_W_w+psi_W_(w+1)(W_W_2)+psi_2(W_w))	psi(W_W_w+psi_W_(w+1)(W_W_2)+psi_2(W_w))	
2903	(0,0,0)(1,1,1)(2,1,1)(3,1,0)(1,1,1)(2,1,0)(3,2,1)(4,2,1)(5,1,0)(1,1,0)(2,2,1)(3,2,1)(4,2,0)(2,2,1)(3,2,0)(4,3,1)(5,3,1)(6,2,0)(2,2,0)(3,3,1)(4,3,1)(5,2,0)	psi(W_W_w+psi_W_(w+1)(W_W_2)+psi_2(W_W_2))	psi(W_W_w+psi_W_(w+1)(W_W_2)+psi_2(W_W_2))	
2904	(0,0,0)(1,1,1)(2,1,1)(3,1,0)(1,1,1)(2,1,0)(3,2,1)(4,2,1)(5,1,0)(1,1,0)(2,2,1)(3,2,1)(4,2,0)(2,2,1)(3,2,0)(4,3,1)(5,3,1)(6,2,0)(2,2,0)(3,3,1)(4,3,1)(5,3,0)(3,3,0)	psi(W_W_w+psi_W_(w+1)(W_W_2)+psi_2(W_W_3+W_3))	psi(W_W_w+psi_W_(w+1)(W_W_2)+psi_2(W_W_3+W_3))	
2905	(0,0,0)(1,1,1)(2,1,1)(3,1,0)(1,1,1)(2,1,0)(3,2,1)(4,2,1)(5,1,0)(1,1,0)(2,2,1)(3,2,1)(4,2,0)(2,2,1)(3,2,0)(4,3,1)(5,3,1)(6,2,0)(2,2,0)(3,3,1)(4,3,1)(5,3,0)(3,3,1)	psi(W_W_w+psi_W_(w+1)(W_W_2)+psi_2(W_W_w))	psi(W_W_w+psi_W_(w+1)(W_W_2)+psi_2(W_W_w))	
2906	(0,0,0)(1,1,1)(2,1,1)(3,1,0)(1,1,1)(2,1,0)(3,2,1)(4,2,1)(5,1,0)(1,1,0)(2,2,1)(3,2,1)(4,2,0)(2,2,1)(3,2,0)(4,3,1)(5,3,1)(6,2,0)(2,2,0)(3,3,1)(4,3,1)(5,3,0)(3,3,1)(4,3,0)	psi(W_W_w+psi_W_(w+1)(W_W_2)+psi_2(W_W_w+W_w*W_3)))	psi(W_W_w+psi_W_(w+1)(W_W_2)+psi_2(W_W_w+W_w*W_3))	paren-1
2907	(0,0,0)(1,1,1)(2,1,1)(3,1,0)(1,1,1)(2,1,0)(3,2,1)(4,2,1)(5,1,0)(1,1,0)(2,2,1)(3,2,1)(4,2,0)(2,2,1)(3,2,0)(4,3,1)(5,3,1)(6,2,0)(2,2,0)(3,3,1)(4,3,1)(5,3,0)(3,3,1)(4,3,0)(5,4,0)	psi(W_W_w+psi_W_(w+1)(W_W_2)+psi_2(W_W_w+psi_W_(w+1)(W_(w+1))))	psi(W_W_w+psi_W_(w+1)(W_W_2)+psi_2(W_W_w+psi_W_(w+1)(W_(w+1))))	
2908	(0,0,0)(1,1,1)(2,1,1)(3,1,0)(1,1,1)(2,1,0)(3,2,1)(4,2,1)(5,1,0)(1,1,0)(2,2,1)(3,2,1)(4,2,0)(2,2,1)(3,2,0)(4,3,1)(5,3,1)(6,2,0)(2,2,0)(3,3,1)(4,3,1)(5,2,0)(3,3,1)(4,3,0)(5,4,1)(6,4,1)	psi(W_W_w+psi_W_(w+1)(W_W_2)+psi_2(W_W_w+psi_W_(w+1)(W_(w^2))))	psi(W_W_w+psi_W_(w+1)(W_W_2)+psi_2(W_W_w+psi_W_(w+1)(W_(w^2))))	
2909	(0,0,0)(1,1,1)(2,1,1)(3,1,0)(1,1,1)(2,1,0)(3,2,1)(4,2,1)(5,1,0)(1,1,0)(2,2,1)(3,2,1)(4,2,0)(2,2,1)(3,2,0)(4,3,1)(5,3,1)(6,2,0)(2,2,0)(3,3,1)(4,3,1)(5,3,0)(3,3,1)(4,3,0)(5,4,1)(6,4,1)(7,2,0)	psi(W_W_w+psi_W_(w+1)(W_W_2)+psi_2(W_W_w+psi_W_(w+1)(W_W_2))))	psi(W_W_w+psi_W_(w+1)(W_W_2)+psi_2(W_W_w+psi_W_(w+1)(W_W_2)))	paren-1
2910	(0,0,0)(1,1,1)(2,1,1)(3,1,0)(1,1,1)(2,1,0)(3,2,1)(4,2,1)(5,1,0)(1,1,0)(2,2,1)(3,2,1)(4,2,0)(2,2,1)(3,2,0)(4,3,1)(5,3,1)(6,2,0)(2,2,0)(3,3,1)(4,3,1)(5,3,0)(3,3,1)(4,3,0)(5,4,1)(6,4,1)(7,2,0)(3,3,0)	psi(W_W_w+psi_W_(w+1)(W_W_2)+W_3)	psi(W_W_w+psi_W_(w+1)(W_W_2)+W_3)	
2911	(0,0,0)(1,1,1)(2,1,1)(3,1,0)(1,1,1)(2,1,0)(3,2,1)(4,2,1)(5,1,0)(1,1,0)(2,2,1)(3,2,1)(4,2,0)(2,2,1)(3,2,0)(4,3,1)(5,3,1)(6,2,0)(2,2,0)(3,3,1)(4,3,1)(5,3,0)(3,3,1)(4,3,0)(5,4,1)(6,4,1)(7,2,0)(3,3,1)	psi(W_W_w+psi_W_(w+1)(W_W_2)+W_w)	psi(W_W_w+psi_W_(w+1)(W_W_2)+W_w)	
2912	(0,0,0)(1,1,1)(2,1,1)(3,1,0)(1,1,1)(2,1,0)(3,2,1)(4,2,1)(5,1,0)(1,1,0)(2,2,1)(3,2,1)(4,2,0)(2,2,1)(3,2,0)(4,3,1)(5,3,1)(6,2,0)(2,2,0)(3,3,1)(4,3,1)(5,3,0)(3,3,1)(4,3,0)(5,4,1)(6,4,1)(7,2,0)(3,3,1)(4,3,0)(5,4,0)	psi(W_W_w+psi_W_(w+1)(W_W_2)+psi_W_(w+1)(W_(w+1)))	psi(W_W_w+psi_W_(w+1)(W_W_2)+psi_W_(w+1)(W_(w+1)))	
2913	(0,0,0)(1,1,1)(2,1,1)(3,1,0)(1,1,1)(2,1,0)(3,2,1)(4,2,1)(5,1,0)(1,1,0)(2,2,1)(3,2,1)(4,1,0)(2,2,1)(3,2,0)(4,3,1)(5,3,1)(6,2,0)(2,2,0)(3,3,1)(4,3,1)(5,3,0)(3,3,1)(4,3,0)(5,4,1)(6,4,1)(7,2,0)(3,3,1)(4,3,0)(5,4,1)(6,4,1)(7,2,0))	psi(W_W_w+psi_W_(w+1)(W_W_2)*2)	psi(W_W_w+psi_W_(w+1)(W_W_2)*2)	
2914	(0,0,0)(1,1,1)(2,1,1)(3,1,0)(1,1,1)(2,1,0)(3,2,1)(4,2,1)(5,1,0)(1,1,0)(2,2,1)(3,2,1)(4,1,0)(2,2,1)(3,2,0)(4,3,1)(5,3,1)(6,2,0)(2,2,0)(3,3,1)(4,3,1)(5,3,0)(3,3,1)(4,3,0)(5,4,1)(6,4,1)(7,2,0)(4,3,0)	psi(W_W_w+psi_W_(w+1)(W_W_2)*W_3)	psi(W_W_w+psi_W_(w+1)(W_W_2)*W_3)	
2915	(0,0,0)(1,1,1)(2,1,1)(3,1,0)(1,1,1)(2,1,0)(3,2,1)(4,2,1)(5,1,0)(1,1,0)(2,2,1)(3,2,1)(4,2,0)(2,2,1)(3,2,0)(4,3,1)(5,3,1)(6,2,0)(2,2,0)(3,3,1)(4,3,1)(5,3,0)(3,3,1)(4,3,0)(5,4,1)(6,4,1)(7,2,0)(4,3,0)(3,3,1)	psi(W_W_w+psi_W_(w+1)(W_W_2)*W_w)	psi(W_W_w+psi_W_(w+1)(W_W_2)*W_w)	
2916	(0,0,0)(1,1,1)(2,1,1)(3,1,0)(1,1,1)(2,1,0)(3,2,1)(4,2,1)(5,1,0)(1,1,0)(2,2,1)(3,2,1)(4,2,0)(2,2,1)(3,2,0)(4,3,1)(5,3,1)(6,2,0)(2,2,0)(3,3,1)(4,3,1)(5,3,0)(3,3,1)(4,3,0)(5,4,1)(6,4,1)(7,2,0)(4,3,0)(4,3,0)(3,3,1)	psi(W_W_w+psi_W_(w+1)(W_W_2)*W_w^2)	psi(W_W_w+psi_W_(w+1)(W_W_2)*W_w^2)	
2917	(0,0,0)(1,1,1)(2,1,1)(3,1,0)(1,1,1)(2,1,0)(3,2,1)(4,2,1)(5,1,0)(1,1,0)(2,2,1)(3,2,1)(4,2,0)(2,2,1)(3,2,0)(4,3,1)(5,3,1)(6,2,0)(2,2,0)(3,3,1)(4,3,1)(5,3,0)(3,3,1)(4,3,0)(5,4,1)(6,4,1)(7,2,0)(4,3,0)(5,4,0)	psi(W_W_w+psi_W_(w+1)(W_W_2)*psi_W_(w+1)(W_(w+1)))	psi(W_W_w+psi_W_(w+1)(W_W_2)*psi_W_(w+1)(W_(w+1)))	
2918	(0,0,0)(1,1,1)(2,1,1)(3,1,0)(1,1,1)(2,1,0)(3,2,1)(4,2,1)(5,1,0)(1,1,0)(2,2,1)(3,2,1)(4,2,0)(2,2,1)(3,2,0)(4,3,1)(5,3,1)(6,2,0)(2,2,0)(3,3,1)(4,3,1)(5,3,0)(3,3,1)(4,3,0)(5,4,1)(6,4,1)(7,2,0)(4,3,0)(5,4,1)(6,4,1)(7,2,0)	psi(W_W_w+psi_W_(w+1)(W_W_2)^2)	psi(W_W_w+psi_W_(w+1)(W_W_2)^2)	
2919	(0,0,0)(1,1,1)(2,1,1)(3,1,0)(1,1,1)(2,1,0)(3,2,1)(4,2,1)(5,1,0)(1,1,0)(2,2,1)(3,2,1)(4,2,0)(2,2,1)(3,2,0)(4,3,1)(5,3,1)(6,2,0)(2,2,0)(3,3,1)(4,3,1)(5,3,0)(3,3,1)(4,3,0)(5,4,1)(6,4,1)(7,2,0)(5,3,0)(6,4,1)(7,4,1)(8,2,0)	psi(W_W_w+psi_W_(w+1)(W_W_2)^psi_W_(w+1)(W_W_2)))	psi(W_W_w+psi_W_(w+1)(W_W_2)^psi_W_(w+1)(W_W_2))	paren-1
2920	(0,0,0)(1,1,1)(2,1,1)(3,1,0)(1,1,1)(2,1,0)(3,2,1)(4,2,1)(5,1,0)(1,1,0)(2,2,1)(3,2,1)(4,2,0)(2,2,1)(3,2,0)(4,3,1)(5,3,1)(6,2,0)(2,2,0)(3,3,1)(4,3,1)(5,3,0)(3,3,1)(4,3,0)(5,4,1)(6,4,1)(7,2,0)(5,4,0)	psi(W_W_w+psi_W_(w+1)(W_W_2+W_(w+1)))	psi(W_W_w+psi_W_(w+1)(W_W_2+W_(w+1)))	
2921	(0,0,0)(1,1,1)(2,1,1)(3,1,0)(1,1,1)(2,1,0)(3,2,1)(4,2,1)(5,1,0)(1,1,0)(2,2,1)(3,2,1)(4,2,0)(2,2,1)(3,2,0)(4,3,1)(5,3,1)(6,2,0)(2,2,0)(3,3,1)(4,3,1)(5,3,0)(3,3,1)(4,3,0)(5,4,1)(6,4,1)(7,2,0)(5,4,0)(6,5,0)	psi(W_W_w+psi_W_(w+1)(W_W_2+psi_W_(w+2)(W_(w+2)))	psi(W_W_w+psi_W_(w+1)(W_W_2+psi_W_(w+2)(W_(w+2))))	paren+1
2922	(0,0,0)(1,1,1)(2,1,1)(3,1,0)(1,1,1)(2,1,0)(3,2,1)(4,2,1)(5,1,0)(1,1,0)(2,2,1)(3,2,1)(4,2,0)(2,2,1)(3,2,0)(4,3,1)(5,3,1)(6,2,0)(2,2,0)(3,3,1)(4,3,1)(5,3,0)(3,3,1)(4,3,0)(5,4,1)(6,4,1)(7,2,0)(5,4,0)(6,5,1)(7,5,1)(8,2,0)	psi(W_W_w+psi_W_(w+1)(W_W_2+psi_W_(w+2)(W_W_2))))	psi(W_W_w+psi_W_(w+1)(W_W_2+psi_W_(w+2)(W_W_2)))	paren-1
2923	(0,0,0)(1,1,1)(2,1,1)(3,1,0)(1,1,1)(2,1,0)(3,2,1)(4,2,1)(5,1,0)(1,1,0)(2,2,1)(3,2,1)(4,2,0)(2,2,1)(3,2,0)(4,3,1)(5,3,1)(6,2,0)(2,2,0)(3,3,1)(4,3,1)(5,3,0)(3,3,1)(4,3,0)(5,4,1)(6,4,1)(7,2,0)(5,4,0)(6,5,1)(7,5,1)(8,2,0)(6,5,0)	psi(W_W_w+psi_W_(w+1)(W_W_2+W_(w+2)))	psi(W_W_w+psi_W_(w+1)(W_W_2+W_(w+2)))	
2924	(0,0,0)(1,1,1)(2,1,1)(3,1,0)(1,1,1)(2,1,0)(3,2,1)(4,2,1)(5,1,0)(1,1,0)(2,2,1)(3,2,1)(4,2,0)(2,2,1)(3,2,0)(4,3,1)(5,3,1)(6,2,0)(2,2,0)(3,3,1)(4,3,1)(5,3,0)(3,3,1)(4,3,0)(5,4,1)(6,4,1)(7,2,0)(5,4,1)	psi(W_W_w+psi_W_(w+1)(W_W_2+W_(w2)))	psi(W_W_w+psi_W_(w+1)(W_W_2+W_(w2)))	
2925	(0,0,0)(1,1,1)(2,1,1)(3,1,0)(1,1,1)(2,1,0)(3,2,1)(4,2,1)(5,1,0)(1,1,0)(2,2,1)(3,2,1)(4,2,0)(2,2,1)(3,2,0)(4,3,1)(5,3,1)(6,2,0)(2,2,0)(3,3,1)(4,3,1)(5,3,0)(3,3,1)(4,3,0)(5,4,1)(6,4,1)(7,2,0)(5,4,1)(6,4,1)	psi(W_W_w+psi_W_(w+1)(W_W_2+W_(w^2)))	psi(W_W_w+psi_W_(w+1)(W_W_2+W_(w^2)))	
2926	(0,0,0)(1,1,1)(2,1,1)(3,1,0)(1,1,1)(2,1,0)(3,2,1)(4,2,1)(5,1,0)(1,1,0)(2,2,1)(3,2,1)(4,2,0)(2,2,1)(3,2,0)(4,3,1)(5,3,1)(6,2,0)(2,2,0)(3,3,1)(4,3,1)(5,3,0)(3,3,1)(4,3,0)(5,4,1)(6,4,1)(7,2,0)(5,4,1)(6,4,1)(7,2,0)	psi(W_W_w+psi_W_(w+1)(W_W_2*2))	psi(W_W_w+psi_W_(w+1)(W_W_2*2))	
2927	(0,0,0)(1,1,1)(2,1,1)(3,1,0)(1,1,1)(2,1,0)(3,2,1)(4,2,1)(5,1,0)(1,1,0)(2,2,1)(3,2,1)(4,2,0)(2,2,1)(3,2,0)(4,3,1)(5,3,1)(6,2,0)(2,2,0)(3,3,1)(4,3,1)(5,3,0)(3,3,1)(4,3,0)(5,4,1)(6,4,1)(7,2,0)(6,4,0)	psi(W_W_w+psi_W_(w+1)(W_W_2*W_4))	psi(W_W_w+psi_W_(w+1)(W_W_2*W_4))	
2928	(0,0,0)(1,1,1)(2,1,1)(3,1,0)(1,1,1)(2,1,0)(3,2,1)(4,2,1)(5,1,0)(1,1,0)(2,2,1)(3,2,1)(4,2,0)(2,2,1)(3,2,0)(4,3,1)(5,3,1)(6,2,0)(2,2,0)(3,3,1)(4,3,1)(5,3,0)(3,3,1)(4,3,0)(5,4,1)(6,4,1)(7,2,0)(6,4,0)(5,4,1)	psi(W_W_w+psi_W_(w+1)(W_W_2*W_w))	psi(W_W_w+psi_W_(w+1)(W_W_2*W_w))	
2929	(0,0,0)(1,1,1)(2,1,1)(3,1,0)(1,1,1)(2,1,0)(3,2,1)(4,2,1)(5,1,0)(1,1,0)(2,2,1)(3,2,1)(4,2,0)(2,2,1)(3,2,0)(4,3,1)(5,3,1)(6,2,0)(2,2,0)(3,3,1)(4,3,1)(5,3,0)(3,3,1)(4,3,0)(5,4,1)(6,4,1)(7,2,0)(6,4,0)(5,4,1)(6,4,1)(7,2,0)	psi(W_W_w+psi_W_(w+1)(W_W_2^2))	psi(W_W_w+psi_W_(w+1)(W_W_2^2))	
2930	(0,0,0)(1,1,1)(2,1,1)(3,1,0)(1,1,1)(2,1,0)(3,2,1)(4,2,1)(5,1,0)(1,1,0)(2,2,1)(3,2,1)(4,2,0)(2,2,1)(3,2,0)(4,3,1)(5,3,1)(6,2,0)(2,2,0)(3,3,1)(4,3,1)(5,3,0)(3,3,1)(4,3,0)(5,4,1)(6,4,1)(7,2,0)(6,4,0)(7,5,0)	psi(W_W_w+psi_W_(w+1)(W_(W_2+1)))	psi(W_W_w+psi_W_(w+1)(W_(W_2+1)))	
2931	(0,0,0)(1,1,1)(2,1,1)(3,1,0)(1,1,1)(2,1,0)(3,2,1)(4,2,1)(5,1,0)(1,1,0)(2,2,1)(3,2,1)(4,2,0)(2,2,1)(3,2,0)(4,3,1)(5,3,1)(6,2,0)(2,2,0)(3,3,1)(4,3,1)(5,3,0)(3,3,1)(4,3,0)(5,4,1)(6,4,1)(7,2,0)(6,4,0)(7,5,1)(8,5,1)(9,2,0)	psi(W_W_w+psi_W_(w+1)(W_(W_2*2)))	psi(W_W_w+psi_W_(w+1)(W_(W_2*2)))	
2932	(0,0,0)(1,1,1)(2,1,1)(3,1,0)(1,1,1)(2,1,0)(3,2,1)(4,2,1)(5,1,0)(1,1,0)(2,2,1)(3,2,1)(4,2,0)(2,2,1)(3,2,0)(4,3,1)(5,3,1)(6,2,0)(2,2,0)(3,3,1)(4,3,1)(5,3,0)(3,3,1)(4,3,0)(5,4,1)(6,4,1)(7,2,0)(6,4,1)	psi(W_W_w+psi_W_(w+1)(W_(W_2*w)))	psi(W_W_w+psi_W_(w+1)(W_(W_2*w)))	
2933	(0,0,0)(1,1,1)(2,1,1)(3,1,0)(1,1,1)(2,1,0)(3,2,1)(4,2,1)(5,1,0)(1,1,0)(2,2,1)(3,2,1)(4,2,0)(2,2,1)(3,2,0)(4,3,1)(5,3,1)(6,2,0)(2,2,0)(3,3,1)(4,3,1)(5,3,0)(3,3,1)(4,3,0)(5,4,1)(6,4,1)(7,2,0)(6,4,1)(7,2,0)	psi(W_W_w+psi_W_(w+1)(W_(W_2^2)))	psi(W_W_w+psi_W_(w+1)(W_(W_2^2)))	
2934	(0,0,0)(1,1,1)(2,1,1)(3,1,0)(1,1,1)(2,1,0)(3,2,1)(4,2,1)(5,1,0)(1,1,0)(2,2,1)(3,2,1)(4,2,0)(2,2,1)(3,2,0)(4,3,1)(5,3,1)(6,2,0)(2,2,0)(3,3,1)(4,3,1)(5,3,0)(3,3,1)(4,3,0)(5,4,1)(6,4,1)(7,2,0)(7,2,0)	psi(W_W_w+psi_W_(w+1)(W_(W_2^W_2)))	psi(W_W_w+psi_W_(w+1)(W_(W_2^W_2)))	
2935	(0,0,0)(1,1,1)(2,1,1)(3,1,0)(1,1,1)(2,1,0)(3,2,1)(4,2,1)(5,1,0)(1,1,0)(2,2,1)(3,2,1)(4,2,0)(2,2,1)(3,2,0)(4,3,1)(5,3,1)(6,2,0)(2,2,0)(3,3,1)(4,3,1)(5,3,0)(3,3,1)(4,3,0)(5,4,1)(6,4,1)(7,2,0)(8,3,0)	psi(W_W_w+psi_W_(w+1)(W_psi_2(W_3)))	psi(W_W_w+psi_W_(w+1)(W_psi_2(W_3)))	
2936	(0,0,0)(1,1,1)(2,1,1)(3,1,0)(1,1,1)(2,1,0)(3,2,1)(4,2,1)(5,1,0)(1,1,0)(2,2,1)(3,2,1)(4,2,0)(2,2,1)(3,2,0)(4,3,1)(5,3,1)(6,2,0)(2,2,0)(3,3,1)(4,3,1)(5,3,0)(3,3,1)(4,3,0)(5,4,1)(6,4,1)(7,3,0)	psi(W_W_w+psi_W_(w+1)(W_W_3))	psi(W_W_w+psi_W_(w+1)(W_W_3))	
2937	(0,0,0)(1,1,1)(2,1,1)(3,1,0)(1,1,1)(2,1,0)(3,2,1)(4,2,1)(5,1,0)(1,1,0)(2,2,1)(3,2,1)(4,2,0)(2,2,1)(3,2,0)(4,3,1)(5,3,1)(6,2,0)(2,2,0)(3,3,1)(4,3,1)(5,3,0)(3,3,1)(4,3,0)(5,4,1)(6,4,1)(7,3,0)(3,3,0)(4,4,1)(5,4,1)(6,4,0)(4,4,1)(5,4,0)(6,5,1)(7,5,1)(8,4,0)	psi(W_W_w+psi_W_(w+1)(W_W_4))	psi(W_W_w+psi_W_(w+1)(W_W_4))	
2938	(0,0,0)(1,1,1)(2,1,1)(3,1,0)(1,1,1)(2,1,0)(3,2,1)(4,2,1)(5,1,0)(1,1,1)	psi(W_W_w+psi_W_(w+1)(W_W_w))	psi(W_W_w+psi_W_(w+1)(W_W_w))	
2939	(0,0,0)(1,1,1)(2,1,1)(3,1,0)(1,1,1)(2,1,0)(3,2,1)(4,2,1)(5,1,0)(1,1,1)(1,1,1)	psi(W_W_w+psi_W_(w+1)(W_W_w)+W_w)	psi(W_W_w+psi_W_(w+1)(W_W_w)+W_w)	
2940	(0,0,0)(1,1,1)(2,1,1)(3,1,0)(1,1,1)(2,1,0)(3,2,1)(4,2,1)(5,1,0)(1,1,1)(2,1,0)	psi(W_W_w+psi_W_(w+1)(W_W_w)+W_w*W)	psi(W_W_w+psi_W_(w+1)(W_W_w)+W_w*W)	
2941	(0,0,0)(1,1,1)(2,1,1)(3,1,0)(1,1,1)(2,1,0)(3,2,1)(4,2,1)(5,1,0)(1,1,1)(2,1,0)(3,2,0)	psi(W_W_w+psi_W_(w+1)(W_W_w)+psi_W_(w+1)(W_(w+1)))	psi(W_W_w+psi_W_(w+1)(W_W_w)+psi_W_(w+1)(W_(w+1)))	
2942	(0,0,0)(1,1,1)(2,1,1)(3,1,0)(1,1,1)(2,1,0)(3,2,1)(4,2,1)(5,1,0)(1,1,1)(2,1,0)(3,2,1)	psi(W_W_w+psi_W_(w+1)(W_W_w)+psi_W_(w+1)(W_(w2)))	psi(W_W_w+psi_W_(w+1)(W_W_w)+psi_W_(w+1)(W_(w2)))	
2943	(0,0,0)(1,1,1)(2,1,1)(3,1,0)(1,1,1)(2,1,0)(3,2,1)(4,2,1)(5,1,0)(1,1,1)(2,1,0)(3,2,1)(4,2,1)	psi(W_W_w+psi_W_(w+1)(W_W_w)+psi_W_(w+1)(W_(w^2)))	psi(W_W_w+psi_W_(w+1)(W_W_w)+psi_W_(w+1)(W_(w^2)))	
2944	(0,0,0)(1,1,1)(2,1,1)(3,1,0)(1,1,1)(2,1,0)(3,2,1)(4,2,1)(5,1,0)(1,1,1)(2,1,0)(3,2,1)(4,2,1)(5,1,0)	psi(W_W_w+psi_W_(w+1)(W_W_w)+psi_W_(w+1)(W_W))	psi(W_W_w+psi_W_(w+1)(W_W_w)+psi_W_(w+1)(W_W))	
2945	(0,0,0)(1,1,1)(2,1,1)(3,1,0)(1,1,1)(2,1,0)(3,2,1)(4,2,1)(5,1,0)(1,1,1)(2,1,0)(3,2,1)(4,2,1)(5,1,0)(1,1,0)(2,2,1)(3,2,1)(4,2,0)(2,2,1)(3,2,0)(4,2,1)(5,2,1)(6,2,0)(2,2,1)(3,2,0)(4,3,1)(5,3,1)(6,2,0)	psi(W_W_w+psi_W_(w+1)(W_W_w)+psi_W_(w+1)(W_W_2))	psi(W_W_w+psi_W_(w+1)(W_W_w)+psi_W_(w+1)(W_W_2))	
2946	(0,0,0)(1,1,1)(2,1,1)(3,1,0)(1,1,1)(2,1,0)(3,2,1)(4,2,1)(5,1,0)(1,1,1)(2,1,0)(3,2,1)(4,2,1)(5,1,0)(1,1,1)	psi(W_W_w+psi_W_(w+1)(W_W_w)*2)	psi(W_W_w+psi_W_(w+1)(W_W_w)*2)	
2947	(0,0,0)(1,1,1)(2,1,1)(3,1,0)(1,1,1)(2,1,0)(3,2,1)(4,2,1)(5,1,0)(1,1,1)(2,1,0)(3,2,1)(4,2,1)(5,1,0)(1,1,1)(2,1,0)(3,2,1)(4,2,1)(5,1,0)(1,1,1)	psi(W_W_w+psi_W_(w+1)(W_W_w)*3)	psi(W_W_w+psi_W_(w+1)(W_W_w)*3)	
2948	(0,0,0)(1,1,1)(2,1,1)(3,1,0)(1,1,1)(2,1,0)(3,2,1)(4,2,1)(5,1,0)(2,0,0)	psi(W_W_w+psi_W_(w+1)(W_W_w)*w)	psi(W_W_w+psi_W_(w+1)(W_W_w)*w)	
2949	(0,0,0)(1,1,1)(2,1,1)(3,1,0)(1,1,1)(2,1,0)(3,2,1)(4,2,1)(5,1,0)(2,1,0)	psi(W_W_w+psi_W_(w+1)(W_W_w)*W)	psi(W_W_w+psi_W_(w+1)(W_W_w)*W)	
2950	(0,0,0)(1,1,1)(2,1,1)(3,1,0)(1,1,1)(2,1,0)(3,2,1)(4,2,1)(5,1,0)(2,1,0)(1,1,0)(2,2,1)(3,2,1)(4,1,0)	psi(W_W_w+psi_W_(w+1)(W_W_w)*W+psi_W_(w+1)(W_W))	psi(W_W_w+psi_W_(w+1)(W_W_w)*W+psi_W_(w+1)(W_W))	
2951	(0,0,0)(1,1,1)(2,1,1)(3,1,0)(1,1,1)(2,1,0)(3,2,1)(4,2,1)(5,1,0)(2,1,0)(1,1,0)(2,2,1)(3,2,1)(4,1,0)(2,2,1)	psi(W_W_w+psi_W_(w+1)(W_W_w)*W+psi_W_(w+1)(W_W_w))	psi(W_W_w+psi_W_(w+1)(W_W_w)*W+psi_W_(w+1)(W_W_w))	
2952	(0,0,0)(1,1,1)(2,1,1)(3,1,0)(1,1,1)(2,1,0)(3,2,1)(4,2,1)(5,1,0)(2,1,0)(1,1,0)(2,2,1)(3,2,1)(4,1,0)(2,2,1)(3,2,0)(4,3,1)(5,3,1)(6,1,0)	psi(W_W_w+psi_W_(w+1)(W_W_w)*W+psi_W_(w+1)(W_W_w+psi_W_(w+1)(W_W_w)))	psi(W_W_w+psi_W_(w+1)(W_W_w)*W+psi_W_(w+1)(W_W_w+psi_W_(w+1)(W_W_w)))	
2953	(0,0,0)(1,1,1)(2,1,1)(3,1,0)(1,1,1)(2,1,0)(3,2,1)(4,2,1)(5,1,0)(2,1,0)(1,1,0)(2,2,1)(3,2,1)(4,1,0)(2,2,1)(3,2,0)(4,3,1)(5,3,1)(6,1,0)(3,1,0)	psi(W_W_w+psi_W_(w+1)(W_W_w)*W+psi_W_(w+1)(W_W_w+psi_W_(w+1)(W_W_w)*W))	psi(W_W_w+psi_W_(w+1)(W_W_w)*W+psi_W_(w+1)(W_W_w+psi_W_(w+1)(W_W_w)*W))	
2954	(0,0,0)(1,1,1)(2,1,1)(3,1,0)(1,1,1)(2,1,0)(3,2,1)(4,2,1)(5,1,0)(2,1,0)(1,1,0)(2,2,1)(3,2,1)(4,1,0)(2,2,1)(3,2,0)(4,3,1)(5,3,1)(6,1,0)(3,1,0)(2,2,1)(3,2,0)(4,3,1)(5,3,1)(6,1,0)	psi(W_W_w+psi_W_(w+1)(W_W_w)*W+psi_W_(w+1)(W_W_w))	psi(W_W_w+psi_W_(w+1)(W_W_w)*W+psi_W_(w+1)(W_W_w))	
2955	(0,0,0)(1,1,1)(2,1,1)(3,1,0)(1,1,1)(2,1,0)(3,2,1)(4,2,1)(5,1,0)(2,1,0)(1,1,0)(2,2,1)(3,2,1)(4,1,0)(2,2,1)(3,2,0)(4,3,1)(5,3,1)(6,1,0)(3,1,0)(2,2,1)(3,2,0)(4,3,1)(5,3,1)(6,1,0)(3,1,0)	psi(W_W_w+psi_W_(w+1)(W_W_w)*W2)	psi(W_W_w+psi_W_(w+1)(W_W_w)*W2)	
2956	(0,0,0)(1,1,1)(2,1,1)(3,1,0)(1,1,1)(2,1,0)(3,2,1)(4,2,1)(5,1,0)(2,1,0)(1,1,0)(2,2,1)(3,2,1)(4,1,0)(2,2,1)(3,2,0)(4,3,1)(5,3,1)(6,1,0)(3,1,0)(3,1,0)	psi(W_W_w+psi_W_(w+1)(W_W_w)*W^2)	psi(W_W_w+psi_W_(w+1)(W_W_w)*W^2)	
2957	(0,0,0)(1,1,1)(2,1,1)(3,1,0)(1,1,1)(2,1,0)(3,2,1)(4,2,1)(5,1,0)(2,1,0)(1,1,0)(2,2,1)(3,2,1)(4,1,0)(2,2,1)(3,2,0)(4,3,1)(5,3,1)(6,1,0)(3,1,0)(4,2,0)	psi(W_W_w+psi_W_(w+1)(W_W_w)*psi_1(W_2))	psi(W_W_w+psi_W_(w+1)(W_W_w)*psi_1(W_2))	
2958	(0,0,0)(1,1,1)(2,1,1)(3,1,0)(1,1,1)(2,1,0)(3,2,1)(4,2,1)(5,1,0)(2,1,0)(1,1,0)(2,2,1)(3,2,1)(4,1,0)(2,2,1)(3,2,0)(4,3,1)(5,3,1)(6,1,0)(3,2,0)	psi(W_W_w+psi_W_(w+1)(W_W_w)*W_2)	psi(W_W_w+psi_W_(w+1)(W_W_w)*W_2)	
2959	(0,0,0)(1,1,1)(2,1,1)(3,1,0)(1,1,1)(2,1,0)(3,2,1)(4,2,1)(5,1,0)(2,1,0)(1,1,0)(2,2,1)(3,2,1)(4,1,0)(2,2,1)(3,2,0)(4,3,1)(5,3,1)(6,1,0)(3,2,0)(2,2,0)(3,3,1)(4,3,1)(5,1,0)(3,3,1)(4,3,0)(5,4,1)(6,4,1)(7,1,0)(4,3,0)	psi(W_W_w+psi_W_(w+1)(W_W_w)*W_3)	psi(W_W_w+psi_W_(w+1)(W_W_w)*W_3)	
2960	(0,0,0)(1,1,1)(2,1,1)(3,1,0)(1,1,1)(2,1,0)(3,2,1)(4,2,1)(5,1,0)(2,1,0)(1,1,1)	psi(W_W_w+psi_W_(w+1)(W_W_w)*W_w)	psi(W_W_w+psi_W_(w+1)(W_W_w)*W_w)	
2961	(0,0,0)(1,1,1)(2,1,1)(3,1,0)(1,1,1)(2,1,0)(3,2,1)(4,2,1)(5,1,0)(2,1,0)(1,1,1)(2,1,0)	psi(W_W_w+psi_W_(w+1)(W_W_w)*W_w+W_w*W)	psi(W_W_w+psi_W_(w+1)(W_W_w)*W_w+W_w*W)	
2962	(0,0,0)(1,1,1)(2,1,1)(3,1,0)(1,1,1)(2,1,0)(3,2,1)(4,2,1)(5,1,0)(2,1,0)(1,1,1)(2,1,0)(3,2,1)(4,2,1)(5,1,0)	psi(W_W_w+psi_W_(w+1)(W_W_w)*W_w+psi_W_(w+1)(W_W))	psi(W_W_w+psi_W_(w+1)(W_W_w)*W_w+psi_W_(w+1)(W_W))	
2963	(0,0,0)(1,1,1)(2,1,1)(3,1,0)(1,1,1)(2,1,0)(3,2,1)(4,2,1)(5,1,0)(2,1,0)(1,1,1)(2,1,0)(3,2,1)(4,2,1)(5,1,0)(1,1,1)	psi(W_W_w+psi_W_(w+1)(W_W_w)*W_w+psi_W_(w+1)(W_W_w))	psi(W_W_w+psi_W_(w+1)(W_W_w)*W_w+psi_W_(w+1)(W_W_w))	
2964	(0,0,0)(1,1,1)(2,1,1)(3,1,0)(1,1,1)(2,1,0)(3,2,1)(4,2,1)(5,1,0)(2,1,0)(1,1,1)(2,1,0)(3,2,1)(4,2,1)(5,1,0)(2,1,0)	psi(W_W_w+psi_W_(w+1)(W_W_w)*W_w+psi_W_(w+1)(W_W_w)*W)	psi(W_W_w+psi_W_(w+1)(W_W_w)*W_w+psi_W_(w+1)(W_W_w)*W)	
2965	(0,0,0)(1,1,1)(2,1,1)(3,1,0)(1,1,1)(2,1,0)(3,2,1)(4,2,1)(5,1,0)(2,1,0)(1,1,1)(2,1,0)(3,2,1)(4,2,1)(5,1,0)(2,1,0)(1,1,1)	psi(W_W_w+psi_W_(w+1)(W_W_w)*W_w*2)	psi(W_W_w+psi_W_(w+1)(W_W_w)*W_w*2)	
2966	(0,0,0)(1,1,1)(2,1,1)(3,1,0)(1,1,1)(2,1,0)(3,2,1)(4,2,1)(5,1,0)(2,1,0)(2,1,0)	psi(W_W_w+psi_W_(w+1)(W_W_w)*W_w*W)	psi(W_W_w+psi_W_(w+1)(W_W_w)*W_w*W)	
2967	(0,0,0)(1,1,1)(2,1,1)(3,1,0)(1,1,1)(2,1,0)(3,2,1)(4,2,1)(5,1,0)(2,1,0)(2,1,0)(1,1,1)	psi(W_W_w+psi_W_(w+1)(W_W_w)*W_w^2)	psi(W_W_w+psi_W_(w+1)(W_W_w)*W_w^2)	
2968	(0,0,0)(1,1,1)(2,1,1)(3,1,0)(1,1,1)(2,1,0)(3,2,1)(4,2,1)(5,1,0)(2,1,0)(3,2,0)	psi(W_W_w+psi_W_(w+1)(W_W_w)*psi_W_(w+1)(W_(w+1)))	psi(W_W_w+psi_W_(w+1)(W_W_w)*psi_W_(w+1)(W_(w+1)))	
2969	(0,0,0)(1,1,1)(2,1,1)(3,1,0)(1,1,1)(2,1,0)(3,2,1)(4,2,1)(5,1,0)(2,1,0)(3,2,1)(4,2,1)	psi(W_W_w+psi_W_(w+1)(W_W_w)*psi_W_(w+1)(W_(w^2)))	psi(W_W_w+psi_W_(w+1)(W_W_w)*psi_W_(w+1)(W_(w^2)))	
2970	(0,0,0)(1,1,1)(2,1,1)(3,1,0)(1,1,1)(2,1,0)(3,2,1)(4,2,1)(5,1,0)(2,1,0)(3,2,1)(4,2,1)(5,1,0)	psi(W_W_w+psi_W_(w+1)(W_W_w)*psi_W_(w+1)(W_W))	psi(W_W_w+psi_W_(w+1)(W_W_w)*psi_W_(w+1)(W_W))	
2971	(0,0,0)(1,1,1)(2,1,1)(3,1,0)(1,1,1)(2,1,0)(3,2,1)(4,2,1)(5,1,0)(2,1,0)(3,2,1)(4,2,1)(5,1,0)(1,1,0)(2,2,1)(3,2,1)(4,1,0)(2,2,1)(3,2,0)(4,3,1)(5,3,1)(6,2,0)(3,2,0)(4,3,1)(5,3,1)(6,2,0)	psi(W_W_w+psi_W_(w+1)(W_W_w)*psi_W_(w+1)(W_W_2))	psi(W_W_w+psi_W_(w+1)(W_W_w)*psi_W_(w+1)(W_W_2))	
2972	(0,0,0)(1,1,1)(2,1,1)(3,1,0)(1,1,1)(2,1,0)(3,2,1)(4,2,1)(5,1,0)(2,1,0)(3,2,1)(4,2,1)(5,1,0)(1,1,1)	psi(W_W_w+psi_W_(w+1)(W_W_w)^2)	psi(W_W_w+psi_W_(w+1)(W_W_w)^2)	
2973	(0,0,0)(1,1,1)(2,1,1)(3,1,0)(1,1,1)(2,1,0)(3,2,1)(4,2,1)(5,1,0)(2,1,0)(3,2,1)(4,2,1)(5,1,0)(2,1,0)(1,1,1)	psi(W_W_w+psi_W_(w+1)(W_W_w)^2*W_w)	psi(W_W_w+psi_W_(w+1)(W_W_w)^2*W_w)	
2974	(0,0,0)(1,1,1)(2,1,1)(3,1,0)(1,1,1)(2,1,0)(3,2,1)(4,2,1)(5,1,0)(2,1,0)(3,2,1)(4,2,1)(5,1,0)(2,1,0)(3,2,1)(4,2,1)(5,1,0)(1,1,1)	psi(W_W_w+psi_W_(w+1)(W_W_w)^3)	psi(W_W_w+psi_W_(w+1)(W_W_w)^3)	
2975	(0,0,0)(1,1,1)(2,1,1)(3,1,0)(1,1,1)(2,1,0)(3,2,1)(4,2,1)(5,1,0)(3,1,0)	psi(W_W_w+psi_W_(w+1)(W_W_w)^W)	psi(W_W_w+psi_W_(w+1)(W_W_w)^W)	
2976	(0,0,0)(1,1,1)(2,1,1)(3,1,0)(1,1,1)(2,1,0)(3,2,1)(4,2,1)(5,1,0)(3,1,0)(2,2,1)	psi(W_W_w+psi_W_(w+1)(W_W_w)^W_w)	psi(W_W_w+psi_W_(w+1)(W_W_w)^W_w)	
2977	(0,0,0)(1,1,1)(2,1,1)(3,1,0)(1,1,1)(2,1,0)(3,2,1)(4,2,1)(5,1,0)(3,1,0)(4,2,1)(5,2,1)(6,1,0)	psi(W_W_w+psi_W_(w+1)(W_W_w)^psi_W_(w+1)(W_W_w))	psi(W_W_w+psi_W_(w+1)(W_W_w)^psi_W_(w+1)(W_W_w))	
2978	(0,0,0)(1,1,1)(2,1,1)(3,1,0)(1,1,1)(2,1,0)(3,2,1)(4,2,1)(5,1,0)(3,2,0)	psi(W_W_w+W_(w+1))	psi(W_W_w+W_(w+1))	
2979	(0,0,0)(1,1,1)(2,1,1)(3,1,0)(1,1,1)(2,1,0)(3,2,1)(4,2,1)(5,1,0)(3,2,0)(1,1,1)	psi(W_W_w+W_(w+1)+W_w)	psi(W_W_w+W_(w+1)+W_w)	
2980	(0,0,0)(1,1,1)(2,1,1)(3,1,0)(1,1,1)(2,1,0)(3,2,1)(4,2,1)(5,1,0)(3,2,0)(1,1,1)(2,1,0)(3,2,1)(4,2,1)(5,1,0)	psi(W_W_w+W_(w+1)+psi_W_(w+1)(W_W)))	psi(W_W_w+W_(w+1)+psi_W_(w+1)(W_W))	paren-1
2981	(0,0,0)(1,1,1)(2,1,1)(3,1,0)(1,1,1)(2,1,0)(3,2,1)(4,2,1)(5,1,0)(3,2,0)(1,1,1)(2,1,0)(3,2,1)(4,2,1)(5,1,0)(1,1,1)	psi(W_W_w+W_(w+1)+psi_W_(w+1)(W_W_w))	psi(W_W_w+W_(w+1)+psi_W_(w+1)(W_W_w))	
2982	(0,0,0)(1,1,1)(2,1,1)(3,1,0)(1,1,1)(2,1,0)(3,2,1)(4,2,1)(5,1,0)(3,2,0)(1,1,1)(2,1,0)(3,2,1)(4,2,1)(5,1,0)(3,2,0)	psi(W_W_w+W_(w+1)+psi_W_(w+1)(W_W_w+W_(w+1)))	psi(W_W_w+W_(w+1)+psi_W_(w+1)(W_W_w+W_(w+1)))	
2983	(0,0,0)(1,1,1)(2,1,1)(3,1,0)(1,1,1)(2,1,0)(3,2,1)(4,2,1)(5,1,0)(3,2,0)(3,2,0)	psi(W_W_w+W_(w+1)*2)	psi(W_W_w+W_(w+1)*2)	
2984	(0,0,0)(1,1,1)(2,1,1)(3,1,0)(1,1,1)(2,1,0)(3,2,1)(4,2,1)(5,1,0)(3,2,0)(4,2,0)	psi(W_W_w+W_(w+1)^2)	psi(W_W_w+W_(w+1)^2)	
2985	(0,0,0)(1,1,1)(2,1,1)(3,1,0)(1,1,1)(2,1,0)(3,2,1)(4,2,1)(5,1,0)(3,2,0)(4,3,0)	psi(W_W_w+psi_W_(w+2)(W_(w+2)))	psi(W_W_w+psi_W_(w+2)(W_(w+2)))	
2986	(0,0,0)(1,1,1)(2,1,1)(3,1,0)(1,1,1)(2,1,0)(3,2,1)(4,2,1)(5,1,0)(3,2,0)(4,3,1)	psi(W_W_w+psi_W_(w+2)(W_(w2)))	psi(W_W_w+psi_W_(w+2)(W_(w2)))	
2987	(0,0,0)(1,1,1)(2,1,1)(3,1,0)(1,1,1)(2,1,0)(3,2,1)(4,2,1)(5,1,0)(3,2,0)(4,3,1)(5,3,1)	psi(W_W_w+psi_W_(w+2)(W_(w^2)))	psi(W_W_w+psi_W_(w+2)(W_(w^2)))	
2988	(0,0,0)(1,1,1)(2,1,1)(3,1,0)(1,1,1)(2,1,0)(3,2,1)(4,2,1)(5,1,0)(3,2,0)(4,3,1)(5,3,1)(6,1,0)	psi(W_W_w+psi_W_(w+2)(W_W))	psi(W_W_w+psi_W_(w+2)(W_W))	
2989	(0,0,0)(1,1,1)(2,1,1)(3,1,0)(1,1,1)(2,1,0)(3,2,1)(4,2,1)(5,1,0)(3,2,0)(4,3,1)(5,3,1)(6,1,0)(1,1,0)(2,2,1)(3,2,1)(4,1,0)	psi(W_W_w+psi_W_(w+2)(W_W)+psi_1(W_W))	psi(W_W_w+psi_W_(w+2)(W_W)+psi_1(W_W))	
2990	(0,0,0)(1,1,1)(2,1,1)(3,1,0)(1,1,1)(2,1,0)(3,2,1)(4,2,1)(5,1,0)(3,2,0)(4,3,1)(5,3,1)(6,1,0)(1,1,0)(2,2,1)(3,2,1)(4,2,0)(2,2,1)(3,2,0)(4,3,1)(5,3,1)(6,1,0)(4,3,0)	psi(W_W_w+psi_W_(w+2)(W_W)+psi_1(W_W_w+W_(w+1)))	psi(W_W_w+psi_W_(w+2)(W_W)+psi_1(W_W_w+W_(w+1)))	
2991	(0,0,0)(1,1,1)(2,1,1)(3,1,0)(1,1,1)(2,1,0)(3,2,1)(4,2,1)(5,1,0)(3,2,0)(4,3,1)(5,3,1)(6,1,0)(1,1,0)(2,2,1)(3,2,1)(4,2,0)(2,2,1)(3,2,0)(4,3,1)(5,3,1)(6,1,0)(4,3,0)(5,4,1)(6,4,1)(7,1,0)	psi(W_W_w+psi_W_(w+2)(W_W)+psi_1(W_W_w+psi_W_(w+2)(W_W))))	psi(W_W_w+psi_W_(w+2)(W_W)+psi_1(W_W_w+psi_W_(w+2)(W_W)))	paren-1
2992	(0,0,0)(1,1,1)(2,1,1)(3,1,0)(1,1,1)(2,1,0)(3,2,1)(4,2,1)(5,1,0)(3,2,0)(4,3,1)(5,3,1)(6,1,0)(1,1,0)(2,2,1)(3,2,1)(4,2,0)(2,2,1)(3,2,0)(4,3,1)(5,3,1)(6,1,0)(4,3,0)(5,4,1)(6,4,1)(7,1,0)(2,2,0)	psi(W_W_w+psi_W_(w+2)(W_W)+W_2)	psi(W_W_w+psi_W_(w+2)(W_W)+W_2)	
2993	(0,0,0)(1,1,1)(2,1,1)(3,1,0)(1,1,1)(2,1,0)(3,2,1)(4,2,1)(5,1,0)(3,2,0)(4,3,1)(5,3,1)(6,1,0)(1,1,0)(2,2,1)(3,2,1)(4,2,0)(2,2,1)(3,2,0)(4,3,1)(5,3,1)(6,1,0)(4,3,0)(5,4,1)(6,4,1)(7,1,0)(2,2,1)	psi(W_W_w+psi_W_(w+2)(W_W)+W_w)	psi(W_W_w+psi_W_(w+2)(W_W)+W_w)	
2994	(0,0,0)(1,1,1)(2,1,1)(3,1,0)(1,1,1)(2,1,0)(3,2,1)(4,2,1)(5,1,0)(3,2,0)(4,3,1)(5,3,1)(6,1,0)(1,1,0)(2,2,1)(3,2,1)(4,2,0)(2,2,1)(3,2,0)(4,3,1)(5,3,1)(6,1,0)(4,3,0)(5,4,1)(6,4,1)(7,1,0)(2,2,1)(3,2,0)(4,3,1)(5,3,1)(6,1,0)(3,2,1)	psi(W_W_w+psi_W_(w+2)(W_W)+psi_W_(w+1)(W_W_w))	psi(W_W_w+psi_W_(w+2)(W_W)+psi_W_(w+1)(W_W_w))	
2995	(0,0,0)(1,1,1)(2,1,1)(3,1,0)(1,1,1)(2,1,0)(3,2,1)(4,2,1)(5,1,0)(3,2,0)(4,3,1)(5,3,1)(6,1,0)(1,1,0)(2,2,1)(3,2,1)(4,2,0)(2,2,1)(3,2,0)(4,3,1)(5,3,1)(6,1,0)(4,3,0)(5,4,1)(6,4,1)(7,1,0)(2,2,1)(3,2,0)(4,3,1)(5,3,1)(6,1,0)(4,3,0)(5,4,1)(6,4,1)(7,1,0)	psi(W_W_w+psi_W_(w+2)(W_W)+psi_W_(w+1)(W_W_w+psi_W_(w+2)(W_W)))	psi(W_W_w+psi_W_(w+2)(W_W)+psi_W_(w+1)(W_W_w+psi_W_(w+2)(W_W)))	
2996	(0,0,0)(1,1,1)(2,1,1)(3,1,0)(1,1,1)(2,1,0)(3,2,1)(4,2,1)(5,1,0)(3,2,0)(4,3,1)(5,3,1)(6,1,0)(1,1,0)(2,2,1)(3,2,1)(4,2,0)(2,2,1)(3,2,0)(4,3,1)(5,3,1)(6,1,0)(4,3,0)(5,4,1)(6,4,1)(7,1,0)(3,2,0)	psi(W_W_w+psi_W_(w+2)(W_W)+psi_W_(w+1)(W_W_w+psi_W_(w+2)(W_W))*W_2)	psi(W_W_w+psi_W_(w+2)(W_W)+psi_W_(w+1)(W_W_w+psi_W_(w+2)(W_W))*W_2)	
2997	(0,0,0)(1,1,1)(2,1,1)(3,1,0)(1,1,1)(2,1,0)(3,2,1)(4,2,1)(5,1,0)(3,2,0)(4,3,1)(5,3,1)(6,1,0)(1,1,0)(2,2,1)(3,2,1)(4,2,0)(2,2,1)(3,2,0)(4,3,1)(5,3,1)(6,1,0)(4,3,0)(5,4,1)(6,4,1)(7,1,0)(4,3,0)	psi(W_W_w+psi_W_(w+2)(W_W)+W_(w+1))	psi(W_W_w+psi_W_(w+2)(W_W)+W_(w+1))	
2998	(0,0,0)(1,1,1)(2,1,1)(3,1,0)(1,1,1)(2,1,0)(3,2,1)(4,2,1)(5,1,0)(3,2,0)(4,3,1)(5,3,1)(6,1,0)(1,1,0)(2,2,1)(3,2,1)(4,2,0)(2,2,1)(3,2,0)(4,3,1)(5,3,1)(6,1,0)(4,3,0)(5,4,1)(6,4,1)(7,1,0)(4,3,0)(5,4,1)(6,4,1)(7,1,0)	psi(W_W_w+psi_W_(w+2)(W_W)*2)	psi(W_W_w+psi_W_(w+2)(W_W)*2)	
2999	(0,0,0)(1,1,1)(2,1,1)(3,1,0)(1,1,1)(2,1,0)(3,2,1)(4,2,1)(5,1,0)(3,2,0)(4,3,1)(5,3,1)(6,1,0)(1,1,0)(2,2,1)(3,2,1)(4,2,0)(2,2,1)(3,2,0)(4,3,1)(5,3,1)(6,1,0)(4,3,0)(5,4,1)(6,4,1)(7,1,0)(5,3,0)	psi(W_W_w+psi_W_(w+2)(W_W)*W_(w+1))	psi(W_W_w+psi_W_(w+2)(W_W)*W_(w+1))	
3000	(0,0,0)(1,1,1)(2,1,1)(3,1,0)(1,1,1)(2,1,0)(3,2,1)(4,2,1)(5,1,0)(3,2,0)(4,3,1)(5,3,1)(6,1,0)(1,1,0)(2,2,1)(3,2,1)(4,2,0)(2,2,1)(3,2,0)(4,3,1)(5,3,1)(6,1,0)(4,3,0)(5,4,1)(6,4,1)(7,1,0)(5,4,0)	psi(W_W_w+psi_W_(w+2)(W_W+W_(w+2)))	psi(W_W_w+psi_W_(w+2)(W_W+W_(w+2)))	
3001	(0,0,0)(1,1,1)(2,1,1)(3,1,0)(1,1,1)(2,1,0)(3,2,1)(4,2,1)(5,1,0)(3,2,0)(4,3,1)(5,3,1)(6,1,0)(1,1,0)(2,2,1)(3,2,1)(4,2,0)(2,2,1)(3,2,0)(4,3,1)(5,3,1)(6,1,0)(4,3,0)(5,4,1)(6,4,1)(7,1,0)(5,4,1)	psi(W_W_w+psi_W_(w+2)(W_W+W_(w2)))	psi(W_W_w+psi_W_(w+2)(W_W+W_(w2)))	
3002	(0,0,0)(1,1,1)(2,1,1)(3,1,0)(1,1,1)(2,1,0)(3,2,1)(4,2,1)(5,1,0)(3,2,0)(4,3,1)(5,3,1)(6,1,0)(1,1,0)(2,2,1)(3,2,1)(4,2,0)(2,2,1)(3,2,0)(4,3,1)(5,3,1)(6,1,0)(4,3,0)(5,4,1)(6,4,1)(7,1,0)(5,4,1)(6,4,1)(7,1,0)	psi(W_W_w+psi_W_(w+2)(W_W*2))	psi(W_W_w+psi_W_(w+2)(W_W*2))	
3003	(0,0,0)(1,1,1)(2,1,1)(3,1,0)(1,1,1)(2,1,0)(3,2,1)(4,2,1)(5,1,0)(3,2,0)(4,3,1)(5,3,1)(6,1,0)(1,1,0)(2,2,1)(3,2,1)(4,2,0)(2,2,1)(3,2,0)(4,3,1)(5,3,1)(6,1,0)(4,3,0)(5,4,1)(6,4,1)(7,1,0)(6,4,0)	psi(W_W_w+psi_W_(w+2)(W_W*W_(w+1)))	psi(W_W_w+psi_W_(w+2)(W_W*W_(w+1)))	
3004	(0,0,0)(1,1,1)(2,1,1)(3,1,0)(1,1,1)(2,1,0)(3,2,1)(4,2,1)(5,1,0)(3,2,0)(4,3,1)(5,3,1)(6,1,0)(1,1,0)(2,2,1)(3,2,1)(4,2,0)(2,2,1)(3,2,0)(4,3,1)(5,3,1)(6,1,0)(4,3,0)(5,4,1)(6,4,1)(7,1,0)(6,4,0)(7,5,0)	psi(W_W_w+psi_W_(w+2)(W_(W+1)))	psi(W_W_w+psi_W_(w+2)(W_(W+1)))	
3005	(0,0,0)(1,1,1)(2,1,1)(3,1,0)(1,1,1)(2,1,0)(3,2,1)(4,2,1)(5,1,0)(3,2,0)(4,3,1)(5,3,1)(6,1,0)(1,1,0)(2,2,1)(3,2,1)(4,2,0)(2,2,1)(3,2,0)(4,3,1)(5,3,1)(6,1,0)(4,3,0)(5,4,1)(6,4,1)(7,1,0)(6,4,0)(7,5,0)(8,5,1)(9,1,0)	psi(W_W_w+psi_W_(w+2)(W_(W2)))	psi(W_W_w+psi_W_(w+2)(W_(W2)))	
3006	(0,0,0)(1,1,1)(2,1,1)(3,1,0)(1,1,1)(2,1,0)(3,2,1)(4,2,1)(5,1,0)(3,2,0)(4,3,1)(5,3,1)(6,1,0)(1,1,0)(2,2,1)(3,2,1)(4,2,0)(2,2,1)(3,2,0)(4,3,1)(5,3,1)(6,1,0)(4,3,0)(5,4,1)(6,4,1)(7,1,0)(6,4,1)	psi(W_W_w+psi_W_(w+2)(W_(W*w)))	psi(W_W_w+psi_W_(w+2)(W_(W*w)))	
3007	(0,0,0)(1,1,1)(2,1,1)(3,1,0)(1,1,1)(2,1,0)(3,2,1)(4,2,1)(5,1,0)(3,2,0)(4,3,1)(5,3,1)(6,1,0)(1,1,0)(2,2,1)(3,2,1)(4,2,0)(2,2,1)(3,2,0)(4,3,1)(5,3,1)(6,1,0)(4,3,0)(5,4,1)(6,4,1)(7,1,0)(8,2,0)	psi(W_W_w+psi_W_(w+2)(W_psi_1(W_2)))	psi(W_W_w+psi_W_(w+2)(W_psi_1(W_2)))	
3008	(0,0,0)(1,1,1)(2,1,1)(3,1,0)(1,1,1)(2,1,0)(3,2,1)(4,2,1)(5,1,0)(3,2,0)(4,3,1)(5,3,1)(6,1,0)(1,1,0)(2,2,1)(3,2,1)(4,2,0)(2,2,1)(3,2,0)(4,3,1)(5,3,1)(6,1,0)(4,3,0)(5,4,1)(6,4,1)(7,2,0)	psi(W_W_w+psi_W_(w+2)(W_W_2))	psi(W_W_w+psi_W_(w+2)(W_W_2))	
3009	(0,0,0)(1,1,1)(2,1,1)(3,1,0)(1,1,1)(2,1,0)(3,2,1)(4,2,1)(5,1,0)(3,2,0)(4,3,1)(5,3,1)(6,1,0)(1,1,1)	psi(W_W_w+psi_W_(w+2)(W_W_w))	psi(W_W_w+psi_W_(w+2)(W_W_w))	
3010	(0,0,0)(1,1,1)(2,1,1)(3,1,0)(1,1,1)(2,1,0)(3,2,1)(4,2,1)(5,1,0)(3,2,0)(4,3,1)(5,3,1)(6,1,0)(1,1,1)(2,1,0)	psi(W_W_w+psi_W_(w+2)(W_W_w)+W_w*W)	psi(W_W_w+psi_W_(w+2)(W_W_w)+W_w*W)	
3011	(0,0,0)(1,1,1)(2,1,1)(3,1,0)(1,1,1)(2,1,0)(3,2,1)(4,2,1)(5,1,0)(3,2,0)(4,3,1)(5,3,1)(6,1,0)(1,1,1)(2,1,0)(3,2,1)(4,2,1)(5,1,0)(2,2,1)	psi(W_W_w+psi_W_(w+2)(W_W_w)+psi_W_(w+1)(W_W_w))	psi(W_W_w+psi_W_(w+2)(W_W_w)+psi_W_(w+1)(W_W_w))	
3012	(0,0,0)(1,1,1)(2,1,1)(3,1,0)(1,1,1)(2,1,0)(3,2,1)(4,2,1)(5,1,0)(3,2,0)(4,3,1)(5,3,1)(6,1,0)(1,1,1)(2,1,0)(3,2,1)(4,2,1)(5,1,0)(3,2,0)(4,3,1)(5,3,1)(6,1,0)(2,2,1)	psi(W_W_w+psi_W_(w+2)(W_W_w)+psi_W_(w+1)(W_W_w+psi_W_(w+2)(W_W_w)))	psi(W_W_w+psi_W_(w+2)(W_W_w)+psi_W_(w+1)(W_W_w+psi_W_(w+2)(W_W_w)))	
3013	(0,0,0)(1,1,1)(2,1,1)(3,1,0)(1,1,1)(2,1,0)(3,2,1)(4,2,1)(5,1,0)(3,2,0)(4,3,1)(5,3,1)(6,1,0)(2,1,0)	psi(W_W_w+psi_W_(w+2)(W_W_w)+psi_W_(w+1)(W_W_w+psi_W_(w+2)(W_W_w)))*W)	psi(W_W_w+psi_W_(w+2)(W_W_w)+psi_W_(w+1)(W_W_w+psi_W_(w+2)(W_W_w)))*W	paren-1
3014	(0,0,0)(1,1,1)(2,1,1)(3,1,0)(1,1,1)(2,1,0)(3,2,1)(4,2,1)(5,1,0)(3,2,0)(4,3,1)(5,3,1)(6,1,0)(3,2,0)	psi(W_W_w+psi_W_(w+2)(W_W_w)+W_(w+1))	psi(W_W_w+psi_W_(w+2)(W_W_w)+W_(w+1))	
3015	(0,0,0)(1,1,1)(2,1,1)(3,1,0)(1,1,1)(2,1,0)(3,2,1)(4,2,1)(5,1,0)(3,2,0)(4,3,1)(5,3,1)(6,1,0)(3,2,0)(4,3,1)(5,3,1)(6,1,0)	psi(W_W_w+psi_W_(w+2)(W_W_w)+psi_W_(w+2)(W_W))	psi(W_W_w+psi_W_(w+2)(W_W_w)+psi_W_(w+2)(W_W))	
3016	(0,0,0)(1,1,1)(2,1,1)(3,1,0)(1,1,1)(2,1,0)(3,2,1)(4,2,1)(5,1,0)(3,2,0)(4,3,1)(5,3,1)(6,1,0)(3,2,0)(4,3,1)(5,3,1)(6,1,0)(1,1,1)	psi(W_W_w+psi_W_(w+2)(W_W_w)*2)	psi(W_W_w+psi_W_(w+2)(W_W_w)*2)	
3017	(0,0,0)(1,1,1)(2,1,1)(3,1,0)(1,1,1)(2,1,0)(3,2,1)(4,2,1)(5,1,0)(3,2,0)(4,3,1)(5,3,1)(6,1,0)(4,2,0)	psi(W_W_w+psi_W_(w+2)(W_W_w)*W_(w+1)))	psi(W_W_w+psi_W_(w+2)(W_W_w)*W_(w+1))	paren-1
3018	(0,0,0)(1,1,1)(2,1,1)(3,1,0)(1,1,1)(2,1,0)(3,2,1)(4,2,1)(5,1,0)(3,2,0)(4,3,1)(5,3,1)(6,1,0)(4,2,0)(5,3,1)(6,3,1)(7,1,0)(1,1,1)	psi(W_W_w+psi_W_(w+2)(W_W_w)^2)	psi(W_W_w+psi_W_(w+2)(W_W_w)^2)	
3019	(0,0,0)(1,1,1)(2,1,1)(3,1,0)(1,1,1)(2,1,0)(3,2,1)(4,2,1)(5,1,0)(3,2,0)(4,3,1)(5,3,1)(6,1,0)(4,3,0)	psi(W_W_w+W_(w+2))	psi(W_W_w+W_(w+2))	
3020	(0,0,0)(1,1,1)(2,1,1)(3,1,0)(1,1,1)(2,1,0)(3,2,1)(4,2,1)(5,1,0)(3,2,0)(4,3,1)(5,3,1)(6,1,0)(4,3,0)(5,4,1)(6,4,1)(7,1,0)	psi(W_W_w+psi_W_(w+3)(W_W))	psi(W_W_w+psi_W_(w+3)(W_W))	
3021	(0,0,0)(1,1,1)(2,1,1)(3,1,0)(1,1,1)(2,1,0)(3,2,1)(4,2,1)(5,1,0)(3,2,0)(4,3,1)(5,3,1)(6,1,0)(4,3,0)(5,4,1)(6,4,1)(7,1,0)(1,1,1)	psi(W_W_w+psi_W_(w+3)(W_W_w))	psi(W_W_w+psi_W_(w+3)(W_W_w))	
3022	(0,0,0)(1,1,1)(2,1,1)(3,1,0)(1,1,1)(2,1,0)(3,2,1)(4,2,1)(5,1,0)(3,2,0)(4,3,1)(5,3,1)(6,1,0)(4,3,0)(5,4,1)(6,4,1)(7,1,0)(5,4,0)	psi(W_W_w+W_(w+3))	psi(W_W_w+W_(w+3))	
3023	(0,0,0)(1,1,1)(2,1,1)(3,1,0)(1,1,1)(2,1,0)(3,2,1)(4,2,1)(5,1,0)(3,2,1)	psi(W_W_w+W_(w2))	psi(W_W_w+W_(w2))	
3024	(0,0,0)(1,1,1)(2,1,1)(3,1,0)(1,1,1)(2,1,0)(3,2,1)(4,2,1)(5,1,0)(3,2,1)(1,1,1)	psi(W_W_w+W_(w2)+W_w)	psi(W_W_w+W_(w2)+W_w)	
3025	(0,0,0)(1,1,1)(2,1,1)(3,1,0)(1,1,1)(2,1,0)(3,2,1)(4,2,1)(5,1,0)(3,2,1)(1,1,1)(2,1,0)(3,2,1)(4,2,1)(5,1,0)(3,2,1)	psi(W_W_w+W_(w2)+si_W_(w+1)(W_W_w+W_(w2)))	psi(W_W_w+W_(w2)+si_W_(w+1)(W_W_w+W_(w2)))	
3026	(0,0,0)(1,1,1)(2,1,1)(3,1,0)(1,1,1)(2,1,0)(3,2,1)(4,2,1)(5,1,0)(3,2,1)(3,2,0)	psi(W_W_w+W_(w2)+W_(w+1))	psi(W_W_w+W_(w2)+W_(w+1))	
3027	(0,0,0)(1,1,1)(2,1,1)(3,1,0)(1,1,1)(2,1,0)(3,2,1)(4,2,1)(5,1,0)(3,2,1)(3,2,0)(4,3,1)(5,3,1)(6,1,0)(4,3,1)(4,3,0)	psi(W_W_w+W_(w2)+W_(w+2))	psi(W_W_w+W_(w2)+W_(w+2))	
3028	(0,0,0)(1,1,1)(2,1,1)(3,1,0)(1,1,1)(2,1,0)(3,2,1)(4,2,1)(5,1,0)(3,2,1)(3,2,1)	psi(W_W_w+W_(w2)*2)	psi(W_W_w+W_(w2)*2)	
3029	(0,0,0)(1,1,1)(2,1,1)(3,1,0)(1,1,1)(2,1,0)(3,2,1)(4,2,1)(5,1,0)(3,2,1)(4,2,0)	psi(W_W_w+W_(w2)*W_(w+1))	psi(W_W_w+W_(w2)*W_(w+1))	
3030	(0,0,0)(1,1,1)(2,1,1)(3,1,0)(1,1,1)(2,1,0)(3,2,1)(4,2,1)(5,1,0)(3,2,1)(4,2,0)(5,3,0)	psi(W_W_w+psi_W_(w2+1)(W_(w2+1)))	psi(W_W_w+psi_W_(w2+1)(W_(w2+1)))	
3031	(0,0,0)(1,1,1)(2,1,1)(3,1,0)(1,1,1)(2,1,0)(3,2,1)(4,2,1)(5,1,0)(3,2,1)(4,2,0)(5,3,0)(6,3,1)(7,1,0)	psi(W_W_w+psi_W_(w2+1)(W_W))	psi(W_W_w+psi_W_(w2+1)(W_W))	
3032	(0,0,0)(1,1,1)(2,1,1)(3,1,0)(1,1,1)(2,1,0)(3,2,1)(4,2,1)(5,1,0)(3,2,1)(4,2,0)(5,3,0)(6,3,1)(7,1,0)(1,1,0)(2,2,1)(3,2,1)(4,1,0)(2,2,1)	psi(W_W_w+psi_W_(w2+1)(W_W)+psi_1(W_W_w))	psi(W_W_w+psi_W_(w2+1)(W_W)+psi_1(W_W_w))	
3033	(0,0,0)(1,1,1)(2,1,1)(3,1,0)(1,1,1)(2,1,0)(3,2,1)(4,2,1)(5,1,0)(3,2,1)(4,2,0)(5,3,0)(6,3,1)(7,1,0)(1,1,0)(2,2,1)(3,2,1)(4,1,0)(2,2,1)(3,2,0)(4,3,1)(5,3,1)(6,1,0)(4,3,1)(5,3,0)(6,4,1)(7,4,1)(8,1,0)	psi(W_W_w+psi_W_(w2+1)(W_W)+psi_1(W_W_w+psi_W_(w2+1)(W_W_w)))	psi(W_W_w+psi_W_(w2+1)(W_W)+psi_1(W_W_w+psi_W_(w2+1)(W_W_w)))	
3034	(0,0,0)(1,1,1)(2,1,1)(3,1,0)(1,1,1)(2,1,0)(3,2,1)(4,2,1)(5,1,0)(3,2,1)(4,2,0)(5,3,0)(6,3,1)(7,1,0)(1,1,0)(2,2,1)(3,2,1)(4,1,0)(2,2,1)(3,2,0)(4,3,1)(5,3,1)(6,1,0)(4,3,1)(5,3,0)(6,4,1)(7,4,1)(8,1,0)(2,2,0)	psi(W_W_w+psi_W_(w2+1)(W_W)+W_2)	psi(W_W_w+psi_W_(w2+1)(W_W)+W_2)	
3035	(0,0,0)(1,1,1)(2,1,1)(3,1,0)(1,1,1)(2,1,0)(3,2,1)(4,2,1)(5,1,0)(3,2,1)(4,2,0)(5,3,0)(6,3,1)(7,1,0)(1,1,0)(2,2,1)(3,2,1)(4,1,0)(2,2,1)(3,2,0)(4,3,1)(5,3,1)(6,1,0)(4,3,1)(5,3,0)(6,4,1)(7,4,1)(8,1,0)(2,2,1)	psi(W_W_w+psi_W_(w2+1)(W_W)+W_w)	psi(W_W_w+psi_W_(w2+1)(W_W)+W_w)	
3036	(0,0,0)(1,1,1)(2,1,1)(3,1,0)(1,1,1)(2,1,0)(3,2,1)(4,2,1)(5,1,0)(3,2,1)(4,2,0)(5,3,0)(6,3,1)(7,1,0)(1,1,0)(2,2,1)(3,2,1)(4,1,0)(2,2,1)(3,2,0)(4,3,1)(5,3,1)(6,1,0)(4,3,1)(5,3,0)(6,4,1)(7,4,1)(8,1,0)(4,3,0)	psi(W_W_w+psi_W_(w2+1)(W_W)+W_(w+1))	psi(W_W_w+psi_W_(w2+1)(W_W)+W_(w+1))	
3037	(0,0,0)(1,1,1)(2,1,1)(3,1,0)(1,1,1)(2,1,0)(3,2,1)(4,2,1)(5,1,0)(3,2,1)(4,2,0)(5,3,0)(6,3,1)(7,1,0)(1,1,0)(2,2,1)(3,2,1)(4,1,0)(2,2,1)(3,2,0)(4,3,1)(5,3,1)(6,1,0)(4,3,1)(5,3,0)(6,4,1)(7,4,1)(8,1,0)(4,3,1)	psi(W_W_w+psi_W_(w2+!)(W_W)+W_(w2))	psi(W_W_w+psi_W_(w2+!)(W_W)+W_(w2))	
3038	(0,0,0)(1,1,1)(2,1,1)(3,1,0)(1,1,1)(2,1,0)(3,2,1)(4,2,1)(5,1,0)(3,2,1)(4,2,0)(5,3,0)(6,3,1)(7,1,0)(1,1,0)(2,2,1)(3,2,1)(4,1,0)(2,2,1)(3,2,0)(4,3,1)(5,3,1)(6,1,0)(4,3,1)(5,3,0)(6,4,1)(7,4,1)(8,1,0)(6,4,1)	psi(W_W_w+psi_W_(w2+1)(W_W+W_(w2+1)))	psi(W_W_w+psi_W_(w2+1)(W_W+W_(w2+1)))	
3039	(0,0,0)(1,1,1)(2,1,1)(3,1,0)(1,1,1)(2,1,0)(3,2,1)(4,2,1)(5,1,0)(3,2,1)(4,2,0)(5,3,0)(6,3,1)(7,1,0)(1,1,0)(2,2,1)(3,2,1)(4,1,0)(2,2,1)(3,2,0)(4,3,1)(5,3,1)(6,1,0)(4,3,1)(5,3,0)(6,4,1)(7,4,1)(8,1,0)(6,4,1)(7,4,1)(8,1,0)	psi(W_W_w+psi_W_(w2+1)(W_W*2))	psi(W_W_w+psi_W_(w2+1)(W_W*2))	
3040	(0,0,0)(1,1,1)(2,1,1)(3,1,0)(1,1,1)(2,1,0)(3,2,1)(4,2,1)(5,1,0)(3,2,1)(4,2,0)(5,3,0)(6,3,1)(7,1,0)(1,1,0)(2,2,1)(3,2,1)(4,1,0)(2,2,1)(3,2,0)(4,3,1)(5,3,1)(6,1,0)(4,3,1)(5,3,0)(6,4,1)(7,4,1)(8,1,0)(7,5,0)(8,6,0)	psi(W_W_w+psi_W_(w2+1)(W_(W+1)))	psi(W_W_w+psi_W_(w2+1)(W_(W+1)))	
3041	(0,0,0)(1,1,1)(2,1,1)(3,1,0)(1,1,1)(2,1,0)(3,2,1)(4,2,1)(5,1,0)(3,2,1)(4,2,0)(5,3,0)(6,3,1)(7,1,0)(1,1,0)(2,2,1)(3,2,1)(4,1,0)(2,2,1)(3,2,0)(4,3,1)(5,3,1)(6,1,0)(4,3,1)(5,3,0)(6,4,1)(7,4,1)(8,2,0)	psi(W_W_w+psi_W_(w2+1)(W_W_2))	psi(W_W_w+psi_W_(w2+1)(W_W_2))	
3042	(0,0,0)(1,1,1)(2,1,1)(3,1,0)(1,1,1)(2,1,0)(3,2,1)(4,2,1)(5,1,0)(3,2,1)(4,2,0)(5,3,0)(6,3,1)(7,1,0)(1,1,1)	psi(W_W_w+psi_W_(w2+1)(W_W_w))	psi(W_W_w+psi_W_(w2+1)(W_W_w))	
3043	(0,0,0)(1,1,1)(2,1,1)(3,1,0)(1,1,1)(2,1,0)(3,2,1)(4,2,1)(5,1,0)(3,2,1)(4,2,0)(5,3,0)(6,3,1)(7,1,0)(1,1,1)(2,1,0)(3,2,1)(4,2,1)(5,1,0)	psi(W_W_w+psi_W_(w2+1)(W_W_w)+psi_W_(w+1)(W_W))	psi(W_W_w+psi_W_(w2+1)(W_W_w)+psi_W_(w+1)(W_W))	
3044	(0,0,0)(1,1,1)(2,1,1)(3,1,0)(1,1,1)(2,1,0)(3,2,1)(4,2,1)(5,1,0)(3,2,1)(4,2,0)(5,3,0)(6,3,1)(7,1,0)(1,1,1)(2,1,0)(3,2,1)(4,2,1)(5,1,0)(3,2,1)	psi(W_W_w+psi_W_(w2+1)(W_W_w)+psi_W_(w+1)(W_W_w+W_(w2)))	psi(W_W_w+psi_W_(w2+1)(W_W_w)+psi_W_(w+1)(W_W_w+W_(w2)))	
3045	(0,0,0)(1,1,1)(2,1,1)(3,1,0)(1,1,1)(2,1,0)(3,2,1)(4,2,1)(5,1,0)(3,2,1)(4,2,0)(5,3,0)(6,3,1)(7,1,0)(1,1,1)(2,1,0)(3,2,1)(4,2,1)(5,1,0)(3,2,1)(4,2,1)(5,3,1)(6,3,1)(7,1,0)	psi(W_W_w+psi_W_(w2+1)(W_W_w)+psi_W_(w+1)(W_W_w+psi_W_(w2+1)(W_W)))	psi(W_W_w+psi_W_(w2+1)(W_W_w)+psi_W_(w+1)(W_W_w+psi_W_(w2+1)(W_W)))	
3046	(0,0,0)(1,1,1)(2,1,1)(3,1,0)(1,1,1)(2,1,0)(3,2,1)(4,2,1)(5,1,0)(3,2,1)(4,2,0)(5,3,0)(6,3,1)(7,1,0)(3,2,0)	psi(W_W_w+psi_W_(w2+1)(W_W_w)+W_(w+1))	psi(W_W_w+psi_W_(w2+1)(W_W_w)+W_(w+1))	
3047	(0,0,0)(1,1,1)(2,1,1)(3,1,0)(1,1,1)(2,1,0)(3,2,1)(4,2,1)(5,1,0)(3,2,1)(4,2,0)(5,3,0)(6,3,1)(7,1,0)(3,2,1)	psi(W_W_w+psi_W_(w2+1)(W_W_w)+W_(w2))	psi(W_W_w+psi_W_(w2+1)(W_W_w)+W_(w2))	
3048	(0,0,0)(1,1,1)(2,1,1)(3,1,0)(1,1,1)(2,1,0)(3,2,1)(4,2,1)(5,1,0)(3,2,1)(4,2,0)(5,3,0)(6,3,1)(7,1,0)(3,2,1)(4,2,0)(5,3,1)(6,3,1)(7,1,0)	psi(W_W_w+psi_W_(w2+1)(W_W_w)*2)	psi(W_W_w+psi_W_(w2+1)(W_W_w)*2)	
3049	(0,0,0)(1,1,1)(2,1,1)(3,1,0)(1,1,1)(2,1,0)(3,2,1)(4,2,1)(5,1,0)(3,2,1)(4,2,0)(5,3,1)(6,3,1)(7,1,0)(4,2,0)	psi(W_W_w+psi_W_(w2+1)(W_W_w)*W_(w+1))	psi(W_W_w+psi_W_(w2+1)(W_W_w)*W_(w+1))	
3050	(0,0,0)(1,1,1)(2,1,1)(3,1,0)(1,1,1)(2,1,0)(3,2,1)(4,2,1)(5,1,0)(3,2,1)(4,2,0)(5,3,1)(6,3,1)(7,1,0)(5,2,0)	psi(W_W_w+psi_W_(w2+1)(W_W_w)^W_(w+1))	psi(W_W_w+psi_W_(w2+1)(W_W_w)^W_(w+1))	
3051	(0,0,0)(1,1,1)(2,1,1)(3,1,0)(1,1,1)(2,1,0)(3,2,1)(4,2,1)(5,1,0)(3,2,1)(4,2,0)(5,3,1)(6,3,1)(7,1,0)(5,3,0)	psi(W_W_w+W_(w2+1))	psi(W_W_w+W_(w2+1))	
3052	(0,0,0)(1,1,1)(2,1,1)(3,1,0)(1,1,1)(2,1,0)(3,2,1)(4,2,1)(5,1,0)(3,2,1)(4,2,0)(5,3,1)(6,3,1)(7,1,0)(5,3,0)(6,4,1)(7,4,1)(8,1,0)	psi(W_W_w+psi_W_(w2+2)(W_W))	psi(W_W_w+psi_W_(w2+2)(W_W))	
3053	(0,0,0)(1,1,1)(2,1,1)(3,1,0)(1,1,1)(2,1,0)(3,2,1)(4,2,1)(5,1,0)(3,2,1)(4,2,0)(5,3,1)(6,3,1)(7,1,0)(5,3,0)(6,4,1)(7,4,1)(8,1,0)(6,4,0)	psi(W_W_w+W_(w2+2))	psi(W_W_w+W_(w2+2))	
3054	(0,0,0)(1,1,1)(2,1,1)(3,1,0)(1,1,1)(2,1,0)(3,2,1)(4,2,1)(5,1,0)(3,2,1)(4,2,0)(5,3,1)(6,3,1)(7,1,0)(5,3,1)	psi(W_W_w+W_(w3))	psi(W_W_w+W_(w3))	
3055	(0,0,0)(1,1,1)(2,1,1)(3,1,0)(1,1,1)(2,1,0)(3,2,1)(4,2,1)(5,1,0)(3,2,1)(4,2,0)(5,3,1)(6,3,1)(7,1,0)(5,3,1)(6,3,0)(7,4,1)(8,4,1)(9,3,0)(7,4,0)	psi(W_W_w+W_(w3+1))	psi(W_W_w+W_(w3+1))	
3056	(0,0,0)(1,1,1)(2,1,1)(3,1,0)(1,1,1)(2,1,0)(3,2,1)(4,2,1)(5,1,0)(3,2,1)(4,2,0)(5,3,1)(6,3,1)(7,1,0)(5,3,1)(6,3,0)(7,4,1)(8,4,1)(9,3,0)(7,4,1)	psi(W_W_w+W_(w4))	psi(W_W_w+W_(w4))	
3057	(0,0,0)(1,1,1)(2,1,1)(3,1,0)(1,1,1)(2,1,0)(3,2,1)(4,2,1)(5,1,0)(3,2,1)(4,2,1)	psi(W_W_w+W_(w^2))	psi(W_W_w+W_(w^2))	
3058	(0,0,0)(1,1,1)(2,1,1)(3,1,0)(1,1,1)(2,1,0)(3,2,1)(4,2,1)(5,1,0)(3,2,1)(4,2,1)(4,2,0)	psi(W_W_w+W_(w^2)*W_(w+1))	psi(W_W_w+W_(w^2)*W_(w+1))	
3059	(0,0,0)(1,1,1)(2,1,1)(3,1,0)(1,1,1)(2,1,0)(3,2,1)(4,2,1)(5,1,0)(3,2,1)(4,2,1)(4,2,0)(5,3,1)(6,3,1)(7,1,0)	psi(W_W_w+psi_W_(w^2+1)(W_W))	psi(W_W_w+psi_W_(w^2+1)(W_W))	
3060	(0,0,0)(1,1,1)(2,1,1)(3,1,0)(1,1,1)(2,1,0)(3,2,1)(4,2,1)(5,1,0)(3,2,1)(4,2,1)(4,2,0)(5,3,1)(6,3,1)(7,1,0)(1,1,1)	psi(W_W_w+psi_W_(w^2+1)(W_W_w))	psi(W_W_w+psi_W_(w^2+1)(W_W_w))	
3061	(0,0,0)(1,1,1)(2,1,1)(3,1,0)(1,1,1)(2,1,0)(3,2,1)(4,2,1)(5,1,0)(3,2,1)(4,2,1)(4,2,0)(5,3,1)(6,3,1)(7,1,0)(3,2,0)	psi(W_W_w+psi_W_(w^2+1)(W_W_w)+W_(w+1))	psi(W_W_w+psi_W_(w^2+1)(W_W_w)+W_(w+1))	
3062	(0,0,0)(1,1,1)(2,1,1)(3,1,0)(1,1,1)(2,1,0)(3,2,1)(4,2,1)(5,1,0)(3,2,1)(4,2,1)(4,2,0)(5,3,1)(6,3,1)(7,1,0)(3,2,1)	psi(W_W_w+psi_W_(w^2+1)(W_W_w)+W_(w2))	psi(W_W_w+psi_W_(w^2+1)(W_W_w)+W_(w2))	
3063	(0,0,0)(1,1,1)(2,1,1)(3,1,0)(1,1,1)(2,1,0)(3,2,1)(4,2,1)(5,1,0)(3,2,1)(4,2,1)(4,2,0)(5,3,1)(6,3,1)(7,1,0)(3,2,1)(4,2,1)	psi(W_W_w+psi_W_(w^2+1)(W_W_w)+W_(w^2))	psi(W_W_w+psi_W_(w^2+1)(W_W_w)+W_(w^2))	
3064	(0,0,0)(1,1,1)(2,1,1)(3,1,0)(1,1,1)(2,1,0)(3,2,1)(4,2,1)(5,1,0)(3,2,1)(4,2,1)(4,2,0)(5,3,1)(6,3,1)(7,1,0)(3,2,1)(4,2,1)(4,2,0)(5,3,1)(6,3,1)(7,1,0)	psi(W_W_w+psi_W_(w^2+1)(W_W_w)*2)	psi(W_W_w+psi_W_(w^2+1)(W_W_w)*2)	
3065	(0,0,0)(1,1,1)(2,1,1)(3,1,0)(1,1,1)(2,1,0)(3,2,1)(4,2,1)(5,1,0)(3,2,1)(4,2,1)(4,2,0)(5,3,1)(6,3,1)(7,1,0)(4,2,0)	psi(W_W_w+psi_W_(w^2+1)(W_W_w)*W_(w+1))	psi(W_W_w+psi_W_(w^2+1)(W_W_w)*W_(w+1))	
3066	(0,0,0)(1,1,1)(2,1,1)(3,1,0)(1,1,1)(2,1,0)(3,2,1)(4,2,1)(5,1,0)(3,2,1)(4,2,1)(4,2,0)(5,3,1)(6,3,1)(7,1,0)(5,3,0)	psi(W_W_w+W_(w^2+1))	psi(W_W_w+W_(w^2+1))	
3067	(0,0,0)(1,1,1)(2,1,1)(3,1,0)(1,1,1)(2,1,0)(3,2,1)(4,2,1)(5,1,0)(3,2,1)(4,2,1)(4,2,0)(5,3,1)(6,3,1)(7,1,0)(5,3,0)(6,4,1)(7,4,1)(8,1,0)(6,4,0)	psi(W_W_w+W_(w^2+2))	psi(W_W_w+W_(w^2+2))	
3068	(0,0,0)(1,1,1)(2,1,1)(3,1,0)(1,1,1)(2,1,0)(3,2,1)(4,2,1)(5,1,0)(3,2,1)(4,2,1)(4,2,0)(5,3,1)(6,3,1)(7,1,0)(5,3,1)	psi(W_W_w+W_(w^2+w))	psi(W_W_w+W_(w^2+w))	
3069	(0,0,0)(1,1,1)(2,1,1)(3,1,0)(1,1,1)(2,1,0)(3,2,1)(4,2,1)(5,1,0)(3,2,1)(4,2,1)(4,2,0)(5,3,1)(6,3,1)(7,1,0)(5,3,1)(6,3,0)(7,4,1)(8,4,1)(9,1,0)(7,4,1)	psi(W_W_w+W_(w^2+w2))	psi(W_W_w+W_(w^2+w2))	
3070	(0,0,0)(1,1,1)(2,1,1)(3,1,0)(1,1,1)(2,1,0)(3,2,1)(4,2,1)(5,1,0)(3,2,1)(4,2,1)(4,2,0)(5,3,1)(6,3,1)(7,1,0)(5,3,1)(6,3,1)	psi(W_W_w+W_(w^2*2))	psi(W_W_w+W_(w^2*2))	
3071	(0,0,0)(1,1,1)(2,1,1)(3,1,0)(1,1,1)(2,1,0)(3,2,1)(4,2,1)(5,1,0)(3,2,1)(4,2,1)(4,2,0)(5,3,1)(6,3,1)(7,1,0)(5,3,1)(6,3,1)(6,3,0)(7,4,1)(8,4,1)(9,1,0)(7,4,1)(8,4,1)	psi(W_W_w+W_(w^2*3))	psi(W_W_w+W_(w^2*3))	
3072	(0,0,0)(1,1,1)(2,1,1)(3,1,0)(1,1,1)(2,1,0)(3,2,1)(4,2,1)(5,1,0)(3,2,1)(4,2,1)(4,2,1)	psi(W_W_w+W_(w^3))	psi(W_W_w+W_(w^3))	
3073	(0,0,0)(1,1,1)(2,1,1)(3,1,0)(1,1,1)(2,1,0)(3,2,1)(4,2,1)(5,1,0)(3,2,1)(4,2,1)(4,2,1)(4,2,1)	psi(W_W_w+W_(w^4))	psi(W_W_w+W_(w^4))	
3074	(0,0,0)(1,1,1)(2,1,1)(3,1,0)(1,1,1)(2,1,0)(3,2,1)(4,2,1)(5,1,0)(3,2,1)(4,2,1)(5,0,0)	psi(W_W_w+W_(w^w))	psi(W_W_w+W_(w^w))	
3075	(0,0,0)(1,1,1)(2,1,1)(3,1,0)(1,1,1)(2,1,0)(3,2,1)(4,2,1)(5,1,0)(3,2,1)(4,2,1)(5,0,0)(6,1,1)	psi(W_W_w+W_psi(W))	psi(W_W_w+W_psi(W))	
3076	(0,0,0)(1,1,1)(2,1,1)(3,1,0)(1,1,1)(2,1,0)(3,2,1)(4,2,1)(5,1,0)(3,2,1)(4,2,1)(5,1,0)	psi(W_W_w+W_W)	psi(W_W_w+W_W)	
3077	(0,0,0)(1,1,1)(2,1,1)(3,1,0)(1,1,1)(2,1,0)(3,2,1)(4,2,1)(5,1,0)(3,2,1)(4,2,1)(5,1,0)(1,1,0)	psi(W_W_w+W_w+W)	psi(W_W_w+W_w+W)	
3078	(0,0,0)(1,1,1)(2,1,1)(3,1,0)(1,1,1)(2,1,0)(3,2,1)(4,2,1)(5,1,0)(3,2,1)(4,2,1)(5,1,0)(1,1,0)(2,2,1)(3,2,1)(4,1,0)(2,2,1)	psi(W_W_w+W_W+psi_1(W_W_w))	psi(W_W_w+W_W+psi_1(W_W_w))	
3079	(0,0,0)(1,1,1)(2,1,1)(3,1,0)(1,1,1)(2,1,0)(3,2,1)(4,2,1)(5,1,0)(3,2,1)(4,2,1)(5,1,0)(1,1,0)(2,2,1)(3,2,1)(4,1,0)(2,2,1)(3,2,0)(4,3,1)(5,3,1)(6,2,0)	psi(W_W_w+W_W+psi_1(W_W_w+psi_W_(w+1)(W_W_2)))	psi(W_W_w+W_W+psi_1(W_W_w+psi_W_(w+1)(W_W_2)))	
3080	(0,0,0)(1,1,1)(2,1,1)(3,1,0)(1,1,1)(2,1,0)(3,2,1)(4,2,1)(5,1,0)(3,2,1)(4,2,1)(5,1,0)(1,1,0)(2,2,1)(3,2,1)(4,1,0)(2,2,1)(3,2,0)(4,3,1)(5,3,1)(6,2,0)(4,3,1)(5,3,1)(6,1,0)	psi(W_W_w+W_W+psi_1(W_W_w+W_W))	psi(W_W_w+W_W+psi_1(W_W_w+W_W))	
3081	(0,0,0)(1,1,1)(2,1,1)(3,1,0)(1,1,1)(2,1,0)(3,2,1)(4,2,1)(5,1,0)(3,2,1)(4,2,1)(5,1,0)(1,1,0)(2,2,1)(3,2,1)(4,1,0)(2,2,1)(3,2,0)(4,3,1)(5,3,1)(6,2,0)(4,3,1)(5,3,1)(6,1,0)(2,2,0)	psi(W_W_w+W_W+W_2)	psi(W_W_w+W_W+W_2)	
3082	(0,0,0)(1,1,1)(2,1,1)(3,1,0)(1,1,1)(2,1,0)(3,2,1)(4,2,1)(5,1,0)(3,2,1)(4,2,1)(5,1,0)(1,1,0)(2,2,1)(3,2,1)(4,1,0)(2,2,1)(3,2,0)(4,3,1)(5,3,1)(6,2,0)(4,3,1)(5,3,1)(6,1,0)(2,2,1)	psi(W_W_w+W_W+W_w)	psi(W_W_w+W_W+W_w)	
3083	(0,0,0)(1,1,1)(2,1,1)(3,1,0)(1,1,1)(2,1,0)(3,2,1)(4,2,1)(5,1,0)(3,2,1)(4,2,1)(5,1,0)(1,1,0)(2,2,1)(3,2,1)(4,1,0)(2,2,1)(3,2,0)(4,3,1)(5,3,1)(6,2,0)(4,3,1)(5,3,1)(6,1,0)(2,2,1)(3,2,0)(4,3,0)	psi(W_W_w+W_W+psi_W_(w+1)(W_(w+1)))	psi(W_W_w+W_W+psi_W_(w+1)(W_(w+1)))	
3084	(0,0,0)(1,1,1)(2,1,1)(3,1,0)(1,1,1)(2,1,0)(3,2,1)(4,2,1)(5,1,0)(3,2,1)(4,2,1)(5,1,0)(1,1,0)(2,2,1)(3,2,1)(4,1,0)(2,2,1)(3,2,0)(4,3,1)(5,3,1)(6,2,0)(4,3,1)(5,3,1)(6,1,0)(2,2,1)(3,2,0)(4,3,1)(5,3,1)	psi(W_W_w+W_W+psi_W_(w+1)(W_(w^2)))	psi(W_W_w+W_W+psi_W_(w+1)(W_(w^2)))	
3085	(0,0,0)(1,1,1)(2,1,1)(3,1,0)(1,1,1)(2,1,0)(3,2,1)(4,2,1)(5,1,0)(3,2,1)(4,2,1)(5,1,0)(1,1,0)(2,2,1)(3,2,1)(4,1,0)(2,2,1)(3,2,0)(4,3,1)(5,3,1)(6,2,0)(4,3,1)(5,3,1)(6,1,0)(2,2,1)(3,2,0)(4,3,1)(5,3,1)(6,1,0)	psi(W_W_w+W_W+psi_W_(w+1)(W_W))	psi(W_W_w+W_W+psi_W_(w+1)(W_W))	
3086	(0,0,0)(1,1,1)(2,1,1)(3,1,0)(1,1,1)(2,1,0)(3,2,1)(4,2,1)(5,1,0)(3,2,1)(4,2,1)(5,1,0)(1,1,0)(2,2,1)(3,2,1)(4,1,0)(2,2,1)(3,2,0)(4,3,1)(5,3,1)(6,2,0)(4,3,1)(5,3,1)(6,1,0)(2,2,1)(3,2,0)(4,3,1)(5,3,1)(6,2,0)(2,2,1)	psi(W_W_w+W_W+psi_W_(w+1)(W_W_w))	psi(W_W_w+W_W+psi_W_(w+1)(W_W_w))	
3087	(0,0,0)(1,1,1)(2,1,1)(3,1,0)(1,1,1)(2,1,0)(3,2,1)(4,2,1)(5,1,0)(3,2,1)(4,2,1)(5,1,0)(1,1,0)(2,2,1)(3,2,1)(4,1,0)(2,2,1)(3,2,0)(4,3,1)(5,3,1)(6,2,0)(4,3,1)(5,3,1)(6,1,0)(2,2,1)(3,2,0)(4,3,1)(5,3,1)(6,2,0)(4,3,1)(5,3,1)(6,1,0)	psi(W_W_w+W_W+psi_W_(w+1)(W_W_w+W_W))	psi(W_W_w+W_W+psi_W_(w+1)(W_W_w+W_W))	
3088	(0,0,0)(1,1,1)(2,1,1)(3,1,0)(1,1,1)(2,1,0)(3,2,1)(4,2,1)(5,1,0)(3,2,1)(4,2,1)(5,1,0)(1,1,0)(2,2,1)(3,2,1)(4,1,0)(2,2,1)(3,2,0)(4,3,1)(5,3,1)(6,2,0)(4,3,1)(5,3,1)(6,1,0)(3,2,0)	psi(W_W_w+W_W+psi_W_(w+1)(W_W_w+W_W)*W_2)	psi(W_W_w+W_W+psi_W_(w+1)(W_W_w+W_W)*W_2)	
3089	(0,0,0)(1,1,1)(2,1,1)(3,1,0)(1,1,1)(2,1,0)(3,2,1)(4,2,1)(5,1,0)(3,2,1)(4,2,1)(5,1,0)(1,1,0)(2,2,1)(3,2,1)(4,1,0)(2,2,1)(3,2,0)(4,3,1)(5,3,1)(6,2,0)(4,3,1)(5,3,1)(6,1,0)(4,3,0)	psi(W_W_w+W_W+W_(w+1))	psi(W_W_w+W_W+W_(w+1))	
3090	(0,0,0)(1,1,1)(2,1,1)(3,1,0)(1,1,1)(2,1,0)(3,2,1)(4,2,1)(5,1,0)(3,2,1)(4,2,1)(5,1,0)(1,1,0)(2,2,1)(3,2,1)(4,1,0)(2,2,1)(3,2,0)(4,3,1)(5,3,1)(6,2,0)(4,3,1)(5,3,1)(6,1,0)(4,3,1)	psi(W_W_w+W_W+W_(w2))	psi(W_W_w+W_W+W_(w2))	
3091	(0,0,0)(1,1,1)(2,1,1)(3,1,0)(1,1,1)(2,1,0)(3,2,1)(4,2,1)(5,1,0)(3,2,1)(4,2,1)(5,1,0)(1,1,0)(2,2,1)(3,2,1)(4,1,0)(2,2,1)(3,2,0)(4,3,1)(5,3,1)(6,2,0)(4,3,1)(5,3,1)(6,1,0)(4,3,1)(5,3,1)	psi(W_W_w+W_W+W_(w^2))	psi(W_W_w+W_W+W_(w^2))	
3092	(0,0,0)(1,1,1)(2,1,1)(3,1,0)(1,1,1)(2,1,0)(3,2,1)(4,2,1)(5,1,0)(3,2,1)(4,2,1)(5,1,0)(1,1,0)(2,2,1)(3,2,1)(4,1,0)(2,2,1)(3,2,0)(4,3,1)(5,3,1)(6,2,0)(4,3,1)(5,3,1)(6,1,0)(4,3,1)(5,3,1)(6,1,0)	psi(W_W_w+W_W*2)	psi(W_W_w+W_W*2)	
3093	(0,0,0)(1,1,1)(2,1,1)(3,1,0)(1,1,1)(2,1,0)(3,2,1)(4,2,1)(5,1,0)(3,2,1)(4,2,1)(5,1,0)(1,1,0)(2,2,1)(3,2,1)(4,1,0)(2,2,1)(3,2,0)(4,3,1)(5,3,1)(6,2,0)(4,3,1)(5,3,1)(6,1,0)(5,1,0)	psi(W_W_w+W_W*W)	psi(W_W_w+W_W*W)	
3094	(0,0,0)(1,1,1)(2,1,1)(3,1,0)(1,1,1)(2,1,0)(3,2,1)(4,2,1)(5,1,0)(3,2,1)(4,2,1)(5,1,0)(1,1,0)(2,2,1)(3,2,1)(4,1,0)(2,2,1)(3,2,0)(4,3,1)(5,3,1)(6,2,0)(4,3,1)(5,3,1)(6,1,0)(5,3,0)(4,3,1)(5,3,1)(6,1,0)	psi(W_W_w+W_W^2)	psi(W_W_w+W_W^2)	
3095	(0,0,0)(1,1,1)(2,1,1)(3,1,0)(1,1,1)(2,1,0)(3,2,1)(4,2,1)(5,1,0)(3,2,1)(4,2,1)(5,1,0)(1,1,0)(2,2,1)(3,2,1)(4,1,0)(2,2,1)(3,2,0)(4,3,1)(5,3,1)(6,2,0)(4,3,1)(5,3,1)(6,1,0)(5,3,0)(6,4,0)	psi(W_W_w+psi_W_(W+1)(W_(W+1)))	psi(W_W_w+psi_W_(W+1)(W_(W+1)))	
3096	(0,0,0)(1,1,1)(2,1,1)(3,1,0)(1,1,1)(2,1,0)(3,2,1)(4,2,1)(5,1,0)(3,2,1)(4,2,1)(5,1,0)(1,1,0)(2,2,1)(3,2,1)(4,1,0)(2,2,1)(3,2,0)(4,3,1)(5,3,1)(6,2,0)(4,3,1)(5,3,1)(6,1,0)(5,3,0)(6,4,1)(7,4,1)(8,2,0)(2,2,1)	psi(W_W_w+psi_W_(W+1)(W_W_w))	psi(W_W_w+psi_W_(W+1)(W_W_w))	
3097	(0,0,0)(1,1,1)(2,1,1)(3,1,0)(1,1,1)(2,1,0)(3,2,1)(4,2,1)(5,1,0)(3,2,1)(4,2,1)(5,1,0)(1,1,0)(2,2,1)(3,2,1)(4,1,0)(2,2,1)(3,2,0)(4,3,1)(5,3,1)(6,2,0)(4,3,1)(5,3,1)(6,1,0)(5,3,0)(6,4,1)(7,4,1)(8,2,0)(6,4,0)	psi(W_W_w+W_(W+1))	psi(W_W_w+W_(W+1))	
3098	(0,0,0)(1,1,1)(2,1,1)(3,1,0)(1,1,1)(2,1,0)(3,2,1)(4,2,1)(5,1,0)(3,2,1)(4,2,1)(5,1,0)(1,1,0)(2,2,1)(3,2,1)(4,1,0)(2,2,1)(3,2,0)(4,3,1)(5,3,1)(6,2,0)(4,3,1)(5,3,1)(6,1,0)(5,3,0)(6,4,1)(7,4,1)(8,2,0)(6,4,1)	psi(W_W_w+W_(W+w))	psi(W_W_w+W_(W+w))	
3099	(0,0,0)(1,1,1)(2,1,1)(3,1,0)(1,1,1)(2,1,0)(3,2,1)(4,2,1)(5,1,0)(3,2,1)(4,2,1)(5,1,0)(1,1,0)(2,2,1)(3,2,1)(4,1,0)(2,2,1)(3,2,0)(4,3,1)(5,3,1)(6,2,0)(4,3,1)(5,3,1)(6,1,0)(5,3,0)(6,4,1)(7,4,1)(8,2,0)(6,4,1)(7,4,1)(8,1,0)	psi(W_W_w+W_(W2))	psi(W_W_w+W_(W2))	
3100	(0,0,0)(1,1,1)(2,1,1)(3,1,0)(1,1,1)(2,1,0)(3,2,1)(4,2,1)(5,1,0)(3,2,1)(4,2,1)(5,1,0)(1,1,0)(2,2,1)(3,2,1)(4,1,0)(2,2,1)(3,2,0)(4,3,1)(5,3,1)(6,2,0)(4,3,1)(5,3,1)(6,1,0)(5,3,1)	psi(W_W_w+W_(W*w))	psi(W_W_w+W_(W*w))	
3101	(0,0,0)(1,1,1)(2,1,1)(3,1,0)(1,1,1)(2,1,0)(3,2,1)(4,2,1)(5,1,0)(3,2,1)(4,2,1)(5,1,0)(1,1,0)(2,2,1)(3,2,1)(4,1,0)(2,2,1)(3,2,0)(4,3,1)(5,3,1)(6,2,0)(4,3,1)(5,3,1)(6,1,0)(5,3,1)(6,1,0)	psi(W_W_w+W_(W^2))	psi(W_W_w+W_(W^2))	
3102	(0,0,0)(1,1,1)(2,1,1)(3,1,0)(1,1,1)(2,1,0)(3,2,1)(4,2,1)(5,1,0)(3,2,1)(4,2,1)(5,1,0)(1,1,0)(2,2,1)(3,2,1)(4,1,0)(2,2,1)(3,2,0)(4,3,1)(5,3,1)(6,2,0)(4,3,1)(5,3,1)(6,1,0)(6,1,0)	psi(W_W_w+W_(W^W))	psi(W_W_w+W_(W^W))	
3103	(0,0,0)(1,1,1)(2,1,1)(3,1,0)(1,1,1)(2,1,0)(3,2,1)(4,2,1)(5,1,0)(3,2,1)(4,2,1)(5,1,0)(1,1,0)(2,2,1)(3,2,1)(4,1,0)(2,2,1)(3,2,0)(4,3,1)(5,3,1)(6,2,0)(4,3,1)(5,3,1)(6,1,0)(7,2,1)	psi(W_W_w+W_psi_1(W_w))	psi(W_W_w+W_psi_1(W_w))	
3104	(0,0,0)(1,1,1)(2,1,1)(3,1,0)(1,1,1)(2,1,0)(3,2,1)(4,2,1)(5,1,0)(3,2,1)(4,2,1)(5,1,0)(1,1,0)(2,2,1)(3,2,1)(4,1,0)(2,2,1)(3,2,0)(4,3,1)(5,3,1)(6,2,0)(4,3,1)(5,3,1)(6,2,0)	psi(W_W_w+W_W_2)	psi(W_W_w+W_W_2)	
3105	(0,0,0)(1,1,1)(2,1,1)(3,1,0)(1,1,1)(2,1,0)(3,2,1)(4,2,1)(5,1,0)(3,2,1)(4,2,1)(5,1,0)(1,1,0)(2,2,1)(3,2,1)(4,1,0)(2,2,1)(3,2,0)(4,3,1)(5,3,1)(6,2,0)(4,3,1)(5,3,1)(6,2,0)(2,2,0)(3,3,1)(4,3,1)(5,1,0)(3,2,1)(4,3,0)(5,4,1)(6,4,1)(7,3,0)(5,4,1)(6,4,1)(7,2,0)	psi(W_W_w+W_W_2+psi_2(W_W_w+W_W_2))	psi(W_W_w+W_W_2+psi_2(W_W_w+W_W_2))	
3106	(0,0,0)(1,1,1)(2,1,1)(3,1,0)(1,1,1)(2,1,0)(3,2,1)(4,2,1)(5,1,0)(3,2,1)(4,2,1)(5,1,0)(1,1,0)(2,2,1)(3,2,1)(4,1,0)(2,2,1)(3,2,0)(4,3,1)(5,3,1)(6,2,0)(4,3,1)(5,3,1)(6,2,0)(2,2,0)(3,3,1)(4,3,1)(5,1,0)(3,2,1)(4,3,0)(5,4,1)(6,4,1)(7,3,0)(5,4,1)(6,4,1)(7,2,0)(3,3,1)	psi(W_W_w+W_W_2+W_w)	psi(W_W_w+W_W_2+W_w)	
3107	(0,0,0)(1,1,1)(2,1,1)(3,1,0)(1,1,1)(2,1,0)(3,2,1)(4,2,1)(5,1,0)(3,2,1)(4,2,1)(5,1,0)(1,1,0)(2,2,1)(3,2,1)(4,1,0)(2,2,1)(3,2,0)(4,3,1)(5,3,1)(6,2,0)(4,3,1)(5,3,1)(6,2,0)(2,2,0)(3,3,1)(4,3,1)(5,1,0)(3,2,1)(4,3,0)(5,4,1)(6,4,1)(7,3,0)(5,4,1)(6,4,1)(7,2,0)(5,4,0)	psi(W_W_w+W_W_2+W_(w+1))	psi(W_W_w+W_W_2+W_(w+1))	
3108	(0,0,0)(1,1,1)(2,1,1)(3,1,0)(1,1,1)(2,1,0)(3,2,1)(4,2,1)(5,1,0)(3,2,1)(4,2,1)(5,1,0)(1,1,0)(2,2,1)(3,2,1)(4,1,0)(2,2,1)(3,2,0)(4,3,1)(5,3,1)(6,2,0)(4,3,1)(5,3,1)(6,2,0)(2,2,0)(3,3,1)(4,3,1)(5,1,0)(3,2,1)(4,3,0)(5,4,1)(6,4,1)(7,3,0)(5,4,1)(6,4,1)(7,2,0)(5,4,1)(6,4,1)(7,2,0)	psi(W_W_w+W_W_2*2)	psi(W_W_w+W_W_2*2)	
3109	(0,0,0)(1,1,1)(2,1,1)(3,1,0)(1,1,1)(2,1,0)(3,2,1)(4,2,1)(5,1,0)(3,2,1)(4,2,1)(5,1,0)(1,1,0)(2,2,1)(3,2,1)(4,1,0)(2,2,1)(3,2,0)(4,3,1)(5,3,1)(6,2,0)(4,3,1)(5,3,1)(6,2,0)(2,2,0)(3,3,1)(4,3,1)(5,1,0)(3,2,1)(4,3,0)(5,4,1)(6,4,1)(7,3,0)(5,4,1)(6,4,1)(7,2,0)(6,4,1)	psi(W_W_w+W_(W_2*w))	psi(W_W_w+W_(W_2*w))	
3110	(0,0,0)(1,1,1)(2,1,1)(3,1,0)(1,1,1)(2,1,0)(3,2,1)(4,2,1)(5,1,0)(3,2,1)(4,2,1)(5,1,0)(1,1,0)(2,2,1)(3,2,1)(4,1,0)(2,2,1)(3,2,0)(4,3,1)(5,3,1)(6,2,0)(4,3,1)(5,3,1)(6,2,0)(2,2,0)(3,3,1)(4,3,1)(5,1,0)(3,2,1)(4,3,0)(5,4,1)(6,4,1)(7,3,0)(5,4,1)(6,4,1)(7,3,0)	psi(W_W_w+W_W_3)	psi(W_W_w+W_W_3)	
3111	(0,0,0)(1,1,1)(2,1,1)(3,1,0)(1,1,1)(2,1,0)(3,2,1)(4,2,1)(5,1,0)(3,2,1)(4,2,1)(5,1,0)(1,1,1)	psi(W_W_w*2)	psi(W_W_w*2)	
3112	(0,0,0)(1,1,1)(2,1,1)(3,1,0)(1,1,1)(2,1,0)(3,2,1)(4,2,1)(5,1,0)(3,2,1)(4,2,1)(5,1,0)(1,1,1)(1,1,1)	psi(W_W_w*2+W_w)	psi(W_W_w*2+W_w)	
3113	(0,0,0)(1,1,1)(2,1,1)(3,1,0)(1,1,1)(2,1,0)(3,2,1)(4,2,1)(5,1,0)(3,2,1)(4,2,1)(5,1,0)(3,2,0)	psi(W_W_w*2+W_(w+1))	psi(W_W_w*2+W_(w+1))	
3114	(0,0,0)(1,1,1)(2,1,1)(3,1,0)(1,1,1)(2,1,0)(3,2,1)(4,2,1)(5,1,0)(3,2,1)(4,2,1)(5,1,0)(3,2,1)	psi(W_W_w*2+W_(w2))	psi(W_W_w*2+W_(w2))	
3115	(0,0,0)(1,1,1)(2,1,1)(3,1,0)(1,1,1)(2,1,0)(3,2,1)(4,2,1)(5,1,0)(3,2,1)(4,2,1)(5,1,0)(3,2,1)(4,2,1)	psi(W_W_w*2+W_(w^2))	psi(W_W_w*2+W_(w^2))	
3116	(0,0,0)(1,1,1)(2,1,1)(3,1,0)(1,1,1)(2,1,0)(3,2,1)(4,2,1)(5,1,0)(3,2,1)(4,2,1)(5,1,0)(3,2,1)(4,2,1)(5,1,0)	psi(W_W_w*2+W_W)	psi(W_W_w*2+W_W)	
3117	(0,0,0)(1,1,1)(2,1,1)(3,1,0)(1,1,1)(2,1,0)(3,2,1)(4,2,1)(5,1,0)(3,2,1)(4,2,1)(5,1,0)(3,2,1)(4,2,1)(5,1,0)(1,1,0)(2,2,1)(3,2,1)(4,1,0)(2,2,1)(3,2,0)(4,3,1)(5,3,1)(6,2,0)(4,3,1)(5,3,1)(6,2,0)(4,3,1)(5,3,1)(6,2,0)	psi(W_W_w*2+W_W_2)	psi(W_W_w*2+W_W_2)	
3118	(0,0,0)(1,1,1)(2,1,1)(3,1,0)(1,1,1)(2,1,0)(3,2,1)(4,2,1)(5,1,0)(3,2,1)(4,2,1)(5,1,0)(3,2,1)(4,2,1)(5,1,0)(1,1,1)	psi(W_W_w*3)	psi(W_W_w*3)	
3119	(0,0,0)(1,1,1)(2,1,1)(3,1,0)(1,1,1)(2,1,0)(3,2,1)(4,2,1)(5,1,0)(3,2,1)(4,2,1)(5,1,0)(3,2,1)(4,2,1)(5,1,0)(3,2,1)(4,2,1)(5,1,0)(1,1,1)	psi(W_W_w*4)	psi(W_W_w*4)	
3120	(0,0,0)(1,1,1)(2,1,1)(3,1,0)(1,1,1)(2,1,0)(3,2,1)(4,2,1)(5,1,0)(4,0,0)	psi(W_W_w*w)	psi(W_W_w*w)	
3121	(0,0,0)(1,1,1)(2,1,1)(3,1,0)(1,1,1)(2,1,0)(3,2,1)(4,2,1)(5,1,0)(4,0,0)(5,1,1)	psi(W_W_w*psi(W_w))	psi(W_W_w*psi(W_w))	
3122	(0,0,0)(1,1,1)(2,1,1)(3,1,0)(1,1,1)(2,1,0)(3,2,1)(4,2,1)(5,1,0)(4,1,0)	psi(W_W_w*W)	psi(W_W_w*W)	
3123	(0,0,0)(1,1,1)(2,1,1)(3,1,0)(1,1,1)(2,1,0)(3,2,1)(4,2,1)(5,1,0)(4,1,0)(1,1,0)(2,2,1)(3,2,1)(4,2,0)(2,2,1)(3,2,0)(4,3,1)(5,3,1)(6,2,0)(5,1,0)(4,3,1)(5,3,1)(6,1,0)	psi(W_W_w*W+W_W)	psi(W_W_w*W+W_W)	
3124	(0,0,0)(1,1,1)(2,1,1)(3,1,0)(1,1,1)(2,1,0)(3,2,1)(4,2,1)(5,1,0)(4,1,0)(1,1,0)(2,2,1)(3,2,1)(4,2,0)(2,2,1)(3,2,0)(4,3,1)(5,3,1)(6,2,0)(5,1,0)(4,3,1)(5,3,1)(6,2,0)(2,2,1)	psi(W_W_w*W+W_W_w)	psi(W_W_w*W+W_W_w)	
3125	(0,0,0)(1,1,1)(2,1,1)(3,1,0)(1,1,1)(2,1,0)(3,2,1)(4,2,1)(5,1,0)(4,1,0)(1,1,0)(2,2,1)(3,2,1)(4,2,0)(2,2,1)(3,2,0)(4,3,1)(5,3,1)(6,2,0)(5,1,0)(4,3,1)(5,3,1)(6,2,0)(5,1,0)	psi(W_W_w*W2)	psi(W_W_w*W2)	
3126	(0,0,0)(1,1,1)(2,1,1)(3,1,0)(1,1,1)(2,1,0)(3,2,1)(4,2,1)(5,1,0)(4,1,0)(1,1,0)(2,2,1)(3,2,1)(4,2,0)(2,2,1)(3,2,0)(4,3,1)(5,3,1)(6,2,0)(5,1,0)(5,1,0)	psi(W_W_w*W^2)	psi(W_W_w*W^2)	
3127	(0,0,0)(1,1,1)(2,1,1)(3,1,0)(1,1,1)(2,1,0)(3,2,1)(4,2,1)(5,1,0)(4,1,0)(1,1,0)(2,2,1)(3,2,1)(4,2,0)(2,2,1)(3,2,0)(4,3,1)(5,3,1)(6,2,0)(5,1,0)(6,2,1)	psi(W_W_w*psi_1(W_w))	psi(W_W_w*psi_1(W_w))	
3128	(0,0,0)(1,1,1)(2,1,1)(3,1,0)(1,1,1)(2,1,0)(3,2,1)(4,2,1)(5,1,0)(4,1,0)(1,1,0)(2,2,1)(3,2,1)(4,2,0)(2,2,1)(3,2,0)(4,3,1)(5,3,1)(6,2,0)(5,1,0)(6,2,1)(7,2,1)(8,2,0)(6,2,1)	psi(W_W_w*psi_1(W_W_w))	psi(W_W_w*psi_1(W_W_w))	
3129	(0,0,0)(1,1,1)(2,1,1)(3,1,0)(1,1,1)(2,1,0)(3,2,1)(4,2,1)(5,1,0)(4,1,0)(1,1,0)(2,2,1)(3,2,1)(4,2,0)(2,2,1)(3,2,0)(4,3,1)(5,3,1)(6,2,0)(5,2,0)	psi(W_W_w*W_2)	psi(W_W_w*W_2)	
3130	(0,0,0)(1,1,1)(2,1,1)(3,1,0)(1,1,1)(2,1,0)(3,2,1)(4,2,1)(5,1,0)(4,1,0)(1,1,0)(2,2,1)(3,2,1)(4,2,0)(2,2,1)(3,2,0)(4,3,1)(5,3,1)(6,2,0)(5,2,0)(1,1,0)(2,2,1)(3,2,1)(4,1,0)	psi(W_W_w*W_2+psi_1(W_W))	psi(W_W_w*W_2+psi_1(W_W))	
3131	(0,0,0)(1,1,1)(2,1,1)(3,1,0)(1,1,1)(2,1,0)(3,2,1)(4,2,1)(5,1,0)(4,1,0)(1,1,0)(2,2,1)(3,2,1)(4,2,0)(2,2,1)(3,2,0)(4,3,1)(5,3,1)(6,2,0)(5,2,0)(1,1,0)(2,2,1)(3,2,1)(4,2,0)(2,2,1)(3,2,0)(4,3,1)(5,3,1)(6,2,0)(5,2,0)	psi(W_W_w*W_2+psi_1(W_W_w*W_2))	psi(W_W_w*W_2+psi_1(W_W_w*W_2))	
3132	(0,0,0)(1,1,1)(2,1,1)(3,1,0)(1,1,1)(2,1,0)(3,2,1)(4,2,1)(5,1,0)(4,1,0)(1,1,0)(2,2,1)(3,2,1)(4,2,0)(2,2,1)(3,2,0)(4,3,1)(5,3,1)(6,2,0)(5,2,0)(2,2,0)	psi(W_W_w*W_2+W_2)	psi(W_W_w*W_2+W_2)	
3133	(0,0,0)(1,1,1)(2,1,1)(3,1,0)(1,1,1)(2,1,0)(3,2,1)(4,2,1)(5,1,0)(4,1,0)(1,1,0)(2,2,1)(3,2,1)(4,2,0)(2,2,1)(3,2,0)(4,3,1)(5,3,1)(6,2,0)(5,2,0)(2,2,0)(3,3,1)(4,3,1)(5,3,0)(3,3,1)(4,3,0)(5,4,1)(6,4,1)(7,3,0)(6,2,0)(3,3,1)	psi(W_W_w*W_2+W_w)	psi(W_W_w*W_2+W_w)	
3134	(0,0,0)(1,1,1)(2,1,1)(3,1,0)(1,1,1)(2,1,0)(3,2,1)(4,2,1)(5,1,0)(4,1,0)(1,1,0)(2,2,1)(3,2,1)(4,2,0)(2,2,1)(3,2,0)(4,3,1)(5,3,1)(6,2,0)(5,2,0)(2,2,0)(3,3,1)(4,3,1)(5,3,0)(3,3,1)(4,3,0)(5,4,1)(6,4,1)(7,3,0)(6,2,0)(3,3,1)(4,3,0)(5,4,1)(6,4,1)(7,3,0)(3,3,1)	psi(W_W_w*W_2+psi_W_(w+1)(W_W_w))	psi(W_W_w*W_2+psi_W_(w+1)(W_W_w))	
3135	(0,0,0)(1,1,1)(2,1,1)(3,1,0)(1,1,1)(2,1,0)(3,2,1)(4,2,1)(5,1,0)(4,1,0)(1,1,0)(2,2,1)(3,2,1)(4,2,0)(2,2,1)(3,2,0)(4,3,1)(5,3,1)(6,2,0)(5,2,0)(2,2,0)(3,3,1)(4,3,1)(5,3,0)(3,3,1)(4,3,0)(5,4,1)(6,4,1)(7,3,0)(6,2,0)(3,3,1)(4,3,0)(5,4,1)(6,4,1)(7,3,0)(6,2,0)	psi(W_W_w*W_2+psi_W_(w+1)(W_W_w*W_2))	psi(W_W_w*W_2+psi_W_(w+1)(W_W_w*W_2))	
3136	(0,0,0)(1,1,1)(2,1,1)(3,1,0)(1,1,1)(2,1,0)(3,2,1)(4,2,1)(5,1,0)(4,1,0)(1,1,0)(2,2,1)(3,2,1)(4,2,0)(2,2,1)(3,2,0)(4,3,1)(5,3,1)(6,2,0)(5,2,0)(2,2,0)(3,3,1)(4,3,1)(5,3,0)(3,3,1)(4,3,0)(5,4,1)(6,4,1)(7,3,0)(6,2,0)(4,2,0)	psi(W_W_w*W_2+psi_W_(w+1)(W_W_w*W_2)*W_2)	psi(W_W_w*W_2+psi_W_(w+1)(W_W_w*W_2)*W_2)	
3137	(0,0,0)(1,1,1)(2,1,1)(3,1,0)(1,1,1)(2,1,0)(3,2,1)(4,2,1)(5,1,0)(4,1,0)(1,1,0)(2,2,1)(3,2,1)(4,2,0)(2,2,1)(3,2,0)(4,3,1)(5,3,1)(6,2,0)(5,2,0)(2,2,0)(3,3,1)(4,3,1)(5,3,0)(3,3,1)(4,3,0)(5,4,1)(6,4,1)(7,3,0)(6,2,0)(5,4,0)	psi(W_W_w*W_2+W_(w+1))	psi(W_W_w*W_2+W_(w+1))	
3138	(0,0,0)(1,1,1)(2,1,1)(3,1,0)(1,1,1)(2,1,0)(3,2,1)(4,2,1)(5,1,0)(4,1,0)(1,1,0)(2,2,1)(3,2,1)(4,2,0)(2,2,1)(3,2,0)(4,3,1)(5,3,1)(6,2,0)(5,2,0)(2,2,0)(3,3,1)(4,3,1)(5,3,0)(3,3,1)(4,3,0)(5,4,1)(6,4,1)(7,3,0)(6,2,0)(5,4,1)	psi(W_W_w*W_2+W_(w2))	psi(W_W_w*W_2+W_(w2))	
3139	(0,0,0)(1,1,1)(2,1,1)(3,1,0)(1,1,1)(2,1,0)(3,2,1)(4,2,1)(5,1,0)(4,1,0)(1,1,0)(2,2,1)(3,2,1)(4,2,0)(2,2,1)(3,2,0)(4,3,1)(5,3,1)(6,2,0)(5,2,0)(2,2,0)(3,3,1)(4,3,1)(5,3,0)(3,3,1)(4,3,0)(5,4,1)(6,4,1)(7,3,0)(6,2,0)(5,4,1)(6,4,1)	psi(W_W_w*W_2+W_(w^2))	psi(W_W_w*W_2+W_(w^2))	
3140	(0,0,0)(1,1,1)(2,1,1)(3,1,0)(1,1,1)(2,1,0)(3,2,1)(4,2,1)(5,1,0)(4,1,0)(1,1,0)(2,2,1)(3,2,1)(4,2,0)(2,2,1)(3,2,0)(4,3,1)(5,3,1)(6,2,0)(5,2,0)(2,2,0)(3,3,1)(4,3,1)(5,3,0)(3,3,1)(4,3,0)(5,4,1)(6,4,1)(7,3,0)(6,2,0)(5,4,1)(6,4,1)(7,2,0)	psi(W_W_w*W_2+W_W_2)	psi(W_W_w*W_2+W_W_2)	
3141	(0,0,0)(1,1,1)(2,1,1)(3,1,0)(1,1,1)(2,1,0)(3,2,1)(4,2,1)(5,1,0)(4,1,0)(1,1,0)(2,2,1)(3,2,1)(4,2,0)(2,2,1)(3,2,0)(4,3,1)(5,3,1)(6,2,0)(5,2,0)(2,2,0)(3,3,1)(4,3,1)(5,3,0)(3,3,1)(4,3,0)(5,4,1)(6,4,1)(7,3,0)(6,2,0)(5,4,1)(6,4,1)(7,3,0)(3,3,1)	psi(W_W_w*W_2+W_W_w)	psi(W_W_w*W_2+W_W_w)	
3142	(0,0,0)(1,1,1)(2,1,1)(3,1,0)(1,1,1)(2,1,0)(3,2,1)(4,2,1)(5,1,0)(4,1,0)(1,1,0)(2,2,1)(3,2,1)(4,2,0)(2,2,1)(3,2,0)(4,3,1)(5,3,1)(6,2,0)(5,2,0)(2,2,0)(3,3,1)(4,3,1)(5,3,0)(3,3,1)(4,3,0)(5,4,1)(6,4,1)(7,3,0)(6,2,0)(5,4,1)(6,4,1)(7,3,0)(6,1,0)	psi(W_W_w*W_2+W_W_w*W)	psi(W_W_w*W_2+W_W_w*W)	
3143	(0,0,0)(1,1,1)(2,1,1)(3,1,0)(1,1,1)(2,1,0)(3,2,1)(4,2,1)(5,1,0)(4,1,0)(1,1,0)(2,2,1)(3,2,1)(4,2,0)(2,2,1)(3,2,0)(4,3,1)(5,3,1)(6,2,0)(5,2,0)(2,2,0)(3,3,1)(4,3,1)(5,3,0)(3,3,1)(4,3,0)(5,4,1)(6,4,1)(7,3,0)(6,2,0)(5,4,1)(6,4,1)(7,3,0)(6,2,0)	psi(W_W_w*W_2*2)	psi(W_W_w*W_2*2)	
3144	(0,0,0)(1,1,1)(2,1,1)(3,1,0)(1,1,1)(2,1,0)(3,2,1)(4,2,1)(5,1,0)(4,1,0)(1,1,0)(2,2,1)(3,2,1)(4,2,0)(2,2,1)(3,2,0)(4,3,1)(5,3,1)(6,2,0)(5,2,0)(2,2,0)(3,3,1)(4,3,1)(5,3,0)(3,3,1)(4,3,0)(5,4,1)(6,4,1)(7,3,0)(6,2,0)(6,2,0)	psi(W_W_w*W_2^2)	psi(W_W_w*W_2^2)	
3145	(0,0,0)(1,1,1)(2,1,1)(3,1,0)(1,1,1)(2,1,0)(3,2,1)(4,2,1)(5,1,0)(4,1,0)(1,1,0)(2,2,1)(3,2,1)(4,2,0)(2,2,1)(3,2,0)(4,3,1)(5,3,1)(6,2,0)(5,2,0)(2,2,0)(3,3,1)(4,3,1)(5,3,0)(3,3,1)(4,3,0)(5,4,1)(6,4,1)(7,3,0)(6,2,0)(7,3,1)	psi(W_W_w*psi_2(W_w))	psi(W_W_w*psi_2(W_w))	
3146	(0,0,0)(1,1,1)(2,1,1)(3,1,0)(1,1,1)(2,1,0)(3,2,1)(4,2,1)(5,1,0)(4,1,0)(1,1,0)(2,2,1)(3,2,1)(4,2,0)(2,2,1)(3,2,0)(4,3,1)(5,3,1)(6,2,0)(5,2,0)(2,2,0)(3,3,1)(4,3,1)(5,3,0)(3,3,1)(4,3,0)(5,4,1)(6,4,1)(7,3,0)(6,3,0)	psi(W_W_w*W_3)	psi(W_W_w*W_3)	
3147	(0,0,0)(1,1,1)(2,1,1)(3,1,0)(1,1,1)(2,1,0)(3,2,1)(4,2,1)(5,1,0)(4,1,0)(1,1,0)(2,2,1)(3,2,1)(4,2,0)(2,2,1)(3,2,0)(4,3,1)(5,3,1)(6,2,0)(5,2,0)(2,2,0)(3,3,1)(4,3,1)(5,3,0)(3,3,1)(4,3,0)(5,4,1)(6,4,1)(7,3,0)(6,3,0)(3,3,0)(4,4,1)(5,4,1)(6,4,0)(4,4,1)(5,4,0)(6,5,1)(7,5,1)(8,4,0)(7,4,0)	psi(W_W_w*W_4)	psi(W_W_w*W_4)	
3148	(0,0,0)(1,1,1)(2,1,1)(3,1,0)(1,1,1)(2,1,0)(3,2,1)(4,2,1)(5,1,0)(4,1,0)(1,1,1)	psi(W_W_w*W_w)	psi(W_W_w*W_w)	
3149	(0,0,0)(1,1,1)(2,1,1)(3,1,0)(1,1,1)(2,1,0)(3,2,1)(4,2,1)(5,1,0)(4,1,0)(1,1,1)(1,1,1)	psi(W_W_w*W_w+W_w)	psi(W_W_w*W_w+W_w)	
3150	(0,0,0)(1,1,1)(2,1,1)(3,1,0)(1,1,1)(2,1,0)(3,2,1)(4,2,1)(5,1,0)(4,1,0)(1,1,1)(2,1,0)(3,2,0)	psi(W_W_w*W_w+psi_W_(w+1)(W_(w+1)))	psi(W_W_w*W_w+psi_W_(w+1)(W_(w+1)))	
3151	(0,0,0)(1,1,1)(2,1,1)(3,1,0)(1,1,1)(2,1,0)(3,2,1)(4,2,1)(5,1,0)(4,1,0)(1,1,1)(2,1,0)(3,2,1)(4,2,1)(5,1,0)	psi(W_W_w*W_w+psi_W_(w+1)(W_W))	psi(W_W_w*W_w+psi_W_(w+1)(W_W))	
3152	(0,0,0)(1,1,1)(2,1,1)(3,1,0)(1,1,1)(2,1,0)(3,2,1)(4,2,1)(5,1,0)(4,1,0)(1,1,1)(2,1,0)(3,2,1)(4,2,1)(5,1,0)(1,1,1)	psi(W_W_w*W_w+psi_W_(w+1)(W_W_w))	psi(W_W_w*W_w+psi_W_(w+1)(W_W_w))	
3153	(0,0,0)(1,1,1)(2,1,1)(3,1,0)(1,1,1)(2,1,0)(3,2,1)(4,2,1)(5,1,0)(4,1,0)(1,1,1)(2,1,0)(3,2,1)(4,2,1)(5,1,0)(4,2,0)	psi(W_W_w*W_w+psi_W_(w+1)(W_W_w*W_2))	psi(W_W_w*W_w+psi_W_(w+1)(W_W_w*W_2))	
3154	(0,0,0)(1,1,1)(2,1,1)(3,1,0)(1,1,1)(2,1,0)(3,2,1)(4,2,1)(5,1,0)(4,1,0)(1,1,1)(2,1,0)(3,2,1)(4,2,1)(5,1,0)(4,2,0)(1,1,1)	psi(W_W_w*W_w+psi_W_(w+1)(W_W_w*W_w))	psi(W_W_w*W_w+psi_W_(w+1)(W_W_w*W_w))	
3155	(0,0,0)(1,1,1)(2,1,1)(3,1,0)(1,1,1)(2,1,0)(3,2,1)(4,2,1)(5,1,0)(4,1,0)(2,1,0)	psi(W_W_w*W_w+psi_W_(w+1)(W_W_w*W_w)*W)	psi(W_W_w*W_w+psi_W_(w+1)(W_W_w*W_w)*W)	
3156	(0,0,0)(1,1,1)(2,1,1)(3,1,0)(1,1,1)(2,1,0)(3,2,1)(4,2,1)(5,1,0)(4,1,0)(3,2,0)	psi(W_W_w*W_w+W_(w+1))	psi(W_W_w*W_w+W_(w+1))	
3157	(0,0,0)(1,1,1)(2,1,1)(3,1,0)(1,1,1)(2,1,0)(3,2,1)(4,2,1)(5,1,0)(4,1,0)(3,2,1)	psi(W_W_w*W_w+W_(w*2))	psi(W_W_w*W_w+W_(w*2))	
3158	(0,0,0)(1,1,1)(2,1,1)(3,1,0)(1,1,1)(2,1,0)(3,2,1)(4,2,1)(5,1,0)(4,1,0)(3,2,1)(4,2,1)	psi(W_W_w*W_w+W_(w^2))	psi(W_W_w*W_w+W_(w^2))	
3159	(0,0,0)(1,1,1)(2,1,1)(3,1,0)(1,1,1)(2,1,0)(3,2,1)(4,2,1)(5,1,0)(4,1,0)(3,2,1)(4,2,1)(5,1,0)	psi(W_W_w*W_w+W_(w^2)*W)	psi(W_W_w*W_w+W_(w^2)*W)	
3160	(0,0,0)(1,1,1)(2,1,1)(3,1,0)(1,1,1)(2,1,0)(3,2,1)(4,2,1)(5,1,0)(4,1,0)(3,2,1)(4,2,1)(5,1,0)(4,1,0)(1,1,1)	psi(W_W_w*W_w*2)	psi(W_W_w*W_w*2)	
3161	(0,0,0)(1,1,1)(2,1,1)(3,1,0)(1,1,1)(2,1,0)(3,2,1)(4,2,1)(5,1,0)(4,1,0)(4,1,0)(1,1,1)	psi(W_W_w*W_w^2)	psi(W_W_w*W_w^2)	
3162	(0,0,0)(1,1,1)(2,1,1)(3,1,0)(1,1,1)(2,1,0)(3,2,1)(4,2,1)(5,1,0)(4,1,0)(5,2,0)	psi(W_W_w*psi_W_(w+1)(W_(w+2)))	psi(W_W_w*psi_W_(w+1)(W_(w+2)))	
3163	(0,0,0)(1,1,1)(2,1,1)(3,1,0)(1,1,1)(2,1,0)(3,2,1)(4,2,1)(5,1,0)(4,1,0)(5,2,1)	psi(W_W_w*psi_W_(w+1)(W_(w*2)))	psi(W_W_w*psi_W_(w+1)(W_(w*2)))	
3164	(0,0,0)(1,1,1)(2,1,1)(3,1,0)(1,1,1)(2,1,0)(3,2,1)(4,2,1)(5,1,0)(4,1,0)(5,2,1)(6,2,1)(7,1,0)	psi(W_W_w*psi_W_(w+1)(W_W))	psi(W_W_w*psi_W_(w+1)(W_W))	
3165	(0,0,0)(1,1,1)(2,1,1)(3,1,0)(1,1,1)(2,1,0)(3,2,1)(4,2,1)(5,1,0)(4,1,0)(5,2,1)(6,2,1)(7,1,0)(1,1,1)	psi(W_W_w*psi_W_(w+1)(W_W_w))	psi(W_W_w*psi_W_(w+1)(W_W_w))	
3166	(0,0,0)(1,1,1)(2,1,1)(3,1,0)(1,1,1)(2,1,0)(3,2,1)(4,2,1)(5,1,0)(4,1,0)(5,2,1)(6,2,1)(7,1,0)(6,1,0)(1,1,1)	psi(W_W_w*psi_W_(w+1)(W_W_w*W_w))	psi(W_W_w*psi_W_(w+1)(W_W_w*W_w))	
3167	(0,0,0)(1,1,1)(2,1,1)(3,1,0)(1,1,1)(2,1,0)(3,2,1)(4,2,1)(5,1,0)(4,2,0)	psi(W_W_w*W_(w+1))	psi(W_W_w*W_(w+1))	
3168	(0,0,0)(1,1,1)(2,1,1)(3,1,0)(1,1,1)(2,1,0)(3,2,1)(4,2,1)(5,1,0)(4,2,0)(3,2,0)	psi(W_W_w*W_(w+1)+W_(w+1))	psi(W_W_w*W_(w+1)+W_(w+1))	
3169	(0,0,0)(1,1,1)(2,1,1)(3,1,0)(1,1,1)(2,1,0)(3,2,1)(4,2,1)(5,1,0)(4,2,0)(3,2,0)(4,3,1)	psi(W_W_w*W_(w+1)+psi_W_(w+2)(W_(w*2)))	psi(W_W_w*W_(w+1)+psi_W_(w+2)(W_(w*2)))	
3170	(0,0,0)(1,1,1)(2,1,1)(3,1,0)(1,1,1)(2,1,0)(3,2,1)(4,2,1)(5,1,0)(4,2,0)(3,2,0)(4,3,1)(5,3,1)(6,1,0)	psi(W_W_w*W_(w+1)+psi_W_(w+2)(W_W))	psi(W_W_w*W_(w+1)+psi_W_(w+2)(W_W))	
3171	(0,0,0)(1,1,1)(2,1,1)(3,1,0)(1,1,1)(2,1,0)(3,2,1)(4,2,1)(5,1,0)(4,2,0)(3,2,0)(4,3,1)(5,3,1)(6,1,0)(1,1,1)	psi(W_W_w*W_(w+1)+psi_W_(w+2)(W_W_w))	psi(W_W_w*W_(w+1)+psi_W_(w+2)(W_W_w))	
3172	(0,0,0)(1,1,1)(2,1,1)(3,1,0)(1,1,1)(2,1,0)(3,2,1)(4,2,1)(5,1,0)(4,2,0)(3,2,0)(4,3,1)(5,3,1)(6,1,0)(5,1,0)(1,1,1)	psi(W_W_w*W_(w+1)+psi_W_(w+2)(W_W_w*W_w))	psi(W_W_w*W_(w+1)+psi_W_(w+2)(W_W_w*W_w))	
3173	(0,0,0)(1,1,1)(2,1,1)(3,1,0)(1,1,1)(2,1,0)(3,2,1)(4,2,1)(5,1,0)(4,2,0)(3,2,0)(4,3,1)(5,3,1)(6,1,0)(5,2,0)	psi(W_W_w*W_(w+1)+psi_W_(w+2)(W_W_w*W_(w+1)))	psi(W_W_w*W_(w+1)+psi_W_(w+2)(W_W_w*W_(w+1)))	
3174	(0,0,0)(1,1,1)(2,1,1)(3,1,0)(1,1,1)(2,1,0)(3,2,1)(4,2,1)(5,1,0)(4,2,0)(3,2,0)(4,3,1)(5,3,1)(6,1,0)(5,2,0)(4,3,0)	psi(W_W_w*W_(w+1)+W_(w+2))	psi(W_W_w*W_(w+1)+W_(w+2))	
3175	(0,0,0)(1,1,1)(2,1,1)(3,1,0)(1,1,1)(2,1,0)(3,2,1)(4,2,1)(5,1,0)(4,2,0)(3,2,0)(4,3,1)(5,3,1)(6,1,0)(5,2,0)(4,3,1)(5,3,1)(6,1,0)	psi(W_W_w*W_(w+1)+W_W)	psi(W_W_w*W_(w+1)+W_W)	
3176	(0,0,0)(1,1,1)(2,1,1)(3,1,0)(1,1,1)(2,1,0)(3,2,1)(4,2,1)(5,1,0)(4,2,0)(3,2,0)(4,3,1)(5,3,1)(6,1,0)(5,2,0)(4,3,1)(5,3,1)(6,1,0)(1,1,1)	psi(W_W_w*W_(w+1)+W_W_w)	psi(W_W_w*W_(w+1)+W_W_w)	
3177	(0,0,0)(1,1,1)(2,1,1)(3,1,0)(1,1,1)(2,1,0)(3,2,1)(4,2,1)(5,1,0)(4,2,0)(3,2,0)(4,3,1)(5,3,1)(6,1,0)(5,2,0)(4,3,1)(5,3,1)(6,1,0)(5,2,0)	psi(W_W_w*W_(w+1)*2)	psi(W_W_w*W_(w+1)*2)	
3178	(0,0,0)(1,1,1)(2,1,1)(3,1,0)(1,1,1)(2,1,0)(3,2,1)(4,2,1)(5,1,0)(4,2,0)(3,2,0)(4,3,1)(5,3,1)(6,1,0)(5,2,0)(5,2,0)	psi(W_W_w*W_(w+1)^2)	psi(W_W_w*W_(w+1)^2)	
3179	(0,0,0)(1,1,1)(2,1,1)(3,1,0)(1,1,1)(2,1,0)(3,2,1)(4,2,1)(5,1,0)(4,2,0)(3,2,0)(4,3,1)(5,3,1)(6,1,0)(5,2,0)(6,3,0)	psi(W_W_w*psi_W_(w+2)(W_(w+3)))	psi(W_W_w*psi_W_(w+2)(W_(w+3)))	
3180	(0,0,0)(1,1,1)(2,1,1)(3,1,0)(1,1,1)(2,1,0)(3,2,1)(4,2,1)(5,1,0)(4,2,0)(3,2,0)(4,3,1)(5,3,1)(6,1,0)(5,3,0)	psi(W_W_w*W_(w+2))	psi(W_W_w*W_(w+2))	
3181	(0,0,0)(1,1,1)(2,1,1)(3,1,0)(1,1,1)(2,1,0)(3,2,1)(4,2,1)(5,1,0)(4,2,0)(3,2,0)(4,3,1)(5,3,1)(6,1,0)(5,3,0)(4,3,0)(5,4,1)(6,4,1)(7,1,0)(6,4,0)	psi(W_W_w*W_(w+3))	psi(W_W_w*W_(w+3))	
3182	(0,0,0)(1,1,1)(2,1,1)(3,1,0)(1,1,1)(2,1,0)(3,2,1)(4,2,1)(5,1,0)(4,2,0)(3,2,1)	psi(W_W_w*W_(w2))	psi(W_W_w*W_(w2))	
3183	(0,0,0)(1,1,1)(2,1,1)(3,1,0)(1,1,1)(2,1,0)(3,2,1)(4,2,1)(5,1,0)(4,2,0)(3,2,1)(3,2,1)	psi(W_W_w*W_(w2)+W_(w2))	psi(W_W_w*W_(w2)+W_(w2))	
3184	(0,0,0)(1,1,1)(2,1,1)(3,1,0)(1,1,1)(2,1,0)(3,2,1)(4,2,1)(5,1,0)(4,2,0)(3,2,1)(4,2,0)	psi(W_W_w*W_(w2)+W_(w2)*W_(w+1)))	psi(W_W_w*W_(w2)+W_(w2)*W_(w+1))	paren-1
3185	(0,0,0)(1,1,1)(2,1,1)(3,1,0)(1,1,1)(2,1,0)(3,2,1)(4,2,1)(5,1,0)(4,2,0)(3,2,1)(4,2,0)(5,3,1)(6,3,1)(7,1,0)	psi(W_W_w*W_(w2)+psi_W_(w2+1)(W_W))	psi(W_W_w*W_(w2)+psi_W_(w2+1)(W_W))	
3186	(0,0,0)(1,1,1)(2,1,1)(3,1,0)(1,1,1)(2,1,0)(3,2,1)(4,2,1)(5,1,0)(4,2,0)(3,2,1)(4,2,0)(5,3,1)(6,3,1)(7,1,0)(1,1,1)	psi(W_W_w*W_(w2)+psi_W_(w2+1)(W_W_w))	psi(W_W_w*W_(w2)+psi_W_(w2+1)(W_W_w))	
3187	(0,0,0)(1,1,1)(2,1,1)(3,1,0)(1,1,1)(2,1,0)(3,2,1)(4,2,1)(5,1,0)(4,2,0)(3,2,1)(4,2,0)(5,3,1)(6,3,1)(7,1,0)(6,2,0)	psi(W_W_w*W_(w2)+psi_W_(w2+1)(W_W_w*W_(w+1)))	psi(W_W_w*W_(w2)+psi_W_(w2+1)(W_W_w*W_(w+1)))	
3188	(0,0,0)(1,1,1)(2,1,1)(3,1,0)(1,1,1)(2,1,0)(3,2,1)(4,2,1)(5,1,0)(4,2,0)(3,2,1)(4,2,0)(5,3,1)(6,3,1)(7,1,0)(6,2,0)(3,2,1)	psi(W_W_w*W_(w2)+psi_W_(w2+1)(W_W_w*W_(w2)))	psi(W_W_w*W_(w2)+psi_W_(w2+1)(W_W_w*W_(w2)))	
3189	(0,0,0)(1,1,1)(2,1,1)(3,1,0)(1,1,1)(2,1,0)(3,2,1)(4,2,1)(5,1,0)(4,2,0)(3,2,1)(4,2,0)(5,3,1)(6,3,1)(7,1,0)(6,2,0)(5,3,0)	psi(W_W_w*W_(w2)+W_(w2+1))	psi(W_W_w*W_(w2)+W_(w2+1))	
3190	(0,0,0)(1,1,1)(2,1,1)(3,1,0)(1,1,1)(2,1,0)(3,2,1)(4,2,1)(5,1,0)(4,2,0)(3,2,1)(4,2,0)(5,3,1)(6,3,1)(7,1,0)(6,2,0)(5,3,1)	psi(W_W_w*W_(w2)+W_(w3)))	psi(W_W_w*W_(w2)+W_(w3))	paren-1
3191	(0,0,0)(1,1,1)(2,1,1)(3,1,0)(1,1,1)(2,1,0)(3,2,1)(4,2,1)(5,1,0)(4,2,0)(3,2,1)(4,2,0)(5,3,1)(6,3,1)(7,1,0)(6,2,0)(5,3,1)(6,3,1)(7,1,0)	psi(W_W_w*W_(w2)+W_W)	psi(W_W_w*W_(w2)+W_W)	
3192	(0,0,0)(1,1,1)(2,1,1)(3,1,0)(1,1,1)(2,1,0)(3,2,1)(4,2,1)(5,1,0)(4,2,0)(3,2,1)(4,2,0)(5,3,1)(6,3,1)(7,1,0)(6,2,0)(5,3,1)(6,3,1)(7,1,0)(1,1,1)	psi(W_W_w*W_(w2)+W_W_w)	psi(W_W_w*W_(w2)+W_W_w)	
3193	(0,0,0)(1,1,1)(2,1,1)(3,1,0)(1,1,1)(2,1,0)(3,2,1)(4,2,1)(5,1,0)(4,2,0)(3,2,1)(4,2,0)(5,3,1)(6,3,1)(7,1,0)(6,2,0)(5,3,1)(6,3,1)(7,1,0)(6,2,0)	psi(W_W_w*W_(w2)+W_W_w*W_(w+1))	psi(W_W_w*W_(w2)+W_W_w*W_(w+1))	
3194	(0,0,0)(1,1,1)(2,1,1)(3,1,0)(1,1,1)(2,1,0)(3,2,1)(4,2,1)(5,1,0)(4,2,0)(3,2,1)(4,2,0)(5,3,1)(6,3,1)(7,1,0)(6,2,0)(5,3,1)(6,3,1)(7,1,0)(6,2,0)(3,2,1)	psi(W_W_w*W_(w2)*2)	psi(W_W_w*W_(w2)*2)	
3195	(0,0,0)(1,1,1)(2,1,1)(3,1,0)(1,1,1)(2,1,0)(3,2,1)(4,2,1)(5,1,0)(4,2,0)(3,2,1)(4,2,0)(5,3,1)(6,3,1)(7,1,0)(6,2,0)(6,2,0)(3,2,1)	psi(W_W_w*W_(w2)^2)	psi(W_W_w*W_(w2)^2)	
3196	(0,0,0)(1,1,1)(2,1,1)(3,1,0)(1,1,1)(2,1,0)(3,2,1)(4,2,1)(5,1,0)(4,2,0)(3,2,1)(4,2,0)(5,3,1)(6,3,1)(7,1,0)(6,3,0)	psi(W_W_w*W_(w2+1))	psi(W_W_w*W_(w2+1))	
3197	(0,0,0)(1,1,1)(2,1,1)(3,1,0)(1,1,1)(2,1,0)(3,2,1)(4,2,1)(5,1,0)(4,2,0)(3,2,1)(4,2,0)(5,3,1)(6,3,1)(7,1,0)(6,3,0)(5,3,0)(6,4,1)(7,4,1)(8,1,0)(7,4,0)	psi(W_W_w*W_(w2+2))	psi(W_W_w*W_(w2+2))	
3198	(0,0,0)(1,1,1)(2,1,1)(3,1,0)(1,1,1)(2,1,0)(3,2,1)(4,2,1)(5,1,0)(4,2,0)(3,2,1)(4,2,0)(5,3,1)(6,3,1)(7,1,0)(6,3,0)(5,3,1)	psi(W_W_w*W_(w3))	psi(W_W_w*W_(w3))	
3199	(0,0,0)(1,1,1)(2,1,1)(3,1,0)(1,1,1)(2,1,0)(3,2,1)(4,2,1)(5,1,0)(4,2,0)(3,2,1)(4,2,0)(5,3,1)(6,3,1)(7,1,0)(6,3,0)(5,3,1)(6,3,0)(7,4,1)(8,4,1)(9,1,0)(8,4,0)(7,4,1)	psi(W_W_w*W_(w4))	psi(W_W_w*W_(w4))	
3200	(0,0,0)(1,1,1)(2,1,1)(3,1,0)(1,1,1)(2,1,0)(3,2,1)(4,2,1)(5,1,0)(4,2,0)(3,2,1)(4,2,1)	psi(W_W_w*W_(w^2))	psi(W_W_w*W_(w^2))	
3201	(0,0,0)(1,1,1)(2,1,1)(3,1,0)(1,1,1)(2,1,0)(3,2,1)(4,2,1)(5,1,0)(4,2,0)(3,2,1)(4,2,1)(3,2,1)(4,2,1)	psi(W_W_w*W_(w^2)+W_(w^2))	psi(W_W_w*W_(w^2)+W_(w^2))	
3202	(0,0,0)(1,1,1)(2,1,1)(3,1,0)(1,1,1)(2,1,0)(3,2,1)(4,2,1)(5,1,0)(4,2,0)(3,2,1)(4,2,1)(4,2,0)(5,3,1)(6,3,1)(7,1,0)	psi(W_W_w*W_(w^2)+psi_W_(w^2+1)(W_W))	psi(W_W_w*W_(w^2)+psi_W_(w^2+1)(W_W))	
3203	(0,0,0)(1,1,1)(2,1,1)(3,1,0)(1,1,1)(2,1,0)(3,2,1)(4,2,1)(5,1,0)(4,2,0)(3,2,1)(4,2,1)(4,2,0)(5,3,1)(6,3,1)(7,1,0)(1,1,1)	psi(W_W_w*W_(w^2)+psi_W_(w^2+1)(W_W_w))	psi(W_W_w*W_(w^2)+psi_W_(w^2+1)(W_W_w))	
3204	(0,0,0)(1,1,1)(2,1,1)(3,1,0)(1,1,1)(2,1,0)(3,2,1)(4,2,1)(5,1,0)(4,2,0)(3,2,1)(4,2,1)(4,2,0)(5,3,1)(6,3,1)(7,1,0)(6,2,0)	psi(W_W_w*W_(w^2)+psi_W_(w^2+1)(W_W_w*W_(w+1)))	psi(W_W_w*W_(w^2)+psi_W_(w^2+1)(W_W_w*W_(w+1)))	
3205	(0,0,0)(1,1,1)(2,1,1)(3,1,0)(1,1,1)(2,1,0)(3,2,1)(4,2,1)(5,1,0)(4,2,0)(3,2,1)(4,2,1)(4,2,0)(5,3,1)(6,3,1)(7,1,0)(6,2,0)(3,2,1)(4,2,1)	psi(W_W_w*W_(w^2)+psi_W_(w^2+1)(W_W_w*W_(w^2)))	psi(W_W_w*W_(w^2)+psi_W_(w^2+1)(W_W_w*W_(w^2)))	
3206	(0,0,0)(1,1,1)(2,1,1)(3,1,0)(1,1,1)(2,1,0)(3,2,1)(4,2,1)(5,1,0)(4,2,0)(3,2,1)(4,2,1)(4,2,0)(5,3,1)(6,3,1)(7,1,0)(6,2,0)(5,3,1)(6,3,1)(7,1,0)(1,1,1)	psi(W_W_w*W_(w^2)+W_W_w)	psi(W_W_w*W_(w^2)+W_W_w)	
3207	(0,0,0)(1,1,1)(2,1,1)(3,1,0)(1,1,1)(2,1,0)(3,2,1)(4,2,1)(5,1,0)(4,2,0)(3,2,1)(4,2,1)(4,2,0)(5,3,1)(6,3,1)(7,1,0)(6,2,0)(5,3,1)(6,3,1)(7,1,0)(6,2,0)(3,2,1)(4,2,1)	psi(W_W_w*W_(w^2)*2)	psi(W_W_w*W_(w^2)*2)	
3208	(0,0,0)(1,1,1)(2,1,1)(3,1,0)(1,1,1)(2,1,0)(3,2,1)(4,2,1)(5,1,0)(4,2,0)(3,2,1)(4,2,1)(4,2,0)(5,3,1)(6,3,1)(7,1,0)(6,2,0)(7,3,0)	psi(W_W_w*psi_W_(w^2+1)(W_(w^2+1)))	psi(W_W_w*psi_W_(w^2+1)(W_(w^2+1)))	
3209	(0,0,0)(1,1,1)(2,1,1)(3,1,0)(1,1,1)(2,1,0)(3,2,1)(4,2,1)(5,1,0)(4,2,0)(3,2,1)(4,2,1)(4,2,0)(5,3,1)(6,3,1)(7,1,0)(6,3,0)	psi(W_W_w*W_(w^2+1))	psi(W_W_w*W_(w^2+1))	
3210	(0,0,0)(1,1,1)(2,1,1)(3,1,0)(1,1,1)(2,1,0)(3,2,1)(4,2,1)(5,1,0)(4,2,0)(3,2,1)(4,2,1)(4,2,0)(5,3,1)(6,3,1)(7,1,0)(6,3,0)(5,3,0)(6,4,1)(7,4,1)(8,1,0)(7,4,0)	psi(W_W_w*W_(w^2+2))	psi(W_W_w*W_(w^2+2))	
3211	(0,0,0)(1,1,1)(2,1,1)(3,1,0)(1,1,1)(2,1,0)(3,2,1)(4,2,1)(5,1,0)(4,2,0)(3,2,1)(4,2,1)(4,2,0)(5,3,1)(6,3,1)(7,1,0)(6,3,0)(5,3,1)	psi(W_W_w*W_(w^2+w))	psi(W_W_w*W_(w^2+w))	
3212	(0,0,0)(1,1,1)(2,1,1)(3,1,0)(1,1,1)(2,1,0)(3,2,1)(4,2,1)(5,1,0)(4,2,0)(3,2,1)(4,2,1)(4,2,0)(5,3,1)(6,3,1)(7,1,0)(6,3,0)(5,3,1)(6,3,0)(7,4,1)(8,4,1)(9,1,0)(8,4,0)(7,4,1)	psi(W_W_w*W_(w^2+w2))	psi(W_W_w*W_(w^2+w2))	
3213	(0,0,0)(1,1,1)(2,1,1)(3,1,0)(1,1,1)(2,1,0)(3,2,1)(4,2,1)(5,1,0)(4,2,0)(3,2,1)(4,2,1)(4,2,0)(5,3,1)(6,3,1)(7,1,0)(6,3,0)(5,3,1)(6,3,1)	psi(W_W_w*W_(w^2*2))	psi(W_W_w*W_(w^2*2))	
3214	(0,0,0)(1,1,1)(2,1,1)(3,1,0)(1,1,1)(2,1,0)(3,2,1)(4,2,1)(5,1,0)(4,2,0)(3,2,1)(4,2,1)(4,2,0)(5,3,1)(6,3,1)(7,1,0)(6,3,0)(5,3,1)(6,3,1)(6,3,0)(7,4,1)(8,4,1)(9,1,0)(8,4,0)(7,4,1)(8,4,1)	psi(W_W_w*W_(w^2*3))	psi(W_W_w*W_(w^2*3))	
3215	(0,0,0)(1,1,1)(2,1,1)(3,1,0)(1,1,1)(2,1,0)(3,2,1)(4,2,1)(5,1,0)(4,2,0)(3,2,1)(4,2,1)(4,2,1)	psi(W_W_w*W_(w^3))	psi(W_W_w*W_(w^3))	
3216	(0,0,0)(1,1,1)(2,1,1)(3,1,0)(1,1,1)(2,1,0)(3,2,1)(4,2,1)(5,1,0)(4,2,0)(3,2,1)(4,2,1)(4,2,1)(4,2,1)	psi(W_W_w*W_(w^4))	psi(W_W_w*W_(w^4))	
3217	(0,0,0)(1,1,1)(2,1,1)(3,1,0)(1,1,1)(2,1,0)(3,2,1)(4,2,1)(5,1,0)(4,2,0)(3,2,1)(4,2,1)(5,0,0)	psi(W_W_w*W_(w^w))	psi(W_W_w*W_(w^w))	
3218	(0,0,0)(1,1,1)(2,1,1)(3,1,0)(1,1,1)(2,1,0)(3,2,1)(4,2,1)(5,1,0)(4,2,0)(3,2,1)(4,2,1)(5,0,0)(6,1,1)	psi(W_W_w*W_psi(W_w))	psi(W_W_w*W_psi(W_w))	
3219	(0,0,0)(1,1,1)(2,1,1)(3,1,0)(1,1,1)(2,1,0)(3,2,1)(4,2,1)(5,1,0)(4,2,0)(3,2,1)(4,2,1)(5,1,0)	psi(W_W_w*W_W)	psi(W_W_w*W_W)	
3220	(0,0,0)(1,1,1)(2,1,1)(3,1,0)(1,1,1)(2,1,0)(3,2,1)(4,2,1)(5,1,0)(4,2,0)(3,2,1)(4,2,1)(5,1,0)(1,1,0)(2,2,1)(3,2,1)(4,2,0)(2,2,1)	psi(W_W_w*W_W+psi_1(W_W_w))	psi(W_W_w*W_W+psi_1(W_W_w))	
3221	(0,0,0)(1,1,1)(2,1,1)(3,1,0)(1,1,1)(2,1,0)(3,2,1)(4,2,1)(5,1,0)(4,2,0)(3,2,1)(4,2,1)(5,1,0)(1,1,0)(2,2,1)(3,2,1)(4,2,0)(2,2,1)(3,2,0)(4,3,1)(5,3,1)(6,2,0)(5,2,0)(2,2,1)	psi(W_W_w*W_W+psi_1(W_W_w*W_w))	psi(W_W_w*W_W+psi_1(W_W_w*W_w))	
3222	(0,0,0)(1,1,1)(2,1,1)(3,1,0)(1,1,1)(2,1,0)(3,2,1)(4,2,1)(5,1,0)(4,2,0)(3,2,1)(4,2,1)(5,1,0)(1,1,0)(2,2,1)(3,2,1)(4,2,0)(2,2,1)(3,2,0)(4,3,1)(5,3,1)(6,2,0)(5,3,0)(4,3,1)(5,3,1)(6,1,0)	psi(W_W_w*W_W+psi_1(W_W_w*W_W))	psi(W_W_w*W_W+psi_1(W_W_w*W_W))	
3223	(0,0,0)(1,1,1)(2,1,1)(3,1,0)(1,1,1)(2,1,0)(3,2,1)(4,2,1)(5,1,0)(4,2,0)(3,2,1)(4,2,1)(5,1,0)(1,1,0)(2,2,1)(3,2,1)(4,2,0)(2,2,1)(3,2,0)(4,3,1)(5,3,1)(6,2,0)(5,3,0)(4,3,1)(5,3,1)(6,1,0)(2,2,1)	psi(W_W_w*W_W+W_w)	psi(W_W_w*W_W+W_w)	
3224	(0,0,0)(1,1,1)(2,1,1)(3,1,0)(1,1,1)(2,1,0)(3,2,1)(4,2,1)(5,1,0)(4,2,0)(3,2,1)(4,2,1)(5,1,0)(1,1,0)(2,2,1)(3,2,1)(4,2,0)(2,2,1)(3,2,0)(4,3,1)(5,3,1)(6,2,0)(5,3,0)(4,3,1)(5,3,1)(6,1,0)(4,3,0)	psi(W_W_w*W_W+W_(w+1))	psi(W_W_w*W_W+W_(w+1))	
3225	(0,0,0)(1,1,1)(2,1,1)(3,1,0)(1,1,1)(2,1,0)(3,2,1)(4,2,1)(5,1,0)(4,2,0)(3,2,1)(4,2,1)(5,1,0)(1,1,0)(2,2,1)(3,2,1)(4,2,0)(2,2,1)(3,2,0)(4,3,1)(5,3,1)(6,2,0)(5,3,0)(4,3,1)(5,3,1)(6,1,0)(4,3,1)(5,3,1)	psi(W_W_w*W_W+W_(w^2))	psi(W_W_w*W_W+W_(w^2))	
3226	(0,0,0)(1,1,1)(2,1,1)(3,1,0)(1,1,1)(2,1,0)(3,2,1)(4,2,1)(5,1,0)(4,2,0)(3,2,1)(4,2,1)(5,1,0)(1,1,0)(2,2,1)(3,2,1)(4,2,0)(2,2,1)(3,2,0)(4,3,1)(5,3,1)(6,2,0)(5,3,0)(4,3,1)(5,3,1)(6,1,0)(4,3,1)(5,3,1)(6,1,0)	psi(W_W_w*W_W+W_W)	psi(W_W_w*W_W+W_W)	
3227	(0,0,0)(1,1,1)(2,1,1)(3,1,0)(1,1,1)(2,1,0)(3,2,1)(4,2,1)(5,1,0)(4,2,0)(3,2,1)(4,2,1)(5,1,0)(1,1,0)(2,2,1)(3,2,1)(4,2,0)(2,2,1)(3,2,0)(4,3,1)(5,3,1)(6,2,0)(5,3,0)(4,3,1)(5,3,1)(6,1,0)(5,3,0)(6,4,1)(7,4,1)(8,2,0)(7,3,0)(6,4,1)(7,4,1)(8,2,0)(2,2,1)	psi(W_W_w*W_W+W_W_w)	psi(W_W_w*W_W+W_W_w)	
3228	(0,0,0)(1,1,1)(2,1,1)(3,1,0)(1,1,1)(2,1,0)(3,2,1)(4,2,1)(5,1,0)(4,2,0)(3,2,1)(4,2,1)(5,1,0)(1,1,0)(2,2,1)(3,2,1)(4,2,0)(2,2,1)(3,2,0)(4,3,1)(5,3,1)(6,2,0)(5,3,0)(4,3,1)(5,3,1)(6,1,0)(5,3,0)(6,4,1)(7,4,1)(8,2,0)(7,3,0)(6,4,1)(7,4,1)(8,2,0)(7,3,0)	psi(W_W_w*W_W+W_W_w*W_(w+1))	psi(W_W_w*W_W+W_W_w*W_(w+1))	
3229	(0,0,0)(1,1,1)(2,1,1)(3,1,0)(1,1,1)(2,1,0)(3,2,1)(4,2,1)(5,1,0)(4,2,0)(3,2,1)(4,2,1)(5,1,0)(1,1,0)(2,2,1)(3,2,1)(4,2,0)(2,2,1)(3,2,0)(4,3,1)(5,3,1)(6,2,0)(5,3,0)(4,3,1)(5,3,1)(6,1,0)(5,3,0)(6,4,1)(7,4,1)(8,2,0)(7,3,0)(6,4,1)(7,4,1)(8,2,0)(7,3,0)(4,3,1)(5,3,1)(6,1,0)	psi(W_W_w*W_W*2)	psi(W_W_w*W_W*2)	
3230	(0,0,0)(1,1,1)(2,1,1)(3,1,0)(1,1,1)(2,1,0)(3,2,1)(4,2,1)(5,1,0)(4,2,0)(3,2,1)(4,2,1)(5,1,0)(1,1,0)(2,2,1)(3,2,1)(4,2,0)(2,2,1)(3,2,0)(4,3,1)(5,3,1)(6,2,0)(5,3,0)(4,3,1)(5,3,1)(6,1,0)(5,3,0)(6,4,1)(7,4,1)(8,2,0)(7,3,0)(7,3,0)(4,3,1)(5,3,1)(6,1,0)	psi(W_W_w*W_W^2)	psi(W_W_w*W_W^2)	
3231	(0,0,0)(1,1,1)(2,1,1)(3,1,0)(1,1,1)(2,1,0)(3,2,1)(4,2,1)(5,1,0)(4,2,0)(3,2,1)(4,2,1)(5,1,0)(1,1,0)(2,2,1)(3,2,1)(4,2,0)(2,2,1)(3,2,0)(4,3,1)(5,3,1)(6,2,0)(5,3,0)(4,3,1)(5,3,1)(6,1,0)(5,3,0)(6,4,1)(7,4,1)(8,2,0)(7,3,0)(8,4,0)	psi(W_W_w*psi_W_(W+1)(W_(W+1)))	psi(W_W_w*psi_W_(W+1)(W_(W+1)))	
3232	(0,0,0)(1,1,1)(2,1,1)(3,1,0)(1,1,1)(2,1,0)(3,2,1)(4,2,1)(5,1,0)(4,2,0)(3,2,1)(4,2,1)(5,1,0)(1,1,0)(2,2,1)(3,2,1)(4,2,0)(2,2,1)(3,2,0)(4,3,1)(5,3,1)(6,2,0)(5,3,0)(4,3,1)(5,3,1)(6,1,0)(5,3,0)(6,4,1)(7,4,1)(8,2,0)(7,4,0)	psi(W_W_w*W_(W+1))	psi(W_W_w*W_(W+1))	
3233	(0,0,0)(1,1,1)(2,1,1)(3,1,0)(1,1,1)(2,1,0)(3,2,1)(4,2,1)(5,1,0)(4,2,0)(3,2,1)(4,2,1)(5,1,0)(1,1,0)(2,2,1)(3,2,1)(4,2,0)(2,2,1)(3,2,0)(4,3,1)(5,3,1)(6,2,0)(5,3,0)(4,3,1)(5,3,1)(6,1,0)(5,3,0)(6,4,1)(7,4,1)(8,2,0)(7,4,0)(6,4,1)	psi(W_W_w*W_(W+w))	psi(W_W_w*W_(W+w))	
3234	(0,0,0)(1,1,1)(2,1,1)(3,1,0)(1,1,1)(2,1,0)(3,2,1)(4,2,1)(5,1,0)(4,2,0)(3,2,1)(4,2,1)(5,1,0)(1,1,0)(2,2,1)(3,2,1)(4,2,0)(2,2,1)(3,2,0)(4,3,1)(5,3,1)(6,2,0)(5,3,0)(4,3,1)(5,3,1)(6,1,0)(5,3,0)(6,4,1)(7,4,1)(8,2,0)(7,4,0)(6,4,1)(7,4,1)	psi(W_W_w*W_(W+w^2))	psi(W_W_w*W_(W+w^2))	
3235	(0,0,0)(1,1,1)(2,1,1)(3,1,0)(1,1,1)(2,1,0)(3,2,1)(4,2,1)(5,1,0)(4,2,0)(3,2,1)(4,2,1)(5,1,0)(1,1,0)(2,2,1)(3,2,1)(4,2,0)(2,2,1)(3,2,0)(4,3,1)(5,3,1)(6,2,0)(5,3,0)(4,3,1)(5,3,1)(6,1,0)(5,3,0)(6,4,1)(7,4,1)(8,2,0)(7,4,0)(6,4,1)(7,4,1)(8,1,0)	psi(W_W_w*W_(W2))	psi(W_W_w*W_(W2))	
3236	(0,0,0)(1,1,1)(2,1,1)(3,1,0)(1,1,1)(2,1,0)(3,2,1)(4,2,1)(5,1,0)(4,2,0)(3,2,1)(4,2,1)(5,1,0)(1,1,0)(2,2,1)(3,2,1)(4,2,0)(2,2,1)(3,2,0)(4,3,1)(5,3,1)(6,2,0)(5,3,0)(4,3,1)(5,3,1)(6,1,0)(5,3,1)	psi(W_W_w*W_(W*w))	psi(W_W_w*W_(W*w))	
3237	(0,0,0)(1,1,1)(2,1,1)(3,1,0)(1,1,1)(2,1,0)(3,2,1)(4,2,1)(5,1,0)(4,2,0)(3,2,1)(4,2,1)(5,1,0)(1,1,0)(2,2,1)(3,2,1)(4,2,0)(2,2,1)(3,2,0)(4,3,1)(5,3,1)(6,2,0)(5,3,0)(4,3,1)(5,3,1)(6,1,0)(5,3,1)(6,1,0)	psi(W_W_w*W_(W^2))	psi(W_W_w*W_(W^2))	
3238	(0,0,0)(1,1,1)(2,1,1)(3,1,0)(1,1,1)(2,1,0)(3,2,1)(4,2,1)(5,1,0)(4,2,0)(3,2,1)(4,2,1)(5,1,0)(1,1,0)(2,2,1)(3,2,1)(4,2,0)(2,2,1)(3,2,0)(4,3,1)(5,3,1)(6,2,0)(5,3,0)(4,3,1)(5,3,1)(6,1,0)(6,1,0)	psi(W_W_w*W_(W^W))	psi(W_W_w*W_(W^W))	
3239	(0,0,0)(1,1,1)(2,1,1)(3,1,0)(1,1,1)(2,1,0)(3,2,1)(4,2,1)(5,1,0)(4,2,0)(3,2,1)(4,2,1)(5,1,0)(1,1,0)(2,2,1)(3,2,1)(4,2,0)(2,2,1)(3,2,0)(4,3,1)(5,3,1)(6,2,0)(5,3,0)(4,3,1)(5,3,1)(6,1,0)(7,2,1)	psi(W_W_w*W_psi_1(W_w))	psi(W_W_w*W_psi_1(W_w))	
3240	(0,0,0)(1,1,1)(2,1,1)(3,1,0)(1,1,1)(2,1,0)(3,2,1)(4,2,1)(5,1,0)(4,2,0)(3,2,1)(4,2,1)(5,1,0)(1,1,0)(2,2,1)(3,2,1)(4,2,0)(2,2,1)(3,2,0)(4,3,1)(5,3,1)(6,2,0)(5,3,0)(4,3,1)(5,3,1)(6,2,0)	psi(W_W_w*W_W_2)	psi(W_W_w*W_W_2)	
3241	(0,0,0)(1,1,1)(2,1,1)(3,1,0)(1,1,1)(2,1,0)(3,2,1)(4,2,1)(5,1,0)(4,2,0)(3,2,1)(4,2,1)(5,1,0)(1,1,0)(2,2,1)(3,2,1)(4,2,0)(2,2,1)(3,2,0)(4,3,1)(5,3,1)(6,2,0)(5,3,0)(4,3,1)(5,3,1)(6,2,0)(2,2,0)(3,3,1)(4,3,1)(5,3,0)(3,3,1)(4,3,0)(5,4,1)(6,4,1)(7,3,0)(6,4,0)(5,3,1)(6,4,1)(7,3,0)	psi(W_W_w*W_W_3)	psi(W_W_w*W_W_3)	
3242	(0,0,0)(1,1,1)(2,1,1)(3,1,0)(1,1,1)(2,1,0)(3,2,1)(4,2,1)(5,1,0)(4,2,0)(3,2,1)(4,2,1)(5,1,0)(1,1,1)	psi(W_W_w^2)	psi(W_W_w^2)	
3243	(0,0,0)(1,1,1)(2,1,1)(3,1,0)(1,1,1)(2,1,0)(3,2,1)(4,2,1)(5,1,0)(4,2,0)(3,2,1)(4,2,1)(5,1,0)(1,1,1)(1,1,1)	psi(W_W_w^2+W_w)	psi(W_W_w^2+W_w)	
3244	(0,0,0)(1,1,1)(2,1,1)(3,1,0)(1,1,1)(2,1,0)(3,2,1)(4,2,1)(5,1,0)(4,2,0)(3,2,1)(4,2,1)(5,1,0)(3,2,0)	psi(W_W_w^2+W_(w+1))	psi(W_W_w^2+W_(w+1))	
3245	(0,0,0)(1,1,1)(2,1,1)(3,1,0)(1,1,1)(2,1,0)(3,2,1)(4,2,1)(5,1,0)(4,2,0)(3,2,1)(4,2,1)(5,1,0)(3,2,1)	psi(W_W_w^2+W_(w2))	psi(W_W_w^2+W_(w2))	
3246	(0,0,0)(1,1,1)(2,1,1)(3,1,0)(1,1,1)(2,1,0)(3,2,1)(4,2,1)(5,1,0)(4,2,0)(3,2,1)(4,2,1)(5,1,0)(3,2,1)(4,2,1)	psi(W_W_w^2+W_(w^2))	psi(W_W_w^2+W_(w^2))	
3247	(0,0,0)(1,1,1)(2,1,1)(3,1,0)(1,1,1)(2,1,0)(3,2,1)(4,2,1)(5,1,0)(4,2,0)(3,2,1)(4,2,1)(5,1,0)(3,2,1)(4,2,1)(5,1,0)	psi(W_W_w^2+W_W)	psi(W_W_w^2+W_W)	
3248	(0,0,0)(1,1,1)(2,1,1)(3,1,0)(1,1,1)(2,1,0)(3,2,1)(4,2,1)(5,1,0)(4,2,0)(3,2,1)(4,2,1)(5,1,0)(3,2,1)(4,2,1)(5,1,0)(1,1,1)	psi(W_W_w^2+W_W_w)	psi(W_W_w^2+W_W_w)	
3249	(0,0,0)(1,1,1)(2,1,1)(3,1,0)(1,1,1)(2,1,0)(3,2,1)(4,2,1)(5,1,0)(4,2,0)(3,2,1)(4,2,1)(5,1,0)(3,2,1)(4,2,1)(5,1,0)(3,2,1)(4,2,1)(5,1,0)(1,1,1)	psi(W_W_w^2+W_W_w*2)	psi(W_W_w^2+W_W_w*2)	
3250	(0,0,0)(1,1,1)(2,1,1)(3,1,0)(1,1,1)(2,1,0)(3,2,1)(4,2,1)(5,1,0)(4,2,0)(3,2,1)(4,2,1)(5,1,0)(4,1,0)	psi(W_W_w^2+W_W_w*W)	psi(W_W_w^2+W_W_w*W)	
3251	(0,0,0)(1,1,1)(2,1,1)(3,1,0)(1,1,1)(2,1,0)(3,2,1)(4,2,1)(5,1,0)(4,2,0)(3,2,1)(4,2,1)(5,1,0)(4,1,0)(1,1,0)(2,2,1)(3,2,1)(4,2,0)(2,2,1)(3,2,0)(4,3,1)(5,3,1)(6,2,0)(5,3,0)(4,3,1)(5,3,1)(6,2,0)(5,2,0)	psi(W_W_w^2+W_W_w*W_2)	psi(W_W_w^2+W_W_w*W_2)	
3252	(0,0,0)(1,1,1)(2,1,1)(3,1,0)(1,1,1)(2,1,0)(3,2,1)(4,2,1)(5,1,0)(4,2,0)(3,2,1)(4,2,1)(5,1,0)(4,1,0)(1,1,1)	psi(W_W_w^2+W_W_w*W_w)	psi(W_W_w^2+W_W_w*W_w)	
3253	(0,0,0)(1,1,1)(2,1,1)(3,1,0)(1,1,1)(2,1,0)(3,2,1)(4,2,1)(5,1,0)(4,2,0)(3,2,1)(4,2,1)(5,1,0)(4,2,0)	psi(W_W_w^2+W_W_w*W_(w+1))	psi(W_W_w^2+W_W_w*W_(w+1))	
3254	(0,0,0)(1,1,1)(2,1,1)(3,1,0)(1,1,1)(2,1,0)(3,2,1)(4,2,1)(5,1,0)(4,2,0)(3,2,1)(4,2,1)(5,1,0)(4,2,0)(3,2,1)(4,2,1)(5,1,0)	psi(W_W_w^2+W_W_w*W_W)	psi(W_W_w^2+W_W_w*W_W)	
3255	(0,0,0)(1,1,1)(2,1,1)(3,1,0)(1,1,1)(2,1,0)(3,2,1)(4,2,1)(5,1,0)(4,2,0)(3,2,1)(4,2,1)(5,1,0)(4,2,0)(3,2,1)(4,2,1)(5,1,0)(1,1,1)	psi(W_W_w^2*2)	psi(W_W_w^2*2)	
3256	(0,0,0)(1,1,1)(2,1,1)(3,1,0)(1,1,1)(2,1,0)(3,2,1)(4,2,1)(5,1,0)(4,2,0)(3,2,1)(4,2,1)(5,1,0)(4,2,0)(3,2,1)(4,2,1)(5,1,0)(4,1,0)	psi(W_W_w^2*2+W_W_w*W)	psi(W_W_w^2*2+W_W_w*W)	
3257	(0,0,0)(1,1,1)(2,1,1)(3,1,0)(1,1,1)(2,1,0)(3,2,1)(4,2,1)(5,1,0)(4,2,0)(3,2,1)(4,2,1)(5,1,0)(4,2,0)(3,2,1)(4,2,1)(5,1,0)(4,2,0)(3,2,1)(4,2,1)(5,1,0)(1,1,1)	psi(W_W_w^2*3)	psi(W_W_w^2*3)	
3258	(0,0,0)(1,1,1)(2,1,1)(3,1,0)(1,1,1)(2,1,0)(3,2,1)(4,2,1)(5,1,0)(4,2,0)(4,2,0)	psi(W_W_w^2*W_2)	psi(W_W_w^2*W_2)	
3259	(0,0,0)(1,1,1)(2,1,1)(3,1,0)(1,1,1)(2,1,0)(3,2,1)(4,2,1)(5,1,0)(4,2,0)(4,2,0)(3,2,1)	psi(W_W_w^2*W_w)	psi(W_W_w^2*W_w)	
3260	(0,0,0)(1,1,1)(2,1,1)(3,1,0)(1,1,1)(2,1,0)(3,2,1)(4,2,1)(5,1,0)(4,2,0)(4,2,0)(3,2,1)(4,2,1)(5,1,0)	psi(W_W_w^2*W_W)	psi(W_W_w^2*W_W)	
3261	(0,0,0)(1,1,1)(2,1,1)(3,1,0)(1,1,1)(2,1,0)(3,2,1)(4,2,1)(5,1,0)(4,2,0)(4,2,0)(3,2,1)(4,2,1)(5,1,0)(1,1,0)(2,2,1)(3,2,1)(4,2,0)(2,2,1)(3,2,0)(4,3,1)(5,3,1)(6,2,0)(5,3,0)(5,3,0)(4,3,1)(5,3,1)(6,2,0)	psi(W_W_w^2*W_W_2)	psi(W_W_w^2*W_W_2)	
3262	(0,0,0)(1,1,1)(2,1,1)(3,1,0)(1,1,1)(2,1,0)(3,2,1)(4,2,1)(5,1,0)(4,2,0)(4,2,0)(3,2,1)(4,2,1)(5,1,0)(1,1,1)	psi(W_W_w^3)	psi(W_W_w^3)	
3263	(0,0,0)(1,1,1)(2,1,1)(3,1,0)(1,1,1)(2,1,0)(3,2,1)(4,2,1)(5,1,0)(4,2,0)(4,2,0)(4,2,0)(3,2,1)(4,2,1)(5,1,0)(1,1,1)	psi(W_W_w^4)	psi(W_W_w^4)	
3264	(0,0,0)(1,1,1)(2,1,1)(3,1,0)(1,1,1)(2,1,0)(3,2,1)(4,2,1)(5,1,0)(4,2,0)(5,1,0)	psi(W_W_w^W)	psi(W_W_w^W)	
3265	(0,0,0)(1,1,1)(2,1,1)(3,1,0)(1,1,1)(2,1,0)(3,2,1)(4,2,1)(5,1,0)(4,2,0)(5,1,0)(1,1,0)(2,2,1)(3,2,1)(4,2,0)(3,2,1)(4,2,0)(5,3,1)(6,3,1)(7,3,0)(6,2,0)(5,3,0)(6,2,0)	psi(W_W_w^W_2)	psi(W_W_w^W_2)	
3266	(0,0,0)(1,1,1)(2,1,1)(3,1,0)(1,1,1)(2,1,0)(3,2,1)(4,2,1)(5,1,0)(4,2,0)(5,1,0)(1,1,1)	psi(W_W_w^W_w)	psi(W_W_w^W_w)	
3267	(0,0,0)(1,1,1)(2,1,1)(3,1,0)(1,1,1)(2,1,0)(3,2,1)(4,2,1)(5,1,0)(4,2,0)(5,2,0)	psi(W_W_w^W_(w+1))	psi(W_W_w^W_(w+1))	
3268	(0,0,0)(1,1,1)(2,1,1)(3,1,0)(1,1,1)(2,1,0)(3,2,1)(4,2,1)(5,1,0)(4,2,0)(5,2,0)(3,2,1)(4,2,1)(5,1,0)	psi(W_W_w^W_W)	psi(W_W_w^W_W)	
3269	(0,0,0)(1,1,1)(2,1,1)(3,1,0)(1,1,1)(2,1,0)(3,2,1)(4,2,1)(5,1,0)(4,2,0)(5,2,0)(3,2,1)(4,2,1)(5,1,0)(1,1,1)	psi(W_W_w^W_W_w)	psi(W_W_w^W_W_w)	
3270	(0,0,0)(1,1,1)(2,1,1)(3,1,0)(1,1,1)(2,1,0)(3,2,1)(4,2,1)(5,1,0)(4,2,0)(5,2,0)(5,2,0)(3,2,1)(4,2,1)(5,1,0)(1,1,1)	psi(W_W_w^W_W_w^2)	psi(W_W_w^W_W_w^2)	
3271	(0,0,0)(1,1,1)(2,1,1)(3,1,0)(1,1,1)(2,1,0)(3,2,1)(4,2,1)(5,1,0)(4,2,0)(5,2,0)(6,2,0)(3,2,1)(4,2,1)(5,1,0)(1,1,1)	psi(W_W_w^W_W_w^W_W_w)	psi(W_W_w^W_W_w^W_W_w)	
3272	(0,0,0)(1,1,1)(2,1,1)(3,1,0)(1,1,1)(2,1,0)(3,2,1)(4,2,1)(5,1,0)(4,2,0)(5,3,0)	psi(W_(W_w+1))	psi(W_(W_w+1))	
3274	(0,0,0)(1,1,1)(2,1,1)(3,1,0)(1,1,1)(2,1,0)(3,2,1)(4,2,1)(5,1,0)(4,2,0)(5,3,0)(1,1,1)	psi(W_(W_w+1)+W_w)	psi(W_(W_w+1)+W_w)	
3275	(0,0,0)(1,1,1)(2,1,1)(3,1,0)(1,1,1)(2,1,0)(3,2,1)(4,2,1)(5,1,0)(4,2,0)(5,3,0)(3,2,0)	psi(W_(W_w+1)+W_(w+1))	psi(W_(W_w+1)+W_(w+1))	
3276	(0,0,0)(1,1,1)(2,1,1)(3,1,0)(1,1,1)(2,1,0)(3,2,1)(4,2,1)(5,1,0)(4,2,0)(5,3,0)(3,2,1)	psi(W_(W_w+1)+W_(w2))	psi(W_(W_w+1)+W_(w2))	
3277	(0,0,0)(1,1,1)(2,1,1)(3,1,0)(1,1,1)(2,1,0)(3,2,1)(4,2,1)(5,1,0)(4,2,0)(5,3,0)(3,2,1)(4,2,1)(5,1,0)	psi(W_(W_w+1)+W_W)	psi(W_(W_w+1)+W_W)	
3278	(0,0,0)(1,1,1)(2,1,1)(3,1,0)(1,1,1)(2,1,0)(3,2,1)(4,2,1)(5,1,0)(4,2,0)(5,3,0)(3,2,1)(4,2,1)(5,1,0)(1,1,1)	psi(W_(W_w+1)+W_W_w)	psi(W_(W_w+1)+W_W_w)	
3279	(0,0,0)(1,1,1)(2,1,1)(3,1,0)(1,1,1)(2,1,0)(3,2,1)(4,2,1)(5,1,0)(4,2,0)(5,3,0)(3,2,1)(4,2,1)(5,1,0)(3,2,1)(4,2,1)(5,1,0)(1,1,1)	psi(W_(W_w+1)+W_W_w*2)	psi(W_(W_w+1)+W_W_w*2)	
3280	(0,0,0)(1,1,1)(2,1,1)(3,1,0)(1,1,1)(2,1,0)(3,2,1)(4,2,1)(5,1,0)(4,2,0)(5,3,0)(3,2,1)(4,2,1)(5,1,0)(4,2,0)(3,2,1)(4,2,1)(5,1,0)(1,1,1)	psi(W_(W_w+1)+W_W_w^2)	psi(W_(W_w+1)+W_W_w^2)	
3281	(0,0,0)(1,1,1)(2,1,1)(3,1,0)(1,1,1)(2,1,0)(3,2,1)(4,2,1)(5,1,0)(4,2,0)(5,3,0)(3,2,1)(4,2,1)(5,1,0)(4,2,0)(5,3,0)	psi(W_(W_w+1)+psi_W_(W_w+1)(W_(W_w+1)))	psi(W_(W_w+1)+psi_W_(W_w+1)(W_(W_w+1)))	
3282	(0,0,0)(1,1,1)(2,1,1)(3,1,0)(1,1,1)(2,1,0)(3,2,1)(4,2,1)(5,1,0)(4,2,0)(5,3,0)(4,1,0)	psi(W_(W_w+1)+psi_W_(W_w+1)(W_(W_w+1))*W)	psi(W_(W_w+1)+psi_W_(W_w+1)(W_(W_w+1))*W)	
3283	(0,0,0)(1,1,1)(2,1,1)(3,1,0)(1,1,1)(2,1,0)(3,2,1)(4,2,1)(5,1,0)(4,2,0)(5,3,0)(4,2,0)	psi(W_(W_w+1)+psi_W_(W_w+1)(W_(W_w+1))*W_(w+1))	psi(W_(W_w+1)+psi_W_(W_w+1)(W_(W_w+1))*W_(w+1))	
3284	(0,0,0)(1,1,1)(2,1,1)(3,1,0)(1,1,1)(2,1,0)(3,2,1)(4,2,1)(5,1,0)(4,2,0)(5,3,0)(4,2,0)(5,3,0)	psi(W_(W_w+1)+psi_W_(W_w+1)(W_(W_w+1))^2)	psi(W_(W_w+1)+psi_W_(W_w+1)(W_(W_w+1))^2)	
3285	(0,0,0)(1,1,1)(2,1,1)(3,1,0)(1,1,1)(2,1,0)(3,2,1)(4,2,1)(5,1,0)(4,2,0)(5,3,0)(5,3,0)	psi(W_(W_w+1)*2)	psi(W_(W_w+1)*2)	
3286	(0,0,0)(1,1,1)(2,1,1)(3,1,0)(1,1,1)(2,1,0)(3,2,1)(4,2,1)(5,1,0)(4,2,0)(5,3,0)(6,1,0)(1,1,1)	psi(W_(W_w+1)*W_w)	psi(W_(W_w+1)*W_w)	
3287	(0,0,0)(1,1,1)(2,1,1)(3,1,0)(1,1,1)(2,1,0)(3,2,1)(4,2,1)(5,1,0)(4,2,0)(5,3,0)(6,2,0)	psi(W_(W_w+1)*W_(w+1))	psi(W_(W_w+1)*W_(w+1))	
3288	(0,0,0)(1,1,1)(2,1,1)(3,1,0)(1,1,1)(2,1,0)(3,2,1)(4,2,1)(5,1,0)(4,2,0)(5,3,0)(6,2,0)(3,2,0)	psi(W_(W_w+1)*W_(w+1)+W_(w+1))	psi(W_(W_w+1)*W_(w+1)+W_(w+1))	
3289	(0,0,0)(1,1,1)(2,1,1)(3,1,0)(1,1,1)(2,1,0)(3,2,1)(4,2,1)(5,1,0)(4,2,0)(5,3,0)(6,2,0)(3,2,1)	psi(W_(W_w+1)*W_(w2))	psi(W_(W_w+1)*W_(w2))	
3290	(0,0,0)(1,1,1)(2,1,1)(3,1,0)(1,1,1)(2,1,0)(3,2,1)(4,2,1)(5,1,0)(4,2,0)(5,3,0)(6,2,0)(3,2,1)(4,2,1)	psi(W_(W_w+1)*W_(w^2))	psi(W_(W_w+1)*W_(w^2))	
3291	(0,0,0)(1,1,1)(2,1,1)(3,1,0)(1,1,1)(2,1,0)(3,2,1)(4,2,1)(5,1,0)(4,2,0)(5,3,0)(6,2,0)(3,2,1)(4,2,1)(5,1,0)	psi(W_(W_w+1)*W_W)	psi(W_(W_w+1)*W_W)	
3292	(0,0,0)(1,1,1)(2,1,1)(3,1,0)(1,1,1)(2,1,0)(3,2,1)(4,2,1)(5,1,0)(4,2,0)(5,3,0)(6,2,0)(3,2,1)(4,2,1)(5,1,0)(1,1,0)(2,2,1)(3,2,1)(4,2,0)(2,2,1)(3,2,0)(4,3,1)(5,3,1)(6,2,0)(5,3,0)(6,4,0)(7,3,0)(4,3,1)(5,4,1)(6,2,0)	psi(W_(W_w+1)*W_W_2)	psi(W_(W_w+1)*W_W_2)	
3293	(0,0,0)(1,1,1)(2,1,1)(3,1,0)(1,1,1)(2,1,0)(3,2,1)(4,2,1)(5,1,0)(4,2,0)(5,3,0)(6,2,0)(3,2,1)(4,2,1)(5,1,0)(1,1,1)	psi(W_(W_w+1)*W_W_w)	psi(W_(W_w+1)*W_W_w)	
3294	(0,0,0)(1,1,1)(2,1,1)(3,1,0)(1,1,1)(2,1,0)(3,2,1)(4,2,1)(5,1,0)(4,2,0)(5,3,0)(6,2,0)(5,3,0)	psi(W_(W_w+1)*W_W_w+W_(W_w+1))	psi(W_(W_w+1)*W_W_w+W_(W_w+1))	
3295	(0,0,0)(1,1,1)(2,1,1)(3,1,0)(1,1,1)(2,1,0)(3,2,1)(4,2,1)(5,1,0)(4,2,0)(5,3,0)(6,2,0)(5,3,0)(6,2,0)(3,2,1)(4,2,1)(5,1,0)(1,1,1)	psi(W_(W_w+1)*W_W_w*2)	psi(W_(W_w+1)*W_W_w*2)	
3296	(0,0,0)(1,1,1)(2,1,1)(3,1,0)(1,1,1)(2,1,0)(3,2,1)(4,2,1)(5,1,0)(4,2,0)(5,3,0)(6,2,0)(6,2,0)(3,2,1)(4,2,1)(5,1,0)(1,1,1)	psi(W_(W_w+1)*W_W_w^2)	psi(W_(W_w+1)*W_W_w^2)	
3297	(0,0,0)(1,1,1)(2,1,1)(3,1,0)(1,1,1)(2,1,0)(3,2,1)(4,2,1)(5,1,0)(4,2,0)(5,3,0)(6,2,0)(7,3,0)	psi(W_(W_w+1)*psi_W_(W_w+1)(W_(W_w+1)))	psi(W_(W_w+1)*psi_W_(W_w+1)(W_(W_w+1)))	
3298	(0,0,0)(1,1,1)(2,1,1)(3,1,0)(1,1,1)(2,1,0)(3,2,1)(4,2,1)(5,1,0)(4,2,0)(5,3,0)(6,3,0)	psi(W_(W_w+1)^2)	psi(W_(W_w+1)^2)	
3299	(0,0,0)(1,1,1)(2,1,1)(3,1,0)(1,1,1)(2,1,0)(3,2,1)(4,2,1)(5,1,0)(4,2,0)(5,3,0)(6,3,0)(5,3,0)	psi(W_(W_w+1)^2+W_(W_w+1))	psi(W_(W_w+1)^2+W_(W_w+1))	
3300	(0,0,0)(1,1,1)(2,1,1)(3,1,0)(1,1,1)(2,1,0)(3,2,1)(4,2,1)(5,1,0)(4,2,0)(5,3,0)(6,3,0)(5,3,0)(6,3,0)	psi(W_(W_w+1)^2*2)	psi(W_(W_w+1)^2*2)	
3301	(0,0,0)(1,1,1)(2,1,1)(3,1,0)(1,1,1)(2,1,0)(3,2,1)(4,2,1)(5,1,0)(4,2,0)(5,3,0)(6,3,0)(6,3,0)	psi(W_(W_w+1)^3)	psi(W_(W_w+1)^3)	
3302	(0,0,0)(1,1,1)(2,1,1)(3,1,0)(1,1,1)(2,1,0)(3,2,1)(4,2,1)(5,1,0)(4,2,0)(5,3,0)(6,3,0)(7,2,0)	psi(W_(W_w+1)^W_(w+1))	psi(W_(W_w+1)^W_(w+1))	
3303	(0,0,0)(1,1,1)(2,1,1)(3,1,0)(1,1,1)(2,1,0)(3,2,1)(4,2,1)(5,1,0)(4,2,0)(5,3,0)(6,3,0)(7,2,0)(3,2,1)(4,2,1)(5,1,0)(1,1,1)	psi(W_(W_w+1)^W_W_w)	psi(W_(W_w+1)^W_W_w)	
3304	(0,0,0)(1,1,1)(2,1,1)(3,1,0)(1,1,1)(2,1,0)(3,2,1)(4,2,1)(5,1,0)(4,2,0)(5,3,0)(6,3,0)(7,3,0)	psi(W_(W_w+1)^W_(W_w+1))	psi(W_(W_w+1)^W_(W_w+1))	
3305	(0,0,0)(1,1,1)(2,1,1)(3,1,0)(1,1,1)(2,1,0)(3,2,1)(4,2,1)(5,1,0)(4,2,0)(5,3,0)(6,4,0)	psi(W_(W_w+2))	psi(W_(W_w+2))	
3306	(0,0,0)(1,1,1)(2,1,1)(3,1,0)(1,1,1)(2,1,0)(3,2,1)(4,2,1)(5,1,0)(4,2,0)(5,3,0)(6,4,0)(7,5,0)	psi(W_(W_w+3))	psi(W_(W_w+3))	
3307	(0,0,0)(1,1,1)(2,1,1)(3,1,0)(1,1,1)(2,1,0)(3,2,1)(4,2,1)(5,1,0)(4,2,0)(5,3,1)	psi(W_(W_w+w))	psi(W_(W_w+w))	
3308	(0,0,0)(1,1,1)(2,1,1)(3,1,0)(1,1,1)(2,1,0)(3,2,1)(4,2,1)(5,1,0)(4,2,0)(5,3,1)(1,1,1)	psi(W_(W_w+w)+W_w)	psi(W_(W_w+w)+W_w)	
3309	(0,0,0)(1,1,1)(2,1,1)(3,1,0)(1,1,1)(2,1,0)(3,2,1)(4,2,1)(5,1,0)(4,2,0)(5,3,1)(3,2,0)	psi(W_(W_w+w)+W_(w+1))	psi(W_(W_w+w)+W_(w+1))	
3310	(0,0,0)(1,1,1)(2,1,1)(3,1,0)(1,1,1)(2,1,0)(3,2,1)(4,2,1)(5,1,0)(4,2,0)(5,3,1)(3,2,1)	psi(W_(W_w+w)+W_(w2))	psi(W_(W_w+w)+W_(w2))	
3311	(0,0,0)(1,1,1)(2,1,1)(3,1,0)(1,1,1)(2,1,0)(3,2,1)(4,2,1)(5,1,0)(4,2,0)(5,3,1)(3,2,1)(4,2,1)	psi(W_(W_w+w)+W_(W^2))	psi(W_(W_w+w)+W_(W^2))	
3312	(0,0,0)(1,1,1)(2,1,1)(3,1,0)(1,1,1)(2,1,0)(3,2,1)(4,2,1)(5,1,0)(4,2,0)(5,3,1)(3,2,1)(4,2,1)(5,1,0)	psi(W_(W_w+w)+W_W)	psi(W_(W_w+w)+W_W)	
3313	(0,0,0)(1,1,1)(2,1,1)(3,1,0)(1,1,1)(2,1,0)(3,2,1)(4,2,1)(5,1,0)(4,2,0)(5,3,1)(3,2,1)(4,2,1)(5,1,0)(1,1,1)	psi(W_(W_w+w)+W_W_w)	psi(W_(W_w+w)+W_W_w)	
3314	(0,0,0)(1,1,1)(2,1,1)(3,1,0)(1,1,1)(2,1,0)(3,2,1)(4,2,1)(5,1,0)(4,2,0)(5,3,1)(4,2,0)	psi(W_(W_w+w)+psi_W_(W_w+1)(W_(W_w+w))*W_(w+1))	psi(W_(W_w+w)+psi_W_(W_w+1)(W_(W_w+w))*W_(w+1))	
3315	(0,0,0)(1,1,1)(2,1,1)(3,1,0)(1,1,1)(2,1,0)(3,2,1)(4,2,1)(5,1,0)(4,2,0)(5,3,1)(5,3,0)	psi(W_(W_w+w)+W_(W_w+1))	psi(W_(W_w+w)+W_(W_w+1))	
3316	(0,0,0)(1,1,1)(2,1,1)(3,1,0)(1,1,1)(2,1,0)(3,2,1)(4,2,1)(5,1,0)(4,2,0)(5,3,1)(5,3,0)(6,4,1)(6,4,0)	psi(W_(W_w+w)+W_(W_w+2))	psi(W_(W_w+w)+W_(W_w+2))	
3317	(0,0,0)(1,1,1)(2,1,1)(3,1,0)(1,1,1)(2,1,0)(3,2,1)(4,2,1)(5,1,0)(4,2,0)(5,3,1)(5,3,1)	psi(W_(W_w+w)*2)	psi(W_(W_w+w)*2)	
3318	(0,0,0)(1,1,1)(2,1,1)(3,1,0)(1,1,1)(2,1,0)(3,2,1)(4,2,1)(5,1,0)(4,2,0)(5,3,1)(6,2,0)	psi(W_(W_w+w)*W_(w+1))	psi(W_(W_w+w)*W_(w+1))	
3319	(0,0,0)(1,1,1)(2,1,1)(3,1,0)(1,1,1)(2,1,0)(3,2,1)(4,2,1)(5,1,0)(4,2,0)(5,3,1)(6,2,0)(1,1,1)	psi(W_(W_w+w)*W_w)	psi(W_(W_w+w)*W_w)	
3320	(0,0,0)(1,1,1)(2,1,1)(3,1,0)(1,1,1)(2,1,0)(3,2,1)(4,2,1)(5,1,0)(4,2,0)(5,3,1)(6,2,0)(3,2,1)	psi(W_(W_w+w)*W_(w2))	psi(W_(W_w+w)*W_(w2))	
3321	(0,0,0)(1,1,1)(2,1,1)(3,1,0)(1,1,1)(2,1,0)(3,2,1)(4,2,1)(5,1,0)(4,2,0)(5,3,1)(6,2,0)(3,2,1)(4,2,1)(5,1,0)	psi(W_(W_w+w)*W_W)	psi(W_(W_w+w)*W_W)	
3322	(0,0,0)(1,1,1)(2,1,1)(3,1,0)(1,1,1)(2,1,0)(3,2,1)(4,2,1)(5,1,0)(4,2,0)(5,3,1)(6,2,0)(3,2,1)(4,2,1)(5,1,0)(1,1,1)	psi(W_(W_w+w)*W_W_w)	psi(W_(W_w+w)*W_W_w)	
3323	(0,0,0)(1,1,1)(2,1,1)(3,1,0)(1,1,1)(2,1,0)(3,2,1)(4,2,1)(5,1,0)(4,2,0)(5,3,1)(6,3,0)	psi(W_(W_w+w)*W_(W_w+1))	psi(W_(W_w+w)*W_(W_w+1))	
3324	(0,0,0)(1,1,1)(2,1,1)(3,1,0)(1,1,1)(2,1,0)(3,2,1)(4,2,1)(5,1,0)(4,2,0)(5,3,1)(6,3,0)(5,3,0)(6,4,1)(7,4,0)	psi(W_(W_w+w)*W_(W_w+2))	psi(W_(W_w+w)*W_(W_w+2))	
3325	(0,0,0)(1,1,1)(2,1,1)(3,1,0)(1,1,1)(2,1,0)(3,2,1)(4,2,1)(5,1,0)(4,2,0)(5,3,1)(6,3,0)(5,3,1)	psi(W_(W_w+w)^2)	psi(W_(W_w+w)^2)	
3326	(0,0,0)(1,1,1)(2,1,1)(3,1,0)(1,1,1)(2,1,0)(3,2,1)(4,2,1)(5,1,0)(4,2,0)(5,3,1)(6,3,0)(5,3,1)(6,3,0)(5,3,1)	psi(W_(W_w+w)^2*2)	psi(W_(W_w+w)^2*2)	
3327	(0,0,0)(1,1,1)(2,1,1)(3,1,0)(1,1,1)(2,1,0)(3,2,1)(4,2,1)(5,1,0)(4,2,0)(5,3,1)(6,3,0)(6,3,0)(5,3,1)	psi(W_(W_w+w)^3)	psi(W_(W_w+w)^3)	
3328	(0,0,0)(1,1,1)(2,1,1)(3,1,0)(1,1,1)(2,1,0)(3,2,1)(4,2,1)(5,1,0)(4,2,0)(5,3,1)(6,3,0)(7,3,0)(5,3,1)	psi(W_(W_w+w)^W_(W_w+w))	psi(W_(W_w+w)^W_(W_w+w))	
3329	(0,0,0)(1,1,1)(2,1,1)(3,1,0)(1,1,1)(2,1,0)(3,2,1)(4,2,1)(5,1,0)(4,2,0)(5,3,1)(6,3,0)(7,4,0)	psi(W_(W_w+w+1))	psi(W_(W_w+w+1))	
3330	(0,0,0)(1,1,1)(2,1,1)(3,1,0)(1,1,1)(2,1,0)(3,2,1)(4,2,1)(5,1,0)(4,2,0)(5,3,1)(6,3,0)(7,4,0)(8,4,0)	psi(W_(W_w+w+1)^2)	psi(W_(W_w+w+1)^2)	
3331	(0,0,0)(1,1,1)(2,1,1)(3,1,0)(1,1,1)(2,1,0)(3,2,1)(4,2,1)(5,1,0)(4,2,0)(5,3,1)(6,3,0)(7,4,0)(8,5,0)	psi(W_(W_w+w+2))	psi(W_(W_w+w+2))	
3332	(0,0,0)(1,1,1)(2,1,1)(3,1,0)(1,1,1)(2,1,0)(3,2,1)(4,2,1)(5,1,0)(4,2,0)(5,3,1)(6,3,0)(7,4,1)	psi(W_(W_w+w2))	psi(W_(W_w+w2))	
3333	(0,0,0)(1,1,1)(2,1,1)(3,1,0)(1,1,1)(2,1,0)(3,2,1)(4,2,1)(5,1,0)(4,2,0)(5,3,1)(6,3,0)(7,4,1)(8,4,0)(9,5,1)	psi(W_(W_w+w3))	psi(W_(W_w+w3))	
3334	(0,0,0)(1,1,1)(2,1,1)(3,1,0)(1,1,1)(2,1,0)(3,2,1)(4,2,1)(5,1,0)(4,2,0)(5,3,1)(6,3,1)	psi(W_(W_w+w^2))	psi(W_(W_w+w^2))	
3335	(0,0,0)(1,1,1)(2,1,1)(3,1,0)(1,1,1)(2,1,0)(3,2,1)(4,2,1)(5,1,0)(4,2,0)(5,3,1)(6,3,1)(6,3,1)	psi(W_(W_w+w^3))	psi(W_(W_w+w^3))	
3336	(0,0,0)(1,1,1)(2,1,1)(3,1,0)(1,1,1)(2,1,0)(3,2,1)(4,2,1)(5,1,0)(4,2,0)(5,3,1)(6,3,1)(7,0,0)	psi(W_(W_w+w^w))	psi(W_(W_w+w^w))	
3337	(0,0,0)(1,1,1)(2,1,1)(3,1,0)(1,1,1)(2,1,0)(3,2,1)(4,2,1)(5,1,0)(4,2,0)(5,3,1)(6,3,1)(7,0,0)(8,1,1)	psi(W_(W_w+psi(W_w)))	psi(W_(W_w+psi(W_w)))	
3338	(0,0,0)(1,1,1)(2,1,1)(3,1,0)(1,1,1)(2,1,0)(3,2,1)(4,2,1)(5,1,0)(4,2,0)(5,3,1)(6,3,1)(7,1,0)	psi(W_(W_w+W))	psi(W_(W_w+W))	
3339	(0,0,0)(1,1,1)(2,1,1)(3,1,0)(1,1,1)(2,1,0)(3,2,1)(4,2,1)(5,1,0)(4,2,0)(5,3,1)(6,3,1)(7,1,0)(1,1,0)(2,2,1)(3,2,1)(4,2,0)(2,2,1)(3,2,0)	psi(W_(W_w+W)+psi_1(W_W_w))	psi(W_(W_w+W)+psi_1(W_W_w))	
3340	(0,0,0)(1,1,1)(2,1,1)(3,1,0)(1,1,1)(2,1,0)(3,2,1)(4,2,1)(5,1,0)(4,2,0)(5,3,1)(6,3,1)(7,1,0)(1,1,0)(2,2,1)(3,2,1)(4,2,0)(2,2,1)(3,2,0)(4,3,1)(5,3,1)(6,2,0)(5,3,0)(6,4,0)	psi(W_(W_w+W)+psi_1(W_(W_w+1))	psi(W_(W_w+W)+psi_1(W_(W_w+1)))	paren+1
3341	(0,0,0)(1,1,1)(2,1,1)(3,1,0)(1,1,1)(2,1,0)(3,2,1)(4,2,1)(5,1,0)(4,2,0)(5,3,1)(6,3,1)(7,1,0)(1,1,0)(2,2,1)(3,2,1)(4,2,0)(2,2,1)(3,2,0)(4,3,1)(5,3,1)(6,2,0)(5,3,0)(6,4,1)	psi(W_(W_w+W)+psi_1(W_(W_w+w)))	psi(W_(W_w+W)+psi_1(W_(W_w+w)))	
3342	(0,0,0)(1,1,1)(2,1,1)(3,1,0)(1,1,1)(2,1,0)(3,2,1)(4,2,1)(5,1,0)(4,2,0)(5,3,1)(6,3,1)(7,1,0)(1,1,0)(2,2,1)(3,2,1)(4,2,0)(2,2,1)(3,2,0)(4,3,1)(5,3,1)(6,2,0)(5,3,0)(6,4,1)(7,4,1)(8,1,0)	psi(W_(W_w+W)+psi_1(W_(W_w+W)))	psi(W_(W_w+W)+psi_1(W_(W_w+W)))	
3343	(0,0,0)(1,1,1)(2,1,1)(3,1,0)(1,1,1)(2,1,0)(3,2,1)(4,2,1)(5,1,0)(4,2,0)(5,3,1)(6,3,1)(7,1,0)(1,1,0)(2,2,1)(3,2,1)(4,2,0)(2,2,1)(3,2,0)(4,3,1)(5,3,1)(6,2,0)(5,3,0)(6,4,1)(7,4,1)(8,1,0)(2,2,1)	psi(W_(W_w+W)+W_w)	psi(W_(W_w+W)+W_w)	
3344	(0,0,0)(1,1,1)(2,1,1)(3,1,0)(1,1,1)(2,1,0)(3,2,1)(4,2,1)(5,1,0)(4,2,0)(5,3,1)(6,3,1)(7,1,0)(1,1,0)(2,2,1)(3,2,1)(4,2,0)(2,2,1)(3,2,0)(4,3,1)(5,3,1)(6,2,0)(5,3,0)(6,4,1)(7,4,1)(8,1,0)(4,3,0)	psi(W_(W_w+W)+W_(w+1))	psi(W_(W_w+W)+W_(w+1))	
3345	(0,0,0)(1,1,1)(2,1,1)(3,1,0)(1,1,1)(2,1,0)(3,2,1)(4,2,1)(5,1,0)(4,2,0)(5,3,1)(6,3,1)(7,1,0)(1,1,0)(2,2,1)(3,2,1)(4,2,0)(2,2,1)(3,2,0)(4,3,1)(5,3,1)(6,2,0)(5,3,0)(6,4,1)(7,4,1)(8,1,0)(4,3,1)	psi(W_(W_w+W)+W_(w2))	psi(W_(W_w+W)+W_(w2))	
3346	(0,0,0)(1,1,1)(2,1,1)(3,1,0)(1,1,1)(2,1,0)(3,2,1)(4,2,1)(5,1,0)(4,2,0)(5,3,1)(6,3,1)(7,1,0)(1,1,0)(2,2,1)(3,2,1)(4,2,0)(2,2,1)(3,2,0)(4,3,1)(5,3,1)(6,2,0)(5,3,0)(6,4,1)(7,4,1)(8,1,0)(4,3,1)(5,3,1)	psi(W_(W_w+W)+W_(w^2))	psi(W_(W_w+W)+W_(w^2))	
3347	(0,0,0)(1,1,1)(2,1,1)(3,1,0)(1,1,1)(2,1,0)(3,2,1)(4,2,1)(5,1,0)(4,2,0)(5,3,1)(6,3,1)(7,1,0)(1,1,0)(2,2,1)(3,2,1)(4,2,0)(2,2,1)(3,2,0)(4,3,1)(5,3,1)(6,2,0)(5,3,0)(6,4,1)(7,4,1)(8,1,0)(4,3,1)(5,3,1)(6,2,0)	psi(W_(W_w+W)+W_W_2)	psi(W_(W_w+W)+W_W_2)	
3348	(0,0,0)(1,1,1)(2,1,1)(3,1,0)(1,1,1)(2,1,0)(3,2,1)(4,2,1)(5,1,0)(4,2,0)(5,3,1)(6,3,1)(7,1,0)(1,1,0)(2,2,1)(3,2,1)(4,2,0)(2,2,1)(3,2,0)(4,3,1)(5,3,1)(6,2,0)(5,3,0)(6,4,1)(7,4,1)(8,1,0)(4,3,1)(5,3,1)(6,2,0)(2,2,1)	psi(W_(W_w+W)+W_W_w)	psi(W_(W_w+W)+W_W_w)	
3349	(0,0,0)(1,1,1)(2,1,1)(3,1,0)(1,1,1)(2,1,0)(3,2,1)(4,2,1)(5,1,0)(4,2,0)(5,3,1)(6,3,1)(7,1,0)(1,1,0)(2,2,1)(3,2,1)(4,2,0)(2,2,1)(3,2,0)(4,3,1)(5,3,1)(6,2,0)(5,3,0)(6,4,1)(7,4,1)(8,1,0)(4,3,1)(5,3,1)(6,2,0)(5,3,0)(6,4,1)(7,4,1)(8,1,0)	psi(W_(W_w+W)+psi_W_(W_w+1)(W_(W_w+W)))	psi(W_(W_w+W)+psi_W_(W_w+1)(W_(W_w+W)))	
3350	(0,0,0)(1,1,1)(2,1,1)(3,1,0)(1,1,1)(2,1,0)(3,2,1)(4,2,1)(5,1,0)(4,2,0)(5,3,1)(6,3,1)(7,1,0)(1,1,0)(2,2,1)(3,2,1)(4,2,0)(2,2,1)(3,2,0)(4,3,1)(5,3,1)(6,2,0)(5,3,0)(6,4,1)(7,4,1)(8,1,0)(5,2,0)	psi(W_(W_w+W)+psi_W_(W_w+1)(W_(W_w+W))*W_2)	psi(W_(W_w+W)+psi_W_(W_w+1)(W_(W_w+W))*W_2)	
3351	(0,0,0)(1,1,1)(2,1,1)(3,1,0)(1,1,1)(2,1,0)(3,2,1)(4,2,1)(5,1,0)(4,2,0)(5,3,1)(6,3,1)(7,1,0)(1,1,0)(2,2,1)(3,2,1)(4,2,0)(2,2,1)(3,2,0)(4,3,1)(5,3,1)(6,2,0)(5,3,0)(6,4,1)(7,4,1)(8,1,0)(6,4,0)	psi(W_(W_w+W)+W_(W_w+1)	psi(W_(W_w+W)+W_(W_w+1))	paren+1
3352	(0,0,0)(1,1,1)(2,1,1)(3,1,0)(1,1,1)(2,1,0)(3,2,1)(4,2,1)(5,1,0)(4,2,0)(5,3,1)(6,3,1)(7,1,0)(1,1,0)(2,2,1)(3,2,1)(4,2,0)(2,2,1)(3,2,0)(4,3,1)(5,3,1)(6,2,0)(5,3,0)(6,4,1)(7,4,1)(8,1,0)(6,4,1)	psi(W_(W_w+W)+W_(W_w+w))	psi(W_(W_w+W)+W_(W_w+w))	
3353	(0,0,0)(1,1,1)(2,1,1)(3,1,0)(1,1,1)(2,1,0)(3,2,1)(4,2,1)(5,1,0)(4,2,0)(5,3,1)(6,3,1)(7,1,0)(1,1,0)(2,2,1)(3,2,1)(4,2,0)(2,2,1)(3,2,0)(4,3,1)(5,3,1)(6,2,0)(5,3,0)(6,4,1)(7,4,1)(8,1,0)(6,4,1)(7,4,1)(8,1,0)	psi(W_(W_w+W)*2)	psi(W_(W_w+W)*2)	
3354	(0,0,0)(1,1,1)(2,1,1)(3,1,0)(1,1,1)(2,1,0)(3,2,1)(4,2,1)(5,1,0)(4,2,0)(5,3,1)(6,3,1)(7,1,0)(1,1,0)(2,2,1)(3,2,1)(4,2,0)(2,2,1)(3,2,0)(4,3,1)(5,3,1)(6,2,0)(5,3,0)(6,4,1)(7,4,1)(8,1,0)(6,4,1)(7,4,1)(8,1,0)(6,4,1)(7,4,1)(8,1,0)	psi(W_(W_w+W)*3)	psi(W_(W_w+W)*3)	
3355	(0,0,0)(1,1,1)(2,1,1)(3,1,0)(1,1,1)(2,1,0)(3,2,1)(4,2,1)(5,1,0)(4,2,0)(5,3,1)(6,3,1)(7,1,0)(1,1,0)(2,2,1)(3,2,1)(4,2,0)(2,2,1)(3,2,0)(4,3,1)(5,3,1)(6,2,0)(5,3,0)(6,4,1)(7,4,1)(8,1,0)(7,1,0)	psi(W_(W_w+W)*W)	psi(W_(W_w+W)*W)	
3356	(0,0,0)(1,1,1)(2,1,1)(3,1,0)(1,1,1)(2,1,0)(3,2,1)(4,2,1)(5,1,0)(4,2,0)(5,3,1)(6,3,1)(7,1,0)(1,1,0)(2,2,1)(3,2,1)(4,2,0)(2,2,1)(3,2,0)(4,3,1)(5,3,1)(6,2,0)(5,3,0)(6,4,1)(7,4,1)(8,1,0)(7,2,0)	psi(W_(W_w+W)*W_2)	psi(W_(W_w+W)*W_2)	
3357	(0,0,0)(1,1,1)(2,1,1)(3,1,0)(1,1,1)(2,1,0)(3,2,1)(4,2,1)(5,1,0)(4,2,0)(5,3,1)(6,3,1)(7,1,0)(1,1,0)(2,2,1)(3,2,1)(4,2,0)(2,2,1)(3,2,0)(4,3,1)(5,3,1)(6,2,0)(5,3,0)(6,4,1)(7,4,1)(8,1,0)(7,2,0)(2,2,1)	psi(W_(W_w+W)*W_w)	psi(W_(W_w+W)*W_w)	
3358	(0,0,0)(1,1,1)(2,1,1)(3,1,0)(1,1,1)(2,1,0)(3,2,1)(4,2,1)(5,1,0)(4,2,0)(5,3,1)(6,3,1)(7,1,0)(1,1,0)(2,2,1)(3,2,1)(4,2,0)(2,2,1)(3,2,0)(4,3,1)(5,3,1)(6,2,0)(5,3,0)(6,4,1)(7,4,1)(8,1,0)(7,3,0)	psi(W_(W_w+W)*W_(w+1))	psi(W_(W_w+W)*W_(w+1))	
3359	(0,0,0)(1,1,1)(2,1,1)(3,1,0)(1,1,1)(2,1,0)(3,2,1)(4,2,1)(5,1,0)(4,2,0)(5,3,1)(6,3,1)(7,1,0)(1,1,0)(2,2,1)(3,2,1)(4,2,0)(2,2,1)(3,2,0)(4,3,1)(5,3,1)(6,2,0)(5,3,0)(6,4,1)(7,4,1)(8,1,0)(7,3,0)(4,3,1)	psi(W_(W_w+W)*W_(w2))	psi(W_(W_w+W)*W_(w2))	
3360	(0,0,0)(1,1,1)(2,1,1)(3,1,0)(1,1,1)(2,1,0)(3,2,1)(4,2,1)(5,1,0)(4,2,0)(5,3,1)(6,3,1)(7,1,0)(1,1,0)(2,2,1)(3,2,1)(4,2,0)(2,2,1)(3,2,0)(4,3,1)(5,3,1)(6,2,0)(5,3,0)(6,4,1)(7,4,1)(8,1,0)(7,3,0)(4,3,1)(5,3,1)(6,2,0)	psi(W_(W_w+W)*W_W_2)	psi(W_(W_w+W)*W_W_2)	
3361	(0,0,0)(1,1,1)(2,1,1)(3,1,0)(1,1,1)(2,1,0)(3,2,1)(4,2,1)(5,1,0)(4,2,0)(5,3,1)(6,3,1)(7,1,0)(1,1,0)(2,2,1)(3,2,1)(4,2,0)(2,2,1)(3,2,0)(4,3,1)(5,3,1)(6,2,0)(5,3,0)(6,4,1)(7,4,1)(8,1,0)(7,3,0)(4,3,1)(5,3,1)(6,2,0)(2,2,1)	psi(W_(W_w+W)*W_W_w)	psi(W_(W_w+W)*W_W_w)	
3362	(0,0,0)(1,1,1)(2,1,1)(3,1,0)(1,1,1)(2,1,0)(3,2,1)(4,2,1)(5,1,0)(4,2,0)(5,3,1)(6,3,1)(7,1,0)(1,1,0)(2,2,1)(3,2,1)(4,2,0)(2,2,1)(3,2,0)(4,3,1)(5,3,1)(6,2,0)(5,3,0)(6,4,1)(7,4,1)(8,1,0)(7,4,0)	psi(W_(W_w+W)*W_(W_w+1))	psi(W_(W_w+W)*W_(W_w+1))	
3363	(0,0,0)(1,1,1)(2,1,1)(3,1,0)(1,1,1)(2,1,0)(3,2,1)(4,2,1)(5,1,0)(4,2,0)(5,3,1)(6,3,1)(7,1,0)(1,1,0)(2,2,1)(3,2,1)(4,2,0)(2,2,1)(3,2,0)(4,3,1)(5,3,1)(6,2,0)(5,3,0)(6,4,1)(7,4,1)(8,1,0)(7,4,0)(6,4,1)	psi(W_(W_w+W)*W_(W_w+w))	psi(W_(W_w+W)*W_(W_w+w))	
3364	(0,0,0)(1,1,1)(2,1,1)(3,1,0)(1,1,1)(2,1,0)(3,2,1)(4,2,1)(5,1,0)(4,2,0)(5,3,1)(6,3,1)(7,1,0)(1,1,0)(2,2,1)(3,2,1)(4,2,0)(2,2,1)(3,2,0)(4,3,1)(5,3,1)(6,2,0)(5,3,0)(6,4,1)(7,4,1)(8,1,0)(7,4,0)(6,4,1)(7,4,1)(8,1,0)	psi(W_(W_w+W)^2)	psi(W_(W_w+W)^2)	
3365	(0,0,0)(1,1,1)(2,1,1)(3,1,0)(1,1,1)(2,1,0)(3,2,1)(4,2,1)(5,1,0)(4,2,0)(5,3,1)(6,3,1)(7,1,0)(1,1,0)(2,2,1)(3,2,1)(4,2,0)(2,2,1)(3,2,0)(4,3,1)(5,3,1)(6,2,0)(5,3,0)(6,4,1)(7,4,1)(8,1,0)(7,4,0)(7,4,0)(6,4,1)(7,4,1)(8,1,0)	psi(W_(W_w+W)^3)	psi(W_(W_w+W)^3)	
3366	(0,0,0)(1,1,1)(2,1,1)(3,1,0)(1,1,1)(2,1,0)(3,2,1)(4,2,1)(5,1,0)(4,2,0)(5,3,1)(6,3,1)(7,1,0)(1,1,0)(2,2,1)(3,2,1)(4,2,0)(2,2,1)(3,2,0)(4,3,1)(5,3,1)(6,2,0)(5,3,0)(6,4,1)(7,4,1)(8,1,0)(7,4,0)(8,4,0)(6,4,1)(7,4,1)(8,1,0)	psi(W_(W_w+W)^W_(W_w+W))	psi(W_(W_w+W)^W_(W_w+W))	
3367	(0,0,0)(1,1,1)(2,1,1)(3,1,0)(1,1,1)(2,1,0)(3,2,1)(4,2,1)(5,1,0)(4,2,0)(5,3,1)(6,3,1)(7,1,0)(1,1,0)(2,2,1)(3,2,1)(4,2,0)(2,2,1)(3,2,0)(4,3,1)(5,3,1)(6,2,0)(5,3,0)(6,4,1)(7,4,1)(8,1,0)(7,4,0)(8,5,0)	psi(W_(W_w+W+1))	psi(W_(W_w+W+1))	
3368	(0,0,0)(1,1,1)(2,1,1)(3,1,0)(1,1,1)(2,1,0)(3,2,1)(4,2,1)(5,1,0)(4,2,0)(5,3,1)(6,3,1)(7,1,0)(1,1,0)(2,2,1)(3,2,1)(4,2,0)(2,2,1)(3,2,0)(4,3,1)(5,3,1)(6,2,0)(5,3,0)(6,4,1)(7,4,1)(8,1,0)(7,4,0)(8,5,0)(9,6,0)	psi(W_(W_w+W+2))	psi(W_(W_w+W+2))	
3369	(0,0,0)(1,1,1)(2,1,1)(3,1,0)(1,1,1)(2,1,0)(3,2,1)(4,2,1)(5,1,0)(4,2,0)(5,3,1)(6,3,1)(7,1,0)(1,1,0)(2,2,1)(3,2,1)(4,2,0)(2,2,1)(3,2,0)(4,3,1)(5,3,1)(6,2,0)(5,3,0)(6,4,1)(7,4,1)(8,1,0)(7,4,0)(8,5,1)	psi(W_(W_w+W+w))	psi(W_(W_w+W+w))	
3370	(0,0,0)(1,1,1)(2,1,1)(3,1,0)(1,1,1)(2,1,0)(3,2,1)(4,2,1)(5,1,0)(4,2,0)(5,3,1)(6,3,1)(7,1,0)(1,1,0)(2,2,1)(3,2,1)(4,2,0)(2,2,1)(3,2,0)(4,3,1)(5,3,1)(6,2,0)(5,3,0)(6,4,1)(7,4,1)(8,1,0)(7,4,0)(8,5,1)(9,5,1)	psi(W_(W_w+W+w^2))	psi(W_(W_w+W+w^2))	
3371	(0,0,0)(1,1,1)(2,1,1)(3,1,0)(1,1,1)(2,1,0)(3,2,1)(4,2,1)(5,1,0)(4,2,0)(5,3,1)(6,3,1)(7,1,0)(1,1,0)(2,2,1)(3,2,1)(4,2,0)(2,2,1)(3,2,0)(4,3,1)(5,3,1)(6,2,0)(5,3,0)(6,4,1)(7,4,1)(8,1,0)(7,4,0)(8,5,1)(9,5,1)(10,1,0)	psi(W_(W_w+W2))	psi(W_(W_w+W2))	
3372	(0,0,0)(1,1,1)(2,1,1)(3,1,0)(1,1,1)(2,1,0)(3,2,1)(4,2,1)(5,1,0)(4,2,0)(5,3,1)(6,3,1)(7,1,0)(1,1,0)(2,2,1)(3,2,1)(4,2,0)(2,2,1)(3,2,0)(4,3,1)(5,3,1)(6,2,0)(5,3,0)(6,4,1)(7,4,1)(8,1,0)(7,4,1)	psi(W_(W_w+W*w))	psi(W_(W_w+W*w))	
3373	(0,0,0)(1,1,1)(2,1,1)(3,1,0)(1,1,1)(2,1,0)(3,2,1)(4,2,1)(5,1,0)(4,2,0)(5,3,1)(6,3,1)(7,1,0)(1,1,0)(2,2,1)(3,2,1)(4,2,0)(2,2,1)(3,2,0)(4,3,1)(5,3,1)(6,2,0)(5,3,0)(6,4,1)(7,4,1)(8,1,0)(7,4,1)(8,1,0)	psi(W_(W_w+W^2))	psi(W_(W_w+W^2))	
3374	(0,0,0)(1,1,1)(2,1,1)(3,1,0)(1,1,1)(2,1,0)(3,2,1)(4,2,1)(5,1,0)(4,2,0)(5,3,1)(6,3,1)(7,1,0)(1,1,0)(2,2,1)(3,2,1)(4,2,0)(2,2,1)(3,2,0)(4,3,1)(5,3,1)(6,2,0)(5,3,0)(6,4,1)(7,4,1)(8,1,0)(8,1,0)	psi(W_(W_w+W^W))	psi(W_(W_w+W^W))	
3375	(0,0,0)(1,1,1)(2,1,1)(3,1,0)(1,1,1)(2,1,0)(3,2,1)(4,2,1)(5,1,0)(4,2,0)(5,3,1)(6,3,1)(7,1,0)(1,1,0)(2,2,1)(3,2,1)(4,2,0)(2,2,1)(3,2,0)(4,3,1)(5,3,1)(6,2,0)(5,3,0)(6,4,1)(7,4,1)(8,1,0)(9,2,1)	psi(W_(W_w+psi_1(W_w)))	psi(W_(W_w+psi_1(W_w)))	
3376	(0,0,0)(1,1,1)(2,1,1)(3,1,0)(1,1,1)(2,1,0)(3,2,1)(4,2,1)(5,1,0)(4,2,0)(5,3,1)(6,3,1)(7,1,0)(1,1,0)(2,2,1)(3,2,1)(4,2,0)(2,2,1)(3,2,0)(4,3,1)(5,3,1)(6,2,0)(5,3,0)(6,4,1)(7,4,1)(8,2,0)	psi(W_(W_w+W_2))	psi(W_(W_w+W_2))	
3377	(0,0,0)(1,1,1)(2,1,1)(3,1,0)(1,1,1)(2,1,0)(3,2,1)(4,2,1)(5,1,0)(4,2,0)(5,3,1)(6,3,1)(7,1,0)(1,1,0)(2,2,1)(3,2,1)(4,2,0)(2,2,1)(3,2,0)(4,3,1)(5,3,1)(6,2,0)(5,3,0)(6,4,1)(7,4,1)(8,2,0)(2,2,0)(3,3,1)(4,3,1)(5,3,0)(3,3,1)(4,3,0)(5,4,1)(6,4,1)(7,3,0)(6,4,0)(7,5,1)(8,5,1)(9,3,0)	psi(W_(W_w+W_3))	psi(W_(W_w+W_3))	
3378	(0,0,0)(1,1,1)(2,1,1)(3,1,0)(1,1,1)(2,1,0)(3,2,1)(4,2,1)(5,1,0)(4,2,0)(5,3,1)(6,3,1)(7,1,0)(1,1,1)	psi(W_(W_w*2))	psi(W_(W_w*2))	
3379	(0,0,0)(1,1,1)(2,1,1)(3,1,0)(1,1,1)(2,1,0)(3,2,1)(4,2,1)(5,1,0)(4,2,0)(5,3,1)(6,3,1)(7,1,0)(1,1,1)(1,1,1)	psi(W_(W_w*2)+W_w)	psi(W_(W_w*2)+W_w)	
3380	(0,0,0)(1,1,1)(2,1,1)(3,1,0)(1,1,1)(2,1,0)(3,2,1)(4,2,1)(5,1,0)(4,2,0)(5,3,1)(6,3,1)(7,1,0)(3,2,0)	psi(W_(W_w*2)+W_(w+1))	psi(W_(W_w*2)+W_(w+1))	
3381	(0,0,0)(1,1,1)(2,1,1)(3,1,0)(1,1,1)(2,1,0)(3,2,1)(4,2,1)(5,1,0)(4,2,0)(5,3,1)(6,3,1)(7,1,0)(3,2,1)	psi(W_(W_w*2)+W_(w2))	psi(W_(W_w*2)+W_(w2))	
3382	(0,0,0)(1,1,1)(2,1,1)(3,1,0)(1,1,1)(2,1,0)(3,2,1)(4,2,1)(5,1,0)(4,2,0)(5,3,1)(6,3,1)(7,1,0)(3,2,1)(4,2,1)	psi(W_(W_w*2)+W_(w^2))	psi(W_(W_w*2)+W_(w^2))	
3383	(0,0,0)(1,1,1)(2,1,1)(3,1,0)(1,1,1)(2,1,0)(3,2,1)(4,2,1)(5,1,0)(4,2,0)(5,3,1)(6,3,1)(7,1,0)(3,2,1)(4,2,1)(5,1,0)	psi(W_(W_w*2)+W_W)	psi(W_(W_w*2)+W_W)	
3384	(0,0,0)(1,1,1)(2,1,1)(3,1,0)(1,1,1)(2,1,0)(3,2,1)(4,2,1)(5,1,0)(4,2,0)(5,3,1)(6,3,1)(7,1,0)(3,2,1)(4,2,1)(5,1,0)(1,1,1)	psi(W_(W_w*2)+W_W_w)	psi(W_(W_w*2)+W_W_w)	
3385	(0,0,0)(1,1,1)(2,1,1)(3,1,0)(1,1,1)(2,1,0)(3,2,1)(4,2,1)(5,1,0)(4,2,0)(5,3,1)(6,3,1)(7,1,0)(5,3,0)	psi(W_(W_w*2)+W_(W_w+1))	psi(W_(W_w*2)+W_(W_w+1))	
3386	(0,0,0)(1,1,1)(2,1,1)(3,1,0)(1,1,1)(2,1,0)(3,2,1)(4,2,1)(5,1,0)(4,2,0)(5,3,1)(6,3,1)(7,1,0)(5,3,1)	psi(W_(W_w*2)+W_(W_w+w))	psi(W_(W_w*2)+W_(W_w+w))	
3387	(0,0,0)(1,1,1)(2,1,1)(3,1,0)(1,1,1)(2,1,0)(3,2,1)(4,2,1)(5,1,0)(4,2,0)(5,3,1)(6,3,1)(7,1,0)(5,3,1)(6,3,1)(7,1,0)	psi(W_(W_w*2)+W_(W_w+W))	psi(W_(W_w*2)+W_(W_w+W))	
3388	(0,0,0)(1,1,1)(2,1,1)(3,1,0)(1,1,1)(2,1,0)(3,2,1)(4,2,1)(5,1,0)(4,2,0)(5,3,1)(6,3,1)(7,1,0)(5,3,1)(6,3,1)(7,1,0)(1,1,1)	psi(W_(W_w*2)*2)	psi(W_(W_w*2)*2)	
3389	(0,0,0)(1,1,1)(2,1,1)(3,1,0)(1,1,1)(2,1,0)(3,2,1)(4,2,1)(5,1,0)(4,2,0)(5,3,1)(6,3,1)(7,1,0)(6,1,0)	psi(W_(W_w*2)*W)	psi(W_(W_w*2)*W)	
3390	(0,0,0)(1,1,1)(2,1,1)(3,1,0)(1,1,1)(2,1,0)(3,2,1)(4,2,1)(5,1,0)(4,2,0)(5,3,1)(6,3,1)(7,1,0)(6,2,0)	psi(W_(W_w*2)*W_(w+1))	psi(W_(W_w*2)*W_(w+1))	
3391	(0,0,0)(1,1,1)(2,1,1)(3,1,0)(1,1,1)(2,1,0)(3,2,1)(4,2,1)(5,1,0)(4,2,0)(5,3,1)(6,3,1)(7,1,0)(6,2,0)(3,2,1)	psi(W_(W_w*2)*W_(w2))	psi(W_(W_w*2)*W_(w2))	
3392	(0,0,0)(1,1,1)(2,1,1)(3,1,0)(1,1,1)(2,1,0)(3,2,1)(4,2,1)(5,1,0)(4,2,0)(5,3,1)(6,3,1)(7,1,0)(6,2,0)(3,2,1)(4,2,1)(5,1,0)	psi(W_(W_w*2)*W_W)	psi(W_(W_w*2)*W_W)	
3393	(0,0,0)(1,1,1)(2,1,1)(3,1,0)(1,1,1)(2,1,0)(3,2,1)(4,2,1)(5,1,0)(4,2,0)(5,3,1)(6,3,1)(7,1,0)(6,2,0)(3,2,1)(4,2,1)(5,1,0)(1,1,1)	psi(W_(W_w*2)*W_W_w)	psi(W_(W_w*2)*W_W_w)	
3394	(0,0,0)(1,1,1)(2,1,1)(3,1,0)(1,1,1)(2,1,0)(3,2,1)(4,2,1)(5,1,0)(4,2,0)(5,3,1)(6,3,1)(7,1,0)(6,3,0)	psi(W_(W_w*2)*W_(W_w+1))	psi(W_(W_w*2)*W_(W_w+1))	
3395	(0,0,0)(1,1,1)(2,1,1)(3,1,0)(1,1,1)(2,1,0)(3,2,1)(4,2,1)(5,1,0)(4,2,0)(5,3,1)(6,3,1)(7,1,0)(6,3,0)(5,3,1)	psi(W_(W_w*2)*W_(W_w+w))	psi(W_(W_w*2)*W_(W_w+w))	
3396	(0,0,0)(1,1,1)(2,1,1)(3,1,0)(1,1,1)(2,1,0)(3,2,1)(4,2,1)(5,1,0)(4,2,0)(5,3,1)(6,3,1)(7,1,0)(6,3,0)(5,3,1)(6,3,1)(7,1,0)	psi(W_(W_w*2)*W_(W_w+W))	psi(W_(W_w*2)*W_(W_w+W))	
3397	(0,0,0)(1,1,1)(2,1,1)(3,1,0)(1,1,1)(2,1,0)(3,2,1)(4,2,1)(5,1,0)(4,2,0)(5,3,1)(6,3,1)(7,1,0)(6,3,0)(5,3,1)(6,3,1)(7,1,0)(1,1,1)	psi(W_(W_w*2)^2)	psi(W_(W_w*2)^2)	
3398	(0,0,0)(1,1,1)(2,1,1)(3,1,0)(1,1,1)(2,1,0)(3,2,1)(4,2,1)(5,1,0)(4,2,0)(5,3,1)(6,3,1)(7,1,0)(6,3,0)(6,3,0)(5,3,1)(6,3,1)(7,1,0)(1,1,1)	psi(W_(W_w*2)^3)	psi(W_(W_w*2)^3)	
3399	(0,0,0)(1,1,1)(2,1,1)(3,1,0)(1,1,1)(2,1,0)(3,2,1)(4,2,1)(5,1,0)(4,2,0)(5,3,1)(6,3,1)(7,1,0)(6,3,0)(7,3,0)(5,3,1)(6,3,1)(7,1,0)(1,1,1)	psi(W_(W_w*2)^W_(W_w*2))	psi(W_(W_w*2)^W_(W_w*2))	
3400	(0,0,0)(1,1,1)(2,1,1)(3,1,0)(1,1,1)(2,1,0)(3,2,1)(4,2,1)(5,1,0)(4,2,0)(5,3,1)(6,3,1)(7,1,0)(6,3,0)(7,4,0)	psi(W_(W_w*2+1))	psi(W_(W_w*2+1))	
3401	(0,0,0)(1,1,1)(2,1,1)(3,1,0)(1,1,1)(2,1,0)(3,2,1)(4,2,1)(5,1,0)(4,2,0)(5,3,1)(6,3,1)(7,1,0)(6,3,0)(7,4,0)(8,5,0)	psi(W_(W_w*2+2))	psi(W_(W_w*2+2))	
3402	(0,0,0)(1,1,1)(2,1,1)(3,1,0)(1,1,1)(2,1,0)(3,2,1)(4,2,1)(5,1,0)(4,2,0)(5,3,1)(6,3,1)(7,1,0)(6,3,0)(7,4,1)	psi(W_(W_w*2+w))	psi(W_(W_w*2+w))	
3403	(0,0,0)(1,1,1)(2,1,1)(3,1,0)(1,1,1)(2,1,0)(3,2,1)(4,2,1)(5,1,0)(4,2,0)(5,3,1)(6,3,1)(7,1,0)(6,3,0)(7,4,1)(8,4,1)(9,1,0)	psi(W_(W_w*2+W))	psi(W_(W_w*2+W))	
3404	(0,0,0)(1,1,1)(2,1,1)(3,1,0)(1,1,1)(2,1,0)(3,2,1)(4,2,1)(5,1,0)(4,2,0)(5,3,1)(6,3,1)(7,1,0)(6,3,0)(7,4,1)(8,4,1)(9,1,0)(1,1,1)	psi(W_(W_w*3))	psi(W_(W_w*3))	
3405	(0,0,0)(1,1,1)(2,1,1)(3,1,0)(1,1,1)(2,1,0)(3,2,1)(4,2,1)(5,1,0)(4,2,0)(5,3,1)(6,3,1)(7,1,0)(6,3,0)(7,4,1)(8,4,1)(9,1,0)(8,4,0)(9,5,1)(10,5,1)(11,1,0)(1,1,1)	psi(W_(W_w*4))	psi(W_(W_w*4))	
3406	(0,0,0)(1,1,1)(2,1,1)(3,1,0)(1,1,1)(2,1,0)(3,2,1)(4,2,1)(5,1,0)(4,2,1)	psi(W_(W_w*w))	psi(W_(W_w*w))	
3407	(0,0,0)(1,1,1)(2,1,1)(3,1,0)(1,1,1)(2,1,0)(3,2,1)(4,2,1)(5,1,0)(4,2,1)(1,1,1)	psi(W_(W_w*w)+W_w)	psi(W_(W_w*w)+W_w)	
3408	(0,0,0)(1,1,1)(2,1,1)(3,1,0)(1,1,1)(2,1,0)(3,2,1)(4,2,1)(5,1,0)(4,2,1)(3,2,0)	psi(W_(W_w*w)+W_(w+1))	psi(W_(W_w*w)+W_(w+1))	
3409	(0,0,0)(1,1,1)(2,1,1)(3,1,0)(1,1,1)(2,1,0)(3,2,1)(4,2,1)(5,1,0)(4,2,1)(3,2,1)	psi(W_(W_w*w)+W_(w2))	psi(W_(W_w*w)+W_(w2))	
3410	(0,0,0)(1,1,1)(2,1,1)(3,1,0)(1,1,1)(2,1,0)(3,2,1)(4,2,1)(5,1,0)(4,2,1)(3,2,1)(4,2,1)	psi(W_(W_w*w)+W_(w^2))	psi(W_(W_w*w)+W_(w^2))	
3411	(0,0,0)(1,1,1)(2,1,1)(3,1,0)(1,1,1)(2,1,0)(3,2,1)(4,2,1)(5,1,0)(4,2,1)(3,2,1)(4,2,1)(5,1,0)	psi(W_(W_w*w)+W_W)	psi(W_(W_w*w)+W_W)	
3412	(0,0,0)(1,1,1)(2,1,1)(3,1,0)(1,1,1)(2,1,0)(3,2,1)(4,2,1)(5,1,0)(4,2,1)(3,2,1)(4,2,1)(5,1,0)(1,1,1)	psi(W_(W_w*w)+W_W_w)	psi(W_(W_w*w)+W_W_w)	
3413	(0,0,0)(1,1,1)(2,1,1)(3,1,0)(1,1,1)(2,1,0)(3,2,1)(4,2,1)(5,1,0)(4,2,1)(3,2,1)(4,2,1)(5,1,0)(4,2,0)	psi(W_(W_w*w)+W_W_w*W_2)	psi(W_(W_w*w)+W_W_w*W_2)	
3414	(0,0,0)(1,1,1)(2,1,1)(3,1,0)(1,1,1)(2,1,0)(3,2,1)(4,2,1)(5,1,0)(4,2,1)(3,2,1)(4,2,1)(5,1,0)(4,2,0)(5,3,0)	psi(W_(W_w*w)+psi_W_(W_w+1)(W_(W_w+1)))	psi(W_(W_w*w)+psi_W_(W_w+1)(W_(W_w+1)))	
3415	(0,0,0)(1,1,1)(2,1,1)(3,1,0)(1,1,1)(2,1,0)(3,2,1)(4,2,1)(5,1,0)(4,2,1)(3,2,1)(4,2,1)(5,1,0)(4,2,0)(5,3,1)	psi(W_(W_w*w)+psi_W_(W_w+1)(W_(W_w+w)))	psi(W_(W_w*w)+psi_W_(W_w+1)(W_(W_w+w)))	
3416	(0,0,0)(1,1,1)(2,1,1)(3,1,0)(1,1,1)(2,1,0)(3,2,1)(4,2,1)(5,1,0)(4,2,1)(3,2,1)(4,2,1)(5,1,0)(4,2,0)(5,3,1)(6,3,1)(7,1,0)	psi(W_(W_w*w)+psi_W_(W_w+1)(W_(W_w+W)))	psi(W_(W_w*w)+psi_W_(W_w+1)(W_(W_w+W)))	
3417	(0,0,0)(1,1,1)(2,1,1)(3,1,0)(1,1,1)(2,1,0)(3,2,1)(4,2,1)(5,1,0)(4,2,1)(3,2,1)(4,2,1)(5,1,0)(4,2,0)(5,3,1)(6,3,1)(7,1,0)(1,1,1)	psi(W_(W_w*w)+psi_W_(W_w+1)(W_(W_w*2)))	psi(W_(W_w*w)+psi_W_(W_w+1)(W_(W_w*2)))	
3418	(0,0,0)(1,1,1)(2,1,1)(3,1,0)(1,1,1)(2,1,0)(3,2,1)(4,2,1)(5,1,0)(4,2,1)(3,2,1)(4,2,1)(5,1,0)(4,2,0)(5,3,1)(6,3,1)(7,1,0)(6,3,1)	psi(W_(W_w*w)+psi_W_(W_w+1)(W_(W_w*w)))	psi(W_(W_w*w)+psi_W_(W_w+1)(W_(W_w*w)))	
3419	(0,0,0)(1,1,1)(2,1,1)(3,1,0)(1,1,1)(2,1,0)(3,2,1)(4,2,1)(5,1,0)(4,2,1)(3,2,1)(4,2,1)(5,1,0)(4,2,0)(5,3,1)(6,3,1)(7,1,0)(6,3,1)(5,3,0)	psi(W_(W_w*w)+W_(W_w+1))	psi(W_(W_w*w)+W_(W_w+1))	
3420	(0,0,0)(1,1,1)(2,1,1)(3,1,0)(1,1,1)(2,1,0)(3,2,1)(4,2,1)(5,1,0)(4,2,1)(3,2,1)(4,2,1)(5,1,0)(4,2,0)(5,3,1)(6,3,1)(7,1,0)(6,3,1)(5,3,1)	psi(W_(W_w*w)+W_(W_w+w))	psi(W_(W_w*w)+W_(W_w+w))	
3421	(0,0,0)(1,1,1)(2,1,1)(3,1,0)(1,1,1)(2,1,0)(3,2,1)(4,2,1)(5,1,0)(4,2,1)(3,2,1)(4,2,1)(5,1,0)(4,2,0)(5,3,1)(6,3,1)(7,1,0)(6,3,1)(5,3,1)(6,3,1)(7,1,0)	psi(W_(W_w*w)+W_(W_w*2))	psi(W_(W_w*w)+W_(W_w*2))	
3422	(0,0,0)(1,1,1)(2,1,1)(3,1,0)(1,1,1)(2,1,0)(3,2,1)(4,2,1)(5,1,0)(4,2,1)(3,2,1)(4,2,1)(5,1,0)(4,2,0)(5,3,1)(6,3,1)(7,1,0)(6,3,1)(5,3,1)(6,3,1)(7,1,0)(6,3,0)(7,4,1)(8,4,1)(9,1,0)(8,4,1)(7,4,1)(8,4,1)(9,1,0)	psi(W_(W_w*w)+W_(W_w*3))	psi(W_(W_w*w)+W_(W_w*3))	
3423	(0,0,0)(1,1,1)(2,1,1)(3,1,0)(1,1,1)(2,1,0)(3,2,1)(4,2,1)(5,1,0)(4,2,1)(3,2,1)(4,2,1)(5,1,0)(4,2,1)	psi(W_(W_w*w)*2)	psi(W_(W_w*w)*2)	
3424	(0,0,0)(1,1,1)(2,1,1)(3,1,0)(1,1,1)(2,1,0)(3,2,1)(4,2,1)(5,1,0)(4,2,1)(3,2,1)(4,2,1)(5,1,0)(4,2,1)(3,2,1)(4,2,1)(5,1,0)(4,2,1)	psi(W_(W_w*w)*3)	psi(W_(W_w*w)*3)	
3425	(0,0,0)(1,1,1)(2,1,1)(3,1,0)(1,1,1)(2,1,0)(3,2,1)(4,2,1)(5,1,0)(4,2,1)(4,1,0)	psi(W_(W_w*w)*W)	psi(W_(W_w*w)*W)	
3426	(0,0,0)(1,1,1)(2,1,1)(3,1,0)(1,1,1)(2,1,0)(3,2,1)(4,2,1)(5,1,0)(4,2,1)(4,2,0)	psi(W_(W_w*w)*W_(w+1))	psi(W_(W_w*w)*W_(w+1))	
3427	(0,0,0)(1,1,1)(2,1,1)(3,1,0)(1,1,1)(2,1,0)(3,2,1)(4,2,1)(5,1,0)(4,2,1)(4,2,0)(3,2,1)	psi(W_(W_w*w)*W_(w2))	psi(W_(W_w*w)*W_(w2))	
3428	(0,0,0)(1,1,1)(2,1,1)(3,1,0)(1,1,1)(2,1,0)(3,2,1)(4,2,1)(5,1,0)(4,2,1)(4,2,0)(3,2,1)(4,2,1)	psi(W_(W_w*w)*W_(w^2))	psi(W_(W_w*w)*W_(w^2))	
3429	(0,0,0)(1,1,1)(2,1,1)(3,1,0)(1,1,1)(2,1,0)(3,2,1)(4,2,1)(5,1,0)(4,2,1)(4,2,0)(3,2,1)(4,2,1)(5,1,0)	psi(W_(W_w*w)*W_W)	psi(W_(W_w*w)*W_W)	
3430	(0,0,0)(1,1,1)(2,1,1)(3,1,0)(1,1,1)(2,1,0)(3,2,1)(4,2,1)(5,1,0)(4,2,1)(4,2,0)(3,2,1)(4,2,1)(5,1,0)(1,1,1)	psi(W_(W_w*w)*W_W_w)	psi(W_(W_w*w)*W_W_w)	
3431	(0,0,0)(1,1,1)(2,1,1)(3,1,0)(1,1,1)(2,1,0)(3,2,1)(4,2,1)(5,1,0)(4,2,1)(4,2,0)(3,2,1)(4,2,1)(5,1,0)(4,2,0)	psi(W_(W_w*w)*W_W_w+W_W_w*W_2)	psi(W_(W_w*w)*W_W_w+W_W_w*W_2)	
3432	(0,0,0)(1,1,1)(2,1,1)(3,1,0)(1,1,1)(2,1,0)(3,2,1)(4,2,1)(5,1,0)(4,2,1)(4,2,0)(3,2,1)(4,2,1)(5,1,0)(4,2,0)(5,3,0)	psi(W_(W_w*w)*W_W_w+psi_W_(W_w+1)(W_(W_w+1)))	psi(W_(W_w*w)*W_W_w+psi_W_(W_w+1)(W_(W_w+1)))	
3433	(0,0,0)(1,1,1)(2,1,1)(3,1,0)(1,1,1)(2,1,0)(3,2,1)(4,2,1)(5,1,0)(4,2,1)(4,2,0)(3,2,1)(4,2,1)(5,1,0)(4,2,0)(5,3,1)(6,3,1)(7,1,0)(1,1,1)	psi(W_(W_w*w)*W_W_w+psi_W_(W_w+1)(W_(W_w*2)))	psi(W_(W_w*w)*W_W_w+psi_W_(W_w+1)(W_(W_w*2)))	
3434	(0,0,0)(1,1,1)(2,1,1)(3,1,0)(1,1,1)(2,1,0)(3,2,1)(4,2,1)(5,1,0)(4,2,1)(4,2,0)(3,2,1)(4,2,1)(5,1,0)(4,2,0)(5,3,1)(6,3,1)(7,1,0)(6,3,1)	psi(W_(W_w*w)*W_W_w+psi_W_(W_w+1)(W_(W_w*w)))	psi(W_(W_w*w)*W_W_w+psi_W_(W_w+1)(W_(W_w*w)))	
3435	(0,0,0)(1,1,1)(2,1,1)(3,1,0)(1,1,1)(2,1,0)(3,2,1)(4,2,1)(5,1,0)(4,2,1)(4,2,0)(3,2,1)(4,2,1)(5,1,0)(4,2,0)(5,3,1)(6,3,1)(7,1,0)(6,3,1)(6,2,0)(1,1,1)	psi(W_(W_w*w)*W_W_w+psi_W_(W_w+1)(W_(W_w*w)*W_W_w)))	psi(W_(W_w*w)*W_W_w+psi_W_(W_w+1)(W_(W_w*w)*W_W_w))	paren-1
3436	(0,0,0)(1,1,1)(2,1,1)(3,1,0)(1,1,1)(2,1,0)(3,2,1)(4,2,1)(5,1,0)(4,2,1)(4,2,0)(3,2,1)(4,2,1)(5,1,0)(4,2,0)(5,3,1)(6,3,1)(7,1,0)(6,3,1)(6,2,0)(5,3,0)	psi(W_(W_w*w)*W_W_w+W_(W_w+1))	psi(W_(W_w*w)*W_W_w+W_(W_w+1))	
3437	(0,0,0)(1,1,1)(2,1,1)(3,1,0)(1,1,1)(2,1,0)(3,2,1)(4,2,1)(5,1,0)(4,2,1)(4,2,0)(3,2,1)(4,2,1)(5,1,0)(4,2,0)(5,3,1)(6,3,1)(7,1,0)(6,3,1)(6,2,0)(5,3,1)(6,3,1)(7,1,0)	psi(W_(W_w*w)*W_W_w+W_(W_w+W))	psi(W_(W_w*w)*W_W_w+W_(W_w+W))	
3438	(0,0,0)(1,1,1)(2,1,1)(3,1,0)(1,1,1)(2,1,0)(3,2,1)(4,2,1)(5,1,0)(4,2,1)(4,2,0)(3,2,1)(4,2,1)(5,1,0)(4,2,0)(5,3,1)(6,3,1)(7,1,0)(6,3,1)(6,2,0)(5,3,1)(6,3,1)(7,1,0)(1,1,1)	psi(W_(W_w*w)*W_W_w+W_(W_w*2)))	psi(W_(W_w*w)*W_W_w+W_(W_w*2))	paren-1
3439	(0,0,0)(1,1,1)(2,1,1)(3,1,0)(1,1,1)(2,1,0)(3,2,1)(4,2,1)(5,1,0)(4,2,1)(4,2,0)(3,2,1)(4,2,1)(5,1,0)(4,2,0)(5,3,1)(6,3,1)(7,1,0)(6,3,1)(6,2,0)(5,3,1)(6,3,1)(7,1,0)(6,3,1)	psi(W_(W_w*w0*W_W_w+W_(W_w*w))	psi(W_(W_w*w0*W_W_w+W_(W_w*w)))	paren+1
3440	(0,0,0)(1,1,1)(2,1,1)(3,1,0)(1,1,1)(2,1,0)(3,2,1)(4,2,1)(5,1,0)(4,2,1)(4,2,0)(3,2,1)(4,2,1)(5,1,0)(4,2,0)(5,3,1)(6,3,1)(7,1,0)(6,3,1)(6,2,0)(5,3,1)(6,3,1)(7,1,0)(6,3,1)(6,2,0)(3,2,1)(4,2,1)(5,1,0)(1,1,1)	psi(W_(W_w*w)*W_W_w*2)	psi(W_(W_w*w)*W_W_w*2)	
3441	(0,0,0)(1,1,1)(2,1,1)(3,1,0)(1,1,1)(2,1,0)(3,2,1)(4,2,1)(5,1,0)(4,2,1)(4,2,0)(3,2,1)(4,2,1)(5,1,0)(4,2,0)(5,3,1)(6,3,1)(7,1,0)(6,3,1)(6,2,0)(5,3,1)(6,3,1)(7,1,0)(6,3,1)(6,3,0)	psi(W_(W_w*w)*W_(W_w+1))	psi(W_(W_w*w)*W_(W_w+1))	
3442	(0,0,0)(1,1,1)(2,1,1)(3,1,0)(1,1,1)(2,1,0)(3,2,1)(4,2,1)(5,1,0)(4,2,1)(4,2,0)(3,2,1)(4,2,1)(5,1,0)(4,2,0)(5,3,1)(6,3,1)(7,1,0)(6,3,1)(6,2,0)(5,3,1)(6,3,1)(7,1,0)(6,3,1)(6,3,0)(5,3,1)	psi(W_(W_w*w)*W_(W_w+w))	psi(W_(W_w*w)*W_(W_w+w))	
3443	(0,0,0)(1,1,1)(2,1,1)(3,1,0)(1,1,1)(2,1,0)(3,2,1)(4,2,1)(5,1,0)(4,2,1)(4,2,0)(3,2,1)(4,2,1)(5,1,0)(4,2,0)(5,3,1)(6,3,1)(7,1,0)(6,3,1)(6,2,0)(5,3,1)(6,3,1)(7,1,0)(6,3,1)(6,3,0)(5,3,1)(6,3,1)(7,1,0)	psi(W_(W_w*w)*W_(W_w+W))	psi(W_(W_w*w)*W_(W_w+W))	
3444	(0,0,0)(1,1,1)(2,1,1)(3,1,0)(1,1,1)(2,1,0)(3,2,1)(4,2,1)(5,1,0)(4,2,1)(4,2,0)(3,2,1)(4,2,1)(5,1,0)(4,2,0)(5,3,1)(6,3,1)(7,1,0)(6,3,1)(6,2,0)(5,3,1)(6,3,1)(7,1,0)(6,3,1)(6,3,0)(5,3,1)(6,3,1)(7,1,0)(1,1,1)	psi(W_(W_w*w)*W_(W_w*2))	psi(W_(W_w*w)*W_(W_w*2))	
3445	(0,0,0)(1,1,1)(2,1,1)(3,1,0)(1,1,1)(2,1,0)(3,2,1)(4,2,1)(5,1,0)(4,2,1)(4,2,0)(3,2,1)(4,2,1)(5,1,0)(4,2,1)	psi(W_(W_w*w)^2)	psi(W_(W_w*w)^2)	
3446	(0,0,0)(1,1,1)(2,1,1)(3,1,0)(1,1,1)(2,1,0)(3,2,1)(4,2,1)(5,1,0)(4,2,1)(4,2,0)(4,2,0)(3,2,1)(4,2,1)(5,1,0)(4,2,1)	psi(W_(W_w*w)^3)	psi(W_(W_w*w)^3)	
3447	(0,0,0)(1,1,1)(2,1,1)(3,1,0)(1,1,1)(2,1,0)(3,2,1)(4,2,1)(5,1,0)(4,2,1)(4,2,0)(5,2,0)(3,2,1)(4,2,1)(5,1,0)(4,2,1)	psi(W_(W_w*w)^W_(W_w*w))	psi(W_(W_w*w)^W_(W_w*w))	
3448	(0,0,0)(1,1,1)(2,1,1)(3,1,0)(1,1,1)(2,1,0)(3,2,1)(4,2,1)(5,1,0)(4,2,1)(4,2,0)(5,3,0)	psi(W_(W_w*w+1))	psi(W_(W_w*w+1))	
3449	(0,0,0)(1,1,1)(2,1,1)(3,1,0)(1,1,1)(2,1,0)(3,2,1)(4,2,1)(5,1,0)(4,2,1)(4,2,0)(5,3,1)	psi(W_(W_w*w+w))	psi(W_(W_w*w+w))	
3450	(0,0,0)(1,1,1)(2,1,1)(3,1,0)(1,1,1)(2,1,0)(3,2,1)(4,2,1)(5,1,0)(4,2,1)(4,2,0)(5,3,1)(6,3,1)(7,1,0)	psi(W_(W_w*w)*W_(W_w+W))	psi(W_(W_w*w)*W_(W_w+W))	
3451	(0,0,0)(1,1,1)(2,1,1)(3,1,0)(1,1,1)(2,1,0)(3,2,1)(4,2,1)(5,1,0)(4,2,1)(4,2,0)(5,3,1)(6,3,1)(7,1,0)(1,1,1)	psi(W_(W_w*w+W_w))	psi(W_(W_w*w+W_w))	
3452	(0,0,0)(1,1,1)(2,1,1)(3,1,0)(1,1,1)(2,1,0)(3,2,1)(4,2,1)(5,1,0)(4,2,1)(4,2,0)(5,3,1)(6,3,1)(7,1,0)(6,3,0)(7,4,0)	psi(W_(W_w*w+W_w+10)	psi(W_(W_w*w+W_w+10))	paren+1
3453	(0,0,0)(1,1,1)(2,1,1)(3,1,0)(1,1,1)(2,1,0)(3,2,1)(4,2,1)(5,1,0)(4,2,1)(4,2,0)(5,3,1)(6,3,1)(7,1,0)(6,3,0)(7,4,1)(8,4,1)(9,1,0)	psi(W_(W_w*w+W_w*2))	psi(W_(W_w*w+W_w*2))	
3454	(0,0,0)(1,1,1)(2,1,1)(3,1,0)(1,1,1)(2,1,0)(3,2,1)(4,2,1)(5,1,0)(4,2,1)(4,2,0)(5,3,1)(6,3,1)(7,1,0)(6,3,1)	psi(W_(W_w*w2))	psi(W_(W_w*w2))	
3455	(0,0,0)(1,1,1)(2,1,1)(3,1,0)(1,1,1)(2,1,0)(3,2,1)(4,2,1)(5,1,0)(4,2,1)(4,2,0)(5,3,1)(6,3,1)(7,1,0)(6,3,1)(6,3,0)(7,4,1)(8,4,1)(9,1,0)(8,4,1)	psi(W_(W_w*w3))	psi(W_(W_w*w3))	
3456	(0,0,0)(1,1,1)(2,1,1)(3,1,0)(1,1,1)(2,1,0)(3,2,1)(4,2,1)(5,1,0)(4,2,1)(4,2,1)	psi(W_(W_w*w^2))	psi(W_(W_w*w^2))	
3457	(0,0,0)(1,1,1)(2,1,1)(3,1,0)(1,1,1)(2,1,0)(3,2,1)(4,2,1)(5,1,0)(4,2,1)(4,2,1)(4,2,1)	psi(W_(W_w*w^3))	psi(W_(W_w*w^3))	
3458	(0,0,0)(1,1,1)(2,1,1)(3,1,0)(1,1,1)(2,1,0)(3,2,1)(4,2,1)(5,1,0)(4,2,1)(5,0,0)	psi(W_(W_w*w^w))	psi(W_(W_w*w^w))	
3459	(0,0,0)(1,1,1)(2,1,1)(3,1,0)(1,1,1)(2,1,0)(3,2,1)(4,2,1)(5,1,0)(4,2,1)(5,0,0)(6,1,1)	psi(W_(W_w*psi(W_w)))	psi(W_(W_w*psi(W_w)))	
3460	(0,0,0)(1,1,1)(2,1,1)(3,1,0)(1,1,1)(2,1,0)(3,2,1)(4,2,1)(5,1,0)(4,2,1)(5,1,0)	psi(W_(W_w*W))	psi(W_(W_w*W))	
3461	(0,0,0)(1,1,1)(2,1,1)(3,1,0)(1,1,1)(2,1,0)(3,2,1)(4,2,1)(5,1,0)(4,2,1)(5,1,0)(1,1,0)(2,2,1)(3,2,1)(4,2,0)(2,2,1)	psi(W_(W_w*W)+psi_1(W_W_w))	psi(W_(W_w*W)+psi_1(W_W_w))	
3462	(0,0,0)(1,1,1)(2,1,1)(3,1,0)(1,1,1)(2,1,0)(3,2,1)(4,2,1)(5,1,0)(4,2,1)(5,1,0)(1,1,0)(2,2,1)(3,2,1)(4,2,0)(2,2,1)(3,2,0)(4,3,1)(5,3,1)(6,2,0)(5,3,1)(6,1,0)	psi(W_(W_w*W)+psi_1(W_(W_w*W))	psi(W_(W_w*W)+psi_1(W_(W_w*W)))	paren+1
3463	(0,0,0)(1,1,1)(2,1,1)(3,1,0)(1,1,1)(2,1,0)(3,2,1)(4,2,1)(5,1,0)(4,2,1)(5,1,0)(1,1,0)(2,2,1)(3,2,1)(4,2,0)(2,2,1)(3,2,0)(4,3,1)(5,3,1)(6,2,0)(5,3,1)(6,1,0)(2,2,1)	psi(W_(W_w*W)+W_w)	psi(W_(W_w*W)+W_w)	
3464	(0,0,0)(1,1,1)(2,1,1)(3,1,0)(1,1,1)(2,1,0)(3,2,1)(4,2,1)(5,1,0)(4,2,1)(5,1,0)(1,1,0)(2,2,1)(3,2,1)(4,2,0)(2,2,1)(3,2,0)(4,3,1)(5,3,1)(6,2,0)(5,3,1)(6,1,0)(4,3,0)	psi(W_(W_w*W)+W_(w+1))	psi(W_(W_w*W)+W_(w+1))	
3465	(0,0,0)(1,1,1)(2,1,1)(3,1,0)(1,1,1)(2,1,0)(3,2,1)(4,2,1)(5,1,0)(4,2,1)(5,1,0)(1,1,0)(2,2,1)(3,2,1)(4,2,0)(2,2,1)(3,2,0)(4,3,1)(5,3,1)(6,2,0)(5,3,1)(6,1,0)(4,3,1)	psi(W_(W_w*W)+W_(w2))	psi(W_(W_w*W)+W_(w2))	
3466	(0,0,0)(1,1,1)(2,1,1)(3,1,0)(1,1,1)(2,1,0)(3,2,1)(4,2,1)(5,1,0)(4,2,1)(5,1,0)(1,1,0)(2,2,1)(3,2,1)(4,2,0)(2,2,1)(3,2,0)(4,3,1)(5,3,1)(6,2,0)(5,3,1)(6,1,0)(4,3,1)(5,3,1)(6,1,0)	psi(W_(W_w*W)+W_W)	psi(W_(W_w*W)+W_W)	
3467	(0,0,0)(1,1,1)(2,1,1)(3,1,0)(1,1,1)(2,1,0)(3,2,1)(4,2,1)(5,1,0)(4,2,1)(5,1,0)(1,1,0)(2,2,1)(3,2,1)(4,2,0)(2,2,1)(3,2,0)(4,3,1)(5,3,1)(6,2,0)(5,3,1)(6,1,0)(4,3,1)(5,3,1)(6,2,0)(1,1,1)	psi(W_(W_w*W)+W_W_w)	psi(W_(W_w*W)+W_W_w)	
3468	(0,0,0)(1,1,1)(2,1,1)(3,1,0)(1,1,1)(2,1,0)(3,2,1)(4,2,1)(5,1,0)(4,2,1)(5,1,0)(1,1,0)(2,2,1)(3,2,1)(4,2,0)(2,2,1)(3,2,0)(4,3,1)(5,3,1)(6,2,0)(5,3,1)(6,1,0)(4,3,1)(5,3,1)(6,2,0)(5,3,0)(6,4,0)	psi(W_(W_w*W)+psi_W_(W_w+1)(W_(W_w+1)))	psi(W_(W_w*W)+psi_W_(W_w+1)(W_(W_w+1)))	
3469	(0,0,0)(1,1,1)(2,1,1)(3,1,0)(1,1,1)(2,1,0)(3,2,1)(4,2,1)(5,1,0)(4,2,1)(5,1,0)(1,1,0)(2,2,1)(3,2,1)(4,2,0)(2,2,1)(3,2,0)(4,3,1)(5,3,1)(6,2,0)(5,3,1)(6,1,0)(4,3,1)(5,3,1)(6,2,0)(5,3,0)(6,4,1)(7,4,1)(8,3,0)(7,4,1)	psi(W_(W_w*W)+psi_W_(W_w+1)(W_(W_w*w)))	psi(W_(W_w*W)+psi_W_(W_w+1)(W_(W_w*w)))	
3470	(0,0,0)(1,1,1)(2,1,1)(3,1,0)(1,1,1)(2,1,0)(3,2,1)(4,2,1)(5,1,0)(4,2,1)(5,1,0)(1,1,0)(2,2,1)(3,2,1)(4,2,0)(2,2,1)(3,2,0)(4,3,1)(5,3,1)(6,2,0)(5,3,1)(6,1,0)(4,3,1)(5,3,1)(6,2,0)(5,3,0)(6,4,1)(7,4,1)(8,3,0)(7,4,1)(8,1,0)	psi(W_(W_w*W)+psi_W_(W_w+1)(W_(W_w*W)))	psi(W_(W_w*W)+psi_W_(W_w+1)(W_(W_w*W)))	
3471	(0,0,0)(1,1,1)(2,1,1)(3,1,0)(1,1,1)(2,1,0)(3,2,1)(4,2,1)(5,1,0)(4,2,1)(5,1,0)(1,1,0)(2,2,1)(3,2,1)(4,2,0)(2,2,1)(3,2,0)(4,3,1)(5,3,1)(6,2,0)(5,3,1)(6,1,0)(4,3,1)(5,3,1)(6,2,0)(5,3,0)(6,4,1)(7,4,1)(8,3,0)(7,4,1)(8,1,0)(6,5,0)	psi(W_(W_w*W)+W_(W_w+1))	psi(W_(W_w*W)+W_(W_w+1))	
3472	(0,0,0)(1,1,1)(2,1,1)(3,1,0)(1,1,1)(2,1,0)(3,2,1)(4,2,1)(5,1,0)(4,2,1)(5,1,0)(1,1,0)(2,2,1)(3,2,1)(4,2,0)(2,2,1)(3,2,0)(4,3,1)(5,3,1)(6,2,0)(5,3,1)(6,1,0)(4,3,1)(5,3,1)(6,2,0)(5,3,0)(6,4,1)(7,4,1)(8,3,0)(7,4,1)(8,1,0)(6,5,1)(7,5,1)(8,2,0)(2,2,1)	psi(W_(W_w*W)+W_(W_w*2))	psi(W_(W_w*W)+W_(W_w*2))	
3473	(0,0,0)(1,1,1)(2,1,1)(3,1,0)(1,1,1)(2,1,0)(3,2,1)(4,2,1)(5,1,0)(4,2,1)(5,1,0)(1,1,0)(2,2,1)(3,2,1)(4,2,0)(2,2,1)(3,2,0)(4,3,1)(5,3,1)(6,2,0)(5,3,1)(6,1,0)(4,3,1)(5,3,1)(6,2,0)(5,3,1)	psi(W_(W_w*W)+W_(W_w*w))	psi(W_(W_w*W)+W_(W_w*w))	
3474	(0,0,0)(1,1,1)(2,1,1)(3,1,0)(1,1,1)(2,1,0)(3,2,1)(4,2,1)(5,1,0)(4,2,1)(5,1,0)(1,1,0)(2,2,1)(3,2,1)(4,2,0)(2,2,1)(3,2,0)(4,3,1)(5,3,1)(6,2,0)(5,3,1)(6,1,0)(4,3,1)(5,3,1)(6,2,0)(5,3,1)(5,3,1)	psi(W_(W_w*W)+W_(W_w*w^2))	psi(W_(W_w*W)+W_(W_w*w^2))	
3475	(0,0,0)(1,1,1)(2,1,1)(3,1,0)(1,1,1)(2,1,0)(3,2,1)(4,2,1)(5,1,0)(4,2,1)(5,1,0)(1,1,0)(2,2,1)(3,2,1)(4,2,0)(2,2,1)(3,2,0)(4,3,1)(5,3,1)(6,2,0)(5,3,1)(6,1,0)(4,3,1)(5,3,1)(6,2,0)(5,3,1)(6,1,0)	psi(W_(W_w*W)*2)	psi(W_(W_w*W)*2)	
3476	(0,0,0)(1,1,1)(2,1,1)(3,1,0)(1,1,1)(2,1,0)(3,2,1)(4,2,1)(5,1,0)(4,2,1)(5,1,0)(1,1,0)(2,2,1)(3,2,1)(4,2,0)(2,2,1)(3,2,0)(4,3,1)(5,3,1)(6,2,0)(5,3,1)(6,1,0)(5,3,0)	psi(W_(W_w*W)*W_3)	psi(W_(W_w*W)*W_3)	
3477	(0,0,0)(1,1,1)(2,1,1)(3,1,0)(1,1,1)(2,1,0)(3,2,1)(4,2,1)(5,1,0)(4,2,1)(5,1,0)(1,1,0)(2,2,1)(3,2,1)(4,2,0)(2,2,1)(3,2,0)(4,3,1)(5,3,1)(6,2,0)(5,3,1)(6,1,0)(5,3,0)(4,3,1)(5,3,1)(6,2,0)(5,3,1)(6,1,0)	psi(W_(W_w*W)^2)	psi(W_(W_w*W)^2)	
3478	(0,0,0)(1,1,1)(2,1,1)(3,1,0)(1,1,1)(2,1,0)(3,2,1)(4,2,1)(5,1,0)(4,2,1)(5,1,0)(1,1,0)(2,2,1)(3,2,1)(4,2,0)(2,2,1)(3,2,0)(4,3,1)(5,3,1)(6,2,0)(5,3,1)(6,1,0)(5,3,0)(6,4,0)	psi(W_(W_w*W+1))	psi(W_(W_w*W+1))	
3479	(0,0,0)(1,1,1)(2,1,1)(3,1,0)(1,1,1)(2,1,0)(3,2,1)(4,2,1)(5,1,0)(4,2,1)(5,1,0)(1,1,0)(2,2,1)(3,2,1)(4,2,0)(2,2,1)(3,2,0)(4,3,1)(5,3,1)(6,2,0)(5,3,1)(6,1,0)(5,3,0)(6,4,1)	psi(W_(W_w*W+w))	psi(W_(W_w*W+w))	
3480	(0,0,0)(1,1,1)(2,1,1)(3,1,0)(1,1,1)(2,1,0)(3,2,1)(4,2,1)(5,1,0)(4,2,1)(5,1,0)(1,1,0)(2,2,1)(3,2,1)(4,2,0)(2,2,1)(3,2,0)(4,3,1)(5,3,1)(6,2,0)(5,3,1)(6,1,0)(5,3,0)(6,4,1)(7,4,1)(8,1,0)(7,4,1)	psi(W_(W_w*W+W_3))	psi(W_(W_w*W+W_3))	
3481	(0,0,0)(1,1,1)(2,1,1)(3,1,0)(1,1,1)(2,1,0)(3,2,1)(4,2,1)(5,1,0)(4,2,1)(5,1,0)(1,1,0)(2,2,1)(3,2,1)(4,2,0)(2,2,1)(3,2,0)(4,3,1)(5,3,1)(6,2,0)(5,3,1)(6,1,0)(5,3,0)(6,4,1)(7,4,1)(8,3,0)(2,2,1)	psi(W_(W_w*W+W_w))	psi(W_(W_w*W+W_w))	
3482	(0,0,0)(1,1,1)(2,1,1)(3,1,0)(1,1,1)(2,1,0)(3,2,1)(4,2,1)(5,1,0)(4,2,1)(5,1,0)(1,1,0)(2,2,1)(3,2,1)(4,2,0)(2,2,1)(3,2,0)(4,3,1)(5,3,1)(6,2,0)(5,3,1)(6,1,0)(5,3,0)(6,4,1)(7,4,1)(8,3,0)(7,4,1)	psi(W_(W_w*W2))	psi(W_(W_w*W2))	
3483	(0,0,0)(1,1,1)(2,1,1)(3,1,0)(1,1,1)(2,1,0)(3,2,1)(4,2,1)(5,1,0)(4,2,1)(5,1,0)(1,1,0)(2,2,1)(3,2,1)(4,2,0)(2,2,1)(3,2,0)(4,3,1)(5,3,1)(6,2,0)(5,3,1)(6,1,0)(5,3,1)	psi(W_(W_w*W*w))	psi(W_(W_w*W*w))	
3484	(0,0,0)(1,1,1)(2,1,1)(3,1,0)(1,1,1)(2,1,0)(3,2,1)(4,2,1)(5,1,0)(4,2,1)(5,1,0)(1,1,0)(2,2,1)(3,2,1)(4,2,0)(2,2,1)(3,2,0)(4,3,1)(5,3,1)(6,2,0)(5,3,1)(6,1,0)(5,3,1)(5,3,1)	psi(W_(W_w*W*w^2))	psi(W_(W_w*W*w^2))	
3485	(0,0,0)(1,1,1)(2,1,1)(3,1,0)(1,1,1)(2,1,0)(3,2,1)(4,2,1)(5,1,0)(4,2,1)(5,1,0)(1,1,0)(2,2,1)(3,2,1)(4,2,0)(2,2,1)(3,2,0)(4,3,1)(5,3,1)(6,2,0)(5,3,1)(6,1,0)(5,3,1)(6,0,0)	psi(W_(W_w*W*w^w))	psi(W_(W_w*W*w^w))	
3486	(0,0,0)(1,1,1)(2,1,1)(3,1,0)(1,1,1)(2,1,0)(3,2,1)(4,2,1)(5,1,0)(4,2,1)(5,1,0)(1,1,0)(2,2,1)(3,2,1)(4,2,0)(2,2,1)(3,2,0)(4,3,1)(5,3,1)(6,2,0)(5,3,1)(6,1,0)(5,3,1)(6,1,0)	psi(W_(W_w*W^2))	psi(W_(W_w*W^2))	
3487	(0,0,0)(1,1,1)(2,1,1)(3,1,0)(1,1,1)(2,1,0)(3,2,1)(4,2,1)(5,1,0)(4,2,1)(5,1,0)(1,1,0)(2,2,1)(3,2,1)(4,2,0)(2,2,1)(3,2,0)(4,3,1)(5,3,1)(6,2,0)(5,3,1)(6,1,0)(5,3,1)(6,1,0)(5,3,1)(6,1,0)	psi(W_(W_w*W^3))	psi(W_(W_w*W^3))	
3488	(0,0,0)(1,1,1)(2,1,1)(3,1,0)(1,1,1)(2,1,0)(3,2,1)(4,2,1)(5,1,0)(4,2,1)(5,1,0)(1,1,0)(2,2,1)(3,2,1)(4,2,0)(2,2,1)(3,2,0)(4,3,1)(5,3,1)(6,2,0)(5,3,1)(6,1,0)(6,0,0)	psi(W_(W_w*W^w))	psi(W_(W_w*W^w))	
3489	(0,0,0)(1,1,1)(2,1,1)(3,1,0)(1,1,1)(2,1,0)(3,2,1)(4,2,1)(5,1,0)(4,2,1)(5,1,0)(1,1,0)(2,2,1)(3,2,1)(4,2,0)(2,2,1)(3,2,0)(4,3,1)(5,3,1)(6,2,0)(5,3,1)(6,1,0)(6,1,0)	psi(W_(W_w*W^W))	psi(W_(W_w*W^W))	
3490	(0,0,0)(1,1,1)(2,1,1)(3,1,0)(1,1,1)(2,1,0)(3,2,1)(4,2,1)(5,1,0)(4,2,1)(5,1,0)(1,1,0)(2,2,1)(3,2,1)(4,2,0)(2,2,1)(3,2,0)(4,3,1)(5,3,1)(6,2,0)(5,3,1)(6,1,0)(7,2,1)	psi(W_(W_w*psi_1(W_w)))	psi(W_(W_w*psi_1(W_w)))	
3491	(0,0,0)(1,1,1)(2,1,1)(3,1,0)(1,1,1)(2,1,0)(3,2,1)(4,2,1)(5,1,0)(4,2,1)(5,1,0)(1,1,0)(2,2,1)(3,2,1)(4,2,0)(2,2,1)(3,2,0)(4,3,1)(5,3,1)(6,2,0)(5,3,1)(6,2,0)	psi(W_(W_w*W_2))	psi(W_(W_w*W_2))	
3492	(0,0,0)(1,1,1)(2,1,1)(3,1,0)(1,1,1)(2,1,0)(3,2,1)(4,2,1)(5,1,0)(4,2,1)(5,1,0)(1,1,0)(2,2,1)(3,2,1)(4,2,0)(2,2,1)(3,2,0)(4,3,1)(5,3,1)(6,2,0)(5,3,1)(6,2,0)(2,2,0)(3,3,1)(4,3,1)(5,3,0)(3,3,1)(4,3,0)(5,4,1)(6,4,1)(7,3,0)(6,4,1)(7,2,0)(6,4,1)	psi(W_(W_w*W_2*w))	psi(W_(W_w*W_2*w))	
3493	(0,0,0)(1,1,1)(2,1,1)(3,1,0)(1,1,1)(2,1,0)(3,2,1)(4,2,1)(5,1,0)(4,2,1)(5,1,0)(1,1,0)(2,2,1)(3,2,1)(4,2,0)(2,2,1)(3,2,0)(4,3,1)(5,3,1)(6,2,0)(5,3,1)(6,2,0)(2,2,0)(3,3,1)(4,3,1)(5,3,0)(3,3,1)(4,3,0)(5,4,1)(6,4,1)(7,3,0)(6,4,1)(7,3,0)	psi(W_(W_w*W_3))	psi(W_(W_w*W_3))	
3494	(0,0,0)(1,1,1)(2,1,1)(3,1,0)(1,1,1)(2,1,0)(3,2,1)(4,2,1)(5,1,0)(4,2,1)(5,1,0)(1,1,1)	psi(W_(W_w^2))	psi(W_(W_w^2))	
3495	(0,0,0)(1,1,1)(2,1,1)(3,1,0)(1,1,1)(2,1,0)(3,2,1)(4,2,1)(5,1,0)(4,2,1)(5,1,0)(1,1,1)(1,1,1)	psi(W_(W_w^2)+W_w)	psi(W_(W_w^2)+W_w)	
3496	(0,0,0)(1,1,1)(2,1,1)(3,1,0)(1,1,1)(2,1,0)(3,2,1)(4,2,1)(5,1,0)(4,2,1)(5,1,0)(3,2,0)	psi(W_(W_w^2)+W_(w+1))	psi(W_(W_w^2)+W_(w+1))	
3497	(0,0,0)(1,1,1)(2,1,1)(3,1,0)(1,1,1)(2,1,0)(3,2,1)(4,2,1)(5,1,0)(4,2,1)(5,1,0)(3,2,1)	psi(W_(W_w^2)+W_(w2))	psi(W_(W_w^2)+W_(w2))	
3498	(0,0,0)(1,1,1)(2,1,1)(3,1,0)(1,1,1)(2,1,0)(3,2,1)(4,2,1)(5,1,0)(4,2,1)(5,1,0)(3,2,1)(4,2,1)(5,1,0)	psi(W_(W_w^2)+W_W)	psi(W_(W_w^2)+W_W)	
3499	(0,0,0)(1,1,1)(2,1,1)(3,1,0)(1,1,1)(2,1,0)(3,2,1)(4,2,1)(5,1,0)(4,2,1)(5,1,0)(3,2,1)(4,2,1)(5,1,0)(1,1,1)	psi(W_(W_w^2)+W_W_w)	psi(W_(W_w^2)+W_W_w)	
3500	(0,0,0)(1,1,1)(2,1,1)(3,1,0)(1,1,1)(2,1,0)(3,2,1)(4,2,1)(5,1,0)(4,2,1)(5,1,0)(3,2,1)(4,2,1)(5,1,0)(4,2,0)(5,3,1)(6,3,1)(7,1,0)(6,3,1)(7,1,0)(1,1,1)	psi(W_(W_w^2)+psi_W_(W_w+1)(W_(W_w^2)))	psi(W_(W_w^2)+psi_W_(W_w+1)(W_(W_w^2)))	
3501	(0,0,0)(1,1,1)(2,1,1)(3,1,0)(1,1,1)(2,1,0)(3,2,1)(4,2,1)(5,1,0)(4,2,1)(5,1,0)(3,2,1)(4,2,1)(5,1,0)(4,2,0)(5,3,1)(6,3,1)(7,1,0)(6,3,1)(7,1,0)(5,3,0)(6,4,0)	psi(W_(W_w^2)+W_(W_w+1))	psi(W_(W_w^2)+W_(W_w+1))	
3502	(0,0,0)(1,1,1)(2,1,1)(3,1,0)(1,1,1)(2,1,0)(3,2,1)(4,2,1)(5,1,0)(4,2,1)(5,1,0)(3,2,1)(4,2,1)(5,1,0)(4,2,0)(5,3,1)(6,3,1)(7,1,0)(6,3,1)(7,1,0)(5,3,0)(6,4,1)(7,4,1)(8,1,0)(1,1,1)	psi(W_(W_w^2)+W_(W_w*2))	psi(W_(W_w^2)+W_(W_w*2))	
3503	(0,0,0)(1,1,1)(2,1,1)(3,1,0)(1,1,1)(2,1,0)(3,2,1)(4,2,1)(5,1,0)(4,2,1)(5,1,0)(3,2,1)(4,2,1)(5,1,0)(4,2,1)	psi(W_(W_w^2)+W_(W_w*w))	psi(W_(W_w^2)+W_(W_w*w))	
3504	(0,0,0)(1,1,1)(2,1,1)(3,1,0)(1,1,1)(2,1,0)(3,2,1)(4,2,1)(5,1,0)(4,2,1)(5,1,0)(3,2,1)(4,2,1)(5,1,0)(4,2,1)(5,0,0)	psi(W_(W_w^2)+W_(W_w*w^w))	psi(W_(W_w^2)+W_(W_w*w^w))	
3505	(0,0,0)(1,1,1)(2,1,1)(3,1,0)(1,1,1)(2,1,0)(3,2,1)(4,2,1)(5,1,0)(4,2,1)(5,1,0)(3,2,1)(4,2,1)(5,1,0)(4,2,1)(5,1,0)	psi(W_(W_w^2)+W_(W_w*W))	psi(W_(W_w^2)+W_(W_w*W))	
3506	(0,0,0)(1,1,1)(2,1,1)(3,1,0)(1,1,1)(2,1,0)(3,2,1)(4,2,1)(5,1,0)(4,2,1)(5,1,0)(3,2,1)(4,2,1)(5,1,0)(4,2,1)(5,1,0)(1,1,1)	psi(W_(W_w^2)*2)	psi(W_(W_w^2)*2)	
3507	(0,0,0)(1,1,1)(2,1,1)(3,1,0)(1,1,1)(2,1,0)(3,2,1)(4,2,1)(5,1,0)(4,2,1)(5,1,0)(4,1,0)	psi(W_(W_w^2)*W)	psi(W_(W_w^2)*W)	
3508	(0,0,0)(1,1,1)(2,1,1)(3,1,0)(1,1,1)(2,1,0)(3,2,1)(4,2,1)(5,1,0)(4,2,1)(5,1,0)(4,1,0)(1,1,1)	psi(W_(W_w^2)*W_w)	psi(W_(W_w^2)*W_w)	
3509	(0,0,0)(1,1,1)(2,1,1)(3,1,0)(1,1,1)(2,1,0)(3,2,1)(4,2,1)(5,1,0)(4,2,1)(5,1,0)(4,2,0)	psi(W_(W_w^2)*W_(w+1))	psi(W_(W_w^2)*W_(w+1))	
3510	(0,0,0)(1,1,1)(2,1,1)(3,1,0)(1,1,1)(2,1,0)(3,2,1)(4,2,1)(5,1,0)(4,2,1)(5,1,0)(4,2,0)(3,2,1)	psi(W_(W_w^2)*W_(w2))	psi(W_(W_w^2)*W_(w2))	
3511	(0,0,0)(1,1,1)(2,1,1)(3,1,0)(1,1,1)(2,1,0)(3,2,1)(4,2,1)(5,1,0)(4,2,1)(5,1,0)(4,2,0)(3,2,1)(4,2,1)(5,1,0)	psi(W_(W_w^2)*W_W)	psi(W_(W_w^2)*W_W)	
3512	(0,0,0)(1,1,1)(2,1,1)(3,1,0)(1,1,1)(2,1,0)(3,2,1)(4,2,1)(5,1,0)(4,2,1)(5,1,0)(4,2,0)(3,2,1)(4,2,1)(5,1,0)(1,1,1)	psi(W_(W_w^2)*W_W_w)	psi(W_(W_w^2)*W_W_w)	
3513	(0,0,0)(1,1,1)(2,1,1)(3,1,0)(1,1,1)(2,1,0)(3,2,1)(4,2,1)(5,1,0)(4,2,1)(5,1,0)(4,2,0)(3,2,1)(4,2,1)(5,1,0)(4,2,1)	psi(W_(W_w^2)*W_(W_w*w))	psi(W_(W_w^2)*W_(W_w*w))	
3514	(0,0,0)(1,1,1)(2,1,1)(3,1,0)(1,1,1)(2,1,0)(3,2,1)(4,2,1)(5,1,0)(4,2,1)(5,1,0)(4,2,0)(3,2,1)(4,2,1)(5,1,0)(4,2,1)(5,1,0)	psi(W_(W_w^2)*W_(W_w*W))	psi(W_(W_w^2)*W_(W_w*W))	
3515	(0,0,0)(1,1,1)(2,1,1)(3,1,0)(1,1,1)(2,1,0)(3,2,1)(4,2,1)(5,1,0)(4,2,1)(5,1,0)(4,2,0)(3,2,1)(4,2,1)(5,1,0)(4,2,1)(5,1,0)(1,1,1)	psi(W_(W_w^2)^2)	psi(W_(W_w^2)^2)	
3516	(0,0,0)(1,1,1)(2,1,1)(3,1,0)(1,1,1)(2,1,0)(3,2,1)(4,2,1)(5,1,0)(4,2,1)(5,1,0)(4,2,0)(4,2,0)(3,2,1)(4,2,1)(5,1,0)(4,2,1)(5,1,0)(1,1,1)	psi(W_(W_w^2)^3)	psi(W_(W_w^2)^3)	
3517	(0,0,0)(1,1,1)(2,1,1)(3,1,0)(1,1,1)(2,1,0)(3,2,1)(4,2,1)(5,1,0)(4,2,1)(5,1,0)(4,2,0)(5,2,0)(3,2,1)(4,2,1)(5,1,0)(4,2,1)(5,1,0)(1,1,1)	psi(W_(W_w^2)^W_(W_w^2))	psi(W_(W_w^2)^W_(W_w^2))	
3518	(0,0,0)(1,1,1)(2,1,1)(3,1,0)(1,1,1)(2,1,0)(3,2,1)(4,2,1)(5,1,0)(4,2,1)(5,1,0)(4,2,0)(5,3,0)	psi(W_(W_w^2+1))	psi(W_(W_w^2+1))	
3519	(0,0,0)(1,1,1)(2,1,1)(3,1,0)(1,1,1)(2,1,0)(3,2,1)(4,2,1)(5,1,0)(4,2,1)(5,1,0)(4,2,0)(5,3,1)	psi(W_(W_w^2+w))	psi(W_(W_w^2+w))	
3520	(0,0,0)(1,1,1)(2,1,1)(3,1,0)(1,1,1)(2,1,0)(3,2,1)(4,2,1)(5,1,0)(4,2,1)(5,1,0)(4,2,0)(5,3,1)(6,3,1)(7,1,0)	psi(W_(W_w^2+W))	psi(W_(W_w^2+W))	
3521	(0,0,0)(1,1,1)(2,1,1)(3,1,0)(1,1,1)(2,1,0)(3,2,1)(4,2,1)(5,1,0)(4,2,1)(5,1,0)(4,2,0)(5,3,1)(6,3,1)(7,1,0)(1,1,0)(2,2,1)(3,2,1)(4,2,0)(2,2,1)(3,2,0)(4,3,1)(5,3,1)(6,2,0)(5,3,1)(6,2,0)(5,3,0)(6,4,1)(7,4,1)(8,2,0)	psi(W_(W_w^2+W_2))	psi(W_(W_w^2+W_2))	
3522	(0,0,0)(1,1,1)(2,1,1)(3,1,0)(1,1,1)(2,1,0)(3,2,1)(4,2,1)(5,1,0)(4,2,1)(5,1,0)(4,2,0)(5,3,1)(6,3,1)(7,1,0)(1,1,1)	psi(W_(W_w^2+W_w))	psi(W_(W_w^2+W_w))	
3523	(0,0,0)(1,1,1)(2,1,1)(3,1,0)(1,1,1)(2,1,0)(3,2,1)(4,2,1)(5,1,0)(4,2,1)(5,1,0)(4,2,0)(5,3,1)(6,3,1)(7,1,0)(6,3,0)(7,4,0)	psi(W_(W_w^2+W_w+1))	psi(W_(W_w^2+W_w+1))	
3524	(0,0,0)(1,1,1)(2,1,1)(3,1,0)(1,1,1)(2,1,0)(3,2,1)(4,2,1)(5,1,0)(4,2,1)(5,1,0)(4,2,0)(5,3,1)(6,3,1)(7,1,0)(6,3,0)(7,4,1)(8,4,1)(9,1,0)(1,1,1)	psi(W_(W_w^2+W_w*2))	psi(W_(W_w^2+W_w*2))	
3525	(0,0,0)(1,1,1)(2,1,1)(3,1,0)(1,1,1)(2,1,0)(3,2,1)(4,2,1)(5,1,0)(4,2,1)(5,1,0)(4,2,0)(5,3,1)(6,3,1)(7,1,0)(6,3,1)	psi(W_(W_w^2+W_w*w))	psi(W_(W_w^2+W_w*w))	
3526	(0,0,0)(1,1,1)(2,1,1)(3,1,0)(1,1,1)(2,1,0)(3,2,1)(4,2,1)(5,1,0)(4,2,1)(5,1,0)(4,2,0)(5,3,1)(6,3,1)(7,1,0)(6,3,1)(7,0,0)	psi(W_(W_w^2+W_w*w^w))	psi(W_(W_w^2+W_w*w^w))	
3527	(0,0,0)(1,1,1)(2,1,1)(3,1,0)(1,1,1)(2,1,0)(3,2,1)(4,2,1)(5,1,0)(4,2,1)(5,1,0)(4,2,0)(5,3,1)(6,3,1)(7,1,0)(6,3,1)(7,1,0)	psi(W_(W_w^2+W_w*W))	psi(W_(W_w^2+W_w*W))	
3528	(0,0,0)(1,1,1)(2,1,1)(3,1,0)(1,1,1)(2,1,0)(3,2,1)(4,2,1)(5,1,0)(4,2,1)(5,1,0)(4,2,0)(5,3,1)(6,3,1)(7,1,0)(6,3,1)(7,1,0)(1,1,1)	psi(W_(W_w^2*2))	psi(W_(W_w^2*2))	
3529	(0,0,0)(1,1,1)(2,1,1)(3,1,0)(1,1,1)(2,1,0)(3,2,1)(4,2,1)(5,1,0)(4,2,1)(5,1,0)(4,2,0)(5,3,1)(6,3,1)(7,1,0)(6,3,1)(7,1,0)(6,3,0)(7,4,0)	psi(W_(W_w^2*2+1))	psi(W_(W_w^2*2+1))	
3530	(0,0,0)(1,1,1)(2,1,1)(3,1,0)(1,1,1)(2,1,0)(3,2,1)(4,2,1)(5,1,0)(4,2,1)(5,1,0)(4,2,0)(5,3,1)(6,3,1)(7,1,0)(6,3,1)(7,1,0)(6,3,0)(7,4,1)(8,4,1)(9,1,0)(8,4,1)(9,1,0)(1,1,1)	psi(W_(W_w^2*3))	psi(W_(W_w^2*3))	
3531	(0,0,0)(1,1,1)(2,1,1)(3,1,0)(1,1,1)(2,1,0)(3,2,1)(4,2,1)(5,1,0)(4,2,1)(5,1,0)(4,2,1)	psi(W_(W_w^2*w))	psi(W_(W_w^2*w))	
3532	(0,0,0)(1,1,1)(2,1,1)(3,1,0)(1,1,1)(2,1,0)(3,2,1)(4,2,1)(5,1,0)(4,2,1)(5,1,0)(4,2,1)(4,2,1)	psi(W_(W_w^2*w^2))	psi(W_(W_w^2*w^2))	
3533	(0,0,0)(1,1,1)(2,1,1)(3,1,0)(1,1,1)(2,1,0)(3,2,1)(4,2,1)(5,1,0)(4,2,1)(5,1,0)(4,2,1)(5,0,0)	psi(W_(W_w^2*w^w))	psi(W_(W_w^2*w^w))	
3534	(0,0,0)(1,1,1)(2,1,1)(3,1,0)(1,1,1)(2,1,0)(3,2,1)(4,2,1)(5,1,0)(4,2,1)(5,1,0)(4,2,1)(5,1,0)	psi(W_(W_w^2*W))	psi(W_(W_w^2*W))	
3535	(0,0,0)(1,1,1)(2,1,1)(3,1,0)(1,1,1)(2,1,0)(3,2,1)(4,2,1)(5,1,0)(4,2,1)(5,1,0)(4,2,1)(5,1,0)(1,1,0)(2,2,1)(3,2,1)(4,2,0)(2,2,1)(3,2,0)(4,3,1)(5,3,1)(6,2,0)(5,3,1)(6,2,0)(5,3,1)(6,2,0)	psi(W_(W_w^2*W_2))	psi(W_(W_w^2*W_2))	
3536	(0,0,0)(1,1,1)(2,1,1)(3,1,0)(1,1,1)(2,1,0)(3,2,1)(4,2,1)(5,1,0)(4,2,1)(5,1,0)(4,2,1)(5,1,0)(1,1,1)	psi(W_(W_w^3))	psi(W_(W_w^3))	
3537	(0,0,0)(1,1,1)(2,1,1)(3,1,0)(1,1,1)(2,1,0)(3,2,1)(4,2,1)(5,1,0)(4,2,1)(5,1,0)(4,2,1)(5,1,0)(4,2,1)	psi(W_(W_w^3*w))	psi(W_(W_w^3*w))	
3538	(0,0,0)(1,1,1)(2,1,1)(3,1,0)(1,1,1)(2,1,0)(3,2,1)(4,2,1)(5,1,0)(4,2,1)(5,1,0)(4,2,1)(5,1,0)(4,2,1)(5,1,0)	psi(W_(W_w^3*W))	psi(W_(W_w^3*W))	
3539	(0,0,0)(1,1,1)(2,1,1)(3,1,0)(1,1,1)(2,1,0)(3,2,1)(4,2,1)(5,1,0)(4,2,1)(5,1,0)(4,2,1)(5,1,0)(4,2,1)(5,1,0)(1,1,1)	psi(W_(W_w^4))	psi(W_(W_w^4))	
3540	(0,0,0)(1,1,1)(2,1,1)(3,1,0)(1,1,1)(2,1,0)(3,2,1)(4,2,1)(5,1,0)(5,0,0)	psi(W_(W_w^w))	psi(W_(W_w^w))	
3541	(0,0,0)(1,1,1)(2,1,1)(3,1,0)(1,1,1)(2,1,0)(3,2,1)(4,2,1)(5,1,0)(5,1,0)	psi(W_(W_w^W))	psi(W_(W_w^W))	
3542	(0,0,0)(1,1,1)(2,1,1)(3,1,0)(1,1,1)(2,1,0)(3,2,1)(4,2,1)(5,1,0)(5,1,0)(1,1,0)(2,2,1)(3,2,1)(4,2,0)(2,2,1)(3,2,0)(4,3,1)(5,3,1)(6,2,0)(6,2,0)	psi(W_(W_w^W_2))	psi(W_(W_w^W_2))	
3543	(0,0,0)(1,1,1)(2,1,1)(3,1,0)(1,1,1)(2,1,0)(3,2,1)(4,2,1)(5,1,0)(5,1,0)(1,1,1)	psi(W_(W_w^W_w))	psi(W_(W_w^W_w))	
3544	(0,0,0)(1,1,1)(2,1,1)(3,1,0)(1,1,1)(2,1,0)(3,2,1)(4,2,1)(5,1,0)(5,1,0)(5,1,0)(1,1,1)	psi(W_(W_w^W_w^2))	psi(W_(W_w^W_w^2))	
3545	(0,0,0)(1,1,1)(2,1,1)(3,1,0)(1,1,1)(2,1,0)(3,2,1)(4,2,1)(5,1,0)(6,1,0)(1,1,1)	psi(W_(W_w^W_w^W_w))	psi(W_(W_w^W_w^W_w))	
3546	(0,0,0)(1,1,1)(2,1,1)(3,1,0)(1,1,1)(2,1,0)(3,2,1)(4,2,1)(5,1,0)(6,2,0)	psi(W_psi_W_(w+1)(W_(w+1)))	psi(W_psi_W_(w+1)(W_(w+1)))	
3547	(0,0,0)(1,1,1)(2,1,1)(3,1,0)(1,1,1)(2,1,0)(3,2,1)(4,2,1)(5,1,0)(6,2,0)(7,3,0)	psi(W_psi_W_(w+1)(W_(w+2)))	psi(W_psi_W_(w+1)(W_(w+2)))	
3548	(0,0,0)(1,1,1)(2,1,1)(3,1,0)(1,1,1)(2,1,0)(3,2,1)(4,2,1)(5,1,0)(6,2,1)	psi(W_psi_W_(w+1)(W_(w2)))	psi(W_psi_W_(w+1)(W_(w2)))	
3549	(0,0,0)(1,1,1)(2,1,1)(3,1,0)(1,1,1)(2,1,0)(3,2,1)(4,2,1)(5,1,0)(6,2,1)(7,2,1)	psi(W_psi_W_(w+1)(W_(w^2)))	psi(W_psi_W_(w+1)(W_(w^2)))	
3550	(0,0,0)(1,1,1)(2,1,1)(3,1,0)(1,1,1)(2,1,0)(3,2,1)(4,2,1)(5,1,0)(6,2,1)(7,2,1)(8,1,0)	psi(W_psi_W_(w+1)(W_W))	psi(W_psi_W_(w+1)(W_W))	
3551	(0,0,0)(1,1,1)(2,1,1)(3,1,0)(1,1,1)(2,1,0)(3,2,1)(4,2,1)(5,1,0)(6,2,1)(7,2,1)(8,1,0)(1,1,1)	psi(W_psi_W_(w+1)(W_W_w))	psi(W_psi_W_(w+1)(W_W_w))	
3552	(0,0,0)(1,1,1)(2,1,1)(3,1,0)(1,1,1)(2,1,0)(3,2,1)(4,2,1)(5,1,0)(6,2,1)(7,2,1)(8,1,0)(9,2,0)	psi(W_psi_W_(W+1)(W_psi_W_(w+1)(W_(w+1))))	psi(W_psi_W_(W+1)(W_psi_W_(w+1)(W_(w+1))))	
3553	(0,0,0)(1,1,1)(2,1,1)(3,1,0)(1,1,1)(2,1,0)(3,2,1)(4,2,1)(5,2,0)	psi(W_W_(w+1))	psi(W_W_(w+1))	
3555	(0,0,0)(1,1,1)(2,1,1)(3,1,0)(1,1,1)(2,1,0)(3,2,1)(4,2,1)(5,2,0)(1,1,0)	psi(W_W_(w+1)+W)	psi(W_W_(w+1)+W)	
3556	(0,0,0)(1,1,1)(2,1,1)(3,1,0)(1,1,1)(2,1,0)(3,2,1)(4,2,1)(5,2,0)(1,1,0)(2,2,1)(3,2,1)(4,2,0)(2,2,1)(3,2,0)(4,3,1)(5,3,1)(6,3,0)	psi(W_W_(w+1)+psi_1(W_W_(w+1))	psi(W_W_(w+1)+psi_1(W_W_(w+1)))	paren+1
3557	(0,0,0)(1,1,1)(2,1,1)(3,1,0)(1,1,1)(2,1,0)(3,2,1)(4,2,1)(5,2,0)(1,1,0)(2,2,1)(3,2,1)(4,2,0)(2,2,1)(3,2,0)(4,3,1)(5,3,1)(6,3,0)(2,2,0)	psi(W_W_(w+1)+W_2)	psi(W_W_(w+1)+W_2)	
3558	(0,0,0)(1,1,1)(2,1,1)(3,1,0)(1,1,1)(2,1,0)(3,2,1)(4,2,1)(5,2,0)(1,1,1)	psi(W_W_(w+1)+W_w)	psi(W_W_(w+1)+W_w)	
3559	(0,0,0)(1,1,1)(2,1,1)(3,1,0)(1,1,1)(2,1,0)(3,2,1)(4,2,1)(5,2,0)(1,1,1)(2,1,0)	psi(W_W_(w+1)+W_w*W)	psi(W_W_(w+1)+W_w*W)	
3560	(0,0,0)(1,1,1)(2,1,1)(3,1,0)(1,1,1)(2,1,0)(3,2,1)(4,2,1)(5,2,0)(1,1,1)(2,1,0)(3,2,1)(4,2,1)	psi(W_W_(w+1)+psi_W_(w+1)(W_(w^2))	psi(W_W_(w+1)+psi_W_(w+1)(W_(w^2)))	paren+1
3561	(0,0,0)(1,1,1)(2,1,1)(3,1,0)(1,1,1)(2,1,0)(3,2,1)(4,2,1)(5,2,0)(1,1,1)(2,1,0)(3,2,1)(4,2,1)(5,1,0)	psi(W_W_(w+1)+psi_W_(w+1)(W_W))	psi(W_W_(w+1)+psi_W_(w+1)(W_W))	
3562	(0,0,0)(1,1,1)(2,1,1)(3,1,0)(1,1,1)(2,1,0)(3,2,1)(4,2,1)(5,2,0)(1,1,1)(2,1,0)(3,2,1)(4,2,1)(5,1,0)(1,1,1)	psi(W_W_(w+1)+psi_W_(w+1)(W_W_w))	psi(W_W_(w+1)+psi_W_(w+1)(W_W_w))	
3563	(0,0,0)(1,1,1)(2,1,1)(3,1,0)(1,1,1)(2,1,0)(3,2,1)(4,2,1)(5,2,0)(1,1,1)(2,1,0)(3,2,1)(4,2,1)(5,1,0)(4,2,1)	psi(W_W_(w+1)+psi_W_(w+1)(W_(W_w*w))	psi(W_W_(w+1)+psi_W_(w+1)(W_(W_w*w)))	paren+1
3564	(0,0,0)(1,1,1)(2,1,1)(3,1,0)(1,1,1)(2,1,0)(3,2,1)(4,2,1)(5,2,0)(1,1,1)(2,1,0)(3,2,1)(4,2,1)(5,1,0)(4,2,1)(5,1,0)(1,1,1)	psi(W_W_(w+1)+psi_W_(w+1)(W_(W_w^2)))	psi(W_W_(w+1)+psi_W_(w+1)(W_(W_w^2)))	
3565	(0,0,0)(1,1,1)(2,1,1)(3,1,0)(1,1,1)(2,1,0)(3,2,1)(4,2,1)(5,2,0)(1,1,1)(2,1,0)(3,2,1)(4,2,1)(5,1,0)(5,1,0)(1,1,1)	psi(W_W_(w+1)+psi_W_(w+1)(W_(W_w^W_w)))	psi(W_W_(w+1)+psi_W_(w+1)(W_(W_w^W_w)))	
3566	(0,0,0)(1,1,1)(2,1,1)(3,1,0)(1,1,1)(2,1,0)(3,2,1)(4,2,1)(5,2,0)(1,1,1)(2,1,0)(3,2,1)(4,2,1)(5,1,0)(6,2,0)	psi(W_W_(w+1)+psi_W_(w+1)(W_psi_W_(w+1)(W_(w+1))))	psi(W_W_(w+1)+psi_W_(w+1)(W_psi_W_(w+1)(W_(w+1))))	
3567	(0,0,0)(1,1,1)(2,1,1)(3,1,0)(1,1,1)(2,1,0)(3,2,1)(4,2,1)(5,2,0)(1,1,1)(2,1,0)(3,2,1)(4,2,1)(5,2,0)	psi(W_W_(w+1)+psi_W_(w+1)(W_W_(w+1)))	psi(W_W_(w+1)+psi_W_(w+1)(W_W_(w+1)))	
3568	(0,0,0)(1,1,1)(2,1,1)(3,1,0)(1,1,1)(2,1,0)(3,2,1)(4,2,1)(5,2,0)(1,1,1)(2,1,0)(3,2,1)(4,2,1)(5,2,0)(1,1,1)(2,1,0)(3,2,1)(4,2,1)(5,2,0)	psi(W_W_(w+1)+psi_W_(w+1)(W_W_(w+1))*2)	psi(W_W_(w+1)+psi_W_(w+1)(W_W_(w+1))*2)	
3569	(0,0,0)(1,1,1)(2,1,1)(3,1,0)(1,1,1)(2,1,0)(3,2,1)(4,2,1)(5,2,0)(2,1,0)	psi(W_W_(w+1)+psi_W_(w+1)(W_W_(w+1))*W)	psi(W_W_(w+1)+psi_W_(w+1)(W_W_(w+1))*W)	
3570	(0,0,0)(1,1,1)(2,1,1)(3,1,0)(1,1,1)(2,1,0)(3,2,1)(4,2,1)(5,2,0)(2,1,0)(1,1,1)	psi(W_W_(w+1)+psi_W_(w+1)(W_W_(w+1))*W_w)	psi(W_W_(w+1)+psi_W_(w+1)(W_W_(w+1))*W_w)	
3571	(0,0,0)(1,1,1)(2,1,1)(3,1,0)(1,1,1)(2,1,0)(3,2,1)(4,2,1)(5,2,0)(2,1,0)(3,2,1)(4,2,1)(5,2,0)	psi(W_W_(w+1)+psi_W_(w+1)(W_W_(w+1))^2)	psi(W_W_(w+1)+psi_W_(w+1)(W_W_(w+1))^2)	
3572	(0,0,0)(1,1,1)(2,1,1)(3,1,0)(1,1,1)(2,1,0)(3,2,1)(4,2,1)(5,2,0)(3,1,0)	psi(W_W_(w+1)+psi_W_(w+1)(W_W_(w+1))^W)	psi(W_W_(w+1)+psi_W_(w+1)(W_W_(w+1))^W)	
3573	(0,0,0)(1,1,1)(2,1,1)(3,1,0)(1,1,1)(2,1,0)(3,2,1)(4,2,1)(5,2,0)(3,2,0)	psi(W_W_(w+1)+W_(w+1))	psi(W_W_(w+1)+W_(w+1))	
3574	(0,0,0)(1,1,1)(2,1,1)(3,1,0)(1,1,1)(2,1,0)(3,2,1)(4,2,1)(5,2,0)(3,2,0)(4,3,0)	psi(W_W_(w+1)+psi_W_(w+2)(W_(w+2)))	psi(W_W_(w+1)+psi_W_(w+2)(W_(w+2)))	
3575	(0,0,0)(1,1,1)(2,1,1)(3,1,0)(1,1,1)(2,1,0)(3,2,1)(4,2,1)(5,2,0)(3,2,0)(4,3,1)	psi(W_W_(w+1)+psi_W_(w+2)(W_(w2)))	psi(W_W_(w+1)+psi_W_(w+2)(W_(w2)))	
3576	(0,0,0)(1,1,1)(2,1,1)(3,1,0)(1,1,1)(2,1,0)(3,2,1)(4,2,1)(5,2,0)(3,2,0)(4,3,1)(5,3,1)(6,1,0)(	psi(W_W_(w+1)+psi_W_(w+2)(W_W))	psi(W_W_(w+1)+psi_W_(w+2)(W_W))	
3577	(0,0,0)(1,1,1)(2,1,1)(3,1,0)(1,1,1)(2,1,0)(3,2,1)(4,2,1)(5,2,0)(3,2,0)(4,3,1)(5,3,1)(6,1,0)(1,1,1)	psi(W_W_(w+1)+psi_W_(w+2)(W_W_w))	psi(W_W_(w+1)+psi_W_(w+2)(W_W_w))	
3578	(0,0,0)(1,1,1)(2,1,1)(3,1,0)(1,1,1)(2,1,0)(3,2,1)(4,2,1)(5,2,0)(3,2,0)(4,3,1)(5,3,1)(6,1,0)(5,3,1)	psi(W_W_(w+1)+psi_W_(w+2)(W_(W_w*w)))	psi(W_W_(w+1)+psi_W_(w+2)(W_(W_w*w)))	
3579	(0,0,0)(1,1,1)(2,1,1)(3,1,0)(1,1,1)(2,1,0)(3,2,1)(4,2,1)(5,2,0)(3,2,0)(4,3,1)(5,3,1)(6,2,0)	psi(W_W_(w+1)+psi_W_(w+2)(W_W_(w+1)))	psi(W_W_(w+1)+psi_W_(w+2)(W_W_(w+1)))	
3580	(0,0,0)(1,1,1)(2,1,1)(3,1,0)(1,1,1)(2,1,0)(3,2,1)(4,2,1)(5,2,0)(3,2,0)(4,3,1)(5,3,1)(6,2,0)(3,2,0)	psi(W_W_(w+1)+psi_W_(w+2)(W_W_(w+1))+W_(w+1))	psi(W_W_(w+1)+psi_W_(w+2)(W_W_(w+1))+W_(w+1))	
3581	(0,0,0)(1,1,1)(2,1,1)(3,1,0)(1,1,1)(2,1,0)(3,2,1)(4,2,1)(5,2,0)(3,2,0)(4,3,1)(5,3,1)(6,2,0)(3,2,0)(4,3,1)(5,3,1)(6,2,0)	psi(W_W_(w+1)+psi_W_(w+2)(W_W_(w+1))*2)	psi(W_W_(w+1)+psi_W_(w+2)(W_W_(w+1))*2)	
3582	(0,0,0)(1,1,1)(2,1,1)(3,1,0)(1,1,1)(2,1,0)(3,2,1)(4,2,1)(5,2,0)(3,2,0)(4,3,1)(5,3,1)(6,2,0)(4,1,0)	psi(W_W_(w+1)+psi_W_(w+2)(W_W_(w+1))*W)	psi(W_W_(w+1)+psi_W_(w+2)(W_W_(w+1))*W)	
3583	(0,0,0)(1,1,1)(2,1,1)(3,1,0)(1,1,1)(2,1,0)(3,2,1)(4,2,1)(5,2,0)(3,2,0)(4,3,1)(5,3,1)(6,2,0)(4,1,0)(1,1,1)	psi(W_W_(w+1)+psi_W_(w+2)(W_W_(w+1))*W_w)	psi(W_W_(w+1)+psi_W_(w+2)(W_W_(w+1))*W_w)	
3584	(0,0,0)(1,1,1)(2,1,1)(3,1,0)(1,1,1)(2,1,0)(3,2,1)(4,2,1)(5,2,0)(3,2,0)(4,3,1)(5,3,1)(6,2,0)(4,2,0)	psi(W_W_(w+1)+psi_W_(w+2)(W_W_(w+1))*W_(w+1))	psi(W_W_(w+1)+psi_W_(w+2)(W_W_(w+1))*W_(w+1))	
3585	(0,0,0)(1,1,1)(2,1,1)(3,1,0)(1,1,1)(2,1,0)(3,2,1)(4,2,1)(5,2,0)(3,2,0)(4,3,1)(5,3,1)(6,2,0)(4,2,0)(5,3,1)(6,3,1)(7,2,0)	psi(W_W_(w+1)+psi_W_(w+2)(W_W_(w+1))^2)	psi(W_W_(w+1)+psi_W_(w+2)(W_W_(w+1))^2)	
3586	(0,0,0)(1,1,1)(2,1,1)(3,1,0)(1,1,1)(2,1,0)(3,2,1)(4,2,1)(5,2,0)(3,2,0)(4,3,1)(5,3,1)(6,2,0)(4,3,0)	psi(W_W_(w+1)+W_(w+2))	psi(W_W_(w+1)+W_(w+2))	
3587	(0,0,0)(1,1,1)(2,1,1)(3,1,0)(1,1,1)(2,1,0)(3,2,1)(4,2,1)(5,2,0)(3,2,0)(4,3,1)(5,3,1)(6,2,0)(4,3,0)(4,3,0)	psi(W_W_(w+1)+W_(w+2)*2)	psi(W_W_(w+1)+W_(w+2)*2)	
3588	(0,0,0)(1,1,1)(2,1,1)(3,1,0)(1,1,1)(2,1,0)(3,2,1)(4,2,1)(5,2,0)(3,2,0)(4,3,1)(5,3,1)(6,2,0)(4,3,0)(5,3,0)	psi(W_W_(w+1)+W_(w+2)^2)	psi(W_W_(w+1)+W_(w+2)^2)	
3589	(0,0,0)(1,1,1)(2,1,1)(3,1,0)(1,1,1)(2,1,0)(3,2,1)(4,2,1)(5,2,0)(3,2,0)(4,3,1)(5,3,1)(6,2,0)(4,3,0)(5,4,0)	psi(W_W_(w+1)+psi_W_(w+3)(W_(w+3)))	psi(W_W_(w+1)+psi_W_(w+3)(W_(w+3)))	
3590	(0,0,0)(1,1,1)(2,1,1)(3,1,0)(1,1,1)(2,1,0)(3,2,1)(4,2,1)(5,2,0)(3,2,0)(4,3,1)(5,3,1)(6,2,0)(4,3,0)(5,4,1)	psi(W_W_(w+1)+psi_W_(w+3)(W_(w2)))	psi(W_W_(w+1)+psi_W_(w+3)(W_(w2)))	
3591	(0,0,0)(1,1,1)(2,1,1)(3,1,0)(1,1,1)(2,1,0)(3,2,1)(4,2,1)(5,2,0)(3,2,0)(4,3,1)(5,3,1)(6,2,0)(4,3,0)(5,4,1)(6,4,1)(7,1,0)	psi(W_W_(w+1)+psi_W_(w+3)(W_W))	psi(W_W_(w+1)+psi_W_(w+3)(W_W))	
3592	(0,0,0)(1,1,1)(2,1,1)(3,1,0)(1,1,1)(2,1,0)(3,2,1)(4,2,1)(5,2,0)(3,2,0)(4,3,1)(5,3,1)(6,2,0)(4,3,0)(5,4,1)(6,4,1)(7,1,0)(1,1,1)	psi(W_W_(w+1)+psi_W_(w+3)(W_W_w))	psi(W_W_(w+1)+psi_W_(w+3)(W_W_w))	
3593	(0,0,0)(1,1,1)(2,1,1)(3,1,0)(1,1,1)(2,1,0)(3,2,1)(4,2,1)(5,2,0)(3,2,0)(4,3,1)(5,3,1)(6,2,0)(4,3,0)(5,4,1)(6,4,1)(7,2,0)	psi(W_W_(w+1)+psi_W_(w+3)(W_W_(w+1)))	psi(W_W_(w+1)+psi_W_(w+3)(W_W_(w+1)))	
3594	(0,0,0)(1,1,1)(2,1,1)(3,1,0)(1,1,1)(2,1,0)(3,2,1)(4,2,1)(5,2,0)(3,2,0)(4,3,1)(5,3,1)(6,2,0)(4,3,0)(5,4,1)(6,4,1)(7,2,0)(5,4,0)	psi(W_W_(w+1)+W_(w+3))	psi(W_W_(w+1)+W_(w+3))	
3595	(0,0,0)(1,1,1)(2,1,1)(3,1,0)(1,1,1)(2,1,0)(3,2,1)(4,2,1)(5,2,0)(3,2,0)(4,3,1)(5,3,1)(6,2,0)(4,3,1)	psi(W_W_(w+1)+W_(w2))	psi(W_W_(w+1)+W_(w2))	
3596	(0,0,0)(1,1,1)(2,1,1)(3,1,0)(1,1,1)(2,1,0)(3,2,1)(4,2,1)(5,2,0)(3,2,0)(4,3,1)(5,3,1)(6,2,0)(4,3,1)(5,3,0)(4,3,1)	psi(W_W_(w+1)+W_(w2)^2)	psi(W_W_(w+1)+W_(w2)^2)	
3597	(0,0,0)(1,1,1)(2,1,1)(3,1,0)(1,1,1)(2,1,0)(3,2,1)(4,2,1)(5,2,0)(3,2,0)(4,3,1)(5,3,1)(6,2,0)(4,3,1)(5,3,0)(6,4,1)(7,4,1)(8,1,0)	psi(W_W_(w+1)+psi_W_(w2+1)(W_(w2+1)))	psi(W_W_(w+1)+psi_W_(w2+1)(W_(w2+1)))	
3598	(0,0,0)(1,1,1)(2,1,1)(3,1,0)(1,1,1)(2,1,0)(3,2,1)(4,2,1)(5,2,0)(3,2,0)(4,3,1)(5,3,1)(6,2,0)(4,3,1)(5,3,0)(6,4,1)(7,4,1)(8,1,0)	psi(W_W_(w+1)+psi_W_(w2+1)(W_W))	psi(W_W_(w+1)+psi_W_(w2+1)(W_W))	
3599	(0,0,0)(1,1,1)(2,1,1)(3,1,0)(1,1,1)(2,1,0)(3,2,1)(4,2,1)(5,2,0)(3,2,0)(4,3,1)(5,3,1)(6,2,0)(4,3,1)(5,3,0)(6,4,1)(7,4,1)(8,2,0)	psi(W_W_(w+1)+psi_W_(w2+1)(W_W_(w+1)))	psi(W_W_(w+1)+psi_W_(w2+1)(W_W_(w+1)))	
3600	(0,0,0)(1,1,1)(2,1,1)(3,1,0)(1,1,1)(2,1,0)(3,2,1)(4,2,1)(5,2,0)(3,2,0)(4,3,1)(5,3,1)(6,2,0)(4,3,1)(5,3,0)(6,4,1)(7,4,1)(8,2,0)(6,4,0)	psi(W_W_(w+1)+W_(w2+1))	psi(W_W_(w+1)+W_(w2+1))	
3601	(0,0,0)(1,1,1)(2,1,1)(3,1,0)(1,1,1)(2,1,0)(3,2,1)(4,2,1)(5,2,0)(3,2,0)(4,3,1)(5,3,1)(6,2,0)(4,3,1)(5,3,0)(6,4,1)(7,4,1)(8,2,0)(6,4,1)	psi(W_W_(w+1)+W_(w3))	psi(W_W_(w+1)+W_(w3))	
3602	(0,0,0)(1,1,1)(2,1,1)(3,1,0)(1,1,1)(2,1,0)(3,2,1)(4,2,1)(5,2,0)(3,2,0)(4,3,1)(5,3,1)(6,2,0)(4,3,1)(5,3,1)	psi(W_W_(w+1)+W_(w^2))	psi(W_W_(w+1)+W_(w^2))	
3603	(0,0,0)(1,1,1)(2,1,1)(3,1,0)(1,1,1)(2,1,0)(3,2,1)(4,2,1)(5,2,0)(3,2,0)(4,3,1)(5,3,1)(6,2,0)(4,3,1)(5,3,1)(5,3,0)(6,4,1)(7,4,1)(8,2,0)(6,4,0)	psi(W_W_(w+1)+W_(w^2+1))	psi(W_W_(w+1)+W_(w^2+1))	
3604	(0,0,0)(1,1,1)(2,1,1)(3,1,0)(1,1,1)(2,1,0)(3,2,1)(4,2,1)(5,2,0)(3,2,0)(4,3,1)(5,3,1)(6,2,0)(4,3,1)(5,3,1)(5,3,0)(6,4,1)(7,4,1)(8,2,0)(6,4,1)	psi(W_W_(w+1)+W_(w^2+w))	psi(W_W_(w+1)+W_(w^2+w))	
3605	(0,0,0)(1,1,1)(2,1,1)(3,1,0)(1,1,1)(2,1,0)(3,2,1)(4,2,1)(5,2,0)(3,2,0)(4,3,1)(5,3,1)(6,2,0)(4,3,1)(5,3,1)(5,3,0)(6,4,1)(7,4,1)(8,2,0)(6,4,1)(7,4,1)	psi(W_W_(w+1)+W_(w^2*2))	psi(W_W_(w+1)+W_(w^2*2))	
3606	(0,0,0)(1,1,1)(2,1,1)(3,1,0)(1,1,1)(2,1,0)(3,2,1)(4,2,1)(5,2,0)(3,2,0)(4,3,1)(5,3,1)(6,2,0)(4,3,1)(5,3,1)(5,3,1)	psi(W_W_(w+1)+W_(w^3))	psi(W_W_(w+1)+W_(w^3))	
3607	(0,0,0)(1,1,1)(2,1,1)(3,1,0)(1,1,1)(2,1,0)(3,2,1)(4,2,1)(5,2,0)(3,2,0)(4,3,1)(5,3,1)(6,2,0)(4,3,1)(5,3,1)(6,0,0)	psi(W_W_(w+1)+W_(w^w))	psi(W_W_(w+1)+W_(w^w))	
3608	(0,0,0)(1,1,1)(2,1,1)(3,1,0)(1,1,1)(2,1,0)(3,2,1)(4,2,1)(5,2,0)(3,2,0)(4,3,1)(5,3,1)(6,2,0)(4,3,1)(5,3,1)(6,1,0)	psi(W_W_(w+1)+W_W)	psi(W_W_(w+1)+W_W)	
3609	(0,0,0)(1,1,1)(2,1,1)(3,1,0)(1,1,1)(2,1,0)(3,2,1)(4,2,1)(5,2,0)(3,2,0)(4,3,1)(5,3,1)(6,2,0)(4,3,1)(5,3,1)(6,1,0)(1,1,0)(2,2,1)(3,2,1)(4,2,0)(2,2,1)(3,2,0)(4,3,1)(5,3,1)(6,2,0)(4,3,0)(5,4,1)(6,4,1)(7,2,0)(5,4,1)(6,4,1)(7,2,0)	psi(W_W_(w+1)+W_W_2)	psi(W_W_(w+1)+W_W_2)	
3610	(0,0,0)(1,1,1)(2,1,1)(3,1,0)(1,1,1)(2,1,0)(3,2,1)(4,2,1)(5,2,0)(3,2,0)(4,3,1)(5,3,1)(6,2,0)(4,3,1)(5,3,1)(6,1,0)(1,1,1)	psi(W_W_(w+1)+W_W_w)	psi(W_W_(w+1)+W_W_w)	
3611	(0,0,0)(1,1,1)(2,1,1)(3,1,0)(1,1,1)(2,1,0)(3,2,1)(4,2,1)(5,2,0)(3,2,0)(4,3,1)(5,3,1)(6,2,0)(4,3,1)(5,3,1)(6,1,0)(5,3,0)(6,4,0)	psi(W_W_(w+1)+psi_W_(W_w+1)(W_(W_w+1)))	psi(W_W_(w+1)+psi_W_(W_w+1)(W_(W_w+1)))	
3612	(0,0,0)(1,1,1)(2,1,1)(3,1,0)(1,1,1)(2,1,0)(3,2,1)(4,2,1)(5,2,0)(3,2,0)(4,3,1)(5,3,1)(6,2,0)(4,3,1)(5,3,1)(6,1,0)(5,3,0)(6,4,1)(7,4,1)(8,2,0)	psi(W_W_(w+1)+psi_W_(W_w+1)(W_W_(w+1)))	psi(W_W_(w+1)+psi_W_(W_w+1)(W_W_(w+1)))	
3613	(0,0,0)(1,1,1)(2,1,1)(3,1,0)(1,1,1)(2,1,0)(3,2,1)(4,2,1)(5,2,0)(3,2,0)(4,3,1)(5,3,1)(6,2,0)(4,3,1)(5,3,1)(6,1,0)(5,3,0)(6,4,1)(7,4,1)(8,2,0)(6,4,0)	psi(W_W_(w+1)+W_(W_w+1))	psi(W_W_(w+1)+W_(W_w+1))	
3614	(0,0,0)(1,1,1)(2,1,1)(3,1,0)(1,1,1)(2,1,0)(3,2,1)(4,2,1)(5,2,0)(3,2,0)(4,3,1)(5,3,1)(6,2,0)(4,3,1)(5,3,1)(6,1,0)(5,3,0)(6,4,1)(7,4,1)(8,2,0)(6,4,1)	psi(W_W_(w+1)+W_(W_w+w))	psi(W_W_(w+1)+W_(W_w+w))	
3615	(0,0,0)(1,1,1)(2,1,1)(3,1,0)(1,1,1)(2,1,0)(3,2,1)(4,2,1)(5,2,0)(3,2,0)(4,3,1)(5,3,1)(6,2,0)(4,3,1)(5,3,1)(6,1,0)(5,3,0)(6,4,1)(7,4,1)(8,2,0)(6,4,1)(7,4,1)(8,1,0)	psi(W_W_(w+1)+W_(W_w+W))	psi(W_W_(w+1)+W_(W_w+W))	
3616	(0,0,0)(1,1,1)(2,1,1)(3,1,0)(1,1,1)(2,1,0)(3,2,1)(4,2,1)(5,2,0)(3,2,0)(4,3,1)(5,3,1)(6,2,0)(4,3,1)(5,3,1)(6,1,0)(5,3,0)(6,4,1)(7,4,1)(8,2,0)(6,4,1)(7,4,1)(8,1,0)(1,1,1)	psi(W_W_(w+1)+W_(W_w*2))	psi(W_W_(w+1)+W_(W_w*2))	
3617	(0,0,0)(1,1,1)(2,1,1)(3,1,0)(1,1,1)(2,1,0)(3,2,1)(4,2,1)(5,2,0)(3,2,0)(4,3,1)(5,3,1)(6,2,0)(4,3,1)(5,3,1)(6,1,0)(5,3,1)	psi(W_W_(w+1)+W_(W_w*w))	psi(W_W_(w+1)+W_(W_w*w))	
3618	(0,0,0)(1,1,1)(2,1,1)(3,1,0)(1,1,1)(2,1,0)(3,2,1)(4,2,1)(5,2,0)(3,2,0)(4,3,1)(5,3,1)(6,2,0)(4,3,1)(5,3,1)(6,1,0)(5,3,1)(6,1,0)	psi(W_W_(w+1)+W_(W_w*W))	psi(W_W_(w+1)+W_(W_w*W))	
3619	(0,0,0)(1,1,1)(2,1,1)(3,1,0)(1,1,1)(2,1,0)(3,2,1)(4,2,1)(5,2,0)(3,2,0)(4,3,1)(5,3,1)(6,2,0)(4,3,1)(5,3,1)(6,1,0)(5,3,1)(6,1,0)(1,1,1)	psi(W_W_(w+1)+W_(W_w^2))	psi(W_W_(w+1)+W_(W_w^2))	
3620	(0,0,0)(1,1,1)(2,1,1)(3,1,0)(1,1,1)(2,1,0)(3,2,1)(4,2,1)(5,2,0)(3,2,0)(4,3,1)(5,3,1)(6,2,0)(4,3,1)(5,3,1)(6,1,0)(6,1,0)(1,1,1)	psi(W_W_(w+1)+W_(W_w^W_w))	psi(W_W_(w+1)+W_(W_w^W_w))	
3621	(0,0,0)(1,1,1)(2,1,1)(3,1,0)(1,1,1)(2,1,0)(3,2,1)(4,2,1)(5,2,0)(3,2,0)(4,3,1)(5,3,1)(6,2,0)(4,3,1)(5,3,1)(6,1,0)(7,2,0)	psi(W_W_(w+1)+W_psi_W_(w+1)(W_(w+1)))	psi(W_W_(w+1)+W_psi_W_(w+1)(W_(w+1)))	
3622	(0,0,0)(1,1,1)(2,1,1)(3,1,0)(1,1,1)(2,1,0)(3,2,1)(4,2,1)(5,2,0)(3,2,0)(4,3,1)(5,3,1)(6,2,0)(4,3,1)(5,3,1)(6,2,0)	psi(W_W_(w+1)*2)	psi(W_W_(w+1)*2)	
3623	(0,0,0)(1,1,1)(2,1,1)(3,1,0)(1,1,1)(2,1,0)(3,2,1)(4,2,1)(5,2,0)(3,2,0)(4,3,1)(5,3,1)(6,2,0)(4,3,1)(5,3,1)(6,2,0)(3,2,0)	psi(W_W_(w+1)*2+W_(w+1))	psi(W_W_(w+1)*2+W_(w+1))	
3624	(0,0,0)(1,1,1)(2,1,1)(3,1,0)(1,1,1)(2,1,0)(3,2,1)(4,2,1)(5,2,0)(3,2,0)(4,3,1)(5,3,1)(6,2,0)(4,3,1)(5,3,1)(6,2,0)(3,2,0)(4,3,1)(5,3,1)(6,2,0)(4,3,1)(5,3,1)(6,2,0)	psi(W_W_(w+1)*2+psi_W_(w+2)(W_W_(w+1)*2))	psi(W_W_(w+1)*2+psi_W_(w+2)(W_W_(w+1)*2))	
3625	(0,0,0)(1,1,1)(2,1,1)(3,1,0)(1,1,1)(2,1,0)(3,2,1)(4,2,1)(5,2,0)(3,2,0)(4,3,1)(5,3,1)(6,2,0)(4,3,1)(5,3,1)(6,2,0)(4,3,0)	psi(W_W_(w+1)*2+W_(w+2))	psi(W_W_(w+1)*2+W_(w+2))	
3626	(0,0,0)(1,1,1)(2,1,1)(3,1,0)(1,1,1)(2,1,0)(3,2,1)(4,2,1)(5,2,0)(3,2,0)(4,3,1)(5,3,1)(6,2,0)(4,3,1)(5,3,1)(6,2,0)(4,3,1)	psi(W_W_(w+1)*2+W_(w2))	psi(W_W_(w+1)*2+W_(w2))	
3627	(0,0,0)(1,1,1)(2,1,1)(3,1,0)(1,1,1)(2,1,0)(3,2,1)(4,2,1)(5,2,0)(3,2,0)(4,3,1)(5,3,1)(6,2,0)(4,3,1)(5,3,1)(6,2,0)(4,3,1)(5,3,1)	psi(W_W_(w+1)*2+W_(w^2))	psi(W_W_(w+1)*2+W_(w^2))	
3628	(0,0,0)(1,1,1)(2,1,1)(3,1,0)(1,1,1)(2,1,0)(3,2,1)(4,2,1)(5,2,0)(3,2,0)(4,3,1)(5,3,1)(6,2,0)(4,3,1)(5,3,1)(6,2,0)(4,3,1)(5,3,1)(6,1,0)	psi(W_W_(w+1)*2+W_W)	psi(W_W_(w+1)*2+W_W)	
3629	(0,0,0)(1,1,1)(2,1,1)(3,1,0)(1,1,1)(2,1,0)(3,2,1)(4,2,1)(5,2,0)(3,2,0)(4,3,1)(5,3,1)(6,2,0)(4,3,1)(5,3,1)(6,2,0)(4,3,1)(5,3,1)(6,2,0)	psi(W_W_(w+1)*3)	psi(W_W_(w+1)*3)	
3630	(0,0,0)(1,1,1)(2,1,1)(3,1,0)(1,1,1)(2,1,0)(3,2,1)(4,2,1)(5,2,0)(3,2,0)(4,3,1)(5,3,1)(6,2,0)(5,0,0)	psi(W_W_(w+1)*w)	psi(W_W_(w+1)*w)	
3631	(0,0,0)(1,1,1)(2,1,1)(3,1,0)(1,1,1)(2,1,0)(3,2,1)(4,2,1)(5,2,0)(3,2,0)(4,3,1)(5,3,1)(6,2,0)(5,1,0)	psi(W_W_(w+1)*W)	psi(W_W_(w+1)*W)	
3632	(0,0,0)(1,1,1)(2,1,1)(3,1,0)(1,1,1)(2,1,0)(3,2,1)(4,2,1)(5,2,0)(3,2,0)(4,3,1)(5,3,1)(6,2,0)(5,1,0)(1,1,1)	psi(W_W_(w+1)*W_w)	psi(W_W_(w+1)*W_w)	
3633	(0,0,0)(1,1,1)(2,1,1)(3,1,0)(1,1,1)(2,1,0)(3,2,1)(4,2,1)(5,2,0)(3,2,0)(4,3,1)(5,3,1)(6,2,0)(5,1,0)(3,2,0)	psi(W_W_(w+1)*W_w+W_(w+1))	psi(W_W_(w+1)*W_w+W_(w+1))	
3634	(0,0,0)(1,1,1)(2,1,1)(3,1,0)(1,1,1)(2,1,0)(3,2,1)(4,2,1)(5,2,0)(3,2,0)(4,3,1)(5,3,1)(6,2,0)(5,1,0)(4,3,0)	psi(W_W_(w+1)*W_w+W_(w+2))	psi(W_W_(w+1)*W_w+W_(w+2))	
3635	(0,0,0)(1,1,1)(2,1,1)(3,1,0)(1,1,1)(2,1,0)(3,2,1)(4,2,1)(5,2,0)(3,2,0)(4,3,1)(5,3,1)(6,2,0)(5,1,0)(4,3,1)	psi(W_W_(w+1)*W_w+W_(w2))	psi(W_W_(w+1)*W_w+W_(w2))	
3636	(0,0,0)(1,1,1)(2,1,1)(3,1,0)(1,1,1)(2,1,0)(3,2,1)(4,2,1)(5,2,0)(3,2,0)(4,3,1)(5,3,1)(6,2,0)(5,1,0)(4,3,1)(5,3,1)(6,1,0)	psi(W_W_(w+1)*W_w+W_W)	psi(W_W_(w+1)*W_w+W_W)	
3637	(0,0,0)(1,1,1)(2,1,1)(3,1,0)(1,1,1)(2,1,0)(3,2,1)(4,2,1)(5,2,0)(3,2,0)(4,3,1)(5,3,1)(6,2,0)(5,1,0)(4,3,1)(5,3,1)(6,2,0)	psi(W_W_(w+1)*W_w+W_W_(w+1))	psi(W_W_(w+1)*W_w+W_W_(w+1))	
3638	(0,0,0)(1,1,1)(2,1,1)(3,1,0)(1,1,1)(2,1,0)(3,2,1)(4,2,1)(5,2,0)(3,2,0)(4,3,1)(5,3,1)(6,2,0)(5,1,0)(5,1,0)(1,1,1)	psi(W_W_(w+1)*W_w^2)	psi(W_W_(w+1)*W_w^2)	
3639	(0,0,0)(1,1,1)(2,1,1)(3,1,0)(1,1,1)(2,1,0)(3,2,1)(4,2,1)(5,2,0)(3,2,0)(4,3,1)(5,3,1)(6,2,0)(5,1,0)(6,2,0)	psi(W_W_(w+1)*psi_W_(w+1)(W_(w+1)))	psi(W_W_(w+1)*psi_W_(w+1)(W_(w+1)))	
3640	(0,0,0)(1,1,1)(2,1,1)(3,1,0)(1,1,1)(2,1,0)(3,2,1)(4,2,1)(5,2,0)(3,2,0)(4,3,1)(5,3,1)(6,2,0)(5,2,0)	psi(W_W_(w+1)*W_(w+1))	psi(W_W_(w+1)*W_(w+1))	
3641	(0,0,0)(1,1,1)(2,1,1)(3,1,0)(1,1,1)(2,1,0)(3,2,1)(4,2,1)(5,2,0)(3,2,0)(4,3,1)(5,3,1)(6,2,0)(5,2,0)(3,2,0)	psi(W_W_(w+1)*W_(w+1)+W_(w+1))	psi(W_W_(w+1)*W_(w+1)+W_(w+1))	
3642	(0,0,0)(1,1,1)(2,1,1)(3,1,0)(1,1,1)(2,1,0)(3,2,1)(4,2,1)(5,2,0)(3,2,0)(4,3,1)(5,3,1)(6,2,0)(5,2,0)(4,3,0)	psi(W_W_(w+1)*W_(w+1)+W_(w+2))	psi(W_W_(w+1)*W_(w+1)+W_(w+2))	
3643	(0,0,0)(1,1,1)(2,1,1)(3,1,0)(1,1,1)(2,1,0)(3,2,1)(4,2,1)(5,2,0)(3,2,0)(4,3,1)(5,3,1)(6,2,0)(5,2,0)(4,3,1)	psi(W_W_(w+1)*W_(w+1)+W_(w2))	psi(W_W_(w+1)*W_(w+1)+W_(w2))	
3644	(0,0,0)(1,1,1)(2,1,1)(3,1,0)(1,1,1)(2,1,0)(3,2,1)(4,2,1)(5,2,0)(3,2,0)(4,3,1)(5,3,1)(6,2,0)(5,2,0)(4,3,1)(5,3,1)(6,1,0)	psi(W_W_(w+1)*W_(w+1)+W_W)	psi(W_W_(w+1)*W_(w+1)+W_W)	
3645	(0,0,0)(1,1,1)(2,1,1)(3,1,0)(1,1,1)(2,1,0)(3,2,1)(4,2,1)(5,2,0)(3,2,0)(4,3,1)(5,3,1)(6,2,0)(5,2,0)(4,3,1)(5,3,1)(6,2,0)	psi(W_W_(w+1)*W_(w+1)+W_W_(w+1))	psi(W_W_(w+1)*W_(w+1)+W_W_(w+1))	
3646	(0,0,0)(1,1,1)(2,1,1)(3,1,0)(1,1,1)(2,1,0)(3,2,1)(4,2,1)(5,2,0)(3,2,0)(4,3,1)(5,3,1)(6,2,0)(5,2,0)(4,3,1)(5,3,1)(6,2,0)(5,2,0)	psi(W_W_(w+1)*W_(w+1)*2)	psi(W_W_(w+1)*W_(w+1)*2)	
3647	(0,0,0)(1,1,1)(2,1,1)(3,1,0)(1,1,1)(2,1,0)(3,2,1)(4,2,1)(5,2,0)(3,2,0)(4,3,1)(5,3,1)(6,2,0)(5,2,0)(5,2,0)	psi(W_W_(w+1)*W_(w+1)^2)	psi(W_W_(w+1)*W_(w+1)^2)	
3648	(0,0,0)(1,1,1)(2,1,1)(3,1,0)(1,1,1)(2,1,0)(3,2,1)(4,2,1)(5,2,0)(3,2,0)(4,3,1)(5,3,1)(6,2,0)(5,2,0)(6,3,0)	psi(W_W_(w+1)*psi_W_(w+2)(W_(w+2)))	psi(W_W_(w+1)*psi_W_(w+2)(W_(w+2)))	
3649	(0,0,0)(1,1,1)(2,1,1)(3,1,0)(1,1,1)(2,1,0)(3,2,1)(4,2,1)(5,2,0)(3,2,0)(4,3,1)(5,3,1)(6,2,0)(5,3,0)	psi(W_W_(w+1)*W_(w+2))	psi(W_W_(w+1)*W_(w+2))	
3650	(0,0,0)(1,1,1)(2,1,1)(3,1,0)(1,1,1)(2,1,0)(3,2,1)(4,2,1)(5,2,0)(3,2,0)(4,3,1)(5,3,1)(6,2,0)(5,3,0)(4,3,0)	psi(W_W_(w+1)*W_(w+2)+W_(w+2))	psi(W_W_(w+1)*W_(w+2)+W_(w+2))	
3651	(0,0,0)(1,1,1)(2,1,1)(3,1,0)(1,1,1)(2,1,0)(3,2,1)(4,2,1)(5,2,0)(3,2,0)(4,3,1)(5,3,1)(6,2,0)(5,3,0)(4,3,0)(5,4,1)(6,4,1)(7,3,0)(6,3,0)	psi(W_W_(w+1)*W_(w+2)+psi_W_(w+3)(W_W_(w+1)*W_(w+2)))	psi(W_W_(w+1)*W_(w+2)+psi_W_(w+3)(W_W_(w+1)*W_(w+2)))	
3652	(0,0,0)(1,1,1)(2,1,1)(3,1,0)(1,1,1)(2,1,0)(3,2,1)(4,2,1)(5,2,0)(3,2,0)(4,3,1)(5,3,1)(6,2,0)(5,3,0)(4,3,0)(5,4,1)(6,4,1)(7,3,0)(6,3,0)(5,4,1)(6,4,1)(7,3,0)	psi(W_W_(w+1)*W_(w+2)+W_W_(w+1))	psi(W_W_(w+1)*W_(w+2)+W_W_(w+1))	
3653	(0,0,0)(1,1,1)(2,1,1)(3,1,0)(1,1,1)(2,1,0)(3,2,1)(4,2,1)(5,2,0)(3,2,0)(4,3,1)(5,3,1)(6,2,0)(5,3,0)(4,3,0)(5,4,1)(6,4,1)(7,3,0)(6,4,0)	psi(W_W_(w+1)*W_(w+2)+W_(w+3))	psi(W_W_(w+1)*W_(w+2)+W_(w+3))	
3654	(0,0,0)(1,1,1)(2,1,1)(3,1,0)(1,1,1)(2,1,0)(3,2,1)(4,2,1)(5,2,0)(3,2,0)(4,3,1)(5,3,1)(6,2,0)(5,3,0)(4,3,1)	psi(W_W_(w+1)*W_(w2))	psi(W_W_(w+1)*W_(w2))	
3655	(0,0,0)(1,1,1)(2,1,1)(3,1,0)(1,1,1)(2,1,0)(3,2,1)(4,2,1)(5,2,0)(3,2,0)(4,3,1)(5,3,1)(6,2,0)(5,3,0)(4,3,1)(5,3,0)(6,4,1)(7,4,1)(8,3,0)(7,4,0)(6,4,1)	psi(W_W_(w+1)*W_(w3))	psi(W_W_(w+1)*W_(w3))	
3656	(0,0,0)(1,1,1)(2,1,1)(3,1,0)(1,1,1)(2,1,0)(3,2,1)(4,2,1)(5,2,0)(3,2,0)(4,3,1)(5,3,1)(6,2,0)(5,3,0)(4,3,1)(5,3,1)	psi(W_W_(w+1)*W_(w^2))	psi(W_W_(w+1)*W_(w^2))	
3657	(0,0,0)(1,1,1)(2,1,1)(3,1,0)(1,1,1)(2,1,0)(3,2,1)(4,2,1)(5,2,0)(3,2,0)(4,3,1)(5,3,1)(6,2,0)(5,3,0)(4,3,1)(5,3,1)(6,1,0)	psi(W_W_(w+1)*W_W)	psi(W_W_(w+1)*W_W)	
3658	(0,0,0)(1,1,1)(2,1,1)(3,1,0)(1,1,1)(2,1,0)(3,2,1)(4,2,1)(5,2,0)(3,2,0)(4,3,1)(5,3,1)(6,2,0)(5,3,0)(4,3,1)(5,3,1)(6,1,0)(1,1,1)	psi(W_W_(w+1)*W_W_w)	psi(W_W_(w+1)*W_W_w)	
3659	(0,0,0)(1,1,1)(2,1,1)(3,1,0)(1,1,1)(2,1,0)(3,2,1)(4,2,1)(5,2,0)(3,2,0)(4,3,1)(5,3,1)(6,2,0)(5,3,0)(4,3,1)(5,3,1)(6,1,0)(5,3,1)	psi(W_W_(w+1)*W_(W_w*w))	psi(W_W_(w+1)*W_(W_w*w))	
3660	(0,0,0)(1,1,1)(2,1,1)(3,1,0)(1,1,1)(2,1,0)(3,2,1)(4,2,1)(5,2,0)(3,2,0)(4,3,1)(5,3,1)(6,2,0)(5,3,0)(4,3,1)(5,3,1)(6,2,0)	psi(W_W_(w+1)^2)	psi(W_W_(w+1)^2)	
3661	(0,0,0)(1,1,1)(2,1,1)(3,1,0)(1,1,1)(2,1,0)(3,2,1)(4,2,1)(5,2,0)(3,2,0)(4,3,1)(5,3,1)(6,2,0)(5,3,0)(4,3,1)(5,3,1)(6,2,0)(3,2,0)	psi(W_W_(w+1)^2+W_(w+1))	psi(W_W_(w+1)^2+W_(w+1))	
3662	(0,0,0)(1,1,1)(2,1,1)(3,1,0)(1,1,1)(2,1,0)(3,2,1)(4,2,1)(5,2,0)(3,2,0)(4,3,1)(5,3,1)(6,2,0)(5,3,0)(4,3,1)(5,3,1)(6,2,0)(4,3,0)	psi(W_W_(w+1)^2+W_(w+2))	psi(W_W_(w+1)^2+W_(w+2))	
3663	(0,0,0)(1,1,1)(2,1,1)(3,1,0)(1,1,1)(2,1,0)(3,2,1)(4,2,1)(5,2,0)(3,2,0)(4,3,1)(5,3,1)(6,2,0)(5,3,0)(4,3,1)(5,3,1)(6,2,0)(4,3,1)	psi(W_W_(w+1)^2+W_(w2))	psi(W_W_(w+1)^2+W_(w2))	
3664	(0,0,0)(1,1,1)(2,1,1)(3,1,0)(1,1,1)(2,1,0)(3,2,1)(4,2,1)(5,2,0)(3,2,0)(4,3,1)(5,3,1)(6,2,0)(5,3,0)(4,3,1)(5,3,1)(6,2,0)(4,3,1)(5,3,1)(6,1,0)	psi(W_W_(w+1)^2+W_W)	psi(W_W_(w+1)^2+W_W)	
3665	(0,0,0)(1,1,1)(2,1,1)(3,1,0)(1,1,1)(2,1,0)(3,2,1)(4,2,1)(5,2,0)(3,2,0)(4,3,1)(5,3,1)(6,2,0)(5,3,0)(4,3,1)(5,3,1)(6,2,0)(4,3,1)(5,3,1)(6,1,0)(1,1,1)	psi(W_W_(w+1)^2+W_W_w)	psi(W_W_(w+1)^2+W_W_w)	
3666	(0,0,0)(1,1,1)(2,1,1)(3,1,0)(1,1,1)(2,1,0)(3,2,1)(4,2,1)(5,2,0)(3,2,0)(4,3,1)(5,3,1)(6,2,0)(5,3,0)(4,3,1)(5,3,1)(6,2,0)(4,3,1)(5,3,1)(6,2,0)	psi(W_W_(w+1)^2+W_W_(w+1))	psi(W_W_(w+1)^2+W_W_(w+1))	
3667	(0,0,0)(1,1,1)(2,1,1)(3,1,0)(1,1,1)(2,1,0)(3,2,1)(4,2,1)(5,2,0)(3,2,0)(4,3,1)(5,3,1)(6,2,0)(5,3,0)(4,3,1)(5,3,1)(6,2,0)(5,1,0)	psi(W_W_(w+1)^2+W_W_(w+1)*W)	psi(W_W_(w+1)^2+W_W_(w+1)*W)	
3668	(0,0,0)(1,1,1)(2,1,1)(3,1,0)(1,1,1)(2,1,0)(3,2,1)(4,2,1)(5,2,0)(3,2,0)(4,3,1)(5,3,1)(6,2,0)(5,3,0)(4,3,1)(5,3,1)(6,2,0)(5,2,0)	psi(W_W_(w+1)^2+W_W_(w+1)*W_(w+1))	psi(W_W_(w+1)^2+W_W_(w+1)*W_(w+1))	
3669	(0,0,0)(1,1,1)(2,1,1)(3,1,0)(1,1,1)(2,1,0)(3,2,1)(4,2,1)(5,2,0)(3,2,0)(4,3,1)(5,3,1)(6,2,0)(5,3,0)(4,3,1)(5,3,1)(6,2,0)(5,3,0)	psi(W_W_(w+1)^2+W_W_(w+1)*W_(w+2))	psi(W_W_(w+1)^2+W_W_(w+1)*W_(w+2))	
3670	(0,0,0)(1,1,1)(2,1,1)(3,1,0)(1,1,1)(2,1,0)(3,2,1)(4,2,1)(5,2,0)(3,2,0)(4,3,1)(5,3,1)(6,2,0)(5,3,0)(4,3,1)(5,3,1)(6,2,0)(5,3,0)(4,3,1)	psi(W_W_(w+1)^2+W_W_(w+1)*W_(w2))	psi(W_W_(w+1)^2+W_W_(w+1)*W_(w2))	
3671	(0,0,0)(1,1,1)(2,1,1)(3,1,0)(1,1,1)(2,1,0)(3,2,1)(4,2,1)(5,2,0)(3,2,0)(4,3,1)(5,3,1)(6,2,0)(5,3,0)(4,3,1)(5,3,1)(6,2,0)(5,3,0)(4,3,1)(5,3,1)(6,2,0)	psi(W_W_(w+1)^2*2)	psi(W_W_(w+1)^2*2)	
3672	(0,0,0)(1,1,1)(2,1,1)(3,1,0)(1,1,1)(2,1,0)(3,2,1)(4,2,1)(5,2,0)(3,2,0)(4,3,1)(5,3,1)(6,2,0)(5,3,0)(5,1,0)	psi(W_W_(w+1)^2*W)	psi(W_W_(w+1)^2*W)	
3673	(0,0,0)(1,1,1)(2,1,1)(3,1,0)(1,1,1)(2,1,0)(3,2,1)(4,2,1)(5,2,0)(3,2,0)(4,3,1)(5,3,1)(6,2,0)(5,3,0)(5,2,0)	psi(W_W_(w+1)^2*W_(w+1))	psi(W_W_(w+1)^2*W_(w+1))	
3674	(0,0,0)(1,1,1)(2,1,1)(3,1,0)(1,1,1)(2,1,0)(3,2,1)(4,2,1)(5,2,0)(3,2,0)(4,3,1)(5,3,1)(6,2,0)(5,3,0)(5,3,0)	psi(W_W_(w+1)^2*W_(w+2))	psi(W_W_(w+1)^2*W_(w+2))	
3675	(0,0,0)(1,1,1)(2,1,1)(3,1,0)(1,1,1)(2,1,0)(3,2,1)(4,2,1)(5,2,0)(3,2,0)(4,3,1)(5,3,1)(6,2,0)(5,3,0)(5,3,0)(4,3,1)	psi(W_W_(w+1)^2*W_(w2))	psi(W_W_(w+1)^2*W_(w2))	
3676	(0,0,0)(1,1,1)(2,1,1)(3,1,0)(1,1,1)(2,1,0)(3,2,1)(4,2,1)(5,2,0)(3,2,0)(4,3,1)(5,3,1)(6,2,0)(5,3,0)(5,3,0)(4,3,1)(5,3,1)(6,1,0)	psi(W_W_(w+1)^2*W_W)	psi(W_W_(w+1)^2*W_W)	
3677	(0,0,0)(1,1,1)(2,1,1)(3,1,0)(1,1,1)(2,1,0)(3,2,1)(4,2,1)(5,2,0)(3,2,0)(4,3,1)(5,3,1)(6,2,0)(5,3,0)(5,3,0)(4,3,1)(5,3,1)(6,1,0)(1,1,1)	psi(W_W_(w+1)^2*W_W_w)	psi(W_W_(w+1)^2*W_W_w)	
3678	(0,0,0)(1,1,1)(2,1,1)(3,1,0)(1,1,1)(2,1,0)(3,2,1)(4,2,1)(5,2,0)(3,2,0)(4,3,1)(5,3,1)(6,2,0)(5,3,0)(5,3,0)(4,3,1)(5,3,1)(6,2,0)	psi(W_W_(w+1)^3)	psi(W_W_(w+1)^3)	
3679	(0,0,0)(1,1,1)(2,1,1)(3,1,0)(1,1,1)(2,1,0)(3,2,1)(4,2,1)(5,2,0)(3,2,0)(4,3,1)(5,3,1)(6,2,0)(5,3,0)(5,3,0)(5,3,0)(4,3,1)(5,3,1)(6,2,0)	psi(W_W_(w+1)^4)	psi(W_W_(w+1)^4)	
3680	(0,0,0)(1,1,1)(2,1,1)(3,1,0)(1,1,1)(2,1,0)(3,2,1)(4,2,1)(5,2,0)(3,2,0)(4,3,1)(5,3,1)(6,2,0)(5,3,0)(6,1,0)	psi(W_W_(w+1)^W)	psi(W_W_(w+1)^W)	
3681	(0,0,0)(1,1,1)(2,1,1)(3,1,0)(1,1,1)(2,1,0)(3,2,1)(4,2,1)(5,2,0)(3,2,0)(4,3,1)(5,3,1)(6,2,0)(5,3,0)(6,1,0)(1,1,1)	psi(W_W_(w+1)^W_w)	psi(W_W_(w+1)^W_w)	
3682	(0,0,0)(1,1,1)(2,1,1)(3,1,0)(1,1,1)(2,1,0)(3,2,1)(4,2,1)(5,2,0)(3,2,0)(4,3,1)(5,3,1)(6,2,0)(5,3,0)(6,2,0)	psi(W_W_(w+1)^W_(w+1))	psi(W_W_(w+1)^W_(w+1))	
3683	(0,0,0)(1,1,1)(2,1,1)(3,1,0)(1,1,1)(2,1,0)(3,2,1)(4,2,1)(5,2,0)(3,2,0)(4,3,1)(5,3,1)(6,2,0)(5,3,0)(6,3,0)	psi(W_W_(w+1)^W_(w+2))	psi(W_W_(w+1)^W_(w+2))	
3684	(0,0,0)(1,1,1)(2,1,1)(3,1,0)(1,1,1)(2,1,0)(3,2,1)(4,2,1)(5,2,0)(3,2,0)(4,3,1)(5,3,1)(6,2,0)(5,3,0)(6,3,0)(4,3,1)	psi(W_W_(w+1)^W_(w2))	psi(W_W_(w+1)^W_(w2))	
3685	(0,0,0)(1,1,1)(2,1,1)(3,1,0)(1,1,1)(2,1,0)(3,2,1)(4,2,1)(5,2,0)(3,2,0)(4,3,1)(5,3,1)(6,2,0)(5,3,0)(6,3,0)(4,3,1)(5,3,1)(6,2,0)	psi(W_W_(w+1)^W_W_(w+1))	psi(W_W_(w+1)^W_W_(w+1))	
3686	(0,0,0)(1,1,1)(2,1,1)(3,1,0)(1,1,1)(2,1,0)(3,2,1)(4,2,1)(5,2,0)(3,2,0)(4,3,1)(5,3,1)(6,2,0)(5,3,0)(6,3,0)(6,3,0)(4,3,1)(5,3,1)(6,2,0)	psi(W_W_(w+1)^W_W_(w+1)^2)	psi(W_W_(w+1)^W_W_(w+1)^2)	
3687	(0,0,0)(1,1,1)(2,1,1)(3,1,0)(1,1,1)(2,1,0)(3,2,1)(4,2,1)(5,2,0)(3,2,0)(4,3,1)(5,3,1)(6,2,0)(5,3,0)(6,3,0)(6,3,0)(4,3,1)(5,3,1)(6,2,0)	psi(W_W_(w+1)^W_W_(w+1)^W_W_(w+1))	psi(W_W_(w+1)^W_W_(w+1)^W_W_(w+1))	
3688	(0,0,0)(1,1,1)(2,1,1)(3,1,0)(1,1,1)(2,1,0)(3,2,1)(4,2,1)(5,2,0)(3,2,0)(4,3,1)(5,3,1)(6,2,0)(5,3,0)(6,4,0)	psi(W_(W_(w+1)+1))	psi(W_(W_(w+1)+1))	
3689	(0,0,0)(1,1,1)(2,1,1)(3,1,0)(1,1,1)(2,1,0)(3,2,1)(4,2,1)(5,2,0)(3,2,0)(4,3,1)(5,3,1)(6,2,0)(5,3,0)(6,4,0)(3,2,0)	psi(W_(W_(w+1)+1)+W_(w+1))	psi(W_(W_(w+1)+1)+W_(w+1))	
3690	(0,0,0)(1,1,1)(2,1,1)(3,1,0)(1,1,1)(2,1,0)(3,2,1)(4,2,1)(5,2,0)(3,2,0)(4,3,1)(5,3,1)(6,2,0)(5,3,0)(6,4,0)(4,3,1)	psi(W_(W_(w+1)+1)+W_(w2))	psi(W_(W_(w+1)+1)+W_(w2))	
3691	(0,0,0)(1,1,1)(2,1,1)(3,1,0)(1,1,1)(2,1,0)(3,2,1)(4,2,1)(5,2,0)(3,2,0)(4,3,1)(5,3,1)(6,2,0)(5,3,0)(6,4,0)(4,3,1)(5,3,1)(6,2,0)	psi(W_(W_(w+1)+1)+W_W_(w+1))	psi(W_(W_(w+1)+1)+W_W_(w+1))	
3692	(0,0,0)(1,1,1)(2,1,1)(3,1,0)(1,1,1)(2,1,0)(3,2,1)(4,2,1)(5,2,0)(3,2,0)(4,3,1)(5,3,1)(6,2,0)(5,3,0)(6,4,0)(4,3,1)(5,3,1)(6,2,0)(5,3,0)(6,4,0)	psi(W_(W_(w+1)+1)+psi_W_(W_(w+1)+1)(W_(W_(w+1)+1))	psi(W_(W_(w+1)+1)+psi_W_(W_(w+1)+1)(W_(W_(w+1)+1)))	paren+1
3693	(0,0,0)(1,1,1)(2,1,1)(3,1,0)(1,1,1)(2,1,0)(3,2,1)(4,2,1)(5,2,0)(3,2,0)(4,3,1)(5,3,1)(6,2,0)(5,3,0)(6,4,0)(5,1,0)	psi(W_(W_(w+1)+1)+psi_W_(W_(w+1)+1)(W_(W_(w+1))*W)	psi(W_(W_(w+1)+1)+psi_W_(W_(w+1)+1)(W_(W_(w+1))*W))	paren+1
3694	(0,0,0)(1,1,1)(2,1,1)(3,1,0)(1,1,1)(2,1,0)(3,2,1)(4,2,1)(5,2,0)(3,2,0)(4,3,1)(5,3,1)(6,2,0)(5,3,0)(6,4,0)(5,3,0)(6,4,0)	psi(W_(W_(w+1)+1)+psi_W_(W_(w+1)+1)(W_(W_(w+1)+1)^2)	psi(W_(W_(w+1)+1)+psi_W_(W_(w+1)+1)(W_(W_(w+1)+1)^2))	paren+1
3695	(0,0,0)(1,1,1)(2,1,1)(3,1,0)(1,1,1)(2,1,0)(3,2,1)(4,2,1)(5,2,0)(3,2,0)(4,3,1)(5,3,1)(6,2,0)(5,3,0)(6,4,0)(6,4,0)	psi(W_(W_(w+1)+1)*2)	psi(W_(W_(w+1)+1)*2)	
3696	(0,0,0)(1,1,1)(2,1,1)(3,1,0)(1,1,1)(2,1,0)(3,2,1)(4,2,1)(5,2,0)(3,2,0)(4,3,1)(5,3,1)(6,2,0)(5,3,0)(6,4,0)(7,4,0)	psi(W_(W_(w+1)+1)^2)	psi(W_(W_(w+1)+1)^2)	
3697	(0,0,0)(1,1,1)(2,1,1)(3,1,0)(1,1,1)(2,1,0)(3,2,1)(4,2,1)(5,2,0)(3,2,0)(4,3,1)(5,3,1)(6,2,0)(5,3,0)(6,4,0)(7,5,0)	psi(W_(W_(w+1)+2))	psi(W_(W_(w+1)+2))	
3698	(0,0,0)(1,1,1)(2,1,1)(3,1,0)(1,1,1)(2,1,0)(3,2,1)(4,2,1)(5,2,0)(3,2,0)(4,3,1)(5,3,1)(6,2,0)(5,3,0)(6,4,1)	psi(W_(W_(w+1)+w))	psi(W_(W_(w+1)+w))	
3699	(0,0,0)(1,1,1)(2,1,1)(3,1,0)(1,1,1)(2,1,0)(3,2,1)(4,2,1)(5,2,0)(3,2,0)(4,3,1)(5,3,1)(6,2,0)(5,3,0)(6,4,1)(7,4,0)(6,4,1)	psi(W_(W_(w+1)+w)^2)	psi(W_(W_(w+1)+w)^2)	
3700	(0,0,0)(1,1,1)(2,1,1)(3,1,0)(1,1,1)(2,1,0)(3,2,1)(4,2,1)(5,2,0)(3,2,0)(4,3,1)(5,3,1)(6,2,0)(5,3,0)(6,4,1)(7,4,0)(8,5,0)	psi(W_(W_(w+1)+w+1))	psi(W_(W_(w+1)+w+1))	
3701	(0,0,0)(1,1,1)(2,1,1)(3,1,0)(1,1,1)(2,1,0)(3,2,1)(4,2,1)(5,2,0)(3,2,0)(4,3,1)(5,3,1)(6,2,0)(5,3,0)(6,4,1)(7,4,0)(8,5,1)	psi(W_(W_(w+1)+w2))	psi(W_(W_(w+1)+w2))	
3702	(0,0,0)(1,1,1)(2,1,1)(3,1,0)(1,1,1)(2,1,0)(3,2,1)(4,2,1)(5,2,0)(3,2,0)(4,3,1)(5,3,1)(6,2,0)(5,3,0)(6,4,1)(7,4,1)	psi(W_(W_(w+1)+w^2))	psi(W_(W_(w+1)+w^2))	
3703	(0,0,0)(1,1,1)(2,1,1)(3,1,0)(1,1,1)(2,1,0)(3,2,1)(4,2,1)(5,2,0)(3,2,0)(4,3,1)(5,3,1)(6,2,0)(5,3,0)(6,4,1)(7,4,1)(7,4,1)	psi(W_(W_(w+1)+w^3))	psi(W_(W_(w+1)+w^3))	
3704	(0,0,0)(1,1,1)(2,1,1)(3,1,0)(1,1,1)(2,1,0)(3,2,1)(4,2,1)(5,2,0)(3,2,0)(4,3,1)(5,3,1)(6,2,0)(5,3,0)(6,4,1)(7,4,1)(8,1,0)	psi(W_(W_(w+1)+W))	psi(W_(W_(w+1)+W))	
3705	(0,0,0)(1,1,1)(2,1,1)(3,1,0)(1,1,1)(2,1,0)(3,2,1)(4,2,1)(5,2,0)(3,2,0)(4,3,1)(5,3,1)(6,2,0)(5,3,0)(6,4,1)(7,4,1)(8,1,0)(1,1,1)	psi(W_(W_(w+1)+W_w))	psi(W_(W_(w+1)+W_w))	
3706	(0,0,0)(1,1,1)(2,1,1)(3,1,0)(1,1,1)(2,1,0)(3,2,1)(4,2,1)(5,2,0)(3,2,0)(4,3,1)(5,3,1)(6,2,0)(5,3,0)(6,4,1)(7,4,1)(8,1,0)(8,1,0)(1,1,1)	psi(W_(W_(w+1)+W_w^2)	psi(W_(W_(w+1)+W_w^2))	paren+1
3707	(0,0,0)(1,1,1)(2,1,1)(3,1,0)(1,1,1)(2,1,0)(3,2,1)(4,2,1)(5,2,0)(3,2,0)(4,3,1)(5,3,1)(6,2,0)(5,3,0)(6,4,1)(7,4,1)(8,2,0)	psi(W_(W_(w+1)*2))	psi(W_(W_(w+1)*2))	
3708	(0,0,0)(1,1,1)(2,1,1)(3,1,0)(1,1,1)(2,1,0)(3,2,1)(4,2,1)(5,2,0)(3,2,0)(4,3,1)(5,3,1)(6,2,0)(5,3,0)(6,4,1)(7,4,1)(8,2,0)(7,4,0)(8,5,0)	psi(W_(W_(w+1)*2+1))	psi(W_(W_(w+1)*2+1))	
3709	(0,0,0)(1,1,1)(2,1,1)(3,1,0)(1,1,1)(2,1,0)(3,2,1)(4,2,1)(5,2,0)(3,2,0)(4,3,1)(5,3,1)(6,2,0)(5,3,0)(6,4,1)(7,4,1)(8,2,0)(7,4,0)(8,5,1)	psi(W_(W_(w+1)*2+W))	psi(W_(W_(w+1)*2+W))	
3710	(0,0,0)(1,1,1)(2,1,1)(3,1,0)(1,1,1)(2,1,0)(3,2,1)(4,2,1)(5,2,0)(3,2,0)(4,3,1)(5,3,1)(6,2,0)(5,3,0)(6,4,1)(7,4,1)(8,2,0)(7,4,0)(8,5,1)(9,5,1)(10,2,0)	psi(W_(W_(w+1)*3))	psi(W_(W_(w+1)*3))	
3711	(0,0,0)(1,1,1)(2,1,1)(3,1,0)(1,1,1)(2,1,0)(3,2,1)(4,2,1)(5,2,0)(3,2,0)(4,3,1)(5,3,1)(6,2,0)(5,3,1)	psi(W_(W_(w+1)*w))	psi(W_(W_(w+1)*w))	
3712	(0,0,0)(1,1,1)(2,1,1)(3,1,0)(1,1,1)(2,1,0)(3,2,1)(4,2,1)(5,2,0)(3,2,0)(4,3,1)(5,3,1)(6,2,0)(5,3,1)(4,3,1)	psi(W_(W_(w+1)*w)+W_(w2))	psi(W_(W_(w+1)*w)+W_(w2))	
3713	(0,0,0)(1,1,1)(2,1,1)(3,1,0)(1,1,1)(2,1,0)(3,2,1)(4,2,1)(5,2,0)(3,2,0)(4,3,1)(5,3,1)(6,2,0)(5,3,1)(4,3,1)(5,3,1)(6,2,0)	psi(W_(W_(w+1)*w)+W_W_(w+1))	psi(W_(W_(w+1)*w)+W_W_(w+1))	
3714	(0,0,0)(1,1,1)(2,1,1)(3,1,0)(1,1,1)(2,1,0)(3,2,1)(4,2,1)(5,2,0)(3,2,0)(4,3,1)(5,3,1)(6,2,0)(5,3,1)(4,3,1)(5,3,1)(6,2,0)(5,3,1)	psi(W_(W_(w+1)*w)*2)	psi(W_(W_(w+1)*w)*2)	
3715	(0,0,0)(1,1,1)(2,1,1)(3,1,0)(1,1,1)(2,1,0)(3,2,1)(4,2,1)(5,2,0)(3,2,0)(4,3,1)(5,3,1)(6,2,0)(5,3,1)(5,2,0)	psi(W_(W_(w+1)*w)*W_(w+1))	psi(W_(W_(w+1)*w)*W_(w+1))	
3716	(0,0,0)(1,1,1)(2,1,1)(3,1,0)(1,1,1)(2,1,0)(3,2,1)(4,2,1)(5,2,0)(3,2,0)(4,3,1)(5,3,1)(6,2,0)(5,3,1)(5,2,0)(4,3,1)(5,3,1)(6,2,0)	psi(W_(W_(w+1)*w)*W_W_(w+1))	psi(W_(W_(w+1)*w)*W_W_(w+1))	
3717	(0,0,0)(1,1,1)(2,1,1)(3,1,0)(1,1,1)(2,1,0)(3,2,1)(4,2,1)(5,2,0)(3,2,0)(4,3,1)(5,3,1)(6,2,0)(5,3,1)(5,3,0)	psi(W_(W_(w+1)*w)*W_(W_(w+1)+1))	psi(W_(W_(w+1)*w)*W_(W_(w+1)+1))	
3718	(0,0,0)(1,1,1)(2,1,1)(3,1,0)(1,1,1)(2,1,0)(3,2,1)(4,2,1)(5,2,0)(3,2,0)(4,3,1)(5,3,1)(6,2,0)(5,3,1)(5,3,0)(4,3,1)	psi(W_(W_(w+1)*w)*W_(W_(w+1)+w))	psi(W_(W_(w+1)*w)*W_(W_(w+1)+w))	
3719	(0,0,0)(1,1,1)(2,1,1)(3,1,0)(1,1,1)(2,1,0)(3,2,1)(4,2,1)(5,2,0)(3,2,0)(4,3,1)(5,3,1)(6,2,0)(5,3,1)(5,3,0)(4,3,1)(5,3,1)(6,2,0)	psi(W_(W_(w+1)*w)*W_(W_(w+1)*2))	psi(W_(W_(w+1)*w)*W_(W_(w+1)*2))	
3720	(0,0,0)(1,1,1)(2,1,1)(3,1,0)(1,1,1)(2,1,0)(3,2,1)(4,2,1)(5,2,0)(3,2,0)(4,3,1)(5,3,1)(6,2,0)(5,3,1)(5,3,0)(4,3,1)(5,3,1)(6,2,0)(5,3,1)	psi(W_(W_(w+1)*w)^2)	psi(W_(W_(w+1)*w)^2)	
3721	(0,0,0)(1,1,1)(2,1,1)(3,1,0)(1,1,1)(2,1,0)(3,2,1)(4,2,1)(5,2,0)(3,2,0)(4,3,1)(5,3,1)(6,2,0)(5,3,1)(5,3,0)(6,4,0)	psi(W_(W_(w+1)*w+1))	psi(W_(W_(w+1)*w+1))	
3722	(0,0,0)(1,1,1)(2,1,1)(3,1,0)(1,1,1)(2,1,0)(3,2,1)(4,2,1)(5,2,0)(3,2,0)(4,3,1)(5,3,1)(6,2,0)(5,3,1)(5,3,0)(6,4,1)(7,4,1)(8,2,0)	psi(W_(W_(w+1)*w+W_(w+1)))	psi(W_(W_(w+1)*w+W_(w+1)))	
3723	(0,0,0)(1,1,1)(2,1,1)(3,1,0)(1,1,1)(2,1,0)(3,2,1)(4,2,1)(5,2,0)(3,2,0)(4,3,1)(5,3,1)(6,2,0)(5,3,1)(5,3,0)(6,4,1)(7,4,1)(8,2,0)(7,4,1)	psi(W_(W_(w+1)*w2))	psi(W_(W_(w+1)*w2))	
3724	(0,0,0)(1,1,1)(2,1,1)(3,1,0)(1,1,1)(2,1,0)(3,2,1)(4,2,1)(5,2,0)(3,2,0)(4,3,1)(5,3,1)(6,2,0)(5,3,1)(5,3,1)	psi(W_(W_(w+1)*w^2))	psi(W_(W_(w+1)*w^2))	
3725	(0,0,0)(1,1,1)(2,1,1)(3,1,0)(1,1,1)(2,1,0)(3,2,1)(4,2,1)(5,2,0)(3,2,0)(4,3,1)(5,3,1)(6,2,0)(5,3,1)(6,1,0)	psi(W_(W_(w+1)*W))	psi(W_(W_(w+1)*W))	
3726	(0,0,0)(1,1,1)(2,1,1)(3,1,0)(1,1,1)(2,1,0)(3,2,1)(4,2,1)(5,2,0)(3,2,0)(4,3,1)(5,3,1)(6,2,0)(5,3,1)(6,1,0)(1,1,1)	psi(W_(W_(w+1)*W_w))	psi(W_(W_(w+1)*W_w))	
3727	(0,0,0)(1,1,1)(2,1,1)(3,1,0)(1,1,1)(2,1,0)(3,2,1)(4,2,1)(5,2,0)(3,2,0)(4,3,1)(5,3,1)(6,2,0)(5,3,1)(6,2,0)	psi(W_(W_(w+1)^2))	psi(W_(W_(w+1)^2))	
3728	(0,0,0)(1,1,1)(2,1,1)(3,1,0)(1,1,1)(2,1,0)(3,2,1)(4,2,1)(5,2,0)(3,2,0)(4,3,1)(5,3,1)(6,2,0)(6,2,0)	psi(W_(W_(w+1)^W_(w+1)))	psi(W_(W_(w+1)^W_(w+1)))	
3729	(0,0,0)(1,1,1)(2,1,1)(3,1,0)(1,1,1)(2,1,0)(3,2,1)(4,2,1)(5,2,0)(3,2,0)(4,3,1)(5,3,1)(6,2,0)(7,3,0)	psi(W_psi_W_(w+2)(W_(w+2)))	psi(W_psi_W_(w+2)(W_(w+2)))	
3730	(0,0,0)(1,1,1)(2,1,1)(3,1,0)(1,1,1)(2,1,0)(3,2,1)(4,2,1)(5,2,0)(3,2,0)(4,3,1)(5,3,1)(6,2,0)(7,3,1)(8,3,1)(9,1,0)	psi(W_psi_W_(w+2)(W_W))	psi(W_psi_W_(w+2)(W_W))	
3731	(0,0,0)(1,1,1)(2,1,1)(3,1,0)(1,1,1)(2,1,0)(3,2,1)(4,2,1)(5,2,0)(3,2,0)(4,3,1)(5,3,1)(6,3,0)	psi(W_W_(w+2))	psi(W_W_(w+2))	
3732	(0,0,0)(1,1,1)(2,1,1)(3,1,0)(1,1,1)(2,1,0)(3,2,1)(4,2,1)(5,2,0)(3,2,0)(4,3,1)(5,3,1)(6,3,0)(1,1,1)	psi(W_W_(w+2)+W_w)	psi(W_W_(w+2)+W_w)	
3733	(0,0,0)(1,1,1)(2,1,1)(3,1,0)(1,1,1)(2,1,0)(3,2,1)(4,2,1)(5,2,0)(3,2,0)(4,3,1)(5,3,1)(6,3,0)(1,1,1)(2,1,0)(3,2,1)(4,2,1)(5,2,0)	psi(W_W_(w+2)+psi_W_(w+1)(W_W_(w+1)))	psi(W_W_(w+2)+psi_W_(w+1)(W_W_(w+1)))	
3734	(0,0,0)(1,1,1)(2,1,1)(3,1,0)(1,1,1)(2,1,0)(3,2,1)(4,2,1)(5,2,0)(3,2,0)(4,3,1)(5,3,1)(6,3,0)(1,1,1)(2,1,0)(3,2,1)(4,2,1)(5,2,0)(3,2,0)(4,3,1)(5,3,1)(6,3,0)	psi(W_W_(w+2)+psi_W_(w+1)(W_W_(w+2)))	psi(W_W_(w+2)+psi_W_(w+1)(W_W_(w+2)))	
3735	(0,0,0)(1,1,1)(2,1,1)(3,1,0)(1,1,1)(2,1,0)(3,2,1)(4,2,1)(5,2,0)(3,2,0)(4,3,1)(5,3,1)(6,3,0)(2,1,0)	psi(W_W_(w+2)+psi_W_(w+1)(W_W_(w+2))*W)	psi(W_W_(w+2)+psi_W_(w+1)(W_W_(w+2))*W)	
3736	(0,0,0)(1,1,1)(2,1,1)(3,1,0)(1,1,1)(2,1,0)(3,2,1)(4,2,1)(5,2,0)(3,2,0)(4,3,1)(5,3,1)(6,3,0)(3,2,0)	psi(W_W_(w+2)+W_(w+1))	psi(W_W_(w+2)+W_(w+1))	
3737	(0,0,0)(1,1,1)(2,1,1)(3,1,0)(1,1,1)(2,1,0)(3,2,1)(4,2,1)(5,2,0)(3,2,0)(4,3,1)(5,3,1)(6,3,0)(3,2,0)(4,3,1)(5,3,1)(6,3,0)	psi(W_W_(w+2)+psi_W_(w+1)(W_W_(w+2)))	psi(W_W_(w+2)+psi_W_(w+1)(W_W_(w+2)))	
3738	(0,0,0)(1,1,1)(2,1,1)(3,1,0)(1,1,1)(2,1,0)(3,2,1)(4,2,1)(5,2,0)(3,2,0)(4,3,1)(5,3,1)(6,3,0)(4,2,0)	psi(W_W_(w+2)+psi_W_(w+2)(W_W_(w+2))*W_(w+1))	psi(W_W_(w+2)+psi_W_(w+2)(W_W_(w+2))*W_(w+1))	
3739	(0,0,0)(1,1,1)(2,1,1)(3,1,0)(1,1,1)(2,1,0)(3,2,1)(4,2,1)(5,2,0)(3,2,0)(4,3,1)(5,3,1)(6,3,0)(4,3,0)	psi(W_W_(w+2)+W_(w+2))	psi(W_W_(w+2)+W_(w+2))	
3740	(0,0,0)(1,1,1)(2,1,1)(3,1,0)(1,1,1)(2,1,0)(3,2,1)(4,2,1)(5,2,0)(3,2,0)(4,3,1)(5,3,1)(6,3,0)(4,3,0)(5,4,1)	psi(W_W_(w+2)+psi_W_(w+3)(W_(w+3)))	psi(W_W_(w+2)+psi_W_(w+3)(W_(w+3)))	
3741	(0,0,0)(1,1,1)(2,1,1)(3,1,0)(1,1,1)(2,1,0)(3,2,1)(4,2,1)(5,2,0)(3,2,0)(4,3,1)(5,3,1)(6,3,0)(4,3,0)(5,4,1)(6,4,0)(7,5,1)	psi(W_W_(w+2)+psi_W_(w+3)(W_(w2)))	psi(W_W_(w+2)+psi_W_(w+3)(W_(w2)))	
3742	(0,0,0)(1,1,1)(2,1,1)(3,1,0)(1,1,1)(2,1,0)(3,2,1)(4,2,1)(5,2,0)(3,2,0)(4,3,1)(5,3,1)(6,3,0)(4,3,0)(5,4,1)(6,4,1)	psi(W_W_(w+2)+psi_W_(w+3)(W_(w^2)))	psi(W_W_(w+2)+psi_W_(w+3)(W_(w^2)))	
3743	(0,0,0)(1,1,1)(2,1,1)(3,1,0)(1,1,1)(2,1,0)(3,2,1)(4,2,1)(5,2,0)(3,2,0)(4,3,1)(5,3,1)(6,3,0)(4,3,0)(5,4,1)(6,4,1)(7,1,0)	psi(W_W_(w+2)+psi_W_(w+3)(W_W))	psi(W_W_(w+2)+psi_W_(w+3)(W_W))	
3744	(0,0,0)(1,1,1)(2,1,1)(3,1,0)(1,1,1)(2,1,0)(3,2,1)(4,2,1)(5,2,0)(3,2,0)(4,3,1)(5,3,1)(6,3,0)(4,3,0)(5,4,1)(6,4,1)(7,2,0)	psi(W_W_(w+2)+psi_W_(w+3)(W_W_(w+1)))	psi(W_W_(w+2)+psi_W_(w+3)(W_W_(w+1)))	
3745	(0,0,0)(1,1,1)(2,1,1)(3,1,0)(1,1,1)(2,1,0)(3,2,1)(4,2,1)(5,2,0)(3,2,0)(4,3,1)(5,3,1)(6,3,0)(4,3,0)(5,4,1)(6,4,1)(7,3,0)	psi(W_W_(w+2)+psi_W_(w+3)(W_W_(w+2)))	psi(W_W_(w+2)+psi_W_(w+3)(W_W_(w+2)))	
3746	(0,0,0)(1,1,1)(2,1,1)(3,1,0)(1,1,1)(2,1,0)(3,2,1)(4,2,1)(5,2,0)(3,2,0)(4,3,1)(5,3,1)(6,3,0)(4,3,0)(5,4,1)(6,4,1)(7,3,0)(5,4,0)	psi(W_W_(w+2)+W_(w+3))	psi(W_W_(w+2)+W_(w+3))	
3747	(0,0,0)(1,1,1)(2,1,1)(3,1,0)(1,1,1)(2,1,0)(3,2,1)(4,2,1)(5,2,0)(3,2,0)(4,3,1)(5,3,1)(6,3,0)(4,3,0)(5,4,1)(6,4,1)(7,3,0)(5,4,1)	psi(W_W_(w+2)+W_(w2))	psi(W_W_(w+2)+W_(w2))	
3748	(0,0,0)(1,1,1)(2,1,1)(3,1,0)(1,1,1)(2,1,0)(3,2,1)(4,2,1)(5,2,0)(3,2,0)(4,3,1)(5,3,1)(6,3,0)(4,3,0)(5,4,1)(6,4,1)(7,3,0)(5,4,1)(6,4,1)	psi(W_W_(w+2)+W_(w^2))	psi(W_W_(w+2)+W_(w^2))	
3749	(0,0,0)(1,1,1)(2,1,1)(3,1,0)(1,1,1)(2,1,0)(3,2,1)(4,2,1)(5,2,0)(3,2,0)(4,3,1)(5,3,1)(6,3,0)(4,3,0)(5,4,1)(6,4,1)(7,3,0)(5,4,1)(6,4,1)(7,1,0)	psi(W_W_(w+2)+W_W)	psi(W_W_(w+2)+W_W)	
3750	(0,0,0)(1,1,1)(2,1,1)(3,1,0)(1,1,1)(2,1,0)(3,2,1)(4,2,1)(5,2,0)(3,2,0)(4,3,1)(5,3,1)(6,3,0)(4,3,0)(5,4,1)(6,4,1)(7,3,0)(5,4,1)(6,4,1)(7,1,0)(1,1,1)	psi(W_W_(w+2)+W_W_w)	psi(W_W_(w+2)+W_W_w)	
3751	(0,0,0)(1,1,1)(2,1,1)(3,1,0)(1,1,1)(2,1,0)(3,2,1)(4,2,1)(5,2,0)(3,2,0)(4,3,1)(5,3,1)(6,3,0)(4,3,0)(5,4,1)(6,4,1)(7,3,0)(5,4,1)(6,4,1)(7,2,0)	psi(W_W_(w+2)+W_W_(w+1))	psi(W_W_(w+2)+W_W_(w+1))	
3752	(0,0,0)(1,1,1)(2,1,1)(3,1,0)(1,1,1)(2,1,0)(3,2,1)(4,2,1)(5,2,0)(3,2,0)(4,3,1)(5,3,1)(6,3,0)(4,3,0)(5,4,1)(6,4,1)(7,3,0)(5,4,1)(6,4,1)(7,3,0)	psi(W_W_(w+2)*2)	psi(W_W_(w+2)*2)	
3753	(0,0,0)(1,1,1)(2,1,1)(3,1,0)(1,1,1)(2,1,0)(3,2,1)(4,2,1)(5,2,0)(3,2,0)(4,3,1)(5,3,1)(6,3,0)(4,3,0)(5,4,1)(6,4,1)(7,3,0)(6,1,0)	psi(W_W_(w+2)*W)	psi(W_W_(w+2)*W)	
3754	(0,0,0)(1,1,1)(2,1,1)(3,1,0)(1,1,1)(2,1,0)(3,2,1)(4,2,1)(5,2,0)(3,2,0)(4,3,1)(5,3,1)(6,3,0)(4,3,0)(5,4,1)(6,4,1)(7,3,0)(6,1,0)(1,1,1)	psi(W_W_(w+2)*W_w)	psi(W_W_(w+2)*W_w)	
3755	(0,0,0)(1,1,1)(2,1,1)(3,1,0)(1,1,1)(2,1,0)(3,2,1)(4,2,1)(5,2,0)(3,2,0)(4,3,1)(5,3,1)(6,3,0)(4,3,0)(5,4,1)(6,4,1)(7,3,0)(6,2,0)	psi(W_W_(w+2)*W_(w+1))	psi(W_W_(w+2)*W_(w+1))	
3756	(0,0,0)(1,1,1)(2,1,1)(3,1,0)(1,1,1)(2,1,0)(3,2,1)(4,2,1)(5,2,0)(3,2,0)(4,3,1)(5,3,1)(6,3,0)(4,3,0)(5,4,1)(6,4,1)(7,3,0)(6,3,0)	psi(W_W_(w+2)*W_(w+2))	psi(W_W_(w+2)*W_(w+2))	
3757	(0,0,0)(1,1,1)(2,1,1)(3,1,0)(1,1,1)(2,1,0)(3,2,1)(4,2,1)(5,2,0)(3,2,0)(4,3,1)(5,3,1)(6,3,0)(4,3,0)(5,4,1)(6,4,1)(7,3,0)(6,4,0)	psi(W_W_(w+2)*W_(w+3))	psi(W_W_(w+2)*W_(w+3))	
3758	(0,0,0)(1,1,1)(2,1,1)(3,1,0)(1,1,1)(2,1,0)(3,2,1)(4,2,1)(5,2,0)(3,2,0)(4,3,1)(5,3,1)(6,3,0)(4,3,0)(5,4,1)(6,4,1)(7,3,0)(6,4,0)(5,4,1)	psi(W_W_(w+2)*W_(w2))	psi(W_W_(w+2)*W_(w2))	
3759	(0,0,0)(1,1,1)(2,1,1)(3,1,0)(1,1,1)(2,1,0)(3,2,1)(4,2,1)(5,2,0)(3,2,0)(4,3,1)(5,3,1)(6,3,0)(4,3,0)(5,4,1)(6,4,1)(7,3,0)(6,4,0)(5,4,1)(6,4,1)	psi(W_W_(w+2)*W_(w^2))	psi(W_W_(w+2)*W_(w^2))	
3760	(0,0,0)(1,1,1)(2,1,1)(3,1,0)(1,1,1)(2,1,0)(3,2,1)(4,2,1)(5,2,0)(3,2,0)(4,3,1)(5,3,1)(6,3,0)(4,3,0)(5,4,1)(6,4,1)(7,3,0)(6,4,0)(5,4,1)(6,4,1)(7,1,0)	psi(W_W_(w+2)*W_W)	psi(W_W_(w+2)*W_W)	
3761	(0,0,0)(1,1,1)(2,1,1)(3,1,0)(1,1,1)(2,1,0)(3,2,1)(4,2,1)(5,2,0)(3,2,0)(4,3,1)(5,3,1)(6,3,0)(4,3,0)(5,4,1)(6,4,1)(7,3,0)(6,4,0)(5,4,1)(6,4,1)(7,1,0)(1,1,1)	psi(W_W_(w+2)*W_W_w)	psi(W_W_(w+2)*W_W_w)	
3762	(0,0,0)(1,1,1)(2,1,1)(3,1,0)(1,1,1)(2,1,0)(3,2,1)(4,2,1)(5,2,0)(3,2,0)(4,3,1)(5,3,1)(6,3,0)(4,3,0)(5,4,1)(6,4,1)(7,3,0)(6,4,0)(5,4,1)(6,4,1)(7,2,0)	psi(W_W_(w+2)*W_W_(w+1))	psi(W_W_(w+2)*W_W_(w+1))	
3763	(0,0,0)(1,1,1)(2,1,1)(3,1,0)(1,1,1)(2,1,0)(3,2,1)(4,2,1)(5,2,0)(3,2,0)(4,3,1)(5,3,1)(6,3,0)(4,3,0)(5,4,1)(6,4,1)(7,3,0)(6,4,0)(5,4,1)(6,4,1)(7,3,0)	psi(W_W_(w+2)^2)	psi(W_W_(w+2)^2)	
3764	(0,0,0)(1,1,1)(2,1,1)(3,1,0)(1,1,1)(2,1,0)(3,2,1)(4,2,1)(5,2,0)(3,2,0)(4,3,1)(5,3,1)(6,3,0)(4,3,0)(5,4,1)(6,4,1)(7,3,0)(6,4,0)(5,4,1)(6,4,1)(7,3,0)(5,4,1)(6,4,1)(7,3,0)	psi(W_W_(w+2)^2+W_W_(w+2))	psi(W_W_(w+2)^2+W_W_(w+2))	
3765	(0,0,0)(1,1,1)(2,1,1)(3,1,0)(1,1,1)(2,1,0)(3,2,1)(4,2,1)(5,2,0)(3,2,0)(4,3,1)(5,3,1)(6,3,0)(4,3,0)(5,4,1)(6,4,1)(7,3,0)(6,4,0)(5,4,1)(6,4,1)(7,3,0)(6,4,0)(5,3,1)(6,4,1)(7,3,0)	psi(W_W_(w+2)^2*2)	psi(W_W_(w+2)^2*2)	
3766	(0,0,0)(1,1,1)(2,1,1)(3,1,0)(1,1,1)(2,1,0)(3,2,1)(4,2,1)(5,2,0)(3,2,0)(4,3,1)(5,3,1)(6,3,0)(4,3,0)(5,4,1)(6,4,1)(7,3,0)(6,4,0)(6,4,0)(5,4,1)(6,4,1)(7,3,0)	psi(W_W_(w+2)^3)	psi(W_W_(w+2)^3)	
3767	(0,0,0)(1,1,1)(2,1,1)(3,1,0)(1,1,1)(2,1,0)(3,2,1)(4,2,1)(5,2,0)(3,2,0)(4,3,1)(5,3,1)(6,3,0)(4,3,0)(5,4,1)(6,4,1)(7,3,0)(6,4,0)(7,1,0)	psi(W_W_(w+2)^W)	psi(W_W_(w+2)^W)	
3768	(0,0,0)(1,1,1)(2,1,1)(3,1,0)(1,1,1)(2,1,0)(3,2,1)(4,2,1)(5,2,0)(3,2,0)(4,3,1)(5,3,1)(6,3,0)(4,3,0)(5,4,1)(6,4,1)(7,3,0)(6,4,0)(7,4,0)(5,4,1)(6,4,1)(7,3,0)	psi(W_W_(w+2)^W_W_(w+2))	psi(W_W_(w+2)^W_W_(w+2))	
3769	(0,0,0)(1,1,1)(2,1,1)(3,1,0)(1,1,1)(2,1,0)(3,2,1)(4,2,1)(5,2,0)(3,2,0)(4,3,1)(5,3,1)(6,3,0)(4,3,0)(5,4,1)(6,4,1)(7,3,0)(6,4,0)(7,4,0)(8,4,0)(5,4,1)(6,4,1)(7,3,0)	psi(W_W_(w+2)^W_W_(w+2)^W_W_(w+2))	psi(W_W_(w+2)^W_W_(w+2)^W_W_(w+2))	
3770	(0,0,0)(1,1,1)(2,1,1)(3,1,0)(1,1,1)(2,1,0)(3,2,1)(4,2,1)(5,2,0)(3,2,0)(4,3,1)(5,3,1)(6,3,0)(4,3,0)(5,4,1)(6,4,1)(7,3,0)(6,4,0)(7,5,0)	psi(W_(W_(w+2)+1))	psi(W_(W_(w+2)+1))	
3771	(0,0,0)(1,1,1)(2,1,1)(3,1,0)(1,1,1)(2,1,0)(3,2,1)(4,2,1)(5,2,0)(3,2,0)(4,3,1)(5,3,1)(6,3,0)(4,3,0)(5,4,1)(6,4,1)(7,3,0)(6,4,0)(7,5,0)(5,4,1)(6,4,1)(7,1,0)	psi(W_(W_(w+2)+1)+W_W)	psi(W_(W_(w+2)+1)+W_W)	
3772	(0,0,0)(1,1,1)(2,1,1)(3,1,0)(1,1,1)(2,1,0)(3,2,1)(4,2,1)(5,2,0)(3,2,0)(4,3,1)(5,3,1)(6,3,0)(4,3,0)(5,4,1)(6,4,1)(7,3,0)(6,4,0)(7,5,0)(5,4,1)(6,4,1)(7,2,0)	psi(W_(W_(w+2)+1)+W_W_(w+1))	psi(W_(W_(w+2)+1)+W_W_(w+1))	
3773	(0,0,0)(1,1,1)(2,1,1)(3,1,0)(1,1,1)(2,1,0)(3,2,1)(4,2,1)(5,2,0)(3,2,0)(4,3,1)(5,3,1)(6,3,0)(4,3,0)(5,4,1)(6,4,1)(7,3,0)(6,4,0)(7,5,0)(5,4,1)(6,4,1)(7,3,0)	psi(W_(W_(w+2)+1)+W_W_(w+2))	psi(W_(W_(w+2)+1)+W_W_(w+2))	
3774	(0,0,0)(1,1,1)(2,1,1)(3,1,0)(1,1,1)(2,1,0)(3,2,1)(4,2,1)(5,2,0)(3,2,0)(4,3,1)(5,3,1)(6,3,0)(4,3,0)(5,4,1)(6,4,1)(7,3,0)(6,4,0)(7,5,0)(5,4,1)(6,4,1)(7,3,0)(6,4,0)(7,5,0)	psi(W_(W_(w+2)+1)+psi_W_(W_(w+2)+1)(W_(W_(w+2)+1))	psi(W_(W_(w+2)+1)+psi_W_(W_(w+2)+1)(W_(W_(w+2)+1)))	paren+1
3775	(0,0,0)(1,1,1)(2,1,1)(3,1,0)(1,1,1)(2,1,0)(3,2,1)(4,2,1)(5,2,0)(3,2,0)(4,3,1)(5,3,1)(6,3,0)(4,3,0)(5,4,1)(6,4,1)(7,3,0)(6,4,0)(7,5,0)(7,5,0)	psi(W_(W_(w+2)+1)*2)	psi(W_(W_(w+2)+1)*2)	
3776	(0,0,0)(1,1,1)(2,1,1)(3,1,0)(1,1,1)(2,1,0)(3,2,1)(4,2,1)(5,2,0)(3,2,0)(4,3,1)(5,3,1)(6,3,0)(4,3,0)(5,4,1)(6,4,1)(7,3,0)(6,4,0)(7,5,0)(8,5,0)	psi(W_(W_(w+2)+1)^2)	psi(W_(W_(w+2)+1)^2)	
3777	(0,0,0)(1,1,1)(2,1,1)(3,1,0)(1,1,1)(2,1,0)(3,2,1)(4,2,1)(5,2,0)(3,2,0)(4,3,1)(5,3,1)(6,3,0)(4,3,0)(5,4,1)(6,4,1)(7,3,0)(6,4,0)(7,5,0)(8,6,0)	psi(W_(W_(w+2)+w))	psi(W_(W_(w+2)+w))	
3778	(0,0,0)(1,1,1)(2,1,1)(3,1,0)(1,1,1)(2,1,0)(3,2,1)(4,2,1)(5,2,0)(3,2,0)(4,3,1)(5,3,1)(6,3,0)(4,3,0)(5,4,1)(6,4,1)(7,3,0)(6,4,0)(7,5,1)	psi(W_(W_(w+2)+w))	psi(W_(W_(w+2)+w))	
3779	(0,0,0)(1,1,1)(2,1,1)(3,1,0)(1,1,1)(2,1,0)(3,2,1)(4,2,1)(5,2,0)(3,2,0)(4,3,1)(5,3,1)(6,3,0)(4,3,0)(5,4,1)(6,4,1)(7,3,0)(6,4,0)(7,5,1)(8,5,0)(9,6,0)	psi(W_(W_(w+2)+w+1))	psi(W_(W_(w+2)+w+1))	
3780	(0,0,0)(1,1,1)(2,1,1)(3,1,0)(1,1,1)(2,1,0)(3,2,1)(4,2,1)(5,2,0)(3,2,0)(4,3,1)(5,3,1)(6,3,0)(4,3,0)(5,4,1)(6,4,1)(7,3,0)(6,4,0)(7,5,1)(8,5,0)(9,6,1)	psi(W_(W_(w+2)+w2))	psi(W_(W_(w+2)+w2))	
3781	(0,0,0)(1,1,1)(2,1,1)(3,1,0)(1,1,1)(2,1,0)(3,2,1)(4,2,1)(5,2,0)(3,2,0)(4,3,1)(5,3,1)(6,3,0)(4,3,0)(5,4,1)(6,4,1)(7,3,0)(6,4,0)(7,5,1)(8,5,1)	psi(W_(W_(w+2)+w^2))	psi(W_(W_(w+2)+w^2))	
3782	(0,0,0)(1,1,1)(2,1,1)(3,1,0)(1,1,1)(2,1,0)(3,2,1)(4,2,1)(5,2,0)(3,2,0)(4,3,1)(5,3,1)(6,3,0)(4,3,0)(5,4,1)(6,4,1)(7,3,0)(6,4,0)(7,5,1)(8,5,1)(9,1,0)	psi(W_(W_(w+2)+W))	psi(W_(W_(w+2)+W))	
3783	(0,0,0)(1,1,1)(2,1,1)(3,1,0)(1,1,1)(2,1,0)(3,2,1)(4,2,1)(5,2,0)(3,2,0)(4,3,1)(5,3,1)(6,3,0)(4,3,0)(5,4,1)(6,4,1)(7,3,0)(6,4,0)(7,5,1)(8,5,1)(9,1,0)(1,1,1)	psi(W_(W_(w+2)+W_w))	psi(W_(W_(w+2)+W_w))	
3784	(0,0,0)(1,1,1)(2,1,1)(3,1,0)(1,1,1)(2,1,0)(3,2,1)(4,2,1)(5,2,0)(3,2,0)(4,3,1)(5,3,1)(6,3,0)(4,3,0)(5,4,1)(6,4,1)(7,3,0)(6,4,0)(7,5,1)(8,5,1)(9,2,0)	psi(W_(W_(w+2)+W_(w+1))	psi(W_(W_(w+2)+W_(w+1)))	paren+1
3785	(0,0,0)(1,1,1)(2,1,1)(3,1,0)(1,1,1)(2,1,0)(3,2,1)(4,2,1)(5,2,0)(3,2,0)(4,3,1)(5,3,1)(6,3,0)(4,3,0)(5,4,1)(6,4,1)(7,3,0)(6,4,0)(7,5,1)(8,5,1)(9,3,0)	psi(W_(W_(w+2)*2))	psi(W_(W_(w+2)*2))	
3786	(0,0,0)(1,1,1)(2,1,1)(3,1,0)(1,1,1)(2,1,0)(3,2,1)(4,2,1)(5,2,0)(3,2,0)(4,3,1)(5,3,1)(6,3,0)(4,3,0)(5,4,1)(6,4,1)(7,3,0)(6,4,0)(7,5,1)(8,5,1)(9,3,0)(8,5,0)(9,6,1)(10,6,1)(11,3,0)	psi(W_(W_(w+2)*3))	psi(W_(W_(w+2)*3))	
3787	(0,0,0)(1,1,1)(2,1,1)(3,1,0)(1,1,1)(2,1,0)(3,2,1)(4,2,1)(5,2,0)(3,2,0)(4,3,1)(5,3,1)(6,3,0)(4,3,0)(5,4,1)(6,4,1)(7,3,0)(6,4,1)	psi(W_(W_(w+2)*w))	psi(W_(W_(w+2)*w))	
3788	(0,0,0)(1,1,1)(2,1,1)(3,1,0)(1,1,1)(2,1,0)(3,2,1)(4,2,1)(5,2,0)(3,2,0)(4,3,1)(5,3,1)(6,3,0)(4,3,0)(5,4,1)(6,4,1)(7,3,0)(6,4,1)(6,4,1)	psi(W_(W_(w+2)*w^2))	psi(W_(W_(w+2)*w^2))	
3789	(0,0,0)(1,1,1)(2,1,1)(3,1,0)(1,1,1)(2,1,0)(3,2,1)(4,2,1)(5,2,0)(3,2,0)(4,3,1)(5,3,1)(6,3,0)(4,3,0)(5,4,1)(6,4,1)(7,3,0)(6,4,1)(7,1,0)	psi(W_(W_(w+2)*W))	psi(W_(W_(w+2)*W))	
3790	(0,0,0)(1,1,1)(2,1,1)(3,1,0)(1,1,1)(2,1,0)(3,2,1)(4,2,1)(5,2,0)(3,2,0)(4,3,1)(5,3,1)(6,3,0)(4,3,0)(5,4,1)(6,4,1)(7,3,0)(6,4,1)(7,1,0)(1,1,1)	psi(W_(W_(w+2)*W_w))	psi(W_(W_(w+2)*W_w))	
3791	(0,0,0)(1,1,1)(2,1,1)(3,1,0)(1,1,1)(2,1,0)(3,2,1)(4,2,1)(5,2,0)(3,2,0)(4,3,1)(5,3,1)(6,3,0)(4,3,0)(5,4,1)(6,4,1)(7,3,0)(6,4,1)(7,2,0)	psi(W_(W_(w+2)*W_(w+1)))	psi(W_(W_(w+2)*W_(w+1)))	
3792	(0,0,0)(1,1,1)(2,1,1)(3,1,0)(1,1,1)(2,1,0)(3,2,1)(4,2,1)(5,2,0)(3,2,0)(4,3,1)(5,3,1)(6,3,0)(4,3,0)(5,4,1)(6,4,1)(7,3,0)(6,4,1)(7,3,0)	psi(W_(W_(w+2)^2))	psi(W_(W_(w+2)^2))	
3793	(0,0,0)(1,1,1)(2,1,1)(3,1,0)(1,1,1)(2,1,0)(3,2,1)(4,2,1)(5,2,0)(3,2,0)(4,3,1)(5,3,1)(6,3,0)(4,3,0)(5,4,1)(6,4,1)(7,3,0)(7,3,0)	psi(W_(W_(w+2)^W_(w+2)))	psi(W_(W_(w+2)^W_(w+2)))	
3794	(0,0,0)(1,1,1)(2,1,1)(3,1,0)(1,1,1)(2,1,0)(3,2,1)(4,2,1)(5,2,0)(3,2,0)(4,3,1)(5,3,1)(6,3,0)(4,3,0)(5,4,1)(6,4,1)(7,3,0)(8,4,0)	psi(W_psi_W_(w+3)(W_(w+3)))	psi(W_psi_W_(w+3)(W_(w+3)))	
3795	(0,0,0)(1,1,1)(2,1,1)(3,1,0)(1,1,1)(2,1,0)(3,2,1)(4,2,1)(5,2,0)(3,2,0)(4,3,1)(5,3,1)(6,3,0)(4,3,0)(5,4,1)(6,4,1)(7,4,0)	psi(W_W_(w+3))	psi(W_W_(w+3))	
3796	(0,0,0)(1,1,1)(2,1,1)(3,1,0)(1,1,1)(2,1,0)(3,2,1)(4,2,1)(5,2,0)(3,2,0)(4,3,1)(5,3,1)(6,3,0)(4,3,0)(5,4,1)(6,4,1)(7,4,0)(5,4,0)	psi(W_W_(w+3)+W_(w+3))	psi(W_W_(w+3)+W_(w+3))	
3797	(0,0,0)(1,1,1)(2,1,1)(3,1,0)(1,1,1)(2,1,0)(3,2,1)(4,2,1)(5,2,0)(3,2,0)(4,3,1)(5,3,1)(6,3,0)(4,3,0)(5,4,1)(6,4,1)(7,4,0)(5,4,0)(6,5,1)(7,5,1)(8,4,0)	psi(W_W_(w+3)+psi_W_(w+4)(W_W_(w+3)))	psi(W_W_(w+3)+psi_W_(w+4)(W_W_(w+3)))	
3798	(0,0,0)(1,1,1)(2,1,1)(3,1,0)(1,1,1)(2,1,0)(3,2,1)(4,2,1)(5,2,0)(3,2,0)(4,3,1)(5,3,1)(6,3,0)(4,3,0)(5,4,1)(6,4,1)(7,4,0)(5,4,0)(6,5,1)(7,5,1)(8,4,0)(6,5,1)(7,5,1)(8,4,0)	psi(W_W_(w+3)*2)	psi(W_W_(w+3)*2)	
3799	(0,0,0)(1,1,1)(2,1,1)(3,1,0)(1,1,1)(2,1,0)(3,2,1)(4,2,1)(5,2,0)(3,2,0)(4,3,1)(5,3,1)(6,3,0)(4,3,0)(5,4,1)(6,4,1)(7,4,0)(5,4,0)(6,5,1)(7,5,1)(8,4,0)(7,5,0)(6,5,1)(7,5,1)(8,4,0)	psi(W_W_(w+3)^2)	psi(W_W_(w+3)^2)	
3800	(0,0,0)(1,1,1)(2,1,1)(3,1,0)(1,1,1)(2,1,0)(3,2,1)(4,2,1)(5,2,0)(3,2,0)(4,3,1)(5,3,1)(6,3,0)(4,3,0)(5,4,1)(6,4,1)(7,4,0)(5,4,0)(6,5,1)(7,5,1)(8,4,0)(7,5,0)(8,6,0)	psi(W_(W_(w+3)+1))	psi(W_(W_(w+3)+1))	
3801	(0,0,0)(1,1,1)(2,1,1)(3,1,0)(1,1,1)(2,1,0)(3,2,1)(4,2,1)(5,2,0)(3,2,0)(4,3,1)(5,3,1)(6,3,0)(4,3,0)(5,4,1)(6,4,1)(7,4,0)(5,4,0)(6,5,1)(7,5,1)(8,4,0)(7,5,1)	psi(W_(W_(w+3)*w))	psi(W_(W_(w+3)*w))	
3802	(0,0,0)(1,1,1)(2,1,1)(3,1,0)(1,1,1)(2,1,0)(3,2,1)(4,2,1)(5,2,0)(3,2,0)(4,3,1)(5,3,1)(6,3,0)(4,3,0)(5,4,1)(6,4,1)(7,4,0)(5,4,0)(6,5,1)(7,5,1)(8,5,0)	psi(W_W_(w+4))	psi(W_W_(w+4))	
3803	(0,0,0)(1,1,1)(2,1,1)(3,1,0)(1,1,1)(2,1,0)(3,2,1)(4,2,1)(5,2,0)(3,2,1)	psi(W_W_(w2))	psi(W_W_(w2))	
3804	(0,0,0)(1,1,1)(2,1,1)(3,1,0)(1,1,1)(2,1,0)(3,2,1)(4,2,1)(5,2,0)(3,2,1)(1,1,0)	psi(W_W_(w2)+W)	psi(W_W_(w2)+W)	
3805	(0,0,0)(1,1,1)(2,1,1)(3,1,0)(1,1,1)(2,1,0)(3,2,1)(4,2,1)(5,2,0)(3,2,1)(1,1,1)	psi(W_W_(w2)+W_w)	psi(W_W_(w2)+W_w)	
3806	(0,0,0)(1,1,1)(2,1,1)(3,1,0)(1,1,1)(2,1,0)(3,2,1)(4,2,1)(5,2,0)(3,2,1)(2,1,0)	psi(W_W_(w2)+psi_W_(w+1)(W_W_(w2))*W)	psi(W_W_(w2)+psi_W_(w+1)(W_W_(w2))*W)	
3807	(0,0,0)(1,1,1)(2,1,1)(3,1,0)(1,1,1)(2,1,0)(3,2,1)(4,2,1)(5,2,0)(3,2,1)(3,2,0)	psi(W_W_(w2)+W_(w+1))	psi(W_W_(w2)+W_(w+1))	
3808	(0,0,0)(1,1,1)(2,1,1)(3,1,0)(1,1,1)(2,1,0)(3,2,1)(4,2,1)(5,2,0)(3,2,1)(3,2,0)(4,3,1)(5,3,1)	psi(W_W_(w2)+psi_W_(w+2)(W_(w^2)))	psi(W_W_(w2)+psi_W_(w+2)(W_(w^2)))	
3809	(0,0,0)(1,1,1)(2,1,1)(3,1,0)(1,1,1)(2,1,0)(3,2,1)(4,2,1)(5,2,0)(3,2,1)(3,2,0)(4,3,1)(5,3,1)(6,1,0)	psi(W_W_(w2)+psi_W_(w+2)(W_W))	psi(W_W_(w2)+psi_W_(w+2)(W_W))	
3810	(0,0,0)(1,1,1)(2,1,1)(3,1,0)(1,1,1)(2,1,0)(3,2,1)(4,2,1)(5,2,0)(3,2,1)(3,2,0)(4,3,1)(5,3,1)(6,1,0)(1,1,1)	psi(W_W_(w2)+psi_W_(w+2)(W_W_w))	psi(W_W_(w2)+psi_W_(w+2)(W_W_w))	
3811	(0,0,0)(1,1,1)(2,1,1)(3,1,0)(1,1,1)(2,1,0)(3,2,1)(4,2,1)(5,2,0)(3,2,1)(3,2,0)(4,3,1)(5,3,1)(6,2,0)	psi(W_W_(w2)+psi_W_(w+2)(W_W_(w+1)))	psi(W_W_(w2)+psi_W_(w+2)(W_W_(w+1)))	
3812	(0,0,0)(1,1,1)(2,1,1)(3,1,0)(1,1,1)(2,1,0)(3,2,1)(4,2,1)(5,2,0)(3,2,1)(3,2,0)(4,3,1)(5,3,1)(6,3,0)	psi(W_W_(w2)+psi_W_(w+2)(W_W_(w2))	psi(W_W_(w2)+psi_W_(w+2)(W_W_(w2)))	paren+1
3813	(0,0,0)(1,1,1)(2,1,1)(3,1,0)(1,1,1)(2,1,0)(3,2,1)(4,2,1)(5,2,0)(3,2,1)(3,2,0)(4,3,1)(5,3,1)(6,3,0)(4,1,0)	psi(W_W_(w2)+psi_W_(w+2)(W_W_(w2))*W)	psi(W_W_(w2)+psi_W_(w+2)(W_W_(w2))*W)	
3814	(0,0,0)(1,1,1)(2,1,1)(3,1,0)(1,1,1)(2,1,0)(3,2,1)(4,2,1)(5,2,0)(3,2,1)(3,2,0)(4,3,1)(5,3,1)(6,3,0)(4,3,0)	psi(W_W_(w2)+W_(w+2))	psi(W_W_(w2)+W_(w+2))	
3815	(0,0,0)(1,1,1)(2,1,1)(3,1,0)(1,1,1)(2,1,0)(3,2,1)(4,2,1)(5,2,0)(3,2,1)(3,2,0)(4,3,1)(5,3,1)(6,3,0)(4,3,0)(5,4,1)(6,4,1)(7,4,0)(5,4,0)	psi(W_W_(w2)+W_(w+3))	psi(W_W_(w2)+W_(w+3))	
3816	(0,0,0)(1,1,1)(2,1,1)(3,1,0)(1,1,1)(2,1,0)(3,2,1)(4,2,1)(5,2,0)(3,2,1)(3,2,1)	psi(W_W_(w2)+W_(w2))	psi(W_W_(w2)+W_(w2))	
3817	(0,0,0)(1,1,1)(2,1,1)(3,1,0)(1,1,1)(2,1,0)(3,2,1)(4,2,1)(5,2,0)(3,2,1)(3,2,1)(3,2,1)	psi(W_W_(w2)+W_(w2)*2)	psi(W_W_(w2)+W_(w2)*2)	
3818	(0,0,0)(1,1,1)(2,1,1)(3,1,0)(1,1,1)(2,1,0)(3,2,1)(4,2,1)(5,2,0)(3,2,1)(4,1,0)	psi(W_W_(w2)+W_(w2)*W)	psi(W_W_(w2)+W_(w2)*W)	
3819	(0,0,0)(1,1,1)(2,1,1)(3,1,0)(1,1,1)(2,1,0)(3,2,1)(4,2,1)(5,2,0)(3,2,1)(4,1,0)(1,1,1)	psi(W_W_(w2)+W_(w2)*W_w)	psi(W_W_(w2)+W_(w2)*W_w)	
3820	(0,0,0)(1,1,1)(2,1,1)(3,1,0)(1,1,1)(2,1,0)(3,2,1)(4,2,1)(5,2,0)(3,2,1)(4,2,0)	psi(W_W_(w2)+W_(w2)*W_(w+1))	psi(W_W_(w2)+W_(w2)*W_(w+1))	
3821	(0,0,0)(1,1,1)(2,1,1)(3,1,0)(1,1,1)(2,1,0)(3,2,1)(4,2,1)(5,2,0)(3,2,1)(4,2,0)(3,2,1)	psi(W_W_(w2)+W_(w2)^2)	psi(W_W_(w2)+W_(w2)^2)	
3822	(0,0,0)(1,1,1)(2,1,1)(3,1,0)(1,1,1)(2,1,0)(3,2,1)(4,2,1)(5,2,0)(3,2,1)(4,2,0)(5,3,0)	psi(W_W_(w2)+psi_W_(w2+1)(W_(w2+1)))	psi(W_W_(w2)+psi_W_(w2+1)(W_(w2+1)))	
3823	(0,0,0)(1,1,1)(2,1,1)(3,1,0)(1,1,1)(2,1,0)(3,2,1)(4,2,1)(5,2,0)(3,2,1)(4,2,0)(5,3,1)	psi(W_W_(w2)+psi_W_(w2+1)(W_(w3)))	psi(W_W_(w2)+psi_W_(w2+1)(W_(w3)))	
3824	(0,0,0)(1,1,1)(2,1,1)(3,1,0)(1,1,1)(2,1,0)(3,2,1)(4,2,1)(5,2,0)(3,2,1)(4,2,0)(5,3,1)(6,3,1)	psi(W_W_(w2)+psi_W_(w2+1)(W_(w^2)))	psi(W_W_(w2)+psi_W_(w2+1)(W_(w^2)))	
3825	(0,0,0)(1,1,1)(2,1,1)(3,1,0)(1,1,1)(2,1,0)(3,2,1)(4,2,1)(5,2,0)(3,2,1)(4,2,0)(5,3,1)(6,3,1)(7,1,0)	psi(W_W_(w2)+psi_W_(w2+1)(W_W))	psi(W_W_(w2)+psi_W_(w2+1)(W_W))	
3826	(0,0,0)(1,1,1)(2,1,1)(3,1,0)(1,1,1)(2,1,0)(3,2,1)(4,2,1)(5,2,0)(3,2,1)(4,2,0)(5,3,1)(6,3,1)(7,1,0)(1,1,1)	psi(W_W_(w2)+psi_W_(w2+1)(W_W_w))	psi(W_W_(w2)+psi_W_(w2+1)(W_W_w))	
3827	(0,0,0)(1,1,1)(2,1,1)(3,1,0)(1,1,1)(2,1,0)(3,2,1)(4,2,1)(5,2,0)(3,2,1)(4,2,0)(5,3,1)(6,3,1)(7,2,0)	psi(W_W_(w2)+psi_W_(w2+1)(W_W_(w+1)))	psi(W_W_(w2)+psi_W_(w2+1)(W_W_(w+1)))	
3828	(0,0,0)(1,1,1)(2,1,1)(3,1,0)(1,1,1)(2,1,0)(3,2,1)(4,2,1)(5,2,0)(3,2,1)(4,2,0)(5,3,1)(6,3,1)(7,2,0)(5,3,0)(6,4,1)(7,4,1)(8,3,0)	psi(W_W_(w2)+psi_W_(w2+1)(W_W_(w+2)))	psi(W_W_(w2)+psi_W_(w2+1)(W_W_(w+2)))	
3829	(0,0,0)(1,1,1)(2,1,1)(3,1,0)(1,1,1)(2,1,0)(3,2,1)(4,2,1)(5,2,0)(3,2,1)(4,2,0)(5,3,1)(6,3,1)(7,2,0)(3,2,1)	psi(W_W_(w2)+psi_W_(w2+1)(W_W_(w2)))	psi(W_W_(w2)+psi_W_(w2+1)(W_W_(w2)))	
3830	(0,0,0)(1,1,1)(2,1,1)(3,1,0)(1,1,1)(2,1,0)(3,2,1)(4,2,1)(5,2,0)(3,2,1)(4,2,0)(5,3,1)(6,3,1)(7,2,0)(4,1,0)	psi(W_W_(w2)+psi_W_(w2+1)(W_W_(w2))*W)	psi(W_W_(w2)+psi_W_(w2+1)(W_W_(w2))*W)	
3831	(0,0,0)(1,1,1)(2,1,1)(3,1,0)(1,1,1)(2,1,0)(3,2,1)(4,2,1)(5,2,0)(3,2,1)(4,2,0)(5,3,1)(6,3,1)(7,2,0)(6,1,0)	psi(W_W_(w2)+psi_W_(w2+1)(W_W_(w2))^W)	psi(W_W_(w2)+psi_W_(w2+1)(W_W_(w2))^W)	
3832	(0,0,0)(1,1,1)(2,1,1)(3,1,0)(1,1,1)(2,1,0)(3,2,1)(4,2,1)(5,2,0)(3,2,1)(4,2,0)(5,3,1)(6,3,1)(7,2,0)(5,3,0)	psi(W_W_(w2)+W_(w2+1))	psi(W_W_(w2)+W_(w2+1))	
3833	(0,0,0)(1,1,1)(2,1,1)(3,1,0)(1,1,1)(2,1,0)(3,2,1)(4,2,1)(5,2,0)(3,2,1)(4,2,0)(5,3,1)(6,3,1)(7,2,0)(5,3,0)(6,4,1)(7,4,1)(8,2,0)(6,4,0)	psi(W_W_(w2)+W_(w2+2))	psi(W_W_(w2)+W_(w2+2))	
3834	(0,0,0)(1,1,1)(2,1,1)(3,1,0)(1,1,1)(2,1,0)(3,2,1)(4,2,1)(5,2,0)(3,2,1)(4,2,0)(5,3,1)(6,3,1)(7,2,0)(5,3,1)	psi(W_W_(w2)+W_(w3))	psi(W_W_(w2)+W_(w3))	
3835	(0,0,0)(1,1,1)(2,1,1)(3,1,0)(1,1,1)(2,1,0)(3,2,1)(4,2,1)(5,2,0)(3,2,1)(4,2,0)(5,3,1)(6,3,1)(7,2,0)(5,3,1)(6,3,0)(7,4,1)(8,4,1)(9,2,0)(7,4,1)	psi(W_W_(w2)+W_(w3))	psi(W_W_(w2)+W_(w3))	
3836	(0,0,0)(1,1,1)(2,1,1)(3,1,0)(1,1,1)(2,1,0)(3,2,1)(4,2,1)(5,2,0)(3,2,1)(4,2,0)(5,3,1)(6,3,1)(7,2,0)(5,3,1)(6,3,1)(6,3,0)(7,4,0)	psi(W_W_(w2)+psi_W_(w^2+1)(W_(w^2+1)))	psi(W_W_(w2)+psi_W_(w^2+1)(W_(w^2+1)))	
3837	(0,0,0)(1,1,1)(2,1,1)(3,1,0)(1,1,1)(2,1,0)(3,2,1)(4,2,1)(5,2,0)(3,2,1)(4,2,0)(5,3,1)(6,3,1)(7,2,0)(5,3,1)(6,3,1)(6,3,0)(7,4,1)(8,4,1)(9,3,0)(3,2,1)	psi(W_W_(w2)+psi_W_(w^2+1)(W_W_(w2)))	psi(W_W_(w2)+psi_W_(w^2+1)(W_W_(w2)))	
3838	(0,0,0)(1,1,1)(2,1,1)(3,1,0)(1,1,1)(2,1,0)(3,2,1)(4,2,1)(5,2,0)(3,2,1)(4,2,0)(5,3,1)(6,3,1)(7,2,0)(5,3,1)(6,3,1)(6,3,0)(7,4,1)(8,4,1)(9,3,0)(8,4,0)	psi(W_W_(w2)+W_(w^2+1))	psi(W_W_(w2)+W_(w^2+1))	
3839	(0,0,0)(1,1,1)(2,1,1)(3,1,0)(1,1,1)(2,1,0)(3,2,1)(4,2,1)(5,2,0)(3,2,1)(4,2,0)(5,3,1)(6,3,1)(7,2,0)(5,3,1)(6,3,1)(6,3,0)(7,4,1)(8,4,1)(9,3,0)(8,4,1)	psi(W_W_(w2)+W_(w^2+w))	psi(W_W_(w2)+W_(w^2+w))	
3840	(0,0,0)(1,1,1)(2,1,1)(3,1,0)(1,1,1)(2,1,0)(3,2,1)(4,2,1)(5,2,0)(3,2,1)(4,2,0)(5,3,1)(6,3,1)(7,2,0)(5,3,1)(6,3,1)(6,3,0)(7,4,1)(8,4,1)(9,3,0)(8,4,1)(9,4,1)	psi(W_W_(w2)+W_(w^2*2))	psi(W_W_(w2)+W_(w^2*2))	
3841	(0,0,0)(1,1,1)(2,1,1)(3,1,0)(1,1,1)(2,1,0)(3,2,1)(4,2,1)(5,2,0)(3,2,1)(4,2,0)(5,3,1)(6,3,1)(7,2,0)(5,3,1)(6,3,1)(6,3,1)	psi(W_W_(w2)+W_(w^3))	psi(W_W_(w2)+W_(w^3))	
3842	(0,0,0)(1,1,1)(2,1,1)(3,1,0)(1,1,1)(2,1,0)(3,2,1)(4,2,1)(5,2,0)(3,2,1)(4,2,0)(5,3,1)(6,3,1)(7,2,0)(5,3,1)(6,3,1)(7,0,0)	psi(W_W_(w2)+W_(w^w))	psi(W_W_(w2)+W_(w^w))	
3843	(0,0,0)(1,1,1)(2,1,1)(3,1,0)(1,1,1)(2,1,0)(3,2,1)(4,2,1)(5,2,0)(3,2,1)(4,2,0)(5,3,1)(6,3,1)(7,2,0)(5,3,1)(6,3,1)(7,1,0)	psi(W_W_(w2)+W_W)	psi(W_W_(w2)+W_W)	
3844	(0,0,0)(1,1,1)(2,1,1)(3,1,0)(1,1,1)(2,1,0)(3,2,1)(4,2,1)(5,2,0)(3,2,1)(4,2,0)(5,3,1)(6,3,1)(7,2,0)(5,3,1)(6,3,1)(7,1,0)(1,1,1)	psi(W_W_(w2)+W_W_w)	psi(W_W_(w2)+W_W_w)	
3845	(0,0,0)(1,1,1)(2,1,1)(3,1,0)(1,1,1)(2,1,0)(3,2,1)(4,2,1)(5,2,0)(3,2,1)(4,2,0)(5,3,1)(6,3,1)(7,2,0)(5,3,1)(6,3,1)(7,2,0)	psi(W_W_(w2)+W_W_(w+1))	psi(W_W_(w2)+W_W_(w+1))	
3846	(0,0,0)(1,1,1)(2,1,1)(3,1,0)(1,1,1)(2,1,0)(3,2,1)(4,2,1)(5,2,0)(3,2,1)(4,2,0)(5,3,1)(6,3,1)(7,2,0)(5,3,1)(6,3,1)(7,2,0)(3,2,1)	psi(W_W_(w2)*2)	psi(W_W_(w2)*2)	
3847	(0,0,0)(1,1,1)(2,1,1)(3,1,0)(1,1,1)(2,1,0)(3,2,1)(4,2,1)(5,2,0)(3,2,1)(4,2,0)(5,3,1)(6,3,1)(7,2,0)(5,3,1)(6,3,1)(7,2,0)(3,2,1)(3,2,1)	psi(W_W_(w2)*2+W_(w2))	psi(W_W_(w2)*2+W_(w2))	
3848	(0,0,0)(1,1,1)(2,1,1)(3,1,0)(1,1,1)(2,1,0)(3,2,1)(4,2,1)(5,2,0)(3,2,1)(4,2,0)(5,3,1)(6,3,1)(7,2,0)(5,3,1)(6,3,1)(7,2,0)(5,3,1)	psi(W_W_(w2)*2+W_(w3))	psi(W_W_(w2)*2+W_(w3))	
3849	(0,0,0)(1,1,1)(2,1,1)(3,1,0)(1,1,1)(2,1,0)(3,2,1)(4,2,1)(5,2,0)(3,2,1)(4,2,0)(5,3,1)(6,3,1)(7,2,0)(5,3,1)(6,3,1)(7,2,0)(5,3,1)(6,3,1)	psi(W_W_(w2)*2+W_(w^2))	psi(W_W_(w2)*2+W_(w^2))	
3850	(0,0,0)(1,1,1)(2,1,1)(3,1,0)(1,1,1)(2,1,0)(3,2,1)(4,2,1)(5,2,0)(3,2,1)(4,2,0)(5,3,1)(6,3,1)(7,2,0)(5,3,1)(6,3,1)(7,2,0)(5,3,1)(6,3,1)(7,2,0)(3,2,1)	psi(W_W_(w2)*3)	psi(W_W_(w2)*3)	
3851	(0,0,0)(1,1,1)(2,1,1)(3,1,0)(1,1,1)(2,1,0)(3,2,1)(4,2,1)(5,2,0)(3,2,1)(4,2,0)(5,3,1)(6,3,1)(7,2,0)(6,0,0)	psi(W_W_(w2)*w)	psi(W_W_(w2)*w)	
3852	(0,0,0)(1,1,1)(2,1,1)(3,1,0)(1,1,1)(2,1,0)(3,2,1)(4,2,1)(5,2,0)(3,2,1)(4,2,0)(5,3,1)(6,3,1)(7,2,0)(6,1,0)	psi(W_W_(w2)*W)	psi(W_W_(w2)*W)	
3853	(0,0,0)(1,1,1)(2,1,1)(3,1,0)(1,1,1)(2,1,0)(3,2,1)(4,2,1)(5,2,0)(3,2,1)(4,2,0)(5,3,1)(6,3,1)(7,2,0)(6,1,0)(1,1,1)	psi(W_W_(w2)*W_w)	psi(W_W_(w2)*W_w)	
3854	(0,0,0)(1,1,1)(2,1,1)(3,1,0)(1,1,1)(2,1,0)(3,2,1)(4,2,1)(5,2,0)(3,2,1)(4,2,0)(5,3,1)(6,3,1)(7,2,0)(6,2,0)(3,2,1)	psi(W_W_(w2)*W_(w+1))	psi(W_W_(w2)*W_(w+1))	
3855	(0,0,0)(1,1,1)(2,1,1)(3,1,0)(1,1,1)(2,1,0)(3,2,1)(4,2,1)(5,2,0)(3,2,1)(4,2,0)(5,3,1)(6,3,1)(7,2,0)(6,2,0)(3,2,1)	psi(W_W_(w2)*W_(w2))	psi(W_W_(w2)*W_(w2))	
3856	(0,0,0)(1,1,1)(2,1,1)(3,1,0)(1,1,1)(2,1,0)(3,2,1)(4,2,1)(5,2,0)(3,2,1)(4,2,0)(5,3,1)(6,3,1)(7,2,0)(6,2,0)(6,2,0)(3,2,1)	psi(W_W_(w2)*W_(w2)^2)	psi(W_W_(w2)*W_(w2)^2)	
3857	(0,0,0)(1,1,1)(2,1,1)(3,1,0)(1,1,1)(2,1,0)(3,2,1)(4,2,1)(5,2,0)(3,2,1)(4,2,0)(5,3,1)(6,3,1)(7,2,0)(6,3,0)	psi(W_W_(w2)*W_(w2+1))	psi(W_W_(w2)*W_(w2+1))	
3858	(0,0,0)(1,1,1)(2,1,1)(3,1,0)(1,1,1)(2,1,0)(3,2,1)(4,2,1)(5,2,0)(3,2,1)(4,2,0)(5,3,1)(6,3,1)(7,2,0)(6,3,0)(5,3,1)	psi(W_W_(w2)*W_(w3))	psi(W_W_(w2)*W_(w3))	
3859	(0,0,0)(1,1,1)(2,1,1)(3,1,0)(1,1,1)(2,1,0)(3,2,1)(4,2,1)(5,2,0)(3,2,1)(4,2,0)(5,3,1)(6,3,1)(7,2,0)(6,3,0)(5,3,1)(6,3,1)	psi(W_W_(w2)*W_(w^2))	psi(W_W_(w2)*W_(w^2))	
3860	(0,0,0)(1,1,1)(2,1,1)(3,1,0)(1,1,1)(2,1,0)(3,2,1)(4,2,1)(5,2,0)(3,2,1)(4,2,0)(5,3,1)(6,3,1)(7,2,0)(6,3,0)(5,3,1)(6,3,1)(7,1,0)	psi(W_W_(w2)*W_W)	psi(W_W_(w2)*W_W)	
3861	(0,0,0)(1,1,1)(2,1,1)(3,1,0)(1,1,1)(2,1,0)(3,2,1)(4,2,1)(5,2,0)(3,2,1)(4,2,0)(5,3,1)(6,3,1)(7,2,0)(6,3,0)(5,3,1)(6,3,1)(7,2,0)	psi(W_W_(w2)*W_W_(w+1))	psi(W_W_(w2)*W_W_(w+1))	
3862	(0,0,0)(1,1,1)(2,1,1)(3,1,0)(1,1,1)(2,1,0)(3,2,1)(4,2,1)(5,2,0)(3,2,1)(4,2,0)(5,3,1)(6,3,1)(7,2,0)(6,3,0)(5,3,1)(6,3,1)(7,2,0)(3,2,1)	psi(W_W_(w2)^2)	psi(W_W_(w2)^2)	
3863	(0,0,0)(1,1,1)(2,1,1)(3,1,0)(1,1,1)(2,1,0)(3,2,1)(4,2,1)(5,2,0)(3,2,1)(4,2,0)(5,3,1)(6,3,1)(7,2,0)(6,3,0)(5,3,1)(6,3,1)(7,2,0)(5,3,1)(6,3,1)(7,2,0)(3,2,1)	psi(W_W_(w2)^2+W_W_(w2))	psi(W_W_(w2)^2+W_W_(w2))	
3864	(0,0,0)(1,1,1)(2,1,1)(3,1,0)(1,1,1)(2,1,0)(3,2,1)(4,2,1)(5,2,0)(3,2,1)(4,2,0)(5,3,1)(6,3,1)(7,2,0)(6,3,0)(5,3,1)(6,3,1)(7,2,0)(6,3,0)(5,3,1)(6,3,1)(7,2,0)(3,2,1)	psi(W_W_(w2)^2*2)	psi(W_W_(w2)^2*2)	
3865	(0,0,0)(1,1,1)(2,1,1)(3,1,0)(1,1,1)(2,1,0)(3,2,1)(4,2,1)(5,2,0)(3,2,1)(4,2,0)(5,3,1)(6,3,1)(7,2,0)(6,3,0)(6,3,0)(3,2,1)	psi(W_W_(w2)^3)	psi(W_W_(w2)^3)	
3866	(0,0,0)(1,1,1)(2,1,1)(3,1,0)(1,1,1)(2,1,0)(3,2,1)(4,2,1)(5,2,0)(3,2,1)(4,2,0)(5,3,1)(6,3,1)(7,2,0)(6,3,0)(7,3,0)(3,2,1)	psi(W_W_(w2)^W_W_(w2))	psi(W_W_(w2)^W_W_(w2))	
3867	(0,0,0)(1,1,1)(2,1,1)(3,1,0)(1,1,1)(2,1,0)(3,2,1)(4,2,1)(5,2,0)(3,2,1)(4,2,0)(5,3,1)(6,3,1)(7,2,0)(6,3,0)(7,4,0)	psi(W_(W_(w2)+1))	psi(W_(W_(w2)+1))	
3868	(0,0,0)(1,1,1)(2,1,1)(3,1,0)(1,1,1)(2,1,0)(3,2,1)(4,2,1)(5,2,0)(3,2,1)(4,2,0)(5,3,1)(6,3,1)(7,2,0)(6,3,0)(7,4,0)(5,3,1)(6,3,1)(7,2,0)(3,2,1)	psi(W_(W_(w2)+1)+W_W_(w2))	psi(W_(W_(w2)+1)+W_W_(w2))	
3869	(0,0,0)(1,1,1)(2,1,1)(3,1,0)(1,1,1)(2,1,0)(3,2,1)(4,2,1)(5,2,0)(3,2,1)(4,2,0)(5,3,1)(6,3,1)(7,2,0)(6,3,0)(7,4,0)(7,4,0)	psi(W_(W_(w2)+1)*2)	psi(W_(W_(w2)+1)*2)	
3870	(0,0,0)(1,1,1)(2,1,1)(3,1,0)(1,1,1)(2,1,0)(3,2,1)(4,2,1)(5,2,0)(3,2,1)(4,2,0)(5,3,1)(6,3,1)(7,2,0)(6,3,0)(7,4,0)(8,4,0)	psi(W_(W_(w2)+1)^2)	psi(W_(W_(w2)+1)^2)	
3871	(0,0,0)(1,1,1)(2,1,1)(3,1,0)(1,1,1)(2,1,0)(3,2,1)(4,2,1)(5,2,0)(3,2,1)(4,2,0)(5,3,1)(6,3,1)(7,2,0)(6,3,0)(7,4,0)(8,5,0)	psi(W_(W_(w2)+2))	psi(W_(W_(w2)+2))	
3872	(0,0,0)(1,1,1)(2,1,1)(3,1,0)(1,1,1)(2,1,0)(3,2,1)(4,2,1)(5,2,0)(3,2,1)(4,2,0)(5,3,1)(6,3,1)(7,2,0)(6,3,0)(7,4,1)	psi(W_(W_(w2)+w))	psi(W_(W_(w2)+w))	
3873	(0,0,0)(1,1,1)(2,1,1)(3,1,0)(1,1,1)(2,1,0)(3,2,1)(4,2,1)(5,2,0)(3,2,1)(4,2,0)(5,3,1)(6,3,1)(7,2,0)(6,3,0)(7,4,1)(8,4,0)(9,5,0)	psi(W_(W_(w2)+w+1))	psi(W_(W_(w2)+w+1))	
3874	(0,0,0)(1,1,1)(2,1,1)(3,1,0)(1,1,1)(2,1,0)(3,2,1)(4,2,1)(5,2,0)(3,2,1)(4,2,0)(5,3,1)(6,3,1)(7,2,0)(6,3,0)(7,4,1)(8,4,0)(9,5,1)	psi(W_(W_(w2)+w2))	psi(W_(W_(w2)+w2))	
3875	(0,0,0)(1,1,1)(2,1,1)(3,1,0)(1,1,1)(2,1,0)(3,2,1)(4,2,1)(5,2,0)(3,2,1)(4,2,0)(5,3,1)(6,3,1)(7,2,0)(6,3,0)(7,4,1)(8,4,1)	psi(W_(W_(w2)+w^2))	psi(W_(W_(w2)+w^2))	
3876	(0,0,0)(1,1,1)(2,1,1)(3,1,0)(1,1,1)(2,1,0)(3,2,1)(4,2,1)(5,2,0)(3,2,1)(4,2,0)(5,3,1)(6,3,1)(7,2,0)(6,3,0)(7,4,1)(8,4,1)(9,0,0)	psi(W_(W_(w2)+w^w))	psi(W_(W_(w2)+w^w))	
3877	(0,0,0)(1,1,1)(2,1,1)(3,1,0)(1,1,1)(2,1,0)(3,2,1)(4,2,1)(5,2,0)(3,2,1)(4,2,0)(5,3,1)(6,3,1)(7,2,0)(6,3,0)(7,4,1)(8,4,1)(9,1,0)	psi(W_(W_(w2)+W))	psi(W_(W_(w2)+W))	
3878	(0,0,0)(1,1,1)(2,1,1)(3,1,0)(1,1,1)(2,1,0)(3,2,1)(4,2,1)(5,2,0)(3,2,1)(4,2,0)(5,3,1)(6,3,1)(7,2,0)(6,3,0)(7,4,1)(8,4,1)(9,1,0)(1,1,1)	psi(W_(W_(w2)+W_w))	psi(W_(W_(w2)+W_w))	
3879	(0,0,0)(1,1,1)(2,1,1)(3,1,0)(1,1,1)(2,1,0)(3,2,1)(4,2,1)(5,2,0)(3,2,1)(4,2,0)(5,3,1)(6,3,1)(7,2,0)(6,3,0)(7,4,1)(8,4,1)(9,2,0)	psi(W_(W_(w2)+W_(w+1))	psi(W_(W_(w2)+W_(w+1)))	paren+1
3880	(0,0,0)(1,1,1)(2,1,1)(3,1,0)(1,1,1)(2,1,0)(3,2,1)(4,2,1)(5,2,0)(3,2,1)(4,2,0)(5,3,1)(6,3,1)(7,2,0)(6,3,0)(7,4,1)(8,4,1)(9,2,0)(3,2,1)	psi(W_(W_(w2)*2))	psi(W_(W_(w2)*2))	
3881	(0,0,0)(1,1,1)(2,1,1)(3,1,0)(1,1,1)(2,1,0)(3,2,1)(4,2,1)(5,2,0)(3,2,1)(4,2,0)(5,3,1)(6,3,1)(7,2,0)(6,3,0)(7,4,1)(8,4,1)(9,2,0)(8,4,0)(9,5,1)(10,5,1)(11,2,0)(3,2,1)	psi(W_(W_(w2)*3))	psi(W_(W_(w2)*3))	
3882	(0,0,0)(1,1,1)(2,1,1)(3,1,0)(1,1,1)(2,1,0)(3,2,1)(4,2,1)(5,2,0)(3,2,1)(4,2,0)(5,3,1)(6,3,1)(7,2,0)(6,3,1)	psi(W_(W_(w2)*w))	psi(W_(W_(w2)*w))	
3883	(0,0,0)(1,1,1)(2,1,1)(3,1,0)(1,1,1)(2,1,0)(3,2,1)(4,2,1)(5,2,0)(3,2,1)(4,2,0)(5,3,1)(6,3,1)(7,2,0)(6,3,1)(7,1,0)	psi(W_(W_(w2)*W))	psi(W_(W_(w2)*W))	
3884	(0,0,0)(1,1,1)(2,1,1)(3,1,0)(1,1,1)(2,1,0)(3,2,1)(4,2,1)(5,2,0)(3,2,1)(4,2,0)(5,3,1)(6,3,1)(7,2,0)(6,3,1)(7,2,0)	psi(W_(W_(w2)*W_(w+1)))	psi(W_(W_(w2)*W_(w+1)))	
3885	(0,0,0)(1,1,1)(2,1,1)(3,1,0)(1,1,1)(2,1,0)(3,2,1)(4,2,1)(5,2,0)(3,2,1)(4,2,0)(5,3,1)(6,3,1)(7,2,0)(6,3,1)(7,2,0)(3,2,1)	psi(W_(W_(w2)^2))	psi(W_(W_(w2)^2))	
3886	(0,0,0)(1,1,1)(2,1,1)(3,1,0)(1,1,1)(2,1,0)(3,2,1)(4,2,1)(5,2,0)(3,2,1)(4,2,0)(5,3,1)(6,3,1)(7,2,0)(7,2,0)(3,2,1)	psi(W_(W_(w2)^W_(w2)))	psi(W_(W_(w2)^W_(w2)))	
3887	(0,0,0)(1,1,1)(2,1,1)(3,1,0)(1,1,1)(2,1,0)(3,2,1)(4,2,1)(5,2,0)(3,2,1)(4,2,0)(5,3,1)(6,3,1)(7,2,0)(8,3,0)	psi(W_psi_W_(w2+1)(W_(w2+1)))	psi(W_psi_W_(w2+1)(W_(w2+1)))	
3888	(0,0,0)(1,1,1)(2,1,1)(3,1,0)(1,1,1)(2,1,0)(3,2,1)(4,2,1)(5,2,0)(3,2,1)(4,2,0)(5,3,1)(6,3,1)(7,2,0)(8,3,1)(9,3,1)(10,1,0)	psi(W_psi_W_(w2+1)(W_W))	psi(W_psi_W_(w2+1)(W_W))	
3889	(0,0,0)(1,1,1)(2,1,1)(3,1,0)(1,1,1)(2,1,0)(3,2,1)(4,2,1)(5,2,0)(3,2,1)(4,2,0)(5,3,1)(6,3,1)(7,3,0)	psi(W_W_(w2+1))	psi(W_W_(w2+1))	
3890	(0,0,0)(1,1,1)(2,1,1)(3,1,0)(1,1,1)(2,1,0)(3,2,1)(4,2,1)(5,2,0)(3,2,1)(4,2,0)(5,3,1)(6,3,1)(7,3,0)(3,2,1)	psi(W_W_(w2+1)+W_(w2))	psi(W_W_(w2+1)+W_(w2))	
3891	(0,0,0)(1,1,1)(2,1,1)(3,1,0)(1,1,1)(2,1,0)(3,2,1)(4,2,1)(5,2,0)(3,2,1)(4,2,0)(5,3,1)(6,3,1)(7,3,0)(4,1,0)	psi(W_W_(w2+1)+psi_W_(w2+1)(W_W_(w2+1))*W)	psi(W_W_(w2+1)+psi_W_(w2+1)(W_W_(w2+1))*W)	
3892	(0,0,0)(1,1,1)(2,1,1)(3,1,0)(1,1,1)(2,1,0)(3,2,1)(4,2,1)(5,2,0)(3,2,1)(4,2,0)(5,3,1)(6,3,1)(7,3,0)(5,3,0)	psi(W_W_(w2+1)+W_(w2+1))	psi(W_W_(w2+1)+W_(w2+1))	
3893	(0,0,0)(1,1,1)(2,1,1)(3,1,0)(1,1,1)(2,1,0)(3,2,1)(4,2,1)(5,2,0)(3,2,1)(4,2,0)(5,3,1)(6,3,1)(7,3,0)(5,3,0)(6,4,0)	psi(W_W_(w2+1)+psi_W_(w2+2)(W_(w2+2)))	psi(W_W_(w2+1)+psi_W_(w2+2)(W_(w2+2)))	
3894	(0,0,0)(1,1,1)(2,1,1)(3,1,0)(1,1,1)(2,1,0)(3,2,1)(4,2,1)(5,2,0)(3,2,1)(4,2,0)(5,3,1)(6,3,1)(7,3,0)(5,3,0)(6,4,1)(7,4,1)(8,1,0)	psi(W_W_(w2+1)+psi_W_(w2+2)(W_W))	psi(W_W_(w2+1)+psi_W_(w2+2)(W_W))	
3895	(0,0,0)(1,1,1)(2,1,1)(3,1,0)(1,1,1)(2,1,0)(3,2,1)(4,2,1)(5,2,0)(3,2,1)(4,2,0)(5,3,1)(6,3,1)(7,3,0)(5,3,0)(6,4,1)(7,4,1)(8,2,0)	psi(W_W_(w2+1)+psi_W_(w2+2)(W_W_(w+1)))	psi(W_W_(w2+1)+psi_W_(w2+2)(W_W_(w+1)))	
3896	(0,0,0)(1,1,1)(2,1,1)(3,1,0)(1,1,1)(2,1,0)(3,2,1)(4,2,1)(5,2,0)(3,2,1)(4,2,0)(5,3,1)(6,3,1)(7,3,0)(5,3,0)(6,4,1)(7,4,1)(8,2,0)(3,2,1)	psi(W_W_(w2+1)+psi_W_(w2+2)(W_W_(w2)))	psi(W_W_(w2+1)+psi_W_(w2+2)(W_W_(w2)))	
3897	(0,0,0)(1,1,1)(2,1,1)(3,1,0)(1,1,1)(2,1,0)(3,2,1)(4,2,1)(5,2,0)(3,2,1)(4,2,0)(5,3,1)(6,3,1)(7,3,0)(5,3,0)(6,4,1)(7,4,1)(8,3,0)	psi(W_W_(w2+1)+psi_W_(w2+2)(W_W_(w2+1)))	psi(W_W_(w2+1)+psi_W_(w2+2)(W_W_(w2+1)))	
3898	(0,0,0)(1,1,1)(2,1,1)(3,1,0)(1,1,1)(2,1,0)(3,2,1)(4,2,1)(5,2,0)(3,2,1)(4,2,0)(5,3,1)(6,3,1)(7,3,0)(5,3,0)(6,4,1)(7,4,1)(8,3,0)(6,1,0)	psi(W_W_(w2+1)+psi_W_(w2+2)(W_W_(w2+1))*W)	psi(W_W_(w2+1)+psi_W_(w2+2)(W_W_(w2+1))*W)	
3899	(0,0,0)(1,1,1)(2,1,1)(3,1,0)(1,1,1)(2,1,0)(3,2,1)(4,2,1)(5,2,0)(3,2,1)(4,2,0)(5,3,1)(6,3,1)(7,3,0)(5,3,0)(6,4,1)(7,4,1)(8,3,0)(6,4,0)	psi(W_W_(w2+1)+W_(w2+2)))	psi(W_W_(w2+1)+W_(w2+2))	paren-1
3900	(0,0,0)(1,1,1)(2,1,1)(3,1,0)(1,1,1)(2,1,0)(3,2,1)(4,2,1)(5,2,0)(3,2,1)(4,2,0)(5,3,1)(6,3,1)(7,3,0)(5,3,0)(6,4,1)(7,4,1)(8,3,0)(6,4,1)	psi(W_W_(w2+1)+W_(w3))	psi(W_W_(w2+1)+W_(w3))	
3901	(0,0,0)(1,1,1)(2,1,1)(3,1,0)(1,1,1)(2,1,0)(3,2,1)(4,2,1)(5,2,0)(3,2,1)(4,2,0)(5,3,1)(6,3,1)(7,3,0)(5,3,0)(6,4,1)(7,4,1)(8,3,0)(6,4,1)(7,4,1)	psi(W_W_(w2+1)+W_(w^2))	psi(W_W_(w2+1)+W_(w^2))	
3902	(0,0,0)(1,1,1)(2,1,1)(3,1,0)(1,1,1)(2,1,0)(3,2,1)(4,2,1)(5,2,0)(3,2,1)(4,2,0)(5,3,1)(6,3,1)(7,3,0)(5,3,0)(6,4,1)(7,4,1)(8,3,0)(6,4,1)(7,4,1)(8,1,0)	psi(W_W_(w2+1)+W_W)	psi(W_W_(w2+1)+W_W)	
3903	(0,0,0)(1,1,1)(2,1,1)(3,1,0)(1,1,1)(2,1,0)(3,2,1)(4,2,1)(5,2,0)(3,2,1)(4,2,0)(5,3,1)(6,3,1)(7,3,0)(5,3,0)(6,4,1)(7,4,1)(8,3,0)(6,4,1)(7,4,1)(8,2,0)	psi(W_W_(w2+1)+W_W_(w+1))	psi(W_W_(w2+1)+W_W_(w+1))	
3904	(0,0,0)(1,1,1)(2,1,1)(3,1,0)(1,1,1)(2,1,0)(3,2,1)(4,2,1)(5,2,0)(3,2,1)(4,2,0)(5,3,1)(6,3,1)(7,3,0)(5,3,0)(6,4,1)(7,4,1)(8,3,0)(6,4,1)(7,4,1)(8,3,0)	psi(W_W_(w2+1)*2)	psi(W_W_(w2+1)*2)	
3905	(0,0,0)(1,1,1)(2,1,1)(3,1,0)(1,1,1)(2,1,0)(3,2,1)(4,2,1)(5,2,0)(3,2,1)(4,2,0)(5,3,1)(6,3,1)(7,3,0)(5,3,0)(6,4,1)(7,4,1)(8,3,0)(7,1,0)	psi(W_W_(w2+1)*W)	psi(W_W_(w2+1)*W)	
3906	(0,0,0)(1,1,1)(2,1,1)(3,1,0)(1,1,1)(2,1,0)(3,2,1)(4,2,1)(5,2,0)(3,2,1)(4,2,0)(5,3,1)(6,3,1)(7,3,0)(5,3,0)(6,4,1)(7,4,1)(8,3,0)(7,2,0)	psi(W_W_(w2+1)*W_(w+1))	psi(W_W_(w2+1)*W_(w+1))	
3907	(0,0,0)(1,1,1)(2,1,1)(3,1,0)(1,1,1)(2,1,0)(3,2,1)(4,2,1)(5,2,0)(3,2,1)(4,2,0)(5,3,1)(6,3,1)(7,3,0)(5,3,0)(6,4,1)(7,4,1)(8,3,0)(7,3,0)	psi(W_W_(w2+1)*W_(w2+1))	psi(W_W_(w2+1)*W_(w2+1))	
3908	(0,0,0)(1,1,1)(2,1,1)(3,1,0)(1,1,1)(2,1,0)(3,2,1)(4,2,1)(5,2,0)(3,2,1)(4,2,0)(5,3,1)(6,3,1)(7,3,0)(5,3,0)(6,4,1)(7,4,1)(8,3,0)(7,4,0)	psi(W_W_(w2+1)*W_(w2+2))	psi(W_W_(w2+1)*W_(w2+2))	
3909	(0,0,0)(1,1,1)(2,1,1)(3,1,0)(1,1,1)(2,1,0)(3,2,1)(4,2,1)(5,2,0)(3,2,1)(4,2,0)(5,3,1)(6,3,1)(7,3,0)(5,3,0)(6,4,1)(7,4,1)(8,3,0)(7,4,0)(6,4,1)	psi(W_W_(w2+1)*W_(w^2))	psi(W_W_(w2+1)*W_(w^2))	
3910	(0,0,0)(1,1,1)(2,1,1)(3,1,0)(1,1,1)(2,1,0)(3,2,1)(4,2,1)(5,2,0)(3,2,1)(4,2,0)(5,3,1)(6,3,1)(7,3,0)(5,3,0)(6,4,1)(7,4,1)(8,3,0)(7,4,0)(6,4,1)(7,4,1)	psi(W_W_(w2+1)*W_(w^2))	psi(W_W_(w2+1)*W_(w^2))	
3911	(0,0,0)(1,1,1)(2,1,1)(3,1,0)(1,1,1)(2,1,0)(3,2,1)(4,2,1)(5,2,0)(3,2,1)(4,2,0)(5,3,1)(6,3,1)(7,3,0)(5,3,0)(6,4,1)(7,4,1)(8,3,0)(7,4,0)(6,4,1)(7,4,1)(8,1,0)	psi(W_W_(w2+1)*W_W)	psi(W_W_(w2+1)*W_W)	
3912	(0,0,0)(1,1,1)(2,1,1)(3,1,0)(1,1,1)(2,1,0)(3,2,1)(4,2,1)(5,2,0)(3,2,1)(4,2,0)(5,3,1)(6,3,1)(7,3,0)(5,3,0)(6,4,1)(7,4,1)(8,3,0)(7,4,0)(6,4,1)(7,4,1)(8,3,0)	psi(W_W_(w2+1)^2)	psi(W_W_(w2+1)^2)	
3913	(0,0,0)(1,1,1)(2,1,1)(3,1,0)(1,1,1)(2,1,0)(3,2,1)(4,2,1)(5,2,0)(3,2,1)(4,2,0)(5,3,1)(6,3,1)(7,3,0)(5,3,0)(6,4,1)(7,4,1)(8,3,0)(7,4,0)(8,4,0)(6,4,1)(7,4,1)(8,3,0)	psi(W_W_(w2+1)^W_W_(w2+1))	psi(W_W_(w2+1)^W_W_(w2+1))	
3914	(0,0,0)(1,1,1)(2,1,1)(3,1,0)(1,1,1)(2,1,0)(3,2,1)(4,2,1)(5,2,0)(3,2,1)(4,2,0)(5,3,1)(6,3,1)(7,3,0)(5,3,0)(6,4,1)(7,4,1)(8,3,0)(7,4,0)(8,5,0)	psi(W_(W_(w2+1)+1))	psi(W_(W_(w2+1)+1))	
3915	(0,0,0)(1,1,1)(2,1,1)(3,1,0)(1,1,1)(2,1,0)(3,2,1)(4,2,1)(5,2,0)(3,2,1)(4,2,0)(5,3,1)(6,3,1)(7,3,0)(5,3,0)(6,4,1)(7,4,1)(8,3,0)(7,4,0)(8,5,1)	psi(W_(W_(w2+1)+w))	psi(W_(W_(w2+1)+w))	
3916	(0,0,0)(1,1,1)(2,1,1)(3,1,0)(1,1,1)(2,1,0)(3,2,1)(4,2,1)(5,2,0)(3,2,1)(4,2,0)(5,3,1)(6,3,1)(7,3,0)(5,3,0)(6,4,1)(7,4,1)(8,3,0)(7,4,0)(8,5,1)(9,5,1)	psi(W_(W_(w2+1)+w^2))	psi(W_(W_(w2+1)+w^2))	
3917	(0,0,0)(1,1,1)(2,1,1)(3,1,0)(1,1,1)(2,1,0)(3,2,1)(4,2,1)(5,2,0)(3,2,1)(4,2,0)(5,3,1)(6,3,1)(7,3,0)(5,3,0)(6,4,1)(7,4,1)(8,3,0)(7,4,0)(8,5,1)(9,5,1)(10,1,0)	psi(W_(W_(w2+1)+W))	psi(W_(W_(w2+1)+W))	
3918	(0,0,0)(1,1,1)(2,1,1)(3,1,0)(1,1,1)(2,1,0)(3,2,1)(4,2,1)(5,2,0)(3,2,1)(4,2,0)(5,3,1)(6,3,1)(7,3,0)(5,3,0)(6,4,1)(7,4,1)(8,3,0)(7,4,0)(8,5,1)(9,5,1)(10,3,0)	psi(W_(W_(w2+1)*2))	psi(W_(W_(w2+1)*2))	
3919	(0,0,0)(1,1,1)(2,1,1)(3,1,0)(1,1,1)(2,1,0)(3,2,1)(4,2,1)(5,2,0)(3,2,1)(4,2,0)(5,3,1)(6,3,1)(7,3,0)(5,3,0)(6,4,1)(7,4,1)(8,3,0)(7,4,1)	psi(W_(W_(w2+1)*w))	psi(W_(W_(w2+1)*w))	
3920	(0,0,0)(1,1,1)(2,1,1)(3,1,0)(1,1,1)(2,1,0)(3,2,1)(4,2,1)(5,2,0)(3,2,1)(4,2,0)(5,3,1)(6,3,1)(7,3,0)(5,3,0)(6,4,1)(7,4,1)(8,3,0)(7,4,1)(8,1,0)	psi(W_(W_(w2+1)*W))	psi(W_(W_(w2+1)*W))	
3921	(0,0,0)(1,1,1)(2,1,1)(3,1,0)(1,1,1)(2,1,0)(3,2,1)(4,2,1)(5,2,0)(3,2,1)(4,2,0)(5,3,1)(6,3,1)(7,3,0)(5,3,0)(6,4,1)(7,4,1)(8,3,0)(7,4,1)(8,3,0)	psi(W_(W_(w2+1)^2))	psi(W_(W_(w2+1)^2))	
3922	(0,0,0)(1,1,1)(2,1,1)(3,1,0)(1,1,1)(2,1,0)(3,2,1)(4,2,1)(5,2,0)(3,2,1)(4,2,0)(5,3,1)(6,3,1)(7,3,0)(5,3,0)(6,4,1)(7,4,1)(8,3,0)(8,3,0)	psi(W_(W_(w2+1)^W_(w2+1)))	psi(W_(W_(w2+1)^W_(w2+1)))	
3923	(0,0,0)(1,1,1)(2,1,1)(3,1,0)(1,1,1)(2,1,0)(3,2,1)(4,2,1)(5,2,0)(3,2,1)(4,2,0)(5,3,1)(6,3,1)(7,3,0)(5,3,0)(6,4,1)(7,4,1)(8,3,0)(9,3,0)	psi(W_psi_W_(w2+2)(W_(w2+2)))	psi(W_psi_W_(w2+2)(W_(w2+2)))	
3924	(0,0,0)(1,1,1)(2,1,1)(3,1,0)(1,1,1)(2,1,0)(3,2,1)(4,2,1)(5,2,0)(3,2,1)(4,2,0)(5,3,1)(6,3,1)(7,3,0)(5,3,0)(6,4,1)(7,4,1)(8,4,0)	psi(W_W_(w2+2))	psi(W_W_(w2+2))	
3925	(0,0,0)(1,1,1)(2,1,1)(3,1,0)(1,1,1)(2,1,0)(3,2,1)(4,2,1)(5,2,0)(3,2,1)(4,2,0)(5,3,1)(6,3,1)(7,3,0)(5,3,0)(6,4,1)(7,4,1)(8,4,0)(6,4,0)(7,5,1)(8,5,1)(9,5,0)	psi(W_W_(w2+3))	psi(W_W_(w2+3))	
3926	(0,0,0)(1,1,1)(2,1,1)(3,1,0)(1,1,1)(2,1,0)(3,2,1)(4,2,1)(5,2,0)(3,2,1)(4,2,0)(5,3,1)(6,3,1)(7,3,0)(5,3,1)	psi(W_W_(w3))	psi(W_W_(w3))	
3927	(0,0,0)(1,1,1)(2,1,1)(3,1,0)(1,1,1)(2,1,0)(3,2,1)(4,2,1)(5,2,0)(3,2,1)(4,2,0)(5,3,1)(6,3,1)(7,3,0)(5,3,1)(1,1,1)	psi(W_W_(w3)+W_w)	psi(W_W_(w3)+W_w)	
3928	(0,0,0)(1,1,1)(2,1,1)(3,1,0)(1,1,1)(2,1,0)(3,2,1)(4,2,1)(5,2,0)(3,2,1)(4,2,0)(5,3,1)(6,3,1)(7,3,0)(5,3,1)(3,2,1)	psi(W_W_(w3)+W_(w2))	psi(W_W_(w3)+W_(w2))	
3929	(0,0,0)(1,1,1)(2,1,1)(3,1,0)(1,1,1)(2,1,0)(3,2,1)(4,2,1)(5,2,0)(3,2,1)(4,2,0)(5,3,1)(6,3,1)(7,3,0)(5,3,1)(5,3,1)	psi(W_W_(w3)+W_(w3))	psi(W_W_(w3)+W_(w3))	
3930	(0,0,0)(1,1,1)(2,1,1)(3,1,0)(1,1,1)(2,1,0)(3,2,1)(4,2,1)(5,2,0)(3,2,1)(4,2,0)(5,3,1)(6,3,1)(7,3,0)(5,3,1)(6,3,0)(7,4,0)	psi(W_W_(w3)+psi_W_(w3+1)(W_(w3+1)))	psi(W_W_(w3)+psi_W_(w3+1)(W_(w3+1)))	
3931	(0,0,0)(1,1,1)(2,1,1)(3,1,0)(1,1,1)(2,1,0)(3,2,1)(4,2,1)(5,2,0)(3,2,1)(4,2,0)(5,3,1)(6,3,1)(7,3,0)(5,3,1)(6,3,0)(7,4,1)(8,4,1)(9,3,0)	psi(W_W_(w3)+psi_W_(w3+1)(W_W_(w2+1)))	psi(W_W_(w3)+psi_W_(w3+1)(W_W_(w2+1)))	
3932	(0,0,0)(1,1,1)(2,1,1)(3,1,0)(1,1,1)(2,1,0)(3,2,1)(4,2,1)(5,2,0)(3,2,1)(4,2,0)(5,3,1)(6,3,1)(7,3,0)(5,3,1)(6,3,0)(7,4,1)(8,4,1)(9,3,0)(5,3,1)	psi(W_W_(w3)+psi_W_(w3+1)(W_W_(w3)))	psi(W_W_(w3)+psi_W_(w3+1)(W_W_(w3)))	
3933	(0,0,0)(1,1,1)(2,1,1)(3,1,0)(1,1,1)(2,1,0)(3,2,1)(4,2,1)(5,2,0)(3,2,1)(4,2,0)(5,3,1)(6,3,1)(7,3,0)(5,3,1)(6,3,0)(7,4,1)(8,4,1)(9,3,0)(7,4,0)	psi(W_W_(w3)+W_(w3+1))	psi(W_W_(w3)+W_(w3+1))	
3934	(0,0,0)(1,1,1)(2,1,1)(3,1,0)(1,1,1)(2,1,0)(3,2,1)(4,2,1)(5,2,0)(3,2,1)(4,2,0)(5,3,1)(6,3,1)(7,3,0)(5,3,1)(6,3,0)(7,4,1)(8,4,1)(9,3,0)(7,4,1)	psi(W_W_(w3)+W_(w4))	psi(W_W_(w3)+W_(w4))	
3935	(0,0,0)(1,1,1)(2,1,1)(3,1,0)(1,1,1)(2,1,0)(3,2,1)(4,2,1)(5,2,0)(3,2,1)(4,2,0)(5,3,1)(6,3,1)(7,3,0)(5,3,1)(6,3,0)(7,4,1)(8,4,1)(9,3,0)(7,4,1)(8,4,1)	psi(W_W_(w3)+W_(w^2))	psi(W_W_(w3)+W_(w^2))	
3936	(0,0,0)(1,1,1)(2,1,1)(3,1,0)(1,1,1)(2,1,0)(3,2,1)(4,2,1)(5,2,0)(3,2,1)(4,2,0)(5,3,1)(6,3,1)(7,3,0)(5,3,1)(6,3,0)(7,4,1)(8,4,1)(9,3,0)(7,4,1)(8,4,1)(9,3,0)	psi(W_W_(w3)+W_W_(w2+1))	psi(W_W_(w3)+W_W_(w2+1))	
3937	(0,0,0)(1,1,1)(2,1,1)(3,1,0)(1,1,1)(2,1,0)(3,2,1)(4,2,1)(5,2,0)(3,2,1)(4,2,0)(5,3,1)(6,3,1)(7,3,0)(5,3,1)(6,3,0)(7,4,1)(8,4,1)(9,3,0)(7,4,1)(8,4,1)(9,3,0)(5,3,1)	psi(W_W_(w3)*2))	psi(W_W_(w3)*2)	paren-1
3938	(0,0,0)(1,1,1)(2,1,1)(3,1,0)(1,1,1)(2,1,0)(3,2,1)(4,2,1)(5,2,0)(3,2,1)(4,2,0)(5,3,1)(6,3,1)(7,3,0)(5,3,1)(6,3,0)(7,4,1)(8,4,1)(9,3,0)(8,1,0)	psi(W_W_(w3)*W)	psi(W_W_(w3)*W)	
3939	(0,0,0)(1,1,1)(2,1,1)(3,1,0)(1,1,1)(2,1,0)(3,2,1)(4,2,1)(5,2,0)(3,2,1)(4,2,0)(5,3,1)(6,3,1)(7,3,0)(5,3,1)(6,3,0)(7,4,1)(8,4,1)(9,3,0)(8,3,0)	psi(W_W_(w3)*W_(w2+1))	psi(W_W_(w3)*W_(w2+1))	
3940	(0,0,0)(1,1,1)(2,1,1)(3,1,0)(1,1,1)(2,1,0)(3,2,1)(4,2,1)(5,2,0)(3,2,1)(4,2,0)(5,3,1)(6,3,1)(7,3,0)(5,3,1)(6,3,0)(7,4,1)(8,4,1)(9,3,0)(8,4,0)	psi(W_W_(w3)*W_(w3)))	psi(W_W_(w3)*W_(w3))	paren-1
3941	(0,0,0)(1,1,1)(2,1,1)(3,1,0)(1,1,1)(2,1,0)(3,2,1)(4,2,1)(5,2,0)(3,2,1)(4,2,0)(5,3,1)(6,3,1)(7,3,0)(5,3,1)(6,3,0)(7,4,1)(8,4,1)(9,3,0)(8,4,0)(7,4,1)(8,4,1)(9,4,0)	psi(W_W_(w3)^2)	psi(W_W_(w3)^2)	
3942	(0,0,0)(1,1,1)(2,1,1)(3,1,0)(1,1,1)(2,1,0)(3,2,1)(4,2,1)(5,2,0)(3,2,1)(4,2,0)(5,3,1)(6,3,1)(7,3,0)(5,3,1)(6,3,0)(7,4,1)(8,4,1)(9,3,0)(8,4,0)(9,5,0)	psi(W_(W_(w3)+1))	psi(W_(W_(w3)+1))	
3943	(0,0,0)(1,1,1)(2,1,1)(3,1,0)(1,1,1)(2,1,0)(3,2,1)(4,2,1)(5,2,0)(3,2,1)(4,2,0)(5,3,1)(6,3,1)(7,3,0)(5,3,1)(6,3,0)(7,4,1)(8,4,1)(9,3,0)(8,4,0)(9,5,1)	psi(W_(W_(w3)+w))	psi(W_(W_(w3)+w))	
3944	(0,0,0)(1,1,1)(2,1,1)(3,1,0)(1,1,1)(2,1,0)(3,2,1)(4,2,1)(5,2,0)(3,2,1)(4,2,0)(5,3,1)(6,3,1)(7,3,0)(5,3,1)(6,3,0)(7,4,1)(8,4,1)(9,3,0)(8,4,0)(9,5,1)(10,5,1)	psi(W_(W_(w3)+w^2))	psi(W_(W_(w3)+w^2))	
3945	(0,0,0)(1,1,1)(2,1,1)(3,1,0)(1,1,1)(2,1,0)(3,2,1)(4,2,1)(5,2,0)(3,2,1)(4,2,0)(5,3,1)(6,3,1)(7,3,0)(5,3,1)(6,3,0)(7,4,1)(8,4,1)(9,3,0)(8,4,0)(9,5,1)(10,5,1)(11,1,0)	psi(W_(W_(w3)+W))	psi(W_(W_(w3)+W))	
3946	(0,0,0)(1,1,1)(2,1,1)(3,1,0)(1,1,1)(2,1,0)(3,2,1)(4,2,1)(5,2,0)(3,2,1)(4,2,0)(5,3,1)(6,3,1)(7,3,0)(5,3,1)(6,3,0)(7,4,1)(8,4,1)(9,3,0)(8,4,0)(9,5,1)(10,5,1)(11,3,0)	psi(W_(W_(w3)+W_(w2+1)))	psi(W_(W_(w3)+W_(w2+1)))	
3947	(0,0,0)(1,1,1)(2,1,1)(3,1,0)(1,1,1)(2,1,0)(3,2,1)(4,2,1)(5,2,0)(3,2,1)(4,2,0)(5,3,1)(6,3,1)(7,3,0)(5,3,1)(6,3,0)(7,4,1)(8,4,1)(9,3,0)(8,4,0)(9,5,1)(10,5,1)(11,3,0)(5,3,1)	psi(W_(W_(w3)*2))	psi(W_(W_(w3)*2))	
3948	(0,0,0)(1,1,1)(2,1,1)(3,1,0)(1,1,1)(2,1,0)(3,2,1)(4,2,1)(5,2,0)(3,2,1)(4,2,0)(5,3,1)(6,3,1)(7,3,0)(5,3,1)(6,3,0)(7,4,1)(8,4,1)(9,3,0)(8,4,1)	psi(W_(W_(w3)*w))	psi(W_(W_(w3)*w))	
3949	(0,0,0)(1,1,1)(2,1,1)(3,1,0)(1,1,1)(2,1,0)(3,2,1)(4,2,1)(5,2,0)(3,2,1)(4,2,0)(5,3,1)(6,3,1)(7,3,0)(5,3,1)(6,3,0)(7,4,1)(8,4,1)(9,3,0)(8,4,1)(9,3,0)(5,3,1)	psi(W_(W_(w3)^2))	psi(W_(W_(w3)^2))	
3950	(0,0,0)(1,1,1)(2,1,1)(3,1,0)(1,1,1)(2,1,0)(3,2,1)(4,2,1)(5,2,0)(3,2,1)(4,2,0)(5,3,1)(6,3,1)(7,3,0)(5,3,1)(6,3,0)(7,4,1)(8,4,1)(9,3,0)(10,4,0)	psi(W_psi_W_(w3+1)(W_(w3+1)))	psi(W_psi_W_(w3+1)(W_(w3+1)))	
3951	(0,0,0)(1,1,1)(2,1,1)(3,1,0)(1,1,1)(2,1,0)(3,2,1)(4,2,1)(5,2,0)(3,2,1)(4,2,0)(5,3,1)(6,3,1)(7,3,0)(5,3,1)(6,3,0)(7,4,1)(8,4,1)(9,4,0)	psi(W_W_(w3+1))	psi(W_W_(w3+1))	
3952	(0,0,0)(1,1,1)(2,1,1)(3,1,0)(1,1,1)(2,1,0)(3,2,1)(4,2,1)(5,2,0)(3,2,1)(4,2,0)(5,3,1)(6,3,1)(7,3,0)(5,3,1)(6,3,0)(7,4,1)(8,4,1)(9,4,0)(7,4,1)	psi(W_W_(w4))	psi(W_W_(w4))	
3953	(0,0,0)(1,1,1)(2,1,1)(3,1,0)(1,1,1)(2,1,0)(3,2,1)(4,2,1)(5,2,0)(3,2,1)(4,2,0)(5,3,1)(6,3,1)(7,3,0)(5,3,1)(6,3,0)(7,4,1)(8,4,1)(9,4,0)(7,4,1)(8,4,0)(9,5,1)(10,5,1)(11,5,0)(10,5,1)	psi(W_W_(w5))	psi(W_W_(w5))	
3954	(0,0,0)(1,1,1)(2,1,1)(3,1,0)(1,1,1)(2,1,1)	psi(W_W_(w^2))	psi(W_W_(w^2))	
3956	(0,0,0)(1,1,1)(2,1,1)(3,1,0)(1,1,1)(2,1,1)(1,1,0)	psi(W_W_(w^2)+W)	psi(W_W_(w^2)+W)	
3957	(0,0,0)(1,1,1)(2,1,1)(3,1,0)(1,1,1)(2,1,1)(1,1,0)(2,2,1)(3,2,1)(4,1,0)	psi(W_W_(w^2)+psi_1(W_W))	psi(W_W_(w^2)+psi_1(W_W))	
3958	(0,0,0)(1,1,1)(2,1,1)(3,1,0)(1,1,1)(2,1,1)(1,1,0)(2,2,1)(3,2,1)(4,2,0)(3,2,1)	psi(W_W_(w^2)+psi_1(W_W_w))	psi(W_W_(w^2)+psi_1(W_W_w))	
3959	(0,0,0)(1,1,1)(2,1,1)(3,1,0)(1,1,1)(2,1,1)(1,1,0)(2,2,1)(3,2,1)(4,2,0)(3,2,1)(4,2,1)	psi(W_W_(w^2)+psi_1(W_W_(w^2)))	psi(W_W_(w^2)+psi_1(W_W_(w^2)))	
3960	(0,0,0)(1,1,1)(2,1,1)(3,1,0)(1,1,1)(2,1,1)(1,1,0)(2,2,1)(3,2,1)(4,2,0)(3,2,1)(4,2,1)(2,2,0)	psi(W_W_(w^2)+W_2)	psi(W_W_(w^2)+W_2)	
3961	(0,0,0)(1,1,1)(2,1,1)(3,1,0)(1,1,1)(2,1,1)(1,1,1)	psi(W_W_(w^2)+W_w)	psi(W_W_(w^2)+W_w)	
3962	(0,0,0)(1,1,1)(2,1,1)(3,1,0)(1,1,1)(2,1,1)(1,1,1)(2,1,0)(3,2,1)(4,2,1)(5,1,0)	psi(W_W_(w^2)+psi_W_(w+1)(W_W))	psi(W_W_(w^2)+psi_W_(w+1)(W_W))	
3963	(0,0,0)(1,1,1)(2,1,1)(3,1,0)(1,1,1)(2,1,1)(1,1,1)(2,1,0)(3,2,1)(4,2,1)(5,2,0)(3,2,1)(4,2,1)	psi(W_W_(w^2)+psi_W_(w+1)(W_W_(w^2)))	psi(W_W_(w^2)+psi_W_(w+1)(W_W_(w^2)))	
3964	(0,0,0)(1,1,1)(2,1,1)(3,1,0)(1,1,1)(2,1,1)(1,1,1)(2,1,0)(3,2,1)(4,2,1)(5,2,0)(3,2,1)(4,2,1)(3,2,0)	psi(W_W_(w^2)+W_(w+1))	psi(W_W_(w^2)+W_(w+1))	
3965	(0,0,0)(1,1,1)(2,1,1)(3,1,0)(1,1,1)(2,1,1)(1,1,1)(2,1,0)(3,2,1)(4,2,1)(5,2,0)(3,2,1)(4,2,1)(3,2,1)	psi(W_W_(w^2)+W_(w2))	psi(W_W_(w^2)+W_(w2))	
3966	(0,0,0)(1,1,1)(2,1,1)(3,1,0)(1,1,1)(2,1,1)(1,1,1)(2,1,1)	psi(W_W_(w^2)+W_(w^2))	psi(W_W_(w^2)+W_(w^2))	
3967	(0,0,0)(1,1,1)(2,1,1)(3,1,0)(1,1,1)(2,1,1)(1,1,1)(2,1,1)(1,1,1)(2,1,1)	psi(W_W_(w^2)+W_(w^2)*2)	psi(W_W_(w^2)+W_(w^2)*2)	
3968	(0,0,0)(1,1,1)(2,1,1)(3,1,0)(1,1,1)(2,1,1)(2,1,0)	psi(W_W_(w^2)+W_(w^2)*W)	psi(W_W_(w^2)+W_(w^2)*W)	
3969	(0,0,0)(1,1,1)(2,1,1)(3,1,0)(1,1,1)(2,1,1)(2,1,0)(1,1,1)(2,1,1)	psi(W_W_(w^2)+W_(w^2)^2)	psi(W_W_(w^2)+W_(w^2)^2)	
3970	(0,0,0)(1,1,1)(2,1,1)(3,1,0)(1,1,1)(2,1,1)(2,1,0)(3,1,0)(1,1,1)(2,1,1)	psi(W_W_(w^2)+W_(w^2)^W_(w^2))	psi(W_W_(w^2)+W_(w^2)^W_(w^2))	
3971	(0,0,0)(1,1,1)(2,1,1)(3,1,0)(1,1,1)(2,1,1)(2,1,0)(3,2,0)	psi(W_W_(w^2)+psi_W_(w^2+1)(W_(w^2+1)))	psi(W_W_(w^2)+psi_W_(w^2+1)(W_(w^2+1)))	
3972	(0,0,0)(1,1,1)(2,1,1)(3,1,0)(1,1,1)(2,1,1)(2,1,0)(3,2,1)	psi(W_W_(w^2)+psi_W_(w^2+1)(W_(w^2+w)))	psi(W_W_(w^2)+psi_W_(w^2+1)(W_(w^2+w)))	
3973	(0,0,0)(1,1,1)(2,1,1)(3,1,0)(1,1,1)(2,1,1)(2,1,0)(3,2,1)(4,2,1)	psi(W_W_(w^2)+psi_W_(w^2+1)(W_(w^2*2)))	psi(W_W_(w^2)+psi_W_(w^2+1)(W_(w^2*2)))	
3974	(0,0,0)(1,1,1)(2,1,1)(3,1,0)(1,1,1)(2,1,1)(2,1,0)(3,2,1)(4,2,1)(4,2,1)	psi(W_W_(w^2)+psi_W_(w^2+1)(W_(w^3)))	psi(W_W_(w^2)+psi_W_(w^2+1)(W_(w^3)))	
3975	(0,0,0)(1,1,1)(2,1,1)(3,1,0)(1,1,1)(2,1,1)(2,1,0)(3,2,1)(4,2,1)(5,1,0)	psi(W_W_(w^2)+psi_W_(w^2+1)(W_W))	psi(W_W_(w^2)+psi_W_(w^2+1)(W_W))	
3976	(0,0,0)(1,1,1)(2,1,1)(3,1,0)(1,1,1)(2,1,1)(2,1,0)(3,2,1)(4,2,1)(5,1,0)(1,1,1)	psi(W_W_(w^2)+psi_W_(w^2+1)(W_W_w))	psi(W_W_(w^2)+psi_W_(w^2+1)(W_W_w))	
3977	(0,0,0)(1,1,1)(2,1,1)(3,1,0)(1,1,1)(2,1,1)(2,1,0)(3,2,1)(4,2,1)(5,1,0)(1,1,1)(2,1,0)(3,2,1)(4,2,1)(5,2,0)(3,2,1)(4,2,1)(4,2,0)(5,3,1)(6,3,1)(7,2,0)	psi(W_W_(w^2)+psi_W_(w^2+1)(W_W_(w+1)))	psi(W_W_(w^2)+psi_W_(w^2+1)(W_W_(w+1)))	
3978	(0,0,0)(1,1,1)(2,1,1)(3,1,0)(1,1,1)(2,1,1)(2,1,0)(3,2,1)(4,2,1)(5,1,0)(1,1,1)(2,1,0)(3,2,1)(4,2,1)(5,2,0)(3,2,1)(4,2,1)(4,2,0)(5,3,1)(6,3,1)(7,2,0)(3,2,1)	psi(W_W_(w^2)+psi_W_(w^2+1)(W_W_(w2)))	psi(W_W_(w^2)+psi_W_(w^2+1)(W_W_(w2)))	
3979	(0,0,0)(1,1,1)(2,1,1)(3,1,0)(1,1,1)(2,1,1)(2,1,0)(3,2,1)(4,2,1)(5,1,0)(1,1,1)(2,1,1)	psi(W_W_(w^2)+psi_W_(w^2+1)(W_W_(w^2)))	psi(W_W_(w^2)+psi_W_(w^2+1)(W_W_(w^2)))	
3980	(0,0,0)(1,1,1)(2,1,1)(3,1,0)(1,1,1)(2,1,1)(2,1,0)(3,2,1)(4,2,1)(5,1,0)(1,1,1)(2,1,1)(2,1,0)	psi(W_W_(w^2)+psi_W_(w^2+1)(W_W_(w^2))+W_(w^2)*W)	psi(W_W_(w^2)+psi_W_(w^2+1)(W_W_(w^2))+W_(w^2)*W)	
3981	(0,0,0)(1,1,1)(2,1,1)(3,1,0)(1,1,1)(2,1,1)(2,1,0)(3,2,1)(4,2,1)(5,1,0)(1,1,1)(2,1,1)(2,1,0)(3,2,1)(4,2,1)(5,1,0)	psi(W_W_(w^2)+psi_W_(w^2+1)(W_W_(w^2))+psi_W_(w^2+1)(W_W))	psi(W_W_(w^2)+psi_W_(w^2+1)(W_W_(w^2))+psi_W_(w^2+1)(W_W))	
3982	(0,0,0)(1,1,1)(2,1,1)(3,1,0)(1,1,1)(2,1,1)(2,1,0)(3,2,1)(4,2,1)(5,1,0)(1,1,1)(2,1,1)(2,1,0)(3,2,1)(4,2,1)(5,1,0)(1,1,1)(2,1,1)	psi(W_W_(w^2)+psi_W_(w^2+1)(W_W_(w^2))*2)	psi(W_W_(w^2)+psi_W_(w^2+1)(W_W_(w^2))*2)	
3983	(0,0,0)(1,1,1)(2,1,1)(3,1,0)(1,1,1)(2,1,1)(2,1,0)(3,2,1)(4,2,1)(5,1,0)(2,1,0)	psi(W_W_(w^2)+psi_W_(w^2+1)(W_W_(w^2))*W)	psi(W_W_(w^2)+psi_W_(w^2+1)(W_W_(w^2))*W)	
3984	(0,0,0)(1,1,1)(2,1,1)(3,1,0)(1,1,1)(2,1,1)(2,1,0)(3,2,1)(4,2,1)(5,1,0)(2,1,0)(1,1,0)(2,2,1)(3,2,1)(4,2,0)(2,2,1)(3,2,1)(3,2,0)(4,3,1)(5,3,1)(6,1,0)(3,2,0)	psi(W_W_(w^2)+psi_W_(w^2+1)(W_W_(w^2))*W_2)	psi(W_W_(w^2)+psi_W_(w^2+1)(W_W_(w^2))*W_2)	
3985	(0,0,0)(1,1,1)(2,1,1)(3,1,0)(1,1,1)(2,1,1)(2,1,0)(3,2,1)(4,2,1)(5,1,0)(2,1,0)(1,1,1)	psi(W_W_(w^2)+psi_W_(w^2+1)(W_W_(w^2))*W_w)	psi(W_W_(w^2)+psi_W_(w^2+1)(W_W_(w^2))*W_w)	
3986	(0,0,0)(1,1,1)(2,1,1)(3,1,0)(1,1,1)(2,1,1)(2,1,0)(3,2,1)(4,2,1)(5,1,0)(2,1,0)(1,1,1)(2,1,0)(3,2,1)(4,2,1)(5,1,0)	psi(W_W_(w^2)+psi_W_(w^2+1)(W_W_(w^2))*W_w+psi_W_(w+1)(W_W)))	psi(W_W_(w^2)+psi_W_(w^2+1)(W_W_(w^2))*W_w+psi_W_(w+1)(W_W))	paren-1
3987	(0,0,0)(1,1,1)(2,1,1)(3,1,0)(1,1,1)(2,1,1)(2,1,0)(3,2,1)(4,2,1)(5,1,0)(2,1,0)(1,1,1)(2,1,0)(3,2,1)(4,2,1)(5,2,0)(3,2,1)(4,2,1)(4,2,0)(5,3,1)(6,4,1)(7,2,0)(4,1,0)	psi(W_W_(w^2)+psi_W_(w^2+1)(W_W_(w^2))*W_w+psi_W_(w+1)(W_W_(w^2)+psi_W_(w^2+1)(W_W_(w^2))*W))	psi(W_W_(w^2)+psi_W_(w^2+1)(W_W_(w^2))*W_w+psi_W_(w+1)(W_W_(w^2)+psi_W_(w^2+1)(W_W_(w^2))*W))	
3988	(0,0,0)(1,1,1)(2,1,1)(3,1,0)(1,1,1)(2,1,1)(2,1,0)(3,2,1)(4,2,1)(5,1,0)(2,1,0)(1,1,1)(2,1,0)(3,2,1)(4,2,1)(5,2,0)(3,2,1)(4,2,1)(4,2,0)(5,3,1)(6,4,1)(7,2,0)(4,1,0)(1,1,1)	psi(W_W_(w^2)+psi_W_(w^2+1)(W_W_(w^2))*W_w+psi_W_(w+1)(W_W_(w^2)+psi_W_(w^2+1)(W_W_(w^2))*W_w))	psi(W_W_(w^2)+psi_W_(w^2+1)(W_W_(w^2))*W_w+psi_W_(w+1)(W_W_(w^2)+psi_W_(w^2+1)(W_W_(w^2))*W_w))	
3989	(0,0,0)(1,1,1)(2,1,1)(3,1,0)(1,1,1)(2,1,1)(2,1,0)(3,2,1)(4,2,1)(5,1,0)(2,1,0)(1,1,1)(2,1,0)(3,2,1)(4,2,1)(5,2,0)(3,2,1)(4,2,1)(4,2,0)(5,3,1)(6,4,1)(7,2,0)(4,1,0)(3,2,0)	psi(W_W_(w^2)+psi_W_(w^2+1)(W_W_(w^2))*W_w+W_(w+1))	psi(W_W_(w^2)+psi_W_(w^2+1)(W_W_(w^2))*W_w+W_(w+1))	
3990	(0,0,0)(1,1,1)(2,1,1)(3,1,0)(1,1,1)(2,1,1)(2,1,0)(3,2,1)(4,2,1)(5,1,0)(2,1,0)(1,1,1)(2,1,0)(3,2,1)(4,2,1)(5,2,0)(3,2,1)(4,2,1)(4,2,0)(5,3,1)(6,4,1)(7,2,0)(4,1,0)(3,2,1)(4,2,1)	psi(W_W_(w^2)+psi_W_(w^2+1)(W_W_(w^2))*W_w+W_(w^2)))	psi(W_W_(w^2)+psi_W_(w^2+1)(W_W_(w^2))*W_w+W_(w^2))	paren-1
3991	(0,0,0)(1,1,1)(2,1,1)(3,1,0)(1,1,1)(2,1,1)(2,1,0)(3,2,1)(4,2,1)(5,1,0)(2,1,0)(1,1,1)(2,1,0)(3,2,1)(4,2,1)(5,2,0)(3,2,1)(4,2,1)(4,2,0)(5,3,1)(6,4,1)(7,2,0)(4,1,0)(3,2,1)(4,2,1)(4,2,0)(5,3,1)(6,4,1)(7,2,0)(4,1,0)(1,1,1)	psi(W_W_(w^2)+psi_W_(w^2+1)(W_W_(w^2))*W_w*2)	psi(W_W_(w^2)+psi_W_(w^2+1)(W_W_(w^2))*W_w*2)	
3992	(0,0,0)(1,1,1)(2,1,1)(3,1,0)(1,1,1)(2,1,1)(2,1,0)(3,2,1)(4,2,1)(5,1,0)(2,1,0)(1,1,1)(2,1,0)(3,2,1)(4,2,1)(5,2,0)(3,2,1)(4,2,1)(4,2,0)(5,3,1)(6,4,1)(7,2,0)(4,1,0)(4,1,0)	psi(W_W_(w^2)+psi_W_(w^2+1)(W_W_(w^2))*W_w*W)	psi(W_W_(w^2)+psi_W_(w^2+1)(W_W_(w^2))*W_w*W)	
3993	(0,0,0)(1,1,1)(2,1,1)(3,1,0)(1,1,1)(2,1,1)(2,1,0)(3,2,1)(4,2,1)(5,1,0)(2,1,0)(1,1,1)(2,1,0)(3,2,1)(4,2,1)(5,2,0)(3,2,1)(4,2,1)(4,2,0)(5,3,1)(6,4,1)(7,2,0)(4,1,0)(4,1,0)(1,1,1)	psi(W_W_(w^2)+psi_W_(w^2+1)(W_W_(w^2))*W_w^2)	psi(W_W_(w^2)+psi_W_(w^2+1)(W_W_(w^2))*W_w^2)	
3994	(0,0,0)(1,1,1)(2,1,1)(3,1,0)(1,1,1)(2,1,1)(2,1,0)(3,2,1)(4,2,1)(5,1,0)(2,1,0)(1,1,1)(2,1,0)(3,2,1)(4,2,1)(5,2,0)(3,2,1)(4,2,1)(4,2,0)(5,3,1)(6,3,1)(7,2,0)(4,2,0)	psi(W_W_(w^2)+psi_W_(w^2+1)(W_W_(w^2))*W_(w+1))	psi(W_W_(w^2)+psi_W_(w^2+1)(W_W_(w^2))*W_(w+1))	
3995	(0,0,0)(1,1,1)(2,1,1)(3,1,0)(1,1,1)(2,1,1)(2,1,0)(3,2,1)(4,2,1)(5,1,0)(2,1,0)(1,1,1)(2,1,0)(3,2,1)(4,2,1)(5,2,0)(3,2,1)(4,2,1)(4,2,0)(5,3,1)(6,3,1)(7,2,0)(4,2,0)(3,2,1)	psi(W_W_(w^2)+psi_W_(w^2+1)(W_W_(w^2))*W_(w2)))	psi(W_W_(w^2)+psi_W_(w^2+1)(W_W_(w^2))*W_(w2))	paren-1
3996	(0,0,0)(1,1,1)(2,1,1)(3,1,0)(1,1,1)(2,1,1)(2,1,0)(3,2,1)(4,2,1)(5,1,0)(2,1,0)(1,1,1)(2,1,1)	psi(W_W_(w^2)+psi_W_(w^2+1)(W_W_(w^2))*W_(w^2)))	psi(W_W_(w^2)+psi_W_(w^2+1)(W_W_(w^2))*W_(w^2))	paren-1
3997	(0,0,0)(1,1,1)(2,1,1)(3,1,0)(1,1,1)(2,1,1)(2,1,0)(3,2,1)(4,2,1)(5,1,0)(2,1,0)(1,1,1)(2,1,1)(2,1,0)	psi(W_W_(w^2)+psi_W_(w^2+1)(W_W_(w^2))*W_(w^2)+W_(w^2)*W)	psi(W_W_(w^2)+psi_W_(w^2+1)(W_W_(w^2))*W_(w^2)+W_(w^2)*W)	
3998	(0,0,0)(1,1,1)(2,1,1)(3,1,0)(1,1,1)(2,1,1)(2,1,0)(3,2,1)(4,2,1)(5,1,0)(2,1,0)(1,1,1)(2,1,1)(2,1,0)(3,2,1)(4,2,1)(5,1,0)(2,1,0)	psi(W_W_(w^2)+psi_W_(w^2+1)(W_W_(w^2))*W_(w^2)+psi_W_(w^2+1)(W_W_(w^2))*W)	psi(W_W_(w^2)+psi_W_(w^2+1)(W_W_(w^2))*W_(w^2)+psi_W_(w^2+1)(W_W_(w^2))*W)	
3999	(0,0,0)(1,1,1)(2,1,1)(3,1,0)(1,1,1)(2,1,1)(2,1,0)(3,2,1)(4,2,1)(5,1,0)(2,1,0)(1,1,1)(2,1,1)(2,1,0)(3,2,1)(4,2,1)(5,1,0)(2,1,0)(1,1,1)(2,1,1)	psi(W_W_(w^2)+psi_W_(w^2+1)(W_W_(w^2))*W_(w^2)*2)	psi(W_W_(w^2)+psi_W_(w^2+1)(W_W_(w^2))*W_(w^2)*2)	
4000	(0,0,0)(1,1,1)(2,1,1)(3,1,0)(1,1,1)(2,1,1)(2,1,0)(3,2,1)(4,2,1)(5,1,0)(2,1,0)(2,1,0)	psi(W_W_(w^2)+psi_W_(w^2+1)(W_W_(w^2))*W_(w^2)*W)	psi(W_W_(w^2)+psi_W_(w^2+1)(W_W_(w^2))*W_(w^2)*W)	
4001	(0,0,0)(1,1,1)(2,1,1)(3,1,0)(1,1,1)(2,1,1)(2,1,0)(3,2,1)(4,2,1)(5,1,0)(2,1,0)(2,1,0)(1,1,1)(2,1,1)	psi(W_W_(w^2)+psi_W_(w^2+1)(W_W_(w^2))*W_(w^2)^2)	psi(W_W_(w^2)+psi_W_(w^2+1)(W_W_(w^2))*W_(w^2)^2)	
4002	(0,0,0)(1,1,1)(2,1,1)(3,1,0)(1,1,1)(2,1,1)(2,1,0)(3,2,1)(4,2,1)(5,1,0)(2,1,0)(3,2,0)	psi(W_W_(w^2)+psi_W_(w^2+1)(W_W_(w^2))*psi_W_(w^2+1)(W_(w^2+1)))	psi(W_W_(w^2)+psi_W_(w^2+1)(W_W_(w^2))*psi_W_(w^2+1)(W_(w^2+1)))	
4003	(0,0,0)(1,1,1)(2,1,1)(3,1,0)(1,1,1)(2,1,1)(2,1,0)(3,2,1)(4,2,1)(5,1,0)(2,1,0)(3,2,1)(4,2,1)(5,1,0)(1,1,1)(2,1,1)	psi(W_W_(w^2)+psi_W_(w^2+1)(W_W_(w^2))^2)	psi(W_W_(w^2)+psi_W_(w^2+1)(W_W_(w^2))^2)	
4004	(0,0,0)(1,1,1)(2,1,1)(3,1,0)(1,1,1)(2,1,1)(2,1,0)(3,2,1)(4,2,1)(5,1,0)(3,1,0)	psi(W_W_(w^2)+psi_W_(w^2+1)(W_W_(w^2))^W)	psi(W_W_(w^2)+psi_W_(w^2+1)(W_W_(w^2))^W)	
4005	(0,0,0)(1,1,1)(2,1,1)(3,1,0)(1,1,1)(2,1,1)(2,1,0)(3,2,1)(4,2,1)(5,1,0)(3,2,0)	psi(W_W_(w^2)+W_(w^2+1))	psi(W_W_(w^2)+W_(w^2+1))	
4006	(0,0,0)(1,1,1)(2,1,1)(3,1,0)(1,1,1)(2,1,1)(2,1,0)(3,2,1)(4,2,1)(5,1,0)(3,2,0)(4,3,1)	psi(W_W_(w^2)+psi_W_(w^2+2)(W_(w^2+w)))	psi(W_W_(w^2)+psi_W_(w^2+2)(W_(w^2+w)))	
4007	(0,0,0)(1,1,1)(2,1,1)(3,1,0)(1,1,1)(2,1,1)(2,1,0)(3,2,1)(4,2,1)(5,1,0)(3,2,0)(4,3,1)(5,3,1)	psi(W_W_(w^2)+psi_W_(w^2+2)(W_(w^2*2)))	psi(W_W_(w^2)+psi_W_(w^2+2)(W_(w^2*2)))	
4008	(0,0,0)(1,1,1)(2,1,1)(3,1,0)(1,1,1)(2,1,1)(2,1,0)(3,2,1)(4,2,1)(5,1,0)(3,2,0)(4,3,1)(5,3,1)(6,1,0)	psi(W_W_(w^2)+psi_W_(w^2+2)(W_W))	psi(W_W_(w^2)+psi_W_(w^2+2)(W_W))	
4009	(0,0,0)(1,1,1)(2,1,1)(3,1,0)(1,1,1)(2,1,1)(2,1,0)(3,2,1)(4,2,1)(5,1,0)(3,2,0)(4,3,1)(5,3,1)(6,1,0)(1,1,1)	psi(W_W_(w^2)+psi_W_(w^2+2)(W_W_w))	psi(W_W_(w^2)+psi_W_(w^2+2)(W_W_w))	
4010	(0,0,0)(1,1,1)(2,1,1)(3,1,0)(1,1,1)(2,1,1)(2,1,0)(3,2,1)(4,2,1)(5,1,0)(3,2,0)(4,3,1)(5,3,1)(6,1,0)(1,1,1)(2,1,1)(2,1,1)	psi(W_W_(w^2)+psi_W_(w^2+2)(W_W_(w^2)))	psi(W_W_(w^2)+psi_W_(w^2+2)(W_W_(w^2)))	
4011	(0,0,0)(1,1,1)(2,1,1)(3,1,0)(1,1,1)(2,1,1)(2,1,0)(3,2,1)(4,2,1)(5,1,0)(3,2,0)(4,3,1)(5,3,1)(6,1,0)(3,2,0)	psi(W_W_(w^2)+psi_W_(w^2+2)(W_W_(w^2))+W_(w^2+1)))	psi(W_W_(w^2)+psi_W_(w^2+2)(W_W_(w^2))+W_(w^2+1))	paren-1
4012	(0,0,0)(1,1,1)(2,1,1)(3,1,0)(1,1,1)(2,1,1)(2,1,0)(3,2,1)(4,2,1)(5,1,0)(3,2,0)(4,3,1)(5,3,1)(6,1,0)(3,2,0)(4,3,1)(5,3,1)(6,1,0)(1,1,1)(2,1,1)	psi(W_W_(w^2)+psi_W_(w^2+2)(W_W_(w^2))*2)	psi(W_W_(w^2)+psi_W_(w^2+2)(W_W_(w^2))*2)	
4013	(0,0,0)(1,1,1)(2,1,1)(3,1,0)(1,1,1)(2,1,1)(2,1,0)(3,2,1)(4,2,1)(5,1,0)(3,2,0)(4,3,1)(5,3,1)(6,1,0)(4,1,0)	psi(W_W_(w^2)+psi_W_(w^2+2)(W_W_(w^2))*W)	psi(W_W_(w^2)+psi_W_(w^2+2)(W_W_(w^2))*W)	
4014	(0,0,0)(1,1,1)(2,1,1)(3,1,0)(1,1,1)(2,1,1)(2,1,0)(3,2,1)(4,2,1)(5,1,0)(3,2,0)(4,3,1)(5,3,1)(6,1,0)(4,2,0)	psi(W_W_(w^2)+psi_W_(w^2+2)(W_W_(w^2))*W_(w^2+1)))	psi(W_W_(w^2)+psi_W_(w^2+2)(W_W_(w^2))*W_(w^2+1))	paren-1
4015	(0,0,0)(1,1,1)(2,1,1)(3,1,0)(1,1,1)(2,1,1)(2,1,0)(3,2,1)(4,2,1)(5,1,0)(3,2,0)(4,3,1)(5,3,1)(6,1,0)(4,3,0)	psi(W_W_(w^2)+W_(w^2+2))	psi(W_W_(w^2)+W_(w^2+2))	
4016	(0,0,0)(1,1,1)(2,1,1)(3,1,0)(1,1,1)(2,1,1)(2,1,0)(3,2,1)(4,2,1)(5,1,0)(3,2,0)(4,3,1)(5,3,1)(6,1,0)(4,3,0)(5,4,1)(6,4,1)(7,1,0)(5,4,0)	psi(W_W_(w^2)+W_(w^2+3))	psi(W_W_(w^2)+W_(w^2+3))	
4017	(0,0,0)(1,1,1)(2,1,1)(3,1,0)(1,1,1)(2,1,1)(2,1,0)(3,2,1)(4,2,1)(5,1,0)(3,2,1)	psi(W_W_(w^2)+W_(w^2+w))	psi(W_W_(w^2)+W_(w^2+w))	
4018	(0,0,0)(1,1,1)(2,1,1)(3,1,0)(1,1,1)(2,1,1)(2,1,0)(3,2,1)(4,2,1)(5,1,0)(3,2,1)(4,1,0)	psi(W_W_(w^2)+W_(w^2+w)*W)	psi(W_W_(w^2)+W_(w^2+w)*W)	
4019	(0,0,0)(1,1,1)(2,1,1)(3,1,0)(1,1,1)(2,1,1)(2,1,0)(3,2,1)(4,2,1)(5,1,0)(3,2,1)(4,1,0)(1,1,1)(2,1,1)	psi(W_W_(w^2)+W_(w^2+w)*W_(w^2))	psi(W_W_(w^2)+W_(w^2+w)*W_(w^2))	
4020	(0,0,0)(1,1,1)(2,1,1)(3,1,0)(1,1,1)(2,1,1)(2,1,0)(3,2,1)(4,2,1)(5,1,0)(3,2,1)(4,2,0)	psi(W_W_(w^2)+W_(w^2+w)*W_(w^2+1))	psi(W_W_(w^2)+W_(w^2+w)*W_(w^2+1))	
4021	(0,0,0)(1,1,1)(2,1,1)(3,1,0)(1,1,1)(2,1,1)(2,1,0)(3,2,1)(4,2,1)(5,1,0)(3,2,1)(4,2,0)(3,2,1)	psi(W_W_(w^2)+W_(w^2+w)^2)	psi(W_W_(w^2)+W_(w^2+w)^2)	
4022	(0,0,0)(1,1,1)(2,1,1)(3,1,0)(1,1,1)(2,1,1)(2,1,0)(3,2,1)(4,2,1)(5,1,0)(3,2,1)(4,2,0)(5,3,0)	psi(W_W_(w^2)+psi_W_(w^2+w+1)(W_(w^2+w+1)))	psi(W_W_(w^2)+psi_W_(w^2+w+1)(W_(w^2+w+1)))	
4023	(0,0,0)(1,1,1)(2,1,1)(3,1,0)(1,1,1)(2,1,1)(2,1,0)(3,2,1)(4,2,1)(5,1,0)(3,2,1)(4,2,0)(5,3,1)(6,3,1)	psi(W_W_(w^2)+psi_W_(w^2+w+1)(W_(w^2*2)))	psi(W_W_(w^2)+psi_W_(w^2+w+1)(W_(w^2*2)))	
4024	(0,0,0)(1,1,1)(2,1,1)(3,1,0)(1,1,1)(2,1,1)(2,1,0)(3,2,1)(4,2,1)(5,1,0)(3,2,1)(4,2,0)(5,3,1)(6,3,1)(7,1,0)	psi(W_W_(w^2)+psi_W_(w^2+w+1)(W_W))	psi(W_W_(w^2)+psi_W_(w^2+w+1)(W_W))	
4025	(0,0,0)(1,1,1)(2,1,1)(3,1,0)(1,1,1)(2,1,1)(2,1,0)(3,2,1)(4,2,1)(5,1,0)(3,2,1)(4,2,0)(5,3,1)(6,3,1)(7,1,0)(1,1,1)(2,1,1)	psi(W_W_(w^2)+psi_W_(w^2+w+1)(W_W_(w^2)))	psi(W_W_(w^2)+psi_W_(w^2+w+1)(W_W_(w^2)))	
4026	(0,0,0)(1,1,1)(2,1,1)(3,1,0)(1,1,1)(2,1,1)(2,1,0)(3,2,1)(4,2,1)(5,1,0)(3,2,1)(4,2,0)(5,3,1)(6,3,1)(7,1,0)(3,2,0)	psi(W_W_(w^2)+psi_W_(w^2+w+1)(W_W_(w^2))+W_(w^2+1))	psi(W_W_(w^2)+psi_W_(w^2+w+1)(W_W_(w^2))+W_(w^2+1))	
4027	(0,0,0)(1,1,1)(2,1,1)(3,1,0)(1,1,1)(2,1,1)(2,1,0)(3,2,1)(4,2,1)(5,1,0)(3,2,1)(4,2,0)(5,3,1)(6,3,1)(7,1,0)(3,2,1)	psi(W_W_(w^2)+psi_W_(w^2+w+1)(W_W_(w^2))+W_(w^2+w))	psi(W_W_(w^2)+psi_W_(w^2+w+1)(W_W_(w^2))+W_(w^2+w))	
4028	(0,0,0)(1,1,1)(2,1,1)(3,1,0)(1,1,1)(2,1,1)(2,1,0)(3,2,1)(4,2,1)(5,1,0)(3,2,1)(4,2,0)(5,3,1)(6,3,1)(7,1,0)(3,2,1)(4,2,0)(5,3,1)(6,3,1)(7,1,0)(1,1,1)(2,1,1)	psi(W_W_(w^2)+psi_W_(w^2+w+1)(W_W_(w^2))*2)	psi(W_W_(w^2)+psi_W_(w^2+w+1)(W_W_(w^2))*2)	
4029	(0,0,0)(1,1,1)(2,1,1)(3,1,0)(1,1,1)(2,1,1)(2,1,0)(3,2,1)(4,2,1)(5,1,0)(3,2,1)(4,2,0)(5,3,1)(6,3,1)(7,1,0)(4,1,0)	psi(W_W_(w^2)+psi_W_(w^2+w+1)(W_W_(w^2))*W)	psi(W_W_(w^2)+psi_W_(w^2+w+1)(W_W_(w^2))*W)	
4030	(0,0,0)(1,1,1)(2,1,1)(3,1,0)(1,1,1)(2,1,1)(2,1,0)(3,2,1)(4,2,1)(5,1,0)(3,2,1)(4,2,0)(5,3,1)(6,3,1)(7,1,0)(5,1,0)	psi(W_W_(w^2)+psi_W_(w^2+w+1)(W_W_(w^2))^W)	psi(W_W_(w^2)+psi_W_(w^2+w+1)(W_W_(w^2))^W)	
4031	(0,0,0)(1,1,1)(2,1,1)(3,1,0)(1,1,1)(2,1,1)(2,1,0)(3,2,1)(4,2,1)(5,1,0)(3,2,1)(4,2,0)(5,3,1)(6,3,1)(7,1,0)(5,3,0)	psi(W_W_(w^2)+W_(w^2+w+1))	psi(W_W_(w^2)+W_(w^2+w+1))	
4032	(0,0,0)(1,1,1)(2,1,1)(3,1,0)(1,1,1)(2,1,1)(2,1,0)(3,2,1)(4,2,1)(5,1,0)(3,2,1)(4,2,0)(5,3,1)(6,3,1)(7,1,0)(5,3,0)(6,4,1)(7,4,1)(8,1,0)	psi(W_W_(w^2)+psi_W_(w^2+w+2)(W_W))	psi(W_W_(w^2)+psi_W_(w^2+w+2)(W_W))	
4033	(0,0,0)(1,1,1)(2,1,1)(3,1,0)(1,1,1)(2,1,1)(2,1,0)(3,2,1)(4,2,1)(5,1,0)(3,2,1)(4,2,0)(5,3,1)(6,3,1)(7,1,0)(5,3,0)(6,4,1)(7,4,1)(8,1,0)(6,4,0)	psi(W_W_(w^2)+W_(w^2+w+2)))	psi(W_W_(w^2)+W_(w^2+w+2))	paren-1
4034	(0,0,0)(1,1,1)(2,1,1)(3,1,0)(1,1,1)(2,1,1)(2,1,0)(3,2,1)(4,2,1)(5,1,0)(3,2,1)(4,2,0)(5,3,1)(6,3,1)(7,1,0)(5,3,1)	psi(W_W_(w^2)+W_(w^2+w2))	psi(W_W_(w^2)+W_(w^2+w2))	
4035	(0,0,0)(1,1,1)(2,1,1)(3,1,0)(1,1,1)(2,1,1)(2,1,0)(3,2,1)(4,2,1)(5,1,0)(3,2,1)(4,2,0)(5,3,1)(6,3,1)(7,1,0)(5,3,1)(6,3,0)(7,4,1)(8,4,1)(9,1,0)	psi(W_W_(w^2)+psi_W_(w^2+w2+1)(W_W))	psi(W_W_(w^2)+psi_W_(w^2+w2+1)(W_W))	
4036	(0,0,0)(1,1,1)(2,1,1)(3,1,0)(1,1,1)(2,1,1)(2,1,0)(3,2,1)(4,2,1)(5,1,0)(3,2,1)(4,2,0)(5,3,1)(6,3,1)(7,1,0)(5,3,1)(6,3,0)(7,4,1)(8,4,1)(9,1,0)(7,4,0)	psi(W_W_(w^2)+W_(w^2+w2+1))	psi(W_W_(w^2)+W_(w^2+w2+1))	
4037	(0,0,0)(1,1,1)(2,1,1)(3,1,0)(1,1,1)(2,1,1)(2,1,0)(3,2,1)(4,2,1)(5,1,0)(3,2,1)(4,2,0)(5,3,1)(6,3,1)(7,1,0)(5,3,1)(6,3,0)(7,4,1)(8,4,1)(9,1,0)(7,4,1)	psi(W_W_(w^2)+W_(w^2+w3))	psi(W_W_(w^2)+W_(w^2+w3))	
4038	(0,0,0)(1,1,1)(2,1,1)(3,1,0)(1,1,1)(2,1,1)(2,1,0)(3,2,1)(4,2,1)(5,1,0)(3,2,1)(4,2,1)	psi(W_W_(w^2)+W_(w^2*2))	psi(W_W_(w^2)+W_(w^2*2))	
4039	(0,0,0)(1,1,1)(2,1,1)(3,1,0)(1,1,1)(2,1,1)(2,1,0)(3,2,1)(4,2,1)(5,1,0)(3,2,1)(4,2,1)(4,2,0)(5,3,1)(6,3,1)(7,1,0)	psi(W_W_(w^2)+psi_W_(w^2*2+1)(W_W))	psi(W_W_(w^2)+psi_W_(w^2*2+1)(W_W))	
4040	(0,0,0)(1,1,1)(2,1,1)(3,1,0)(1,1,1)(2,1,1)(2,1,0)(3,2,1)(4,2,1)(5,1,0)(3,2,1)(4,2,1)(4,2,0)(5,3,1)(6,3,1)(7,1,0)(5,3,0)	psi(W_W_(w^2)+W_(w^2*2+1))	psi(W_W_(w^2)+W_(w^2*2+1))	
4041	(0,0,0)(1,1,1)(2,1,1)(3,1,0)(1,1,1)(2,1,1)(2,1,0)(3,2,1)(4,2,1)(5,1,0)(3,2,1)(4,2,1)(4,2,0)(5,3,1)(6,3,1)(7,1,0)(5,3,1)	psi(W_W_(w^2)+W_(w^2*2+w))	psi(W_W_(w^2)+W_(w^2*2+w))	
4042	(0,0,0)(1,1,1)(2,1,1)(3,1,0)(1,1,1)(2,1,1)(2,1,0)(3,2,1)(4,2,1)(5,1,0)(3,2,1)(4,2,1)(4,2,0)(5,3,1)(6,3,1)(7,1,0)(5,3,1)(6,3,1)	psi(W_W_(w^2)+W_(w^2*3))	psi(W_W_(w^2)+W_(w^2*3))	
4043	(0,0,0)(1,1,1)(2,1,1)(3,1,0)(1,1,1)(2,1,1)(2,1,0)(3,2,1)(4,2,1)(5,1,0)(3,2,1)(4,2,1)(4,2,1)	psi(W_W_(w^2)+W_(w^3))	psi(W_W_(w^2)+W_(w^3))	
4044	(0,0,0)(1,1,1)(2,1,1)(3,1,0)(1,1,1)(2,1,1)(2,1,0)(3,2,1)(4,2,1)(5,1,0)(3,2,1)(4,2,1)(4,2,1)(4,2,0)(5,3,1)(6,3,1)(7,1,0)	psi(W_W_(w^2)+psi_W_(w^3+1)(W_W))	psi(W_W_(w^2)+psi_W_(w^3+1)(W_W))	
4045	(0,0,0)(1,1,1)(2,1,1)(3,1,0)(1,1,1)(2,1,1)(2,1,0)(3,2,1)(4,2,1)(5,1,0)(3,2,1)(4,2,1)(4,2,1)(4,2,0)(5,3,1)(6,3,1)(7,1,0)(5,3,0)	psi(W_W_(w^2)+W_(w^3+1))	psi(W_W_(w^2)+W_(w^3+1))	
4046	(0,0,0)(1,1,1)(2,1,1)(3,1,0)(1,1,1)(2,1,1)(2,1,0)(3,2,1)(4,2,1)(5,1,0)(3,2,1)(4,2,1)(4,2,1)(4,2,0)(5,3,1)(6,3,1)(7,1,0)(5,3,1)(6,3,1)(6,3,1)	psi(W_W_(w^2)+W_(w^3*2))	psi(W_W_(w^2)+W_(w^3*2))	
4047	(0,0,0)(1,1,1)(2,1,1)(3,1,0)(1,1,1)(2,1,1)(2,1,0)(3,2,1)(4,2,1)(5,1,0)(3,2,1)(4,2,1)(4,2,1)(4,2,1)	psi(W_W_(w^2)+W_(w^4))	psi(W_W_(w^2)+W_(w^4))	
4048	(0,0,0)(1,1,1)(2,1,1)(3,1,0)(1,1,1)(2,1,1)(2,1,0)(3,2,1)(4,2,1)(5,1,0)(3,2,1)(4,2,1)(5,0,0)	psi(W_W_(w^2)+W_(w^w))	psi(W_W_(w^2)+W_(w^w))	
4049	(0,0,0)(1,1,1)(2,1,1)(3,1,0)(1,1,1)(2,1,1)(2,1,0)(3,2,1)(4,2,1)(5,1,0)(3,2,1)(4,2,1)(5,0,0)(6,1,1)	psi(W_W_(w^2)+W_psi(W_W))	psi(W_W_(w^2)+W_psi(W_W))	
4050	(0,0,0)(1,1,1)(2,1,1)(3,1,0)(1,1,1)(2,1,1)(2,1,0)(3,2,1)(4,2,1)(5,1,0)(3,2,1)(4,2,1)(5,1,0)	psi(W_W_(w^2)+W_W)	psi(W_W_(w^2)+W_W)	
4051	(0,0,0)(1,1,1)(2,1,1)(3,1,0)(1,1,1)(2,1,1)(2,1,0)(3,2,1)(4,2,1)(5,1,0)(3,2,1)(4,2,1)(5,1,0)(1,1,0)(2,2,1)(3,2,1)(4,2,0)(2,2,1)(3,2,1)	psi(W_W_(w^2)+W_W+psi_1(W_W_(w^2)))	psi(W_W_(w^2)+W_W+psi_1(W_W_(w^2)))	
4052	(0,0,0)(1,1,1)(2,1,1)(3,1,0)(1,1,1)(2,1,1)(2,1,0)(3,2,1)(4,2,1)(5,1,0)(3,2,1)(4,2,1)(5,1,0)(1,1,0)(2,2,1)(3,2,1)(4,2,0)(2,2,1)(3,2,1)(3,2,0)(4,3,1)(5,3,1)(6,2,0)(4,3,1)(5,3,1)	psi(W_W_(w^2)+W_W+psi_1(W_W_(w^2)+W_(w^2)))	psi(W_W_(w^2)+W_W+psi_1(W_W_(w^2)+W_(w^2)))	
4053	(0,0,0)(1,1,1)(2,1,1)(3,1,0)(1,1,1)(2,1,1)(2,1,0)(3,2,1)(4,2,1)(5,1,0)(3,2,1)(4,2,1)(5,1,0)(1,1,0)(2,2,1)(3,2,1)(4,2,0)(2,2,1)(3,2,1)(3,2,0)(4,3,1)(5,3,1)(6,2,0)(4,3,1)(5,3,1)(6,1,0)	psi(W_W_(w^2)+W_W+psi_1(W_W_(w^2)+W_W))	psi(W_W_(w^2)+W_W+psi_1(W_W_(w^2)+W_W))	
4054	(0,0,0)(1,1,1)(2,1,1)(3,1,0)(1,1,1)(2,1,1)(2,1,0)(3,2,1)(4,2,1)(5,1,0)(3,2,1)(4,2,1)(5,1,0)(1,1,0)(2,2,1)(3,2,1)(4,2,0)(2,2,1)(3,2,1)(3,2,0)(4,3,1)(5,3,1)(6,2,0)(4,3,1)(5,3,1)(6,1,0)(2,2,0)	psi(W_W_(w^2)+W_W+W_2)	psi(W_W_(w^2)+W_W+W_2)	
4055	(0,0,0)(1,1,1)(2,1,1)(3,1,0)(1,1,1)(2,1,1)(2,1,0)(3,2,1)(4,2,1)(5,1,0)(3,2,1)(4,2,1)(5,1,0)(1,1,0)(2,2,1)(3,2,1)(4,2,0)(2,2,1)(3,2,1)(3,2,0)(4,3,1)(5,3,1)(6,2,0)(4,3,1)(5,3,1)(6,1,0)(2,2,1)	psi(W_W_(w^2)+W_W+W_w)	psi(W_W_(w^2)+W_W+W_w)	
4056	(0,0,0)(1,1,1)(2,1,1)(3,1,0)(1,1,1)(2,1,1)(2,1,0)(3,2,1)(4,2,1)(5,1,0)(3,2,1)(4,2,1)(5,1,0)(1,1,0)(2,2,1)(3,2,1)(4,2,0)(2,2,1)(3,2,1)(3,2,0)(4,3,1)(5,3,1)(6,2,0)(4,3,1)(5,3,1)(6,1,0)(2,2,1)(3,2,1)	psi(W_W_(w^2)+W_W+W_(w^2))	psi(W_W_(w^2)+W_W+W_(w^2))	
4057	(0,0,0)(1,1,1)(2,1,1)(3,1,0)(1,1,1)(2,1,1)(2,1,0)(3,2,1)(4,2,1)(5,1,0)(3,2,1)(4,2,1)(5,1,0)(1,1,0)(2,2,1)(3,2,1)(4,2,0)(2,2,1)(3,2,1)(3,2,0)(4,3,1)(5,3,1)(6,2,0)(4,3,1)(5,3,1)(6,1,0)(2,2,1)(3,2,1)(3,2,0)(4,3,1)(5,3,1)(6,2,0)(1,1,1)(2,1,1)	psi(W_W_(w^2)+W_W+psi_W_(w^2+1)(W_W_(w^2)))	psi(W_W_(w^2)+W_W+psi_W_(w^2+1)(W_W_(w^2)))	
4058	(0,0,0)(1,1,1)(2,1,1)(3,1,0)(1,1,1)(2,1,1)(2,1,0)(3,2,1)(4,2,1)(5,1,0)(3,2,1)(4,2,1)(5,1,0)(1,1,0)(2,2,1)(3,2,1)(4,2,0)(2,2,1)(3,2,1)(3,2,0)(4,3,1)(5,3,1)(6,2,0)(4,3,1)(5,3,1)(6,1,0)(2,2,1)(3,2,1)(3,2,0)(4,3,1)(5,3,1)(6,2,0)(4,3,0)	psi(W_W_(w^2)+W_W+psi_W_(w^2+1)(W_W_(w^2)+W_(w^2+1)))	psi(W_W_(w^2)+W_W+psi_W_(w^2+1)(W_W_(w^2)+W_(w^2+1)))	
4059	(0,0,0)(1,1,1)(2,1,1)(3,1,0)(1,1,1)(2,1,1)(2,1,0)(3,2,1)(4,2,1)(5,1,0)(3,2,1)(4,2,1)(5,1,0)(1,1,0)(2,2,1)(3,2,1)(4,2,0)(2,2,1)(3,2,1)(3,2,0)(4,3,1)(5,3,1)(6,2,0)(4,3,1)(5,3,1)(6,1,0)(2,2,1)(3,2,1)(3,2,0)(4,3,1)(5,3,1)(6,2,0)(4,3,1)(5,3,1)(6,1,0)	psi(W_W_(w^2)+W_W+psi_W_(w^2+1)(W_W_(w^2)+W_W)))	psi(W_W_(w^2)+W_W+psi_W_(w^2+1)(W_W_(w^2)+W_W))	paren-1
4060	(0,0,0)(1,1,1)(2,1,1)(3,1,0)(1,1,1)(2,1,1)(2,1,0)(3,2,1)(4,2,1)(5,1,0)(3,2,1)(4,2,1)(5,1,0)(1,1,0)(2,2,1)(3,2,1)(4,2,0)(2,2,1)(3,2,1)(3,2,0)(4,3,1)(5,3,1)(6,2,0)(4,3,1)(5,3,1)(6,1,0)(3,2,0)	psi(W_W_(w^2)+W_W+psi_W_(w^2+1)(W_W_(w^2)+W_W)*W_2)	psi(W_W_(w^2)+W_W+psi_W_(w^2+1)(W_W_(w^2)+W_W)*W_2)	
4061	(0,0,0)(1,1,1)(2,1,1)(3,1,0)(1,1,1)(2,1,1)(2,1,0)(3,2,1)(4,2,1)(5,1,0)(3,2,1)(4,2,1)(5,1,0)(1,1,0)(2,2,1)(3,2,1)(4,2,0)(2,2,1)(3,2,1)(3,2,0)(4,3,1)(5,3,1)(6,2,0)(4,3,1)(5,3,1)(6,1,0)(4,2,0)	psi(W_W_(w^2)+W_W+psi_W_(w^2+1)(W_W_(w^2)+W_W)^W_2)	psi(W_W_(w^2)+W_W+psi_W_(w^2+1)(W_W_(w^2)+W_W)^W_2)	
4062	(0,0,0)(1,1,1)(2,1,1)(3,1,0)(1,1,1)(2,1,1)(2,1,0)(3,2,1)(4,2,1)(5,1,0)(3,2,1)(4,2,1)(5,1,0)(1,1,0)(2,2,1)(3,2,1)(4,2,0)(2,2,1)(3,2,1)(3,2,0)(4,3,1)(5,3,1)(6,2,0)(4,3,1)(5,3,1)(6,1,0)(4,3,0)	psi(W_W_(w^2)+W_W+W_(w^2+1))	psi(W_W_(w^2)+W_W+W_(w^2+1))	
4063	(0,0,0)(1,1,1)(2,1,1)(3,1,0)(1,1,1)(2,1,1)(2,1,0)(3,2,1)(4,2,1)(5,1,0)(3,2,1)(4,2,1)(5,1,0)(1,1,0)(2,2,1)(3,2,1)(4,2,0)(2,2,1)(3,2,1)(3,2,0)(4,3,1)(5,3,1)(6,2,0)(4,3,1)(5,3,1)(6,1,0)(4,3,1)	psi(W_W_(w^2)+W_W+W_(w^2+w))	psi(W_W_(w^2)+W_W+W_(w^2+w))	
4064	(0,0,0)(1,1,1)(2,1,1)(3,1,0)(1,1,1)(2,1,1)(2,1,0)(3,2,1)(4,2,1)(5,1,0)(3,2,1)(4,2,1)(5,1,0)(1,1,0)(2,2,1)(3,2,1)(4,2,0)(2,2,1)(3,2,1)(3,2,0)(4,3,1)(5,3,1)(6,2,0)(4,3,1)(5,3,1)(6,1,0)(4,3,1)(5,3,1)	psi(W_W_(w^2)+W_W+W_(w^2*2))	psi(W_W_(w^2)+W_W+W_(w^2*2))	
4065	(0,0,0)(1,1,1)(2,1,1)(3,1,0)(1,1,1)(2,1,1)(2,1,0)(3,2,1)(4,2,1)(5,1,0)(3,2,1)(4,2,1)(5,1,0)(1,1,0)(2,2,1)(3,2,1)(4,2,0)(2,2,1)(3,2,1)(3,2,0)(4,3,1)(5,3,1)(6,2,0)(4,3,1)(5,3,1)(6,1,0)(4,3,1)(5,3,1)(6,1,0)	psi(W_W_(w^2)+W_W*2)	psi(W_W_(w^2)+W_W*2)	
4066	(0,0,0)(1,1,1)(2,1,1)(3,1,0)(1,1,1)(2,1,1)(2,1,0)(3,2,1)(4,2,1)(5,1,0)(3,2,1)(4,2,1)(5,1,0)(1,1,0)(2,2,1)(3,2,1)(4,2,0)(2,2,1)(3,2,1)(3,2,0)(4,3,1)(5,3,1)(6,2,0)(4,3,1)(5,3,1)(6,1,0)(5,1,0)	psi(W_W_(w^2)+W_W*W)	psi(W_W_(w^2)+W_W*W)	
4067	(0,0,0)(1,1,1)(2,1,1)(3,1,0)(1,1,1)(2,1,1)(2,1,0)(3,2,1)(4,2,1)(5,1,0)(3,2,1)(4,2,1)(5,1,0)(1,1,0)(2,2,1)(3,2,1)(4,2,0)(2,2,1)(3,2,1)(3,2,0)(4,3,1)(5,3,1)(6,2,0)(4,3,1)(5,3,1)(6,1,0)(5,2,0)	psi(W_W_(w^2)+W_W*W_2)	psi(W_W_(w^2)+W_W*W_2)	
4068	(0,0,0)(1,1,1)(2,1,1)(3,1,0)(1,1,1)(2,1,1)(2,1,0)(3,2,1)(4,2,1)(5,1,0)(3,2,1)(4,2,1)(5,1,0)(1,1,0)(2,2,1)(3,2,1)(4,2,0)(2,2,1)(3,2,1)(3,2,0)(4,3,1)(5,3,1)(6,2,0)(4,3,1)(5,3,1)(6,1,0)(5,2,0)(2,2,1)(3,2,1)	psi(W_W_(w^2)+W_W*W_(w^2)))	psi(W_W_(w^2)+W_W*W_(w^2))	paren-1
4069	(0,0,0)(1,1,1)(2,1,1)(3,1,0)(1,1,1)(2,1,1)(2,1,0)(3,2,1)(4,2,1)(5,1,0)(3,2,1)(4,2,1)(5,1,0)(1,1,0)(2,2,1)(3,2,1)(4,2,0)(2,2,1)(3,2,1)(3,2,0)(4,3,1)(5,3,1)(6,2,0)(4,3,1)(5,3,1)(6,1,0)(5,3,0)	psi(W_W_(w^2)+W_W*W_(w^2+1))	psi(W_W_(w^2)+W_W*W_(w^2+1))	
4070	(0,0,0)(1,1,1)(2,1,1)(3,1,0)(1,1,1)(2,1,1)(2,1,0)(3,2,1)(4,2,1)(5,1,0)(3,2,1)(4,2,1)(5,1,0)(1,1,0)(2,2,1)(3,2,1)(4,2,0)(2,2,1)(3,2,1)(3,2,0)(4,3,1)(5,3,1)(6,2,0)(4,3,1)(5,3,1)(6,1,0)(5,3,0)(4,3,1)(5,3,1)(6,1,0)	psi(W_W_(w^2)+W_W^2)	psi(W_W_(w^2)+W_W^2)	
4071	(0,0,0)(1,1,1)(2,1,1)(3,1,0)(1,1,1)(2,1,1)(2,1,0)(3,2,1)(4,2,1)(5,1,0)(3,2,1)(4,2,1)(5,1,0)(1,1,0)(2,2,1)(3,2,1)(4,2,0)(2,2,1)(3,2,1)(3,2,0)(4,3,1)(5,3,1)(6,2,0)(4,3,1)(5,3,1)(6,1,0)(5,3,0)(6,3,0)(4,3,1)(5,3,1)(6,1,0)	psi(W_W_(w^2)+W_W^W_W)	psi(W_W_(w^2)+W_W^W_W)	
4072	(0,0,0)(1,1,1)(2,1,1)(3,1,0)(1,1,1)(2,1,1)(2,1,0)(3,2,1)(4,2,1)(5,1,0)(3,2,1)(4,2,1)(5,1,0)(1,1,0)(2,2,1)(3,2,1)(4,2,0)(2,2,1)(3,2,1)(3,2,0)(4,3,1)(5,3,1)(6,2,0)(4,3,1)(5,3,1)(6,1,0)(5,3,0)(6,4,0)	psi(W_W_(w^2)+psi_W_(W+1)(W_(W+1)))	psi(W_W_(w^2)+psi_W_(W+1)(W_(W+1)))	
4073	(0,0,0)(1,1,1)(2,1,1)(3,1,0)(1,1,1)(2,1,1)(2,1,0)(3,2,1)(4,2,1)(5,1,0)(3,2,1)(4,2,1)(5,1,0)(1,1,0)(2,2,1)(3,2,1)(4,2,0)(2,2,1)(3,2,1)(3,2,0)(4,3,1)(5,3,1)(6,2,0)(4,3,1)(5,3,1)(6,1,0)(5,3,0)(6,4,1)	psi(W_W_(w^2)+psi_W_(W+1)(W_(W+w)))	psi(W_W_(w^2)+psi_W_(W+1)(W_(W+w)))	
4074	(0,0,0)(1,1,1)(2,1,1)(3,1,0)(1,1,1)(2,1,1)(2,1,0)(3,2,1)(4,2,1)(5,1,0)(3,2,1)(4,2,1)(5,1,0)(1,1,0)(2,2,1)(3,2,1)(4,2,0)(2,2,1)(3,2,1)(3,2,0)(4,3,1)(5,3,1)(6,2,0)(4,3,1)(5,3,1)(6,1,0)(5,3,0)(6,4,1)(7,4,1)(8,1,0)	psi(W_W_(w^2)+psi_W_(W+1)(W_(W2)))	psi(W_W_(w^2)+psi_W_(W+1)(W_(W2)))	
4075	(0,0,0)(1,1,1)(2,1,1)(3,1,0)(1,1,1)(2,1,1)(2,1,0)(3,2,1)(4,2,1)(5,1,0)(3,2,1)(4,2,1)(5,1,0)(1,1,0)(2,2,1)(3,2,1)(4,2,0)(2,2,1)(3,2,1)(3,2,0)(4,3,1)(5,3,1)(6,2,0)(4,3,1)(5,3,1)(6,1,0)(5,3,0)(6,4,1)(7,4,1)(8,2,0)	psi(W_W_(w^2)+psi_W_(W+1)(W_(W_2)))	psi(W_W_(w^2)+psi_W_(W+1)(W_(W_2)))	
4076	(0,0,0)(1,1,1)(2,1,1)(3,1,0)(1,1,1)(2,1,1)(2,1,0)(3,2,1)(4,2,1)(5,1,0)(3,2,1)(4,2,1)(5,1,0)(1,1,0)(2,2,1)(3,2,1)(4,2,0)(2,2,1)(3,2,1)(3,2,0)(4,3,1)(5,3,1)(6,2,0)(4,3,1)(5,3,1)(6,1,0)(5,3,0)(6,4,1)(7,4,1)(8,2,0)(2,2,1)(3,2,1)	psi(W_W_(w^2)+psi_W_(W+1)(W_W_(w^2)))	psi(W_W_(w^2)+psi_W_(W+1)(W_W_(w^2)))	
4077	(0,0,0)(1,1,1)(2,1,1)(3,1,0)(1,1,1)(2,1,1)(2,1,0)(3,2,1)(4,2,1)(5,1,0)(3,2,1)(4,2,1)(5,1,0)(1,1,0)(2,2,1)(3,2,1)(4,2,0)(2,2,1)(3,2,1)(3,2,0)(4,3,1)(5,3,1)(6,2,0)(4,3,1)(5,3,1)(6,1,0)(5,3,0)(6,4,1)(7,4,1)(8,2,0)(6,4,0)	psi(W_W_(w^2)+W_(W+1))	psi(W_W_(w^2)+W_(W+1))	
4078	(0,0,0)(1,1,1)(2,1,1)(3,1,0)(1,1,1)(2,1,1)(2,1,0)(3,2,1)(4,2,1)(5,1,0)(3,2,1)(4,2,1)(5,1,0)(1,1,0)(2,2,1)(3,2,1)(4,2,0)(2,2,1)(3,2,1)(3,2,0)(4,3,1)(5,3,1)(6,2,0)(4,3,1)(5,3,1)(6,1,0)(5,3,0)(6,4,1)(7,4,1)(8,2,0)(6,4,1)	psi(W_W_(w^2)+W_(W+w))	psi(W_W_(w^2)+W_(W+w))	
4079	(0,0,0)(1,1,1)(2,1,1)(3,1,0)(1,1,1)(2,1,1)(2,1,0)(3,2,1)(4,2,1)(5,1,0)(3,2,1)(4,2,1)(5,1,0)(1,1,0)(2,2,1)(3,2,1)(4,2,0)(2,2,1)(3,2,1)(3,2,0)(4,3,1)(5,3,1)(6,2,0)(4,3,1)(5,3,1)(6,1,0)(5,3,0)(6,4,1)(7,4,1)(8,2,0)(6,4,1)(7,4,1)(8,1,0)	psi(W_W_(w^2)+W_(W2))	psi(W_W_(w^2)+W_(W2))	
4080	(0,0,0)(1,1,1)(2,1,1)(3,1,0)(1,1,1)(2,1,1)(2,1,0)(3,2,1)(4,2,1)(5,1,0)(3,2,1)(4,2,1)(5,1,0)(1,1,0)(2,2,1)(3,2,1)(4,2,0)(2,2,1)(3,2,1)(3,2,0)(4,3,1)(5,3,1)(6,2,0)(4,3,1)(5,3,1)(6,1,0)(5,3,1)	psi(W_W_(w^2)+W_(W*w))	psi(W_W_(w^2)+W_(W*w))	
4081	(0,0,0)(1,1,1)(2,1,1)(3,1,0)(1,1,1)(2,1,1)(2,1,0)(3,2,1)(4,2,1)(5,1,0)(3,2,1)(4,2,1)(5,1,0)(1,1,0)(2,2,1)(3,2,1)(4,2,0)(2,2,1)(3,2,1)(3,2,0)(4,3,1)(5,3,1)(6,2,0)(4,3,1)(5,3,1)(6,1,0)(5,3,1)(6,1,0)	psi(W_W_(w^2)+W_(W^2))	psi(W_W_(w^2)+W_(W^2))	
4082	(0,0,0)(1,1,1)(2,1,1)(3,1,0)(1,1,1)(2,1,1)(2,1,0)(3,2,1)(4,2,1)(5,1,0)(3,2,1)(4,2,1)(5,1,0)(1,1,0)(2,2,1)(3,2,1)(4,2,0)(2,2,1)(3,2,1)(3,2,0)(4,3,1)(5,3,1)(6,2,0)(4,3,1)(5,3,1)(6,1,0)(6,1,0)	psi(W_W_(w^2)+W_(W^W))	psi(W_W_(w^2)+W_(W^W))	
4083	(0,0,0)(1,1,1)(2,1,1)(3,1,0)(1,1,1)(2,1,1)(2,1,0)(3,2,1)(4,2,1)(5,1,0)(3,2,1)(4,2,1)(5,1,0)(1,1,0)(2,2,1)(3,2,1)(4,2,0)(2,2,1)(3,2,1)(3,2,0)(4,3,1)(5,3,1)(6,2,0)(4,3,1)(5,3,1)(6,1,0)(7,2,0)	psi(W_W_(w^2)+W_psi_1(W_2))	psi(W_W_(w^2)+W_psi_1(W_2))	
4084	(0,0,0)(1,1,1)(2,1,1)(3,1,0)(1,1,1)(2,1,1)(2,1,0)(3,2,1)(4,2,1)(5,1,0)(3,2,1)(4,2,1)(5,1,0)(1,1,0)(2,2,1)(3,2,1)(4,2,0)(2,2,1)(3,2,1)(3,2,0)(4,3,1)(5,3,1)(6,2,0)(4,3,1)(5,3,1)(6,2,0)	psi(W_W_(w^2)+W_W_2)	psi(W_W_(w^2)+W_W_2)	
4085	(0,0,0)(1,1,1)(2,1,1)(3,1,0)(1,1,1)(2,1,1)(2,1,0)(3,2,1)(4,2,1)(5,1,0)(3,2,1)(4,2,1)(5,1,0)(1,1,1)	psi(W_W_(w^2)+W_W_w)	psi(W_W_(w^2)+W_W_w)	
4086	(0,0,0)(1,1,1)(2,1,1)(3,1,0)(1,1,1)(2,1,1)(2,1,0)(3,2,1)(4,2,1)(5,1,0)(3,2,1)(4,2,1)(5,1,0)(1,1,1)(2,1,0)(3,2,1)(4,2,1)(5,1,0)	psi(W_W_(w^2)+W_W_w+psi_W_(w+1)(W_W))	psi(W_W_(w^2)+W_W_w+psi_W_(w+1)(W_W))	
4087	(0,0,0)(1,1,1)(2,1,1)(3,1,0)(1,1,1)(2,1,1)(2,1,0)(3,2,1)(4,2,1)(5,1,0)(3,2,1)(4,2,1)(5,1,0)(1,1,1)(2,1,0)(3,2,1)(4,2,1)(5,2,0)(3,2,1)(4,2,1)	psi(W_W_(w^2)+W_W_w+psi_W_(w+1)(W_W_(w^2)))	psi(W_W_(w^2)+W_W_w+psi_W_(w+1)(W_W_(w^2)))	
4088	(0,0,0)(1,1,1)(2,1,1)(3,1,0)(1,1,1)(2,1,1)(2,1,0)(3,2,1)(4,2,1)(5,1,0)(3,2,1)(4,2,1)(5,1,0)(1,1,1)(2,1,0)(3,2,1)(4,2,1)(5,2,0)(3,2,1)(4,2,1)(4,2,0)(5,3,1)(6,3,1)(7,2,0)(5,3,1)(6,3,1)(7,1,0)	psi(W_W_(w^2)+W_W_w+psi_W_(w+1)(W_W_(w^2)+W_W))	psi(W_W_(w^2)+W_W_w+psi_W_(w+1)(W_W_(w^2)+W_W))	
4089	(0,0,0)(1,1,1)(2,1,1)(3,1,0)(1,1,1)(2,1,1)(2,1,0)(3,2,1)(4,2,1)(5,1,0)(3,2,1)(4,2,1)(5,1,0)(1,1,1)(2,1,0)(3,2,1)(4,2,1)(5,2,0)(3,2,1)(4,2,1)(4,2,0)(5,3,1)(6,3,1)(7,2,0)(5,3,1)(6,3,1)(7,1,0)(3,2,0)	psi(W_W_(w^2)+W_W_w+W_(w+1))	psi(W_W_(w^2)+W_W_w+W_(w+1))	
4090	(0,0,0)(1,1,1)(2,1,1)(3,1,0)(1,1,1)(2,1,1)(2,1,0)(3,2,1)(4,2,1)(5,1,0)(3,2,1)(4,2,1)(5,1,0)(1,1,1)(2,1,0)(3,2,1)(4,2,1)(5,2,0)(3,2,1)(4,2,1)(4,2,0)(5,3,1)(6,3,1)(7,2,0)(5,3,1)(6,3,1)(7,1,0)(3,2,1)	psi(W_W_(w^2)+W_W_w+W_(w2))	psi(W_W_(w^2)+W_W_w+W_(w2))	
4091	(0,0,0)(1,1,1)(2,1,1)(3,1,0)(1,1,1)(2,1,1)(2,1,0)(3,2,1)(4,2,1)(5,1,0)(3,2,1)(4,2,1)(5,1,0)(1,1,1)(2,1,0)(3,2,1)(4,2,1)(5,2,0)(3,2,1)(4,2,1)(4,2,0)(5,3,1)(6,3,1)(7,2,0)(5,3,1)(6,3,1)(7,1,0)(3,2,1)(4,2,1)	psi(W_W_(w^2)+W_W_w+W_(w^2))	psi(W_W_(w^2)+W_W_w+W_(w^2))	
4092	(0,0,0)(1,1,1)(2,1,1)(3,1,0)(1,1,1)(2,1,1)(2,1,0)(3,2,1)(4,2,1)(5,1,0)(3,2,1)(4,2,1)(5,1,0)(1,1,1)(2,1,0)(3,2,1)(4,2,1)(5,2,0)(3,2,1)(4,2,1)(4,2,0)(5,3,1)(6,3,1)(7,2,0)(5,3,1)(6,3,1)(7,1,0)(5,3,0)	psi(W_W_(w^2)+W_W_w+W_(w^2+1))	psi(W_W_(w^2)+W_W_w+W_(w^2+1))	
4093	(0,0,0)(1,1,1)(2,1,1)(3,1,0)(1,1,1)(2,1,1)(2,1,0)(3,2,1)(4,2,1)(5,1,0)(3,2,1)(4,2,1)(5,1,0)(1,1,1)(2,1,0)(3,2,1)(4,2,1)(5,2,0)(3,2,1)(4,2,1)(4,2,0)(5,3,1)(6,3,1)(7,2,0)(5,3,1)(6,3,1)(7,1,0)(5,3,1)(6,3,1)	psi(W_W_(w^2)+W_W_w+W_(w^2*2))	psi(W_W_(w^2)+W_W_w+W_(w^2*2))	
4094	(0,0,0)(1,1,1)(2,1,1)(3,1,0)(1,1,1)(2,1,1)(2,1,0)(3,2,1)(4,2,1)(5,1,0)(3,2,1)(4,2,1)(5,1,0)(1,1,1)(2,1,0)(3,2,1)(4,2,1)(5,2,0)(3,2,1)(4,2,1)(4,2,0)(5,3,1)(6,3,1)(7,2,0)(5,3,1)(6,3,1)(7,1,0)(5,3,1)(6,3,1)(7,1,0)	psi(W_W_(w^2)+W_W_w+W_W)	psi(W_W_(w^2)+W_W_w+W_W)	
4095	(0,0,0)(1,1,1)(2,1,1)(3,1,0)(1,1,1)(2,1,1)(2,1,0)(3,2,1)(4,2,1)(5,1,0)(3,2,1)(4,2,1)(5,1,0)(1,1,1)(2,1,0)(3,2,1)(4,2,1)(5,2,0)(3,2,1)(4,2,1)(4,2,0)(5,3,1)(6,3,1)(7,2,0)(5,3,1)(6,3,1)(7,1,0)(5,3,1)(6,3,1)(7,1,0)(1,1,1)	psi(W_W_(w^2)+W_W_w*2)	psi(W_W_(w^2)+W_W_w*2)	
4096	(0,0,0)(1,1,1)(2,1,1)(3,1,0)(1,1,1)(2,1,1)(2,1,0)(3,2,1)(4,2,1)(5,1,0)(3,2,1)(4,2,1)(5,1,0)(1,1,1)(2,1,0)(3,2,1)(4,2,1)(5,2,0)(3,2,1)(4,2,1)(4,2,0)(5,3,1)(6,3,1)(7,2,0)(5,3,1)(6,3,1)(7,1,0)(6,1,0)	psi(W_W_(w^2)+W_W_w*W)	psi(W_W_(w^2)+W_W_w*W)	
4097	(0,0,0)(1,1,1)(2,1,1)(3,1,0)(1,1,1)(2,1,1)(2,1,0)(3,2,1)(4,2,1)(5,1,0)(3,2,1)(4,2,1)(5,1,0)(1,1,1)(2,1,0)(3,2,1)(4,2,1)(5,2,0)(3,2,1)(4,2,1)(4,2,0)(5,3,1)(6,3,1)(7,2,0)(5,3,1)(6,3,1)(7,1,0)(6,3,0)	psi(W_W_(w^2)+W_W_w*W_(w^2+1))	psi(W_W_(w^2)+W_W_w*W_(w^2+1))	
4098	(0,0,0)(1,1,1)(2,1,1)(3,1,0)(1,1,1)(2,1,1)(2,1,0)(3,2,1)(4,2,1)(5,1,0)(3,2,1)(4,2,1)(5,1,0)(1,1,1)(2,1,0)(3,2,1)(4,2,1)(5,2,0)(3,2,1)(4,2,1)(4,2,0)(5,3,1)(6,3,1)(7,2,0)(5,3,1)(6,3,1)(7,1,0)(6,3,0)(5,3,1)(6,3,1)(7,1,0)(1,1,1)	psi(W_W_(w^2)+W_W_w^2)	psi(W_W_(w^2)+W_W_w^2)	
4099	(0,0,0)(1,1,1)(2,1,1)(3,1,0)(1,1,1)(2,1,1)(2,1,0)(3,2,1)(4,2,1)(5,1,0)(3,2,1)(4,2,1)(5,1,0)(1,1,1)(2,1,0)(3,2,1)(4,2,1)(5,2,0)(3,2,1)(4,2,1)(4,2,0)(5,3,1)(6,3,1)(7,2,0)(5,3,1)(6,3,1)(7,1,0)(6,3,0)(7,4,0)	psi(W_W_(w^2)+psi_W_(W_w+1)(W_(W_w+1)))	psi(W_W_(w^2)+psi_W_(W_w+1)(W_(W_w+1)))	
4100	(0,0,0)(1,1,1)(2,1,1)(3,1,0)(1,1,1)(2,1,1)(2,1,0)(3,2,1)(4,2,1)(5,1,0)(3,2,1)(4,2,1)(5,1,0)(1,1,1)(2,1,0)(3,2,1)(4,2,1)(5,2,0)(3,2,1)(4,2,1)(4,2,0)(5,3,1)(6,3,1)(7,2,0)(5,3,1)(6,3,1)(7,1,0)(6,3,0)(7,4,1)	psi(W_W_(w^2)+psi_W_(W_w+1)(W_(W_w+w)))	psi(W_W_(w^2)+psi_W_(W_w+1)(W_(W_w+w)))	
4101	(0,0,0)(1,1,1)(2,1,1)(3,1,0)(1,1,1)(2,1,1)(2,1,0)(3,2,1)(4,2,1)(5,1,0)(3,2,1)(4,2,1)(5,1,0)(1,1,1)(2,1,0)(3,2,1)(4,2,1)(5,2,0)(3,2,1)(4,2,1)(4,2,0)(5,3,1)(6,3,1)(7,2,0)(5,3,1)(6,3,1)(7,1,0)(6,3,0)(7,4,1)(8,4,1)	psi(W_W_(w^2)+psi_W_(W_w+1)(W_(W_w+w^2)))	psi(W_W_(w^2)+psi_W_(W_w+1)(W_(W_w+w^2)))	
4102	(0,0,0)(1,1,1)(2,1,1)(3,1,0)(1,1,1)(2,1,1)(2,1,0)(3,2,1)(4,2,1)(5,1,0)(3,2,1)(4,2,1)(5,1,0)(1,1,1)(2,1,0)(3,2,1)(4,2,1)(5,2,0)(3,2,1)(4,2,1)(4,2,0)(5,3,1)(6,3,1)(7,2,0)(5,3,1)(6,3,1)(7,1,0)(6,3,0)(7,4,1)(8,4,1)(9,1,0)	psi(W_W_(w^2)+psi_W_(W_w+1)(W_(W_w+W)))	psi(W_W_(w^2)+psi_W_(W_w+1)(W_(W_w+W)))	
4103	(0,0,0)(1,1,1)(2,1,1)(3,1,0)(1,1,1)(2,1,1)(2,1,0)(3,2,1)(4,2,1)(5,1,0)(3,2,1)(4,2,1)(5,1,0)(1,1,1)(2,1,0)(3,2,1)(4,2,1)(5,2,0)(3,2,1)(4,2,1)(4,2,0)(5,3,1)(6,3,1)(7,2,0)(5,3,1)(6,3,1)(7,1,0)(6,3,0)(7,4,1)(8,4,1)(9,1,0)(1,1,1)	psi(W_W_(w^2)+psi_W_(W_w+1)(W_(W_w*2)))	psi(W_W_(w^2)+psi_W_(W_w+1)(W_(W_w*2)))	
4104	(0,0,0)(1,1,1)(2,1,1)(3,1,0)(1,1,1)(2,1,1)(2,1,0)(3,2,1)(4,2,1)(5,1,0)(3,2,1)(4,2,1)(5,1,0)(1,1,1)(2,1,0)(3,2,1)(4,2,1)(5,2,0)(3,2,1)(4,2,1)(4,2,0)(5,3,1)(6,3,1)(7,2,0)(5,3,1)(6,3,1)(7,1,0)(6,3,0)(7,4,1)(8,4,1)(9,2,0)	psi(W_W_(w^2)+psi_W_(W_w+1)(W_W_(w+1)))	psi(W_W_(w^2)+psi_W_(W_w+1)(W_W_(w+1)))	
4105	(0,0,0)(1,1,1)(2,1,1)(3,1,0)(1,1,1)(2,1,1)(2,1,0)(3,2,1)(4,2,1)(5,1,0)(3,2,1)(4,2,1)(5,1,0)(1,1,1)(2,1,0)(3,2,1)(4,2,1)(5,2,0)(3,2,1)(4,2,1)(4,2,0)(5,3,1)(6,3,1)(7,2,0)(5,3,1)(6,3,1)(7,1,0)(6,3,0)(7,4,1)(8,4,1)(9,2,0)(3,2,1)(4,2,1)	psi(W_W_(w^2)+psi_W_(W_w+1)(W_W_(w^2)))	psi(W_W_(w^2)+psi_W_(W_w+1)(W_W_(w^2)))	
4106	(0,0,0)(1,1,1)(2,1,1)(3,1,0)(1,1,1)(2,1,1)(2,1,0)(3,2,1)(4,2,1)(5,1,0)(3,2,1)(4,2,1)(5,1,0)(1,1,1)(2,1,0)(3,2,1)(4,2,1)(5,2,0)(3,2,1)(4,2,1)(4,2,0)(5,3,1)(6,3,1)(7,2,0)(5,3,1)(6,3,1)(7,1,0)(6,3,0)(7,4,1)(8,4,1)(9,2,0)(7,4,0)	psi(W_W_(w^2)+W_(W_w+1))	psi(W_W_(w^2)+W_(W_w+1))	
4107	(0,0,0)(1,1,1)(2,1,1)(3,1,0)(1,1,1)(2,1,1)(2,1,0)(3,2,1)(4,2,1)(5,1,0)(3,2,1)(4,2,1)(5,1,0)(1,1,1)(2,1,0)(3,2,1)(4,2,1)(5,2,0)(3,2,1)(4,2,1)(4,2,0)(5,3,1)(6,3,1)(7,2,0)(5,3,1)(6,3,1)(7,1,0)(6,3,0)(7,4,1)(8,4,1)(9,2,0)(7,4,1)	psi(W_W_(w^2)+W_(W_w+w))	psi(W_W_(w^2)+W_(W_w+w))	
4108	(0,0,0)(1,1,1)(2,1,1)(3,1,0)(1,1,1)(2,1,1)(2,1,0)(3,2,1)(4,2,1)(5,1,0)(3,2,1)(4,2,1)(5,1,0)(1,1,1)(2,1,0)(3,2,1)(4,2,1)(5,2,0)(3,2,1)(4,2,1)(4,2,0)(5,3,1)(6,3,1)(7,2,0)(5,3,1)(6,3,1)(7,1,0)(6,3,0)(7,4,1)(8,4,1)(9,2,0)(7,4,1)(8,4,1)(9,1,0)	psi(W_W_(w^2)+W_(W_w+W))	psi(W_W_(w^2)+W_(W_w+W))	
4109	(0,0,0)(1,1,1)(2,1,1)(3,1,0)(1,1,1)(2,1,1)(2,1,0)(3,2,1)(4,2,1)(5,1,0)(3,2,1)(4,2,1)(5,1,0)(1,1,1)(2,1,0)(3,2,1)(4,2,1)(5,2,0)(3,2,1)(4,2,1)(4,2,0)(5,3,1)(6,3,1)(7,2,0)(5,3,1)(6,3,1)(7,1,0)(6,3,0)(7,4,1)(8,4,1)(9,2,0)(7,4,1)(8,4,1)(9,1,0)(1,1,1)	psi(W_W_(w^2)+W_(W_w*2))	psi(W_W_(w^2)+W_(W_w*2))	
4110	(0,0,0)(1,1,1)(2,1,1)(3,1,0)(1,1,1)(2,1,1)(2,1,0)(3,2,1)(4,2,1)(5,1,0)(3,2,1)(4,2,1)(5,1,0)(1,1,1)(2,1,0)(3,2,1)(4,2,1)(5,2,0)(3,2,1)(4,2,1)(4,2,0)(5,3,1)(6,3,1)(7,2,0)(5,3,1)(6,3,1)(7,1,0)(6,3,1)	psi(W_W_(w^2)+W_(W_w*w))	psi(W_W_(w^2)+W_(W_w*w))	
4111	(0,0,0)(1,1,1)(2,1,1)(3,1,0)(1,1,1)(2,1,1)(2,1,0)(3,2,1)(4,2,1)(5,1,0)(3,2,1)(4,2,1)(5,1,0)(1,1,1)(2,1,0)(3,2,1)(4,2,1)(5,2,0)(3,2,1)(4,2,1)(4,2,0)(5,3,1)(6,3,1)(7,2,0)(5,3,1)(6,3,1)(7,1,0)(6,3,1)(6,3,1)	psi(W_W_(w^2)+W_(W_w*w^2))	psi(W_W_(w^2)+W_(W_w*w^2))	
4112	(0,0,0)(1,1,1)(2,1,1)(3,1,0)(1,1,1)(2,1,1)(2,1,0)(3,2,1)(4,2,1)(5,1,0)(3,2,1)(4,2,1)(5,1,0)(1,1,1)(2,1,0)(3,2,1)(4,2,1)(5,2,0)(3,2,1)(4,2,1)(4,2,0)(5,3,1)(6,3,1)(7,2,0)(5,3,1)(6,3,1)(7,1,0)(6,3,1)(7,1,0)	psi(W_W_(w^2)+W_(W_w*W))	psi(W_W_(w^2)+W_(W_w*W))	
4113	(0,0,0)(1,1,1)(2,1,1)(3,1,0)(1,1,1)(2,1,1)(2,1,0)(3,2,1)(4,2,1)(5,1,0)(3,2,1)(4,2,1)(5,1,0)(1,1,1)(2,1,0)(3,2,1)(4,2,1)(5,2,0)(3,2,1)(4,2,1)(4,2,0)(5,3,1)(6,3,1)(7,2,0)(5,3,1)(6,3,1)(7,1,0)(6,3,1)(7,1,0)(1,1,1)	psi(W_W_(w^2)+W_(W_w^2))	psi(W_W_(w^2)+W_(W_w^2))	
4114	(0,0,0)(1,1,1)(2,1,1)(3,1,0)(1,1,1)(2,1,1)(2,1,0)(3,2,1)(4,2,1)(5,1,0)(3,2,1)(4,2,1)(5,1,0)(1,1,1)(2,1,0)(3,2,1)(4,2,1)(5,2,0)(3,2,1)(4,2,1)(4,2,0)(5,3,1)(6,3,1)(7,2,0)(5,3,1)(6,3,1)(7,1,0)(7,1,0)(1,1,1)	psi(W_W_(w^2)+W_(W_w^W_w))	psi(W_W_(w^2)+W_(W_w^W_w))	
4115	(0,0,0)(1,1,1)(2,1,1)(3,1,0)(1,1,1)(2,1,1)(2,1,0)(3,2,1)(4,2,1)(5,1,0)(3,2,1)(4,2,1)(5,1,0)(1,1,1)(2,1,0)(3,2,1)(4,2,1)(5,2,0)(3,2,1)(4,2,1)(4,2,0)(5,3,1)(6,3,1)(7,2,0)(5,3,1)(6,3,1)(7,1,0)(8,2,0)	psi(W_W_(w^2)+W_(psi_W_(w+1)(W_(w+1))))	psi(W_W_(w^2)+W_(psi_W_(w+1)(W_(w+1))))	
4116	(0,0,0)(1,1,1)(2,1,1)(3,1,0)(1,1,1)(2,1,1)(2,1,0)(3,2,1)(4,2,1)(5,1,0)(3,2,1)(4,2,1)(5,1,0)(1,1,1)(2,1,0)(3,2,1)(4,2,1)(5,2,0)(3,2,1)(4,2,1)(4,2,0)(5,3,1)(6,3,1)(7,2,0)(5,3,1)(6,3,1)(7,1,0)(8,2,1)(9,2,1)(10,1,0)	psi(W_W_(w^2)+W_(psi_W_(w+1)(W_W)))	psi(W_W_(w^2)+W_(psi_W_(w+1)(W_W)))	
4117	(0,0,0)(1,1,1)(2,1,1)(3,1,0)(1,1,1)(2,1,1)(2,1,0)(3,2,1)(4,2,1)(5,1,0)(3,2,1)(4,2,1)(5,1,0)(1,1,1)(2,1,0)(3,2,1)(4,2,1)(5,2,0)(3,2,1)(4,2,1)(4,2,0)(5,3,1)(6,3,1)(7,2,0)(5,3,1)(6,3,1)(7,1,0)(8,2,1)(9,2,1)(10,1,0)(1,1,1)	psi(W_W_(w^2)+W_(psi_W_(w+1)(W_W_w)))	psi(W_W_(w^2)+W_(psi_W_(w+1)(W_W_w)))	
4118	(0,0,0)(1,1,1)(2,1,1)(3,1,0)(1,1,1)(2,1,1)(2,1,0)(3,2,1)(4,2,1)(5,1,0)(3,2,1)(4,2,1)(5,1,0)(1,1,1)(2,1,0)(3,2,1)(4,2,1)(5,2,0)(3,2,1)(4,2,1)(4,2,0)(5,3,1)(6,3,1)(7,2,0)(5,3,1)(6,3,1)(7,1,0)(8,2,1)(9,2,1)(10,2,0)	psi(W_W_(w^2)+W_(psi_W_(w+1)(W_W_(w+1))))	psi(W_W_(w^2)+W_(psi_W_(w+1)(W_W_(w+1))))	
4119	(0,0,0)(1,1,1)(2,1,1)(3,1,0)(1,1,1)(2,1,1)(2,1,0)(3,2,1)(4,2,1)(5,1,0)(3,2,1)(4,2,1)(5,1,0)(1,1,1)(2,1,0)(3,2,1)(4,2,1)(5,2,0)(3,2,1)(4,2,1)(4,2,0)(5,3,1)(6,3,1)(7,2,0)(5,3,1)(6,3,1)(7,1,0)(8,2,1)(9,2,1)(10,2,0)(8,2,1)(9,2,1)	psi(W_W_(w^2)+W_(psi_W_(w+1)(W_W_(w^2))))	psi(W_W_(w^2)+W_(psi_W_(w+1)(W_W_(w^2))))	
4120	(0,0,0)(1,1,1)(2,1,1)(3,1,0)(1,1,1)(2,1,1)(2,1,0)(3,2,1)(4,2,1)(5,1,0)(3,2,1)(4,2,1)(5,1,0)(1,1,1)(2,1,0)(3,2,1)(4,2,1)(5,2,0)(3,2,1)(4,2,1)(4,2,0)(5,3,1)(6,3,1)(7,2,0)(5,3,1)(6,3,1)(7,2,0)	psi(W_W_(w^2)+W_W_(w+1))	psi(W_W_(w^2)+W_W_(w+1))	
4121	(0,0,0)(1,1,1)(2,1,1)(3,1,0)(1,1,1)(2,1,1)(2,1,0)(3,2,1)(4,2,1)(5,1,0)(3,2,1)(4,2,1)(5,1,0)(1,1,1)(2,1,0)(3,2,1)(4,2,1)(5,2,0)(3,2,1)(4,2,1)(4,2,0)(5,3,1)(6,3,1)(7,2,0)(5,3,1)(6,3,1)(7,2,0)(3,2,0)(4,3,1)(5,3,1)(6,3,0)(4,3,1)(5,3,1)(5,3,0)(6,4,1)(7,4,1)(8,3,0)(6,4,1)(7,4,1)(8,3,0)	psi(W_W_(w^2)+W_W_(w+2))	psi(W_W_(w^2)+W_W_(w+2))	
4122	(0,0,0)(1,1,1)(2,1,1)(3,1,0)(1,1,1)(2,1,1)(2,1,0)(3,2,1)(4,2,1)(5,1,0)(3,2,1)(4,2,1)(5,1,0)(1,1,1)(2,1,0)(3,2,1)(4,2,1)(5,2,0)(3,2,1)(4,2,1)(4,2,0)(5,3,1)(6,3,1)(7,2,0)(5,3,1)(6,3,1)(7,2,0)(3,2,1)	psi(W_W_(w^2)+W_W_(w2))	psi(W_W_(w^2)+W_W_(w2))	
4123	(0,0,0)(1,1,1)(2,1,1)(3,1,0)(1,1,1)(2,1,1)(2,1,0)(3,2,1)(4,2,1)(5,1,0)(3,2,1)(4,2,1)(5,1,0)(1,1,1)(2,1,1)	psi(W_W_(w^2)*2)	psi(W_W_(w^2)*2)	
4124	(0,0,0)(1,1,1)(2,1,1)(3,1,0)(1,1,1)(2,1,1)(2,1,0)(3,2,1)(4,2,1)(5,1,0)(3,2,1)(4,2,1)(5,1,0)(1,1,1)(2,1,1)(1,1,1)(2,1,1)	psi(W_W_(w^2)*2+W_(w^2))	psi(W_W_(w^2)*2+W_(w^2))	
4125	(0,0,0)(1,1,1)(2,1,1)(3,1,0)(1,1,1)(2,1,1)(2,1,0)(3,2,1)(4,2,1)(5,1,0)(3,2,1)(4,2,1)(5,1,0)(3,2,0)	psi(W_W_(w^2)*2+W_(w^2+1))	psi(W_W_(w^2)*2+W_(w^2+1))	
4126	(0,0,0)(1,1,1)(2,1,1)(3,1,0)(1,1,1)(2,1,1)(2,1,0)(3,2,1)(4,2,1)(5,1,0)(3,2,1)(4,2,1)(5,1,0)(3,2,0)(4,2,1)	psi(W_W_(w^2)*2+W_(w^2*2))	psi(W_W_(w^2)*2+W_(w^2*2))	
4127	(0,0,0)(1,1,1)(2,1,1)(3,1,0)(1,1,1)(2,1,1)(2,1,0)(3,2,1)(4,2,1)(5,1,0)(3,2,1)(4,2,1)(5,1,0)(3,2,1)(4,2,1)(5,1,0)	psi(W_W_(w^2)*2+W_W)	psi(W_W_(w^2)*2+W_W)	
4128	(0,0,0)(1,1,1)(2,1,1)(3,1,0)(1,1,1)(2,1,1)(2,1,0)(3,2,1)(4,2,1)(5,1,0)(3,2,1)(4,2,1)(5,1,0)(3,2,1)(4,2,1)(5,1,0)(1,1,1)	psi(W_W_(w^2)*2+W_W_w)	psi(W_W_(w^2)*2+W_W_w)	
4129	(0,0,0)(1,1,1)(2,1,1)(3,1,0)(1,1,1)(2,1,1)(2,1,0)(3,2,1)(4,2,1)(5,1,0)(3,2,1)(4,2,1)(5,1,0)(3,2,1)(4,2,1)(5,1,0)(1,1,1)(2,1,1)	psi(W_W_(w^2)*3)	psi(W_W_(w^2)*3)	
4130	(0,0,0)(1,1,1)(2,1,1)(3,1,0)(1,1,1)(2,1,1)(2,1,0)(3,2,1)(4,2,1)(5,1,0)(4,0,0)	psi(W_W_(w^2)*w)	psi(W_W_(w^2)*w)	
4131	(0,0,0)(1,1,1)(2,1,1)(3,1,0)(1,1,1)(2,1,1)(2,1,0)(3,2,1)(4,2,1)(5,1,0)(4,1,0)	psi(W_W_(w^2)*W)	psi(W_W_(w^2)*W)	
4132	(0,0,0)(1,1,1)(2,1,1)(3,1,0)(1,1,1)(2,1,1)(2,1,0)(3,2,1)(4,2,1)(5,1,0)(4,1,0)(1,1,0)(2,2,1)(3,2,1)(4,2,0)(2,2,1)(3,2,1)(3,2,0)(4,3,1)(5,3,1)(6,2,0)(5,2,0)	psi(W_W_(w^2)*W_2)	psi(W_W_(w^2)*W_2)	
4133	(0,0,0)(1,1,1)(2,1,1)(3,1,0)(1,1,1)(2,1,1)(2,1,0)(3,2,1)(4,2,1)(5,1,0)(4,1,0)(1,1,1)	psi(W_W_(w^2)*W_w)	psi(W_W_(w^2)*W_w)	
4134	(0,0,0)(1,1,1)(2,1,1)(3,1,0)(1,1,1)(2,1,1)(2,1,0)(3,2,1)(4,2,1)(5,1,0)(4,1,0)(1,1,1)(2,1,0)(3,2,1)(4,2,1)(5,1,0)	psi(W_W_(w^2)*W_w+psi_W_(w+1)(W_W))	psi(W_W_(w^2)*W_w+psi_W_(w+1)(W_W))	
4135	(0,0,0)(1,1,1)(2,1,1)(3,1,0)(1,1,1)(2,1,1)(2,1,0)(3,2,1)(4,2,1)(5,1,0)(4,1,0)(1,1,1)(2,1,0)(3,2,1)(4,2,1)(5,2,0)(3,2,1)(4,2,1)(4,2,0)(5,3,1)(6,3,1)(7,2,0)(6,1,0)	psi(W_W_(w^2)*W_w+psi_W_(w+1)(W_W_(w^2)*W))	psi(W_W_(w^2)*W_w+psi_W_(w+1)(W_W_(w^2)*W))	
4136	(0,0,0)(1,1,1)(2,1,1)(3,1,0)(1,1,1)(2,1,1)(2,1,0)(3,2,1)(4,2,1)(5,1,0)(4,1,0)(1,1,1)(2,1,0)(3,2,1)(4,2,1)(5,2,0)(3,2,1)(4,2,1)(4,2,0)(5,3,1)(6,3,1)(7,2,0)(6,1,0)(5,3,0)	psi(W_W_(w^2)*W_w+W_(w+1))	psi(W_W_(w^2)*W_w+W_(w+1))	
4137	(0,0,0)(1,1,1)(2,1,1)(3,1,0)(1,1,1)(2,1,1)(2,1,0)(3,2,1)(4,2,1)(5,1,0)(4,1,0)(1,1,1)(2,1,0)(3,2,1)(4,2,1)(5,2,0)(3,2,1)(4,2,1)(4,2,0)(5,3,1)(6,3,1)(7,2,0)(6,1,0)(5,3,1)(6,3,1)(7,1,0)	psi(W_W_(w^2)*W_w+W_W)	psi(W_W_(w^2)*W_w+W_W)	
4138	(0,0,0)(1,1,1)(2,1,1)(3,1,0)(1,1,1)(2,1,1)(2,1,0)(3,2,1)(4,2,1)(5,1,0)(4,1,0)(1,1,1)(2,1,0)(3,2,1)(4,2,1)(5,2,0)(3,2,1)(4,2,1)(4,2,0)(5,3,1)(6,3,1)(7,2,0)(6,1,0)(5,3,1)(6,3,1)(7,2,0)(6,1,0)	psi(W_W_(w^2)*W_w+W_W_(w^2)*W)	psi(W_W_(w^2)*W_w+W_W_(w^2)*W)	
4139	(0,0,0)(1,1,1)(2,1,1)(3,1,0)(1,1,1)(2,1,1)(2,1,0)(3,2,1)(4,2,1)(5,1,0)(4,1,0)(1,1,1)(2,1,0)(3,2,1)(4,2,1)(5,2,0)(3,2,1)(4,2,1)(4,2,0)(5,3,1)(6,3,1)(7,2,0)(6,1,0)(5,3,1)(6,3,1)(7,2,0)(6,1,0)(1,1,1)	psi(W_W_(w^2)*W_w*2)	psi(W_W_(w^2)*W_w*2)	
4140	(0,0,0)(1,1,1)(2,1,1)(3,1,0)(1,1,1)(2,1,1)(2,1,0)(3,2,1)(4,2,1)(5,1,0)(4,1,0)(1,1,1)(2,1,0)(3,2,1)(4,2,1)(5,2,0)(3,2,1)(4,2,1)(4,2,0)(5,3,1)(6,3,1)(7,2,0)(6,1,0)(6,1,0)(1,1,1)	psi(W_W_(w^2)*W_w^2)	psi(W_W_(w^2)*W_w^2)	
4141	(0,0,0)(1,1,1)(2,1,1)(3,1,0)(1,1,1)(2,1,1)(2,1,0)(3,2,1)(4,2,1)(5,1,0)(4,1,0)(1,1,1)(2,1,0)(3,2,1)(4,2,1)(5,2,0)(3,2,1)(4,2,1)(4,2,0)(5,3,1)(6,3,1)(7,2,0)(6,2,0)	psi(W_W_(w^2)*W_(w+1))	psi(W_W_(w^2)*W_(w+1))	
4142	(0,0,0)(1,1,1)(2,1,1)(3,1,0)(1,1,1)(2,1,1)(2,1,0)(3,2,1)(4,2,1)(5,1,0)(4,1,0)(1,1,1)(2,1,0)(3,2,1)(4,2,1)(5,2,0)(3,2,1)(4,2,1)(4,2,0)(5,3,1)(6,3,1)(7,2,0)(6,2,0)(3,2,1)	psi(W_W_(w^2)*W_(w2))	psi(W_W_(w^2)*W_(w2))	
4143	(0,0,0)(1,1,1)(2,1,1)(3,1,0)(1,1,1)(2,1,1)(2,1,0)(3,2,1)(4,2,1)(5,1,0)(4,1,0)(1,1,1)(2,1,1)	psi(W_W_(w^2)*W_(w^2))	psi(W_W_(w^2)*W_(w^2))	
4144	(0,0,0)(1,1,1)(2,1,1)(3,1,0)(1,1,1)(2,1,1)(2,1,0)(3,2,1)(4,2,1)(5,1,0)(4,1,0)(1,1,1)(2,1,1)(1,1,1)(2,1,1)	psi(W_W_(w^2)*W_(w^2)+W_(w^2))	psi(W_W_(w^2)*W_(w^2)+W_(w^2))	
4145	(0,0,0)(1,1,1)(2,1,1)(3,1,0)(1,1,1)(2,1,1)(2,1,0)(3,2,1)(4,2,1)(5,1,0)(4,1,0)(1,1,1)(2,1,1)(2,1,0)(3,2,1)(4,2,1)(5,1,0)	psi(W_W_(w^2)*W_(w^2)+psi_W_(w^2+1)(W_W))	psi(W_W_(w^2)*W_(w^2)+psi_W_(w^2+1)(W_W))	
4146	(0,0,0)(1,1,1)(2,1,1)(3,1,0)(1,1,1)(2,1,1)(2,1,0)(3,2,1)(4,2,1)(5,1,0)(4,1,0)(1,1,1)(2,1,1)(2,1,0)(3,2,1)(4,2,1)(5,1,0)(4,1,0)	psi(W_W_(w^2)*W_(w^2)+psi_W_(w^2+1)(W_W_(w^2)*W))	psi(W_W_(w^2)*W_(w^2)+psi_W_(w^2+1)(W_W_(w^2)*W))	
4147	(0,0,0)(1,1,1)(2,1,1)(3,1,0)(1,1,1)(2,1,1)(2,1,0)(3,2,1)(4,2,1)(5,1,0)(4,1,0)(1,1,1)(2,1,1)(2,1,0)(3,2,1)(4,2,1)(5,1,0)(4,1,0)(1,1,1)(2,1,1)	psi(W_W_(w^2)*W_(w^2)+psi_W_(w^2+1)(W_W_(w^2)*W_(w^2)))	psi(W_W_(w^2)*W_(w^2)+psi_W_(w^2+1)(W_W_(w^2)*W_(w^2)))	
4148	(0,0,0)(1,1,1)(2,1,1)(3,1,0)(1,1,1)(2,1,1)(2,1,0)(3,2,1)(4,2,1)(5,1,0)(4,1,0)(2,1,0)	psi(W_W_(w^2)*W_(w^2)+psi_W_(w^2+1)(W_W_(w^2)*W_(w^2))*W)	psi(W_W_(w^2)*W_(w^2)+psi_W_(w^2+1)(W_W_(w^2)*W_(w^2))*W)	
4149	(0,0,0)(1,1,1)(2,1,1)(3,1,0)(1,1,1)(2,1,1)(2,1,0)(3,2,1)(4,2,1)(5,1,0)(4,1,0)(3,2,0)	psi(W_W_(w^2)*W_(w^2)+W_(w^2+1))	psi(W_W_(w^2)*W_(w^2)+W_(w^2+1))	
4150	(0,0,0)(1,1,1)(2,1,1)(3,1,0)(1,1,1)(2,1,1)(2,1,0)(3,2,1)(4,2,1)(5,1,0)(4,1,0)(3,2,1)(4,2,1)	psi(W_W_(w^2)*W_(w^2)+W_(w^2*2))	psi(W_W_(w^2)*W_(w^2)+W_(w^2*2))	
4151	(0,0,0)(1,1,1)(2,1,1)(3,1,0)(1,1,1)(2,1,1)(2,1,0)(3,2,1)(4,2,1)(5,1,0)(4,1,0)(3,2,1)(4,2,1)(5,1,0)	psi(W_W_(w^2)*W_(w^2)+W_W)	psi(W_W_(w^2)*W_(w^2)+W_W)	
4152	(0,0,0)(1,1,1)(2,1,1)(3,1,0)(1,1,1)(2,1,1)(2,1,0)(3,2,1)(4,2,1)(5,1,0)(4,1,0)(3,2,1)(4,2,1)(5,1,0)(1,1,1)(2,1,1)	psi(W_W_(w^2)*W_(w^2)+W_W_(w^2))	psi(W_W_(w^2)*W_(w^2)+W_W_(w^2))	
4153	(0,0,0)(1,1,1)(2,1,1)(3,1,0)(1,1,1)(2,1,1)(2,1,0)(3,2,1)(4,2,1)(5,1,0)(4,1,0)(3,2,1)(4,2,1)(5,1,0)(3,2,1)(4,2,1)(5,1,0)(1,1,1)(2,1,1)	psi(W_W_(w^2)*W_(w^2)+W_(w^2)*2)	psi(W_W_(w^2)*W_(w^2)+W_(w^2)*2)	
4154	(0,0,0)(1,1,1)(2,1,1)(3,1,0)(1,1,1)(2,1,1)(2,1,0)(3,2,1)(4,2,1)(5,1,0)(4,1,0)(3,2,1)(4,2,1)(5,1,0)(4,1,0)	psi(W_W_(w^2)*W_(w^2)+W_W_(w^2)*W)	psi(W_W_(w^2)*W_(w^2)+W_W_(w^2)*W)	
4155	(0,0,0)(1,1,1)(2,1,1)(3,1,0)(1,1,1)(2,1,1)(2,1,0)(3,2,1)(4,2,1)(5,1,0)(4,1,0)(3,2,1)(4,2,1)(5,1,0)(4,1,0)(1,1,1)(2,1,1)	psi(W_W_(w^2)*W_(w^2)*2)	psi(W_W_(w^2)*W_(w^2)*2)	
4156	(0,0,0)(1,1,1)(2,1,1)(3,1,0)(1,1,1)(2,1,1)(2,1,0)(3,2,1)(4,2,1)(5,1,0)(4,1,0)(4,1,0)	psi(W_W_(w^2)*W_(w^2)*W)	psi(W_W_(w^2)*W_(w^2)*W)	
4157	(0,0,0)(1,1,1)(2,1,1)(3,1,0)(1,1,1)(2,1,1)(2,1,0)(3,2,1)(4,2,1)(5,1,0)(4,1,0)(4,1,0)(1,1,1)(2,1,1)	psi(W_W_(w^2)*W_(w^2)^2)	psi(W_W_(w^2)*W_(w^2)^2)	
4158	(0,0,0)(1,1,1)(2,1,1)(3,1,0)(1,1,1)(2,1,1)(2,1,0)(3,2,1)(4,2,1)(5,1,0)(4,1,0)(5,1,0)(1,1,1)(2,1,1)	psi(W_W_(w^2)*W_(w^2)*W_(w^2))	psi(W_W_(w^2)*W_(w^2)*W_(w^2))	
4159	(0,0,0)(1,1,1)(2,1,1)(3,1,0)(1,1,1)(2,1,1)(2,1,0)(3,2,1)(4,2,1)(5,1,0)(4,1,0)(5,2,0)	psi(W_W_(w^2)*psi_W_(w^2+1)(W_(w^2+1)))	psi(W_W_(w^2)*psi_W_(w^2+1)(W_(w^2+1)))	
4160	(0,0,0)(1,1,1)(2,1,1)(3,1,0)(1,1,1)(2,1,1)(2,1,0)(3,2,1)(4,2,1)(5,1,0)(4,1,0)(5,2,1)(6,2,1)(7,1,0)	psi(W_W_(w^2)*psi_W_(w^2+1)(W_W))	psi(W_W_(w^2)*psi_W_(w^2+1)(W_W))	
4161	(0,0,0)(1,1,1)(2,1,1)(3,1,0)(1,1,1)(2,1,1)(2,1,0)(3,2,1)(4,2,1)(5,1,0)(4,2,0)	psi(W_W_(w^2)*W_(w^2+1))	psi(W_W_(w^2)*W_(w^2+1))	
4162	(0,0,0)(1,1,1)(2,1,1)(3,1,0)(1,1,1)(2,1,1)(2,1,0)(3,2,1)(4,2,1)(5,1,0)(4,2,0)(3,2,0)	psi(W_W_(w^2)*W_(w^2+1)+W_(w^2+1))	psi(W_W_(w^2)*W_(w^2+1)+W_(w^2+1))	
4163	(0,0,0)(1,1,1)(2,1,1)(3,1,0)(1,1,1)(2,1,1)(2,1,0)(3,2,1)(4,2,1)(5,1,0)(4,2,0)(3,2,0)(4,3,1)(5,3,1)(6,1,0)	psi(W_W_(w^2)*W_(w^2+1)+psi_W_(w^2+2)(W_W))	psi(W_W_(w^2)*W_(w^2+1)+psi_W_(w^2+2)(W_W))	
4164	(0,0,0)(1,1,1)(2,1,1)(3,1,0)(1,1,1)(2,1,1)(2,1,0)(3,2,1)(4,2,1)(5,1,0)(4,2,0)(3,2,0)(4,3,1)(5,3,1)(6,1,0)(5,2,0)	psi(W_W_(w^2)*W_(w^2+1)+psi_W_(w^2+2)(W_W_(w^2)*W_(w^2+1)))	psi(W_W_(w^2)*W_(w^2+1)+psi_W_(w^2+2)(W_W_(w^2)*W_(w^2+1)))	
4165	(0,0,0)(1,1,1)(2,1,1)(3,1,0)(1,1,1)(2,1,1)(2,1,0)(3,2,1)(4,2,1)(5,1,0)(4,2,0)(3,2,0)(4,3,1)(5,3,1)(6,1,0)(5,3,0)	psi(W_W_(w^2)*W_(w^2+2))	psi(W_W_(w^2)*W_(w^2+2))	
4166	(0,0,0)(1,1,1)(2,1,1)(3,1,0)(1,1,1)(2,1,1)(2,1,0)(3,2,1)(4,2,1)(5,1,0)(4,2,0)(3,2,1)	psi(W_W_(w^2)*W_(w^2+w))	psi(W_W_(w^2)*W_(w^2+w))	
4167	(0,0,0)(1,1,1)(2,1,1)(3,1,0)(1,1,1)(2,1,1)(2,1,0)(3,2,1)(4,2,1)(5,1,0)(4,2,0)(3,2,1)(4,2,1)	psi(W_W_(w^2)*W_(w^2*2))	psi(W_W_(w^2)*W_(w^2*2))	
4168	(0,0,0)(1,1,1)(2,1,1)(3,1,0)(1,1,1)(2,1,1)(2,1,0)(3,2,1)(4,2,1)(5,1,0)(4,2,0)(3,2,1)(4,2,1)(4,2,1)	psi(W_W_(w^2)*W_(w^3))	psi(W_W_(w^2)*W_(w^3))	
4169	(0,0,0)(1,1,1)(2,1,1)(3,1,0)(1,1,1)(2,1,1)(2,1,0)(3,2,1)(4,2,1)(5,1,0)(4,2,0)(3,2,1)(4,2,1)(5,0,0)	psi(W_W_(w^2)*W_(w^w))	psi(W_W_(w^2)*W_(w^w))	
4170	(0,0,0)(1,1,1)(2,1,1)(3,1,0)(1,1,1)(2,1,1)(2,1,0)(3,2,1)(4,2,1)(5,1,0)(4,2,0)(3,2,1)(4,2,1)(5,1,0)	psi(W_W_(w^2)*W_W)	psi(W_W_(w^2)*W_W)	
4171	(0,0,0)(1,1,1)(2,1,1)(3,1,0)(1,1,1)(2,1,1)(2,1,0)(3,2,1)(4,2,1)(5,1,0)(4,2,0)(3,2,1)(4,2,1)(5,1,0)(1,1,0)(2,2,1)(3,2,1)(4,1,0)(2,2,1)(3,2,1)(3,2,0)(4,3,1)(5,3,1)(6,2,0)(5,3,0)(4,3,1)(5,3,1)(6,2,0)	psi(W_W_(w^2)*W_W_2)	psi(W_W_(w^2)*W_W_2)	
4172	(0,0,0)(1,1,1)(2,1,1)(3,1,0)(1,1,1)(2,1,1)(2,1,0)(3,2,1)(4,2,1)(5,1,0)(4,2,0)(3,2,1)(4,2,1)(5,1,0)(1,1,1)	psi(W_W_(w^2)*W_W_w)	psi(W_W_(w^2)*W_W_w)	
4173	(0,0,0)(1,1,1)(2,1,1)(3,1,0)(1,1,1)(2,1,1)(2,1,0)(3,2,1)(4,2,1)(5,1,0)(4,2,0)(3,2,1)(4,2,1)(5,1,0)(1,1,1)(2,1,0)(3,2,1)(4,2,1)(5,2,0)(3,2,1)(4,2,1)(4,2,0)(5,3,1)(6,3,1)(7,2,0)(5,3,1)(6,3,1)(7,2,0)	psi(W_W_(w^2)*W_W_(w+1))	psi(W_W_(w^2)*W_W_(w+1))	
4174	(0,0,0)(1,1,1)(2,1,1)(3,1,0)(1,1,1)(2,1,1)(2,1,0)(3,2,1)(4,2,1)(5,1,0)(4,2,0)(3,2,1)(4,2,1)(5,1,0)(1,1,1)(2,1,0)(3,2,1)(4,2,1)(5,2,0)(3,2,1)(4,2,1)(4,2,0)(5,3,1)(6,3,1)(7,2,0)(5,3,1)(6,3,1)(7,2,0)(3,2,1)	psi(W_W_(w^2)*W_W_(w2))	psi(W_W_(w^2)*W_W_(w2))	
4175	(0,0,0)(1,1,1)(2,1,1)(3,1,0)(1,1,1)(2,1,1)(2,1,0)(3,2,1)(4,2,1)(5,1,0)(4,2,0)(3,2,1)(4,2,1)(5,1,0)(1,1,1)(2,1,1)	psi(W_W_(w^2)^2)	psi(W_W_(w^2)^2)	
4176	(0,0,0)(1,1,1)(2,1,1)(3,1,0)(1,1,1)(2,1,1)(2,1,0)(3,2,1)(4,2,1)(5,1,0)(4,2,0)(3,2,1)(4,2,1)(5,1,0)(3,2,1)(4,2,1)(5,1,0)	psi(W_W_(w^2)^2+W_W)	psi(W_W_(w^2)^2+W_W)	
4177	(0,0,0)(1,1,1)(2,1,1)(3,1,0)(1,1,1)(2,1,1)(2,1,0)(3,2,1)(4,2,1)(5,1,0)(4,2,0)(3,2,1)(4,2,1)(5,1,0)(3,2,1)(4,2,1)(5,1,0)(1,1,1)(2,1,1)	psi(W_W_(w^2)^2+W_W_(w^2))	psi(W_W_(w^2)^2+W_W_(w^2))	
4178	(0,0,0)(1,1,1)(2,1,1)(3,1,0)(1,1,1)(2,1,1)(2,1,0)(3,2,1)(4,2,1)(5,1,0)(4,2,0)(3,2,1)(4,2,1)(5,1,0)(4,2,0)	psi(W_W_(w^2)^2+W_W_(w^2)*W)	psi(W_W_(w^2)^2+W_W_(w^2)*W)	
4179	(0,0,0)(1,1,1)(2,1,1)(3,1,0)(1,1,1)(2,1,1)(2,1,0)(3,2,1)(4,2,1)(5,1,0)(4,2,0)(3,2,1)(4,2,1)(5,1,0)(4,2,0)(1,1,1)(2,1,1)	psi(W_W_(w^2)^2*2)	psi(W_W_(w^2)^2*2)	
4180	(0,0,0)(1,1,1)(2,1,1)(3,1,0)(1,1,1)(2,1,1)(2,1,0)(3,2,1)(4,2,1)(5,1,0)(4,2,0)(4,1,0)	psi(W_W_(w^2)^2*W)	psi(W_W_(w^2)^2*W)	
4181	(0,0,0)(1,1,1)(2,1,1)(3,1,0)(1,1,1)(2,1,1)(2,1,0)(3,2,1)(4,2,1)(5,1,0)(4,2,0)(4,2,0)(3,2,1)(4,2,1)(5,1,0)(1,1,1)(2,1,1)	psi(W_W_(w^2)^3)	psi(W_W_(w^2)^3)	
4182	(0,0,0)(1,1,1)(2,1,1)(3,1,0)(1,1,1)(2,1,1)(2,1,0)(3,2,1)(4,2,1)(5,1,0)(4,2,0)(5,1,0)	psi(W_W_(w^2)^W)	psi(W_W_(w^2)^W)	
4183	(0,0,0)(1,1,1)(2,1,1)(3,1,0)(1,1,1)(2,1,1)(2,1,0)(3,2,1)(4,2,1)(5,1,0)(4,2,0)(5,2,0)	psi(W_W_(w^2)^W_(w^2+1))	psi(W_W_(w^2)^W_(w^2+1))	
4184	(0,0,0)(1,1,1)(2,1,1)(3,1,0)(1,1,1)(2,1,1)(2,1,0)(3,2,1)(4,2,1)(5,1,0)(4,2,0)(5,2,0)(3,2,1)(4,2,1)(5,1,0)	psi(W_W_(w^2)^W_W)	psi(W_W_(w^2)^W_W)	
4185	(0,0,0)(1,1,1)(2,1,1)(3,1,0)(1,1,1)(2,1,1)(2,1,0)(3,2,1)(4,2,1)(5,1,0)(4,2,0)(5,2,0)(3,2,1)(4,2,1)(5,1,0)(1,1,1)(2,1,1)	psi(W_W_(w^2)^W_W_(w^2))	psi(W_W_(w^2)^W_W_(w^2))	
4186	(0,0,0)(1,1,1)(2,1,1)(3,1,0)(1,1,1)(2,1,1)(2,1,0)(3,2,1)(4,2,1)(5,1,0)(4,2,0)(5,3,0)	psi(W_(W_(w^2)+1))	psi(W_(W_(w^2)+1))	
4187	(0,0,0)(1,1,1)(2,1,1)(3,1,0)(1,1,1)(2,1,1)(2,1,0)(3,2,1)(4,2,1)(5,1,0)(4,2,0)(5,3,0)(5,3,0)	psi(W_(W_(w^2)+1)*2)	psi(W_(W_(w^2)+1)*2)	
4188	(0,0,0)(1,1,1)(2,1,1)(3,1,0)(1,1,1)(2,1,1)(2,1,0)(3,2,1)(4,2,1)(5,1,0)(4,2,0)(5,3,0)(6,3,0)	psi(W_(W_(w^2)+1)^2)	psi(W_(W_(w^2)+1)^2)	
4189	(0,0,0)(1,1,1)(2,1,1)(3,1,0)(1,1,1)(2,1,1)(2,1,0)(3,2,1)(4,2,1)(5,1,0)(4,2,0)(5,3,0)(6,4,0)	psi(W_(W_(w^2)+2))	psi(W_(W_(w^2)+2))	
4190	(0,0,0)(1,1,1)(2,1,1)(3,1,0)(1,1,1)(2,1,1)(2,1,0)(3,2,1)(4,2,1)(5,1,0)(4,2,0)(5,3,1)	psi(W_(W_(w^2)+w))	psi(W_(W_(w^2)+w))	
4191	(0,0,0)(1,1,1)(2,1,1)(3,1,0)(1,1,1)(2,1,1)(2,1,0)(3,2,1)(4,2,1)(5,1,0)(4,2,0)(5,3,1)(6,3,0)(7,4,0)	psi(W_(W_(w^2)+w+1))	psi(W_(W_(w^2)+w+1))	
4192	(0,0,0)(1,1,1)(2,1,1)(3,1,0)(1,1,1)(2,1,1)(2,1,0)(3,2,1)(4,2,1)(5,1,0)(4,2,0)(5,3,1)(6,3,0)(7,4,1)	psi(W_(W_(w^2)+w2))	psi(W_(W_(w^2)+w2))	
4193	(0,0,0)(1,1,1)(2,1,1)(3,1,0)(1,1,1)(2,1,1)(2,1,0)(3,2,1)(4,2,1)(5,1,0)(4,2,0)(5,3,1)(6,3,1)	psi(W_(W_(w^2)+w^2))	psi(W_(W_(w^2)+w^2))	
4194	(0,0,0)(1,1,1)(2,1,1)(3,1,0)(1,1,1)(2,1,1)(2,1,0)(3,2,1)(4,2,1)(5,1,0)(4,2,0)(5,3,1)(6,3,1)(7,1,0)	psi(W_(W_(w^2)+W))	psi(W_(W_(w^2)+W))	
4195	(0,0,0)(1,1,1)(2,1,1)(3,1,0)(1,1,1)(2,1,1)(2,1,0)(3,2,1)(4,2,1)(5,1,0)(4,2,0)(5,3,1)(6,3,1)(7,1,0)(1,1,1)	psi(W_(W_(w^2)+W_w))	psi(W_(W_(w^2)+W_w))	
4196	(0,0,0)(1,1,1)(2,1,1)(3,1,0)(1,1,1)(2,1,1)(2,1,0)(3,2,1)(4,2,1)(5,1,0)(4,2,0)(5,3,1)(6,3,1)(7,1,0)(1,1,1)(2,1,1)	psi(W_(W_(w^2)*2))	psi(W_(W_(w^2)*2))	
4197	(0,0,0)(1,1,1)(2,1,1)(3,1,0)(1,1,1)(2,1,1)(2,1,0)(3,2,1)(4,2,1)(5,1,0)(4,2,0)(5,3,1)(6,3,1)(7,1,0)(6,3,0)(7,4,1)(8,4,1)(9,1,0)(1,1,1)(2,1,1)	psi(W_(W_(w^2)*3))	psi(W_(W_(w^2)*3))	
4198	(0,0,0)(1,1,1)(2,1,1)(3,1,0)(1,1,1)(2,1,1)(2,1,0)(3,2,1)(4,2,1)(5,1,0)(4,2,1)	psi(W_(W_(w^2)*w))	psi(W_(W_(w^2)*w))	
4199	(0,0,0)(1,1,1)(2,1,1)(3,1,0)(1,1,1)(2,1,1)(2,1,0)(3,2,1)(4,2,1)(5,1,0)(4,2,1)(4,2,0)(5,3,0)	psi(W_(W_(w^2)*w+1))	psi(W_(W_(w^2)*w+1))	
4200	(0,0,0)(1,1,1)(2,1,1)(3,1,0)(1,1,1)(2,1,1)(2,1,0)(3,2,1)(4,2,1)(5,1,0)(4,2,1)(4,2,0)(5,3,1)	psi(W_(W_(w^2)*w+w))	psi(W_(W_(w^2)*w+w))	
4201	(0,0,0)(1,1,1)(2,1,1)(3,1,0)(1,1,1)(2,1,1)(2,1,0)(3,2,1)(4,2,1)(5,1,0)(4,2,1)(4,2,0)(5,3,1)(6,3,1)(7,1,0)	psi(W_(W_(w^2)*w+W))	psi(W_(W_(w^2)*w+W))	
4202	(0,0,0)(1,1,1)(2,1,1)(3,1,0)(1,1,1)(2,1,1)(2,1,0)(3,2,1)(4,2,1)(5,1,0)(4,2,1)(4,2,0)(5,3,1)(6,3,1)(7,1,0)(1,1,1)(2,1,1)	psi(W_(W_(w^2)*w+W_(w^2)))	psi(W_(W_(w^2)*w+W_(w^2)))	
4203	(0,0,0)(1,1,1)(2,1,1)(3,1,0)(1,1,1)(2,1,1)(2,1,0)(3,2,1)(4,2,1)(5,1,0)(4,2,1)(4,2,0)(5,3,1)(6,3,1)(7,1,0)(6,3,1)	psi(W_(W_(w^2)*w2))	psi(W_(W_(w^2)*w2))	
4204	(0,0,0)(1,1,1)(2,1,1)(3,1,0)(1,1,1)(2,1,1)(2,1,0)(3,2,1)(4,2,1)(5,1,0)(4,2,1)(4,2,1)	psi(W_(W_(w^2)*w^2))	psi(W_(W_(w^2)*w^2))	
4205	(0,0,0)(1,1,1)(2,1,1)(3,1,0)(1,1,1)(2,1,1)(2,1,0)(3,2,1)(4,2,1)(5,1,0)(4,2,1)(5,0,0)	psi(W_(W_(w^2)*w^w))	psi(W_(W_(w^2)*w^w))	
4206	(0,0,0)(1,1,1)(2,1,1)(3,1,0)(1,1,1)(2,1,1)(2,1,0)(3,2,1)(4,2,1)(5,1,0)(4,2,1)(5,1,0)	psi(W_(W_(w^2)*W))	psi(W_(W_(w^2)*W))	
4207	(0,0,0)(1,1,1)(2,1,1)(3,1,0)(1,1,1)(2,1,1)(2,1,0)(3,2,1)(4,2,1)(5,1,0)(4,2,1)(5,1,0)(1,1,1)	psi(W_(W_(w^2)*W_w))	psi(W_(W_(w^2)*W_w))	
4208	(0,0,0)(1,1,1)(2,1,1)(3,1,0)(1,1,1)(2,1,1)(2,1,0)(3,2,1)(4,2,1)(5,1,0)(4,2,1)(5,1,0)(1,1,1)(2,1,1)	psi(W_(W_(w^2)^2))	psi(W_(W_(w^2)^2))	
4209	(0,0,0)(1,1,1)(2,1,1)(3,1,0)(1,1,1)(2,1,1)(2,1,0)(3,2,1)(4,2,1)(5,1,0)(5,1,0)	psi(W_(W_(w^2)^W))	psi(W_(W_(w^2)^W))	
4210	(0,0,0)(1,1,1)(2,1,1)(3,1,0)(1,1,1)(2,1,1)(2,1,0)(3,2,1)(4,2,1)(5,1,0)(5,1,0)(1,1,1)(2,1,1)	psi(W_(W_(w^2)^W_(w^2)))	psi(W_(W_(w^2)^W_(w^2)))	
4211	(0,0,0)(1,1,1)(2,1,1)(3,1,0)(1,1,1)(2,1,1)(2,1,0)(3,2,1)(4,2,1)(5,1,0)(6,2,0)	psi(W_psi_W_(w^2+1)(W_(w^2+1)))	psi(W_psi_W_(w^2+1)(W_(w^2+1)))	
4212	(0,0,0)(1,1,1)(2,1,1)(3,1,0)(1,1,1)(2,1,1)(2,1,0)(3,2,1)(4,2,1)(5,1,0)(6,2,1)(7,2,1)(8,1,0)	psi(W_psi_W_(w^2+1)(W_W))	psi(W_psi_W_(w^2+1)(W_W))	
4213	(0,0,0)(1,1,1)(2,1,1)(3,1,0)(1,1,1)(2,1,1)(2,1,0)(3,2,1)(4,2,1)(5,2,0)	psi(W_W_(w^2+1))	psi(W_W_(w^2+1))	
4214	(0,0,0)(1,1,1)(2,1,1)(3,1,0)(1,1,1)(2,1,1)(2,1,0)(3,2,1)(4,2,1)(5,2,0)(1,1,1)(2,1,1)	psi(W_W_(w^2+1)+W_(w^2))	psi(W_W_(w^2+1)+W_(w^2))	
4215	(0,0,0)(1,1,1)(2,1,1)(3,1,0)(1,1,1)(2,1,1)(2,1,0)(3,2,1)(4,2,1)(5,2,0)(1,1,1)(2,1,1)(2,1,0)(3,2,1)(4,2,1)(5,2,0)	psi(W_W_(w^2+1)+psi_W_(w^2+1)(W_W_(w^2+1)))	psi(W_W_(w^2+1)+psi_W_(w^2+1)(W_W_(w^2+1)))	
4216	(0,0,0)(1,1,1)(2,1,1)(3,1,0)(1,1,1)(2,1,1)(2,1,0)(3,2,1)(4,2,1)(5,2,0)(2,1,0)	psi(W_W_(w^2+1)+psi_W_(w^2+1)(W_W_(w^2+1))*W)	psi(W_W_(w^2+1)+psi_W_(w^2+1)(W_W_(w^2+1))*W)	
4217	(0,0,0)(1,1,1)(2,1,1)(3,1,0)(1,1,1)(2,1,1)(2,1,0)(3,2,1)(4,2,1)(5,2,0)(3,2,0)	psi(W_W_(w^2+1)+W_(w^2+1))	psi(W_W_(w^2+1)+W_(w^2+1))	
4218	(0,0,0)(1,1,1)(2,1,1)(3,1,0)(1,1,1)(2,1,1)(2,1,0)(3,2,1)(4,2,1)(5,2,0)(3,2,0)(4,3,1)(5,3,1)(6,1,0)	psi(W_W_(w^2+1)+psi_W_(w^2+2)(W_W))	psi(W_W_(w^2+1)+psi_W_(w^2+2)(W_W))	
4219	(0,0,0)(1,1,1)(2,1,1)(3,1,0)(1,1,1)(2,1,1)(2,1,0)(3,2,1)(4,2,1)(5,2,0)(3,2,0)(4,3,1)(5,3,1)(6,2,0)	psi(W_W_(w^2+1)+psi_W_(w^2+2)(W_W_(w^2+1)))	psi(W_W_(w^2+1)+psi_W_(w^2+2)(W_W_(w^2+1)))	
4220	(0,0,0)(1,1,1)(2,1,1)(3,1,0)(1,1,1)(2,1,1)(2,1,0)(3,2,1)(4,2,1)(5,2,0)(3,2,0)(4,3,1)(5,3,1)(6,2,0)(4,3,0)	psi(W_W_(w^2+1)+W_(w^2+2))	psi(W_W_(w^2+1)+W_(w^2+2))	
4221	(0,0,0)(1,1,1)(2,1,1)(3,1,0)(1,1,1)(2,1,1)(2,1,0)(3,2,1)(4,2,1)(5,2,0)(3,2,0)(4,3,1)(5,3,1)(6,2,0)(4,3,1)	psi(W_W_(w^2+1)+W_(w^2+w))	psi(W_W_(w^2+1)+W_(w^2+w))	
4222	(0,0,0)(1,1,1)(2,1,1)(3,1,0)(1,1,1)(2,1,1)(2,1,0)(3,2,1)(4,2,1)(5,2,0)(3,2,0)(4,3,1)(5,3,1)(6,2,0)(4,3,1)(5,3,1)	psi(W_W_(w^2+1)+W_(w^2*2))	psi(W_W_(w^2+1)+W_(w^2*2))	
4223	(0,0,0)(1,1,1)(2,1,1)(3,1,0)(1,1,1)(2,1,1)(2,1,0)(3,2,1)(4,2,1)(5,2,0)(3,2,0)(4,3,1)(5,3,1)(6,2,0)(4,3,1)(5,3,1)(6,1,0)	psi(W_W_(w^2+1)+W_W)	psi(W_W_(w^2+1)+W_W)	
4224	(0,0,0)(1,1,1)(2,1,1)(3,1,0)(1,1,1)(2,1,1)(2,1,0)(3,2,1)(4,2,1)(5,2,0)(3,2,0)(4,3,1)(5,3,1)(6,2,0)(4,3,1)(5,3,1)(6,1,0)(1,1,1)	psi(W_W_(w^2+1)+W_W_w)	psi(W_W_(w^2+1)+W_W_w)	
4225	(0,0,0)(1,1,1)(2,1,1)(3,1,0)(1,1,1)(2,1,1)(2,1,0)(3,2,1)(4,2,1)(5,2,0)(3,2,0)(4,3,1)(5,3,1)(6,2,0)(4,3,1)(5,3,1)(6,1,0)(1,1,1)(2,1,1)	psi(W_W_(w^2+1)+W_W_(w^2))	psi(W_W_(w^2+1)+W_W_(w^2))	
4226	(0,0,0)(1,1,1)(2,1,1)(3,1,0)(1,1,1)(2,1,1)(2,1,0)(3,2,1)(4,2,1)(5,2,0)(3,2,0)(4,3,1)(5,3,1)(6,2,0)(4,3,1)(5,3,1)(6,1,0)(4,3,1)(5,3,1)(6,1,0)(1,1,1)(2,1,1)	psi(W_W_(w^2+1)+W_W_(w^2)*2)	psi(W_W_(w^2+1)+W_W_(w^2)*2)	
4227	(0,0,0)(1,1,1)(2,1,1)(3,1,0)(1,1,1)(2,1,1)(2,1,0)(3,2,1)(4,2,1)(5,2,0)(3,2,0)(4,3,1)(5,3,1)(6,2,0)(4,3,1)(5,3,1)(6,1,0)(5,1,0)	psi(W_W_(w^2+1)+W_W_(w^2)*W)	psi(W_W_(w^2+1)+W_W_(w^2)*W)	
4228	(0,0,0)(1,1,1)(2,1,1)(3,1,0)(1,1,1)(2,1,1)(2,1,0)(3,2,1)(4,2,1)(5,2,0)(3,2,0)(4,3,1)(5,3,1)(6,2,0)(4,3,1)(5,3,1)(6,1,0)(5,3,0)	psi(W_W_(w^2+1)+W_W_(w^2)*W_(w^2+1))	psi(W_W_(w^2+1)+W_W_(w^2)*W_(w^2+1))	
4229	(0,0,0)(1,1,1)(2,1,1)(3,1,0)(1,1,1)(2,1,1)(2,1,0)(3,2,1)(4,2,1)(5,2,0)(3,2,0)(4,3,1)(5,3,1)(6,2,0)(4,3,1)(5,3,1)(6,1,0)(5,3,0)(4,3,1)(5,3,1)(6,1,0)	psi(W_W_(w^2+1)+W_W_(w^2)^2)	psi(W_W_(w^2+1)+W_W_(w^2)^2)	
4230	(0,0,0)(1,1,1)(2,1,1)(3,1,0)(1,1,1)(2,1,1)(2,1,0)(3,2,1)(4,2,1)(5,2,0)(3,2,0)(4,3,1)(5,3,1)(6,2,0)(4,3,1)(5,3,1)(6,1,0)(5,3,0)(6,4,0)	psi(W_W_(w^2+1)+psi_W_(W_(w^2)+1)(W_(W_(w^2+1)))	psi(W_W_(w^2+1)+psi_W_(W_(w^2)+1)(W_(W_(w^2+1))))	paren+1
4231	(0,0,0)(1,1,1)(2,1,1)(3,1,0)(1,1,1)(2,1,1)(2,1,0)(3,2,1)(4,2,1)(5,2,0)(3,2,0)(4,3,1)(5,3,1)(6,2,0)(4,3,1)(5,3,1)(6,1,0)(5,3,0)(6,4,1)(7,4,1)(8,1,0)	psi(W_W_(w^2+1)+psi_W_(W_(w^2)+1)(W_(W_(w^2)+W)))	psi(W_W_(w^2+1)+psi_W_(W_(w^2)+1)(W_(W_(w^2)+W)))	
4232	(0,0,0)(1,1,1)(2,1,1)(3,1,0)(1,1,1)(2,1,1)(2,1,0)(3,2,1)(4,2,1)(5,2,0)(3,2,0)(4,3,1)(5,3,1)(6,2,0)(4,3,1)(5,3,1)(6,1,0)(5,3,0)(6,4,1)(7,4,1)(8,2,0)	psi(W_W_(w^2+1)+psi_W_(W_(w^2)+1)(W_W_(w^2+1)))	psi(W_W_(w^2+1)+psi_W_(W_(w^2)+1)(W_W_(w^2+1)))	
4233	(0,0,0)(1,1,1)(2,1,1)(3,1,0)(1,1,1)(2,1,1)(2,1,0)(3,2,1)(4,2,1)(5,2,0)(3,2,0)(4,3,1)(5,3,1)(6,2,0)(4,3,1)(5,3,1)(6,1,0)(5,3,0)(6,4,1)(7,4,1)(8,2,0)(6,4,0)	psi(W_W_(w^2+1)+W_(W_(w^2)+1))	psi(W_W_(w^2+1)+W_(W_(w^2)+1))	
4234	(0,0,0)(1,1,1)(2,1,1)(3,1,0)(1,1,1)(2,1,1)(2,1,0)(3,2,1)(4,2,1)(5,2,0)(3,2,0)(4,3,1)(5,3,1)(6,2,0)(4,3,1)(5,3,1)(6,1,0)(5,3,0)(6,4,1)(7,4,1)(8,2,0)(6,4,0)(7,4,1)(8,1,0)	psi(W_W_(w^2+1)+W_(W_(w^2)+W))	psi(W_W_(w^2+1)+W_(W_(w^2)+W))	
4235	(0,0,0)(1,1,1)(2,1,1)(3,1,0)(1,1,1)(2,1,1)(2,1,0)(3,2,1)(4,2,1)(5,2,0)(3,2,0)(4,3,1)(5,3,1)(6,2,0)(4,3,1)(5,3,1)(6,2,0)	psi(W_W_(w^2+1)*2)	psi(W_W_(w^2+1)*2)	
4236	(0,0,0)(1,1,1)(2,1,1)(3,1,0)(1,1,1)(2,1,1)(2,1,0)(3,2,1)(4,2,1)(5,2,0)(3,2,0)(4,3,1)(5,3,1)(6,2,0)(4,3,1)(5,3,1)(6,2,0)(4,3,1)(5,3,1)(6,2,0)	psi(W_W_(w^2+1)*3)	psi(W_W_(w^2+1)*3)	
4237	(0,0,0)(1,1,1)(2,1,1)(3,1,0)(1,1,1)(2,1,1)(2,1,0)(3,2,1)(4,2,1)(5,2,0)(3,2,0)(4,3,1)(5,3,1)(6,2,0)(5,1,0)	psi(W_W_(w^2+1)*W)	psi(W_W_(w^2+1)*W)	
4238	(0,0,0)(1,1,1)(2,1,1)(3,1,0)(1,1,1)(2,1,1)(2,1,0)(3,2,1)(4,2,1)(5,2,0)(3,2,0)(4,3,1)(5,3,1)(6,2,0)(5,1,0)(1,1,1)(2,1,1)	psi(W_W_(w^2+1)*W_(w^2))	psi(W_W_(w^2+1)*W_(w^2))	
4239	(0,0,0)(1,1,1)(2,1,1)(3,1,0)(1,1,1)(2,1,1)(2,1,0)(3,2,1)(4,2,1)(5,2,0)(3,2,0)(4,3,1)(5,3,1)(6,2,0)(5,2,0)	psi(W_W_(w^2+1)*W_(w^2+1))	psi(W_W_(w^2+1)*W_(w^2+1))	
4240	(0,0,0)(1,1,1)(2,1,1)(3,1,0)(1,1,1)(2,1,1)(2,1,0)(3,2,1)(4,2,1)(5,2,0)(3,2,0)(4,3,1)(5,3,1)(6,2,0)(5,2,0)(6,3,1)(7,3,1)(8,2,0)	psi(W_W_(w^2+1)*psi_W_(w^2+2)(W_W_(w^2+1)))	psi(W_W_(w^2+1)*psi_W_(w^2+2)(W_W_(w^2+1)))	
4241	(0,0,0)(1,1,1)(2,1,1)(3,1,0)(1,1,1)(2,1,1)(2,1,0)(3,2,1)(4,2,1)(5,2,0)(3,2,0)(4,3,1)(5,3,1)(6,2,0)(5,3,0)	psi(W_W_(w^2+1)*W_(w^2+2))	psi(W_W_(w^2+1)*W_(w^2+2))	
4242	(0,0,0)(1,1,1)(2,1,1)(3,1,0)(1,1,1)(2,1,1)(2,1,0)(3,2,1)(4,2,1)(5,2,0)(3,2,0)(4,3,1)(5,3,1)(6,2,0)(5,3,0)(4,3,1)	psi(W_W_(w^2+1)*W_(w^2+w))	psi(W_W_(w^2+1)*W_(w^2+w))	
4243	(0,0,0)(1,1,1)(2,1,1)(3,1,0)(1,1,1)(2,1,1)(2,1,0)(3,2,1)(4,2,1)(5,2,0)(3,2,0)(4,3,1)(5,3,1)(6,2,0)(5,3,0)(4,3,1)(5,3,1)	psi(W_W_(w^2+1)*W_(w^2*2))	psi(W_W_(w^2+1)*W_(w^2*2))	
4244	(0,0,0)(1,1,1)(2,1,1)(3,1,0)(1,1,1)(2,1,1)(2,1,0)(3,2,1)(4,2,1)(5,2,0)(3,2,0)(4,3,1)(5,3,1)(6,2,0)(5,3,0)(4,3,1)(5,3,1)(6,1,0)	psi(W_W_(w^2+1)*W_W)	psi(W_W_(w^2+1)*W_W)	
4245	(0,0,0)(1,1,1)(2,1,1)(3,1,0)(1,1,1)(2,1,1)(2,1,0)(3,2,1)(4,2,1)(5,2,0)(3,2,0)(4,3,1)(5,3,1)(6,2,0)(5,3,0)(4,3,1)(5,3,1)(6,1,0)(1,1,1)(2,1,1)	psi(W_W_(w^2+1)*W_W_(w^2))	psi(W_W_(w^2+1)*W_W_(w^2))	
4246	(0,0,0)(1,1,1)(2,1,1)(3,1,0)(1,1,1)(2,1,1)(2,1,0)(3,2,1)(4,2,1)(5,2,0)(3,2,0)(4,3,1)(5,3,1)(6,2,0)(5,3,0)(4,3,1)(5,3,1)(6,2,0)	psi(W_W_(w^2+1)^2)	psi(W_W_(w^2+1)^2)	
4247	(0,0,0)(1,1,1)(2,1,1)(3,1,0)(1,1,1)(2,1,1)(2,1,0)(3,2,1)(4,2,1)(5,2,0)(3,2,0)(4,3,1)(5,3,1)(6,2,0)(5,3,0)(6,3,0)(4,3,1)(5,3,1)(6,2,0)	psi(W_W_(w^2+1)^W_W_(w^2+1))	psi(W_W_(w^2+1)^W_W_(w^2+1))	
4248	(0,0,0)(1,1,1)(2,1,1)(3,1,0)(1,1,1)(2,1,1)(2,1,0)(3,2,1)(4,2,1)(5,2,0)(3,2,0)(4,3,1)(5,3,1)(6,2,0)(5,3,0)(6,4,0)	psi(W_(W_(w^2+1)+1))	psi(W_(W_(w^2+1)+1))	
4249	(0,0,0)(1,1,1)(2,1,1)(3,1,0)(1,1,1)(2,1,1)(2,1,0)(3,2,1)(4,2,1)(5,2,0)(3,2,0)(4,3,1)(5,3,1)(6,2,0)(5,3,0)(6,4,0)(7,5,0)	psi(W_(W_(w^2+1)+2))	psi(W_(W_(w^2+1)+2))	
4250	(0,0,0)(1,1,1)(2,1,1)(3,1,0)(1,1,1)(2,1,1)(2,1,0)(3,2,1)(4,2,1)(5,2,0)(3,2,0)(4,3,1)(5,3,1)(6,2,0)(5,3,0)(6,4,1)	psi(W_(W_(w^2+1)+w))	psi(W_(W_(w^2+1)+w))	
4251	(0,0,0)(1,1,1)(2,1,1)(3,1,0)(1,1,1)(2,1,1)(2,1,0)(3,2,1)(4,2,1)(5,2,0)(3,2,0)(4,3,1)(5,3,1)(6,2,0)(5,3,0)(6,4,1)(7,4,1)(8,1,0)	psi(W_(W_(w^2+1)+W))	psi(W_(W_(w^2+1)+W))	
4252	(0,0,0)(1,1,1)(2,1,1)(3,1,0)(1,1,1)(2,1,1)(2,1,0)(3,2,1)(4,2,1)(5,2,0)(3,2,0)(4,3,1)(5,3,1)(6,2,0)(5,3,0)(6,4,1)(7,4,1)(8,1,0)(1,1,1)(2,1,1)	psi(W_(W_(w^2+1)+W_(w^2)))	psi(W_(W_(w^2+1)+W_(w^2)))	
4253	(0,0,0)(1,1,1)(2,1,1)(3,1,0)(1,1,1)(2,1,1)(2,1,0)(3,2,1)(4,2,1)(5,2,0)(3,2,0)(4,3,1)(5,3,1)(6,2,0)(5,3,0)(6,4,1)(7,4,1)(8,2,0)	psi(W_(W_(w^2+1)*2))	psi(W_(W_(w^2+1)*2))	
4254	(0,0,0)(1,1,1)(2,1,1)(3,1,0)(1,1,1)(2,1,1)(2,1,0)(3,2,1)(4,2,1)(5,2,0)(3,2,0)(4,3,1)(5,3,1)(6,2,0)(5,3,1)	psi(W_(W_(w^2+1)*w))	psi(W_(W_(w^2+1)*w))	
4255	(0,0,0)(1,1,1)(2,1,1)(3,1,0)(1,1,1)(2,1,1)(2,1,0)(3,2,1)(4,2,1)(5,2,0)(3,2,0)(4,3,1)(5,3,1)(6,2,0)(5,3,1)(6,1,0)	psi(W_(W_(w^2+1)*W))	psi(W_(W_(w^2+1)*W))	
4256	(0,0,0)(1,1,1)(2,1,1)(3,1,0)(1,1,1)(2,1,1)(2,1,0)(3,2,1)(4,2,1)(5,2,0)(3,2,0)(4,3,1)(5,3,1)(6,2,0)(5,3,1)(6,1,0)(1,1,1)(2,1,1)	psi(W_(W_(w^2+1)*W_(w^2)))	psi(W_(W_(w^2+1)*W_(w^2)))	
4257	(0,0,0)(1,1,1)(2,1,1)(3,1,0)(1,1,1)(2,1,1)(2,1,0)(3,2,1)(4,2,1)(5,2,0)(3,2,0)(4,3,1)(5,3,1)(6,2,0)(5,3,1)(6,2,0)	psi(W_(W_(w^2+1)^2))	psi(W_(W_(w^2+1)^2))	
4258	(0,0,0)(1,1,1)(2,1,1)(3,1,0)(1,1,1)(2,1,1)(2,1,0)(3,2,1)(4,2,1)(5,2,0)(3,2,0)(4,3,1)(5,3,1)(6,2,0)(6,2,0)	psi(W_(W_(w^2+1)^W_(w^2+1)))	psi(W_(W_(w^2+1)^W_(w^2+1)))	
4259	(0,0,0)(1,1,1)(2,1,1)(3,1,0)(1,1,1)(2,1,1)(2,1,0)(3,2,1)(4,2,1)(5,2,0)(3,2,0)(4,3,1)(5,3,1)(6,2,0)(7,3,0)	psi(W_psi_W_(w^2+2)(W_(w^2+2)))	psi(W_psi_W_(w^2+2)(W_(w^2+2)))	
4260	(0,0,0)(1,1,1)(2,1,1)(3,1,0)(1,1,1)(2,1,1)(2,1,0)(3,2,1)(4,2,1)(5,2,0)(3,2,0)(4,3,1)(5,3,1)(6,3,0)	psi(W_W_(w^2+2))	psi(W_W_(w^2+2))	
4261	(0,0,0)(1,1,1)(2,1,1)(3,1,0)(1,1,1)(2,1,1)(2,1,0)(3,2,1)(4,2,1)(5,2,0)(3,2,0)(4,3,1)(5,3,1)(6,3,0)(4,3,0)(5,4,1)(6,4,1)(7,4,0)	psi(W_W_(w^2+3))	psi(W_W_(w^2+3))	
4262	(0,0,0)(1,1,1)(2,1,1)(3,1,0)(1,1,1)(2,1,1)(2,1,0)(3,2,1)(4,2,1)(5,2,0)(3,2,1)	psi(W_W_(w^2+w))	psi(W_W_(w^2+w))	
4263	(0,0,0)(1,1,1)(2,1,1)(3,1,0)(1,1,1)(2,1,1)(2,1,0)(3,2,1)(4,2,1)(5,2,0)(3,2,1)(3,2,0)	psi(W_W_(w^2+w)+W_(w^2+1))	psi(W_W_(w^2+w)+W_(w^2+1))	
4264	(0,0,0)(1,1,1)(2,1,1)(3,1,0)(1,1,1)(2,1,1)(2,1,0)(3,2,1)(4,2,1)(5,2,0)(3,2,1)(3,2,1)	psi(W_W_(w^2+w)+W_(w^2+w))	psi(W_W_(w^2+w)+W_(w^2+w))	
4265	(0,0,0)(1,1,1)(2,1,1)(3,1,0)(1,1,1)(2,1,1)(2,1,0)(3,2,1)(4,2,1)(5,2,0)(3,2,1)(4,2,0)(5,3,0)	psi(W_W_(w^2+w)+psi_W_(w^2+w+1)(W_(w^2+w+1)))	psi(W_W_(w^2+w)+psi_W_(w^2+w+1)(W_(w^2+w+1)))	
4266	(0,0,0)(1,1,1)(2,1,1)(3,1,0)(1,1,1)(2,1,1)(2,1,0)(3,2,1)(4,2,1)(5,2,0)(3,2,1)(4,2,0)(5,3,1)(6,3,1)(7,1,0)	psi(W_W_(w^2+w)+psi_W_(w^2+w+1)(W_W))	psi(W_W_(w^2+w)+psi_W_(w^2+w+1)(W_W))	
4267	(0,0,0)(1,1,1)(2,1,1)(3,1,0)(1,1,1)(2,1,1)(2,1,0)(3,2,1)(4,2,1)(5,2,0)(3,2,1)(4,2,0)(5,3,1)(6,3,1)(7,2,0)	psi(W_W_(w^2+w)+psi_W_(w^2+w+1)(W_W_(w^2+1)))	psi(W_W_(w^2+w)+psi_W_(w^2+w+1)(W_W_(w^2+1)))	
4268	(0,0,0)(1,1,1)(2,1,1)(3,1,0)(1,1,1)(2,1,1)(2,1,0)(3,2,1)(4,2,1)(5,2,0)(3,2,1)(4,2,0)(5,3,1)(6,3,1)(7,2,0)(3,2,1)	psi(W_W_(w^2+w)+psi_W_(w^2+w+1)(W_W_(w^2+w)))	psi(W_W_(w^2+w)+psi_W_(w^2+w+1)(W_W_(w^2+w)))	
4269	(0,0,0)(1,1,1)(2,1,1)(3,1,0)(1,1,1)(2,1,1)(2,1,0)(3,2,1)(4,2,1)(5,2,0)(3,2,1)(4,2,0)(5,3,1)(6,3,1)(7,2,0)(4,1,0)	psi(W_W_(w^2+w)+psi_W_(w^2+w+1)(W_W_(w^2+w))*W)	psi(W_W_(w^2+w)+psi_W_(w^2+w+1)(W_W_(w^2+w))*W)	
4270	(0,0,0)(1,1,1)(2,1,1)(3,1,0)(1,1,1)(2,1,1)(2,1,0)(3,2,1)(4,2,1)(5,2,0)(3,2,1)(4,2,0)(5,3,1)(6,3,1)(7,2,0)(5,1,0)	psi(W_W_(w^2+w)+psi_W_(w^2+1)(W_W_(w^2+w))^W)	psi(W_W_(w^2+w)+psi_W_(w^2+1)(W_W_(w^2+w))^W)	
4271	(0,0,0)(1,1,1)(2,1,1)(3,1,0)(1,1,1)(2,1,1)(2,1,0)(3,2,1)(4,2,1)(5,2,0)(3,2,1)(4,2,0)(5,3,1)(6,3,1)(7,2,0)(5,3,0)	psi(W_W_(w^2+w)+W_(w^2+w+1))	psi(W_W_(w^2+w)+W_(w^2+w+1))	
4272	(0,0,0)(1,1,1)(2,1,1)(3,1,0)(1,1,1)(2,1,1)(2,1,0)(3,2,1)(4,2,1)(5,2,0)(3,2,1)(4,2,0)(5,3,1)(6,3,1)(7,2,0)(5,3,1)	psi(W_W_(w^2+w)+W_(w^2+w2))	psi(W_W_(w^2+w)+W_(w^2+w2))	
4273	(0,0,0)(1,1,1)(2,1,1)(3,1,0)(1,1,1)(2,1,1)(2,1,0)(3,2,1)(4,2,1)(5,2,0)(3,2,1)(4,2,0)(5,3,1)(6,3,1)(7,2,0)(5,3,1)(6,3,1)	psi(W_W_(w^2+w)+W_(w^2*2))	psi(W_W_(w^2+w)+W_(w^2*2))	
4274	(0,0,0)(1,1,1)(2,1,1)(3,1,0)(1,1,1)(2,1,1)(2,1,0)(3,2,1)(4,2,1)(5,2,0)(3,2,1)(4,2,0)(5,3,1)(6,3,1)(7,2,0)(5,3,1)(6,3,1)(7,1,0)	psi(W_W_(w^2+w)+W_W)	psi(W_W_(w^2+w)+W_W)	
4275	(0,0,0)(1,1,1)(2,1,1)(3,1,0)(1,1,1)(2,1,1)(2,1,0)(3,2,1)(4,2,1)(5,2,0)(3,2,1)(4,2,0)(5,3,1)(6,3,1)(7,2,0)(5,3,1)(6,3,1)(7,1,0)(1,1,1)(2,1,1)	psi(W_W_(w^2+w)+W_W_(w^2))	psi(W_W_(w^2+w)+W_W_(w^2))	
4276	(0,0,0)(1,1,1)(2,1,1)(3,1,0)(1,1,1)(2,1,1)(2,1,0)(3,2,1)(4,2,1)(5,2,0)(3,2,1)(4,2,0)(5,3,1)(6,3,1)(7,2,0)(5,3,1)(6,3,1)(7,2,0)	psi(W_W_(w^2+w)+W_W_(w^2+1))	psi(W_W_(w^2+w)+W_W_(w^2+1))	
4277	(0,0,0)(1,1,1)(2,1,1)(3,1,0)(1,1,1)(2,1,1)(2,1,0)(3,2,1)(4,2,1)(5,2,0)(3,2,1)(4,2,0)(5,3,1)(6,3,1)(7,2,0)(5,3,1)(6,3,1)(7,2,0)(3,2,1)	psi(W_W_(w^2+w)*2)	psi(W_W_(w^2+w)*2)	
4278	(0,0,0)(1,1,1)(2,1,1)(3,1,0)(1,1,1)(2,1,1)(2,1,0)(3,2,1)(4,2,1)(5,2,0)(3,2,1)(4,2,0)(5,3,1)(6,3,1)(7,2,0)(6,1,0)	psi(W_W_(w^2+w)*W)	psi(W_W_(w^2+w)*W)	
4279	(0,0,0)(1,1,1)(2,1,1)(3,1,0)(1,1,1)(2,1,1)(2,1,0)(3,2,1)(4,2,1)(5,2,0)(3,2,1)(4,2,0)(5,3,1)(6,3,1)(7,2,0)(6,1,0)(1,1,1)	psi(W_W_(w^2+w)*W_w)	psi(W_W_(w^2+w)*W_w)	
4280	(0,0,0)(1,1,1)(2,1,1)(3,1,0)(1,1,1)(2,1,1)(2,1,0)(3,2,1)(4,2,1)(5,2,0)(3,2,1)(4,2,0)(5,3,1)(6,3,1)(7,2,0)(6,1,0)(1,1,1)(2,1,1)	psi(W_W_(w^2+w)*W_(w^2))	psi(W_W_(w^2+w)*W_(w^2))	
4281	(0,0,0)(1,1,1)(2,1,1)(3,1,0)(1,1,1)(2,1,1)(2,1,0)(3,2,1)(4,2,1)(5,2,0)(3,2,1)(4,2,0)(5,3,1)(6,3,1)(7,2,0)(6,2,0)	psi(W_W_(w^2+w)*W_(w^2+1))	psi(W_W_(w^2+w)*W_(w^2+1))	
4282	(0,0,0)(1,1,1)(2,1,1)(3,1,0)(1,1,1)(2,1,1)(2,1,0)(3,2,1)(4,2,1)(5,2,0)(3,2,1)(4,2,0)(5,3,1)(6,3,1)(7,2,0)(6,2,0)(3,2,1)	psi(W_W_(w^2+w)*W_(w^2+w))	psi(W_W_(w^2+w)*W_(w^2+w))	
4283	(0,0,0)(1,1,1)(2,1,1)(3,1,0)(1,1,1)(2,1,1)(2,1,0)(3,2,1)(4,2,1)(5,2,0)(3,2,1)(4,2,0)(5,3,1)(6,3,1)(7,2,0)(6,3,0)	psi(W_W_(w^2+w)*W_(w^2+w+1))	psi(W_W_(w^2+w)*W_(w^2+w+1))	
4284	(0,0,0)(1,1,1)(2,1,1)(3,1,0)(1,1,1)(2,1,1)(2,1,0)(3,2,1)(4,2,1)(5,2,0)(3,2,1)(4,2,0)(5,3,1)(6,3,1)(7,2,0)(6,3,0)(5,3,1)	psi(W_W_(w^2+w)*W_(w^2+w2))	psi(W_W_(w^2+w)*W_(w^2+w2))	
4285	(0,0,0)(1,1,1)(2,1,1)(3,1,0)(1,1,1)(2,1,1)(2,1,0)(3,2,1)(4,2,1)(5,2,0)(3,2,1)(4,2,0)(5,3,1)(6,3,1)(7,2,0)(6,3,0)(5,3,1)(6,3,1)	psi(W_W_(w^2+w+1)*W_(w^2*2))	psi(W_W_(w^2+w+1)*W_(w^2*2))	
4286	(0,0,0)(1,1,1)(2,1,1)(3,1,0)(1,1,1)(2,1,1)(2,1,0)(3,2,1)(4,2,1)(5,2,0)(3,2,1)(4,2,0)(5,3,1)(6,3,1)(7,2,0)(6,3,0)(5,3,1)(6,3,1)(7,1,0)	psi(W_W_(w^2+w)*W_W)	psi(W_W_(w^2+w)*W_W)	
4287	(0,0,0)(1,1,1)(2,1,1)(3,1,0)(1,1,1)(2,1,1)(2,1,0)(3,2,1)(4,2,1)(5,2,0)(3,2,1)(4,2,0)(5,3,1)(6,3,1)(7,2,0)(6,3,0)(5,3,1)(6,3,1)(7,1,0)(1,1,1)(2,1,1)	psi(W_W_(w^2+w)*W_W_(w^2))	psi(W_W_(w^2+w)*W_W_(w^2))	
4288	(0,0,0)(1,1,1)(2,1,1)(3,1,0)(1,1,1)(2,1,1)(2,1,0)(3,2,1)(4,2,1)(5,2,0)(3,2,1)(4,2,0)(5,3,1)(6,3,1)(7,2,0)(6,3,0)(5,3,1)(6,3,1)(7,2,0)	psi(W_W_(w^2+w)*W_W_(w^2+1))	psi(W_W_(w^2+w)*W_W_(w^2+1))	
4289	(0,0,0)(1,1,1)(2,1,1)(3,1,0)(1,1,1)(2,1,1)(2,1,0)(3,2,1)(4,2,1)(5,2,0)(3,2,1)(4,2,0)(5,3,1)(6,3,1)(7,2,0)(6,3,0)(5,3,1)(6,3,1)(7,2,0)(3,2,1)	psi(W_W_(w^2+w)^2)	psi(W_W_(w^2+w)^2)	
4290	(0,0,0)(1,1,1)(2,1,1)(3,1,0)(1,1,1)(2,1,1)(2,1,0)(3,2,1)(4,2,1)(5,2,0)(3,2,1)(4,2,0)(5,3,1)(6,3,1)(7,2,0)(6,3,0)(7,3,0)(5,3,1)(6,3,1)(7,2,0)(3,2,1)	psi(W_W_(w^2+w)^W_W_(w^2+w))	psi(W_W_(w^2+w)^W_W_(w^2+w))	
4291	(0,0,0)(1,1,1)(2,1,1)(3,1,0)(1,1,1)(2,1,1)(2,1,0)(3,2,1)(4,2,1)(5,2,0)(3,2,1)(4,2,0)(5,3,1)(6,3,1)(7,2,0)(6,3,0)(7,4,0)	psi(W_(W_(w^2+w)+1))	psi(W_(W_(w^2+w)+1))	
4292	(0,0,0)(1,1,1)(2,1,1)(3,1,0)(1,1,1)(2,1,1)(2,1,0)(3,2,1)(4,2,1)(5,2,0)(3,2,1)(4,2,0)(5,3,1)(6,3,1)(7,2,0)(6,3,0)(7,4,0)(8,5,0)	psi(W_(W_(w^2+w)+2))	psi(W_(W_(w^2+w)+2))	
4293	(0,0,0)(1,1,1)(2,1,1)(3,1,0)(1,1,1)(2,1,1)(2,1,0)(3,2,1)(4,2,1)(5,2,0)(3,2,1)(4,2,0)(5,3,1)(6,3,1)(7,2,0)(6,3,0)(7,4,1)	psi(W_(W_(w^2+w)+w))	psi(W_(W_(w^2+w)+w))	
4294	(0,0,0)(1,1,1)(2,1,1)(3,1,0)(1,1,1)(2,1,1)(2,1,0)(3,2,1)(4,2,1)(5,2,0)(3,2,1)(4,2,0)(5,3,1)(6,3,1)(7,2,0)(6,3,0)(7,4,1)(8,4,1)(9,1,0)	psi(W_(W_(w^2+w)+W))	psi(W_(W_(w^2+w)+W))	
4295	(0,0,0)(1,1,1)(2,1,1)(3,1,0)(1,1,1)(2,1,1)(2,1,0)(3,2,1)(4,2,1)(5,2,0)(3,2,1)(4,2,0)(5,3,1)(6,3,1)(7,2,0)(6,3,0)(7,4,1)(8,4,1)(9,1,0)(1,1,1)(2,1,1)	psi(W_(W_(w^2+w)+W_(w^2)))	psi(W_(W_(w^2+w)+W_(w^2)))	
4296	(0,0,0)(1,1,1)(2,1,1)(3,1,0)(1,1,1)(2,1,1)(2,1,0)(3,2,1)(4,2,1)(5,2,0)(3,2,1)(4,2,0)(5,3,1)(6,3,1)(7,2,0)(6,3,0)(7,4,1)(8,4,1)(9,2,0)	psi(W_(W_(w^2+w)+W_(w^2+1)))	psi(W_(W_(w^2+w)+W_(w^2+1)))	
4297	(0,0,0)(1,1,1)(2,1,1)(3,1,0)(1,1,1)(2,1,1)(2,1,0)(3,2,1)(4,2,1)(5,2,0)(3,2,1)(4,2,0)(5,3,1)(6,3,1)(7,2,0)(6,3,0)(7,4,1)(8,4,1)(9,2,0)(3,2,1)	psi(W_(W_(w^2+w)*2))	psi(W_(W_(w^2+w)*2))	
4298	(0,0,0)(1,1,1)(2,1,1)(3,1,0)(1,1,1)(2,1,1)(2,1,0)(3,2,1)(4,2,1)(5,2,0)(3,2,1)(4,2,0)(5,3,1)(6,3,1)(7,2,0)(6,3,1)	psi(W_(W_(w^2+w)*w))	psi(W_(W_(w^2+w)*w))	
4299	(0,0,0)(1,1,1)(2,1,1)(3,1,0)(1,1,1)(2,1,1)(2,1,0)(3,2,1)(4,2,1)(5,2,0)(3,2,1)(4,2,0)(5,3,1)(6,3,1)(7,2,0)(6,3,1)(7,1,0)	psi(W_(W_(w^2+w)*W))	psi(W_(W_(w^2+w)*W))	
4300	(0,0,0)(1,1,1)(2,1,1)(3,1,0)(1,1,1)(2,1,1)(2,1,0)(3,2,1)(4,2,1)(5,2,0)(3,2,1)(4,2,0)(5,3,1)(6,3,1)(7,2,0)(6,3,1)(7,1,0)(1,1,1)(2,1,1)	psi(W_(W_(w^2+w)*W_(w^2)))	psi(W_(W_(w^2+w)*W_(w^2)))	
4301	(0,0,0)(1,1,1)(2,1,1)(3,1,0)(1,1,1)(2,1,1)(2,1,0)(3,2,1)(4,2,1)(5,2,0)(3,2,1)(4,2,0)(5,3,1)(6,3,1)(7,2,0)(6,3,1)(7,2,0)	psi(W_(W_(w^2+w)*W_(w^2+1)))	psi(W_(W_(w^2+w)*W_(w^2+1)))	
4302	(0,0,0)(1,1,1)(2,1,1)(3,1,0)(1,1,1)(2,1,1)(2,1,0)(3,2,1)(4,2,1)(5,2,0)(3,2,1)(4,2,0)(5,3,1)(6,3,1)(7,2,0)(6,3,1)(7,2,0)(3,2,1)	psi(W_(W_(w^2+w)^2))	psi(W_(W_(w^2+w)^2))	
4303	(0,0,0)(1,1,1)(2,1,1)(3,1,0)(1,1,1)(2,1,1)(2,1,0)(3,2,1)(4,2,1)(5,2,0)(3,2,1)(4,2,0)(5,3,1)(6,3,1)(7,2,0)(8,2,0)(3,2,1)	psi(W_(W_(w^2+w)^W_(w^2+w)))	psi(W_(W_(w^2+w)^W_(w^2+w)))	
4304	(0,0,0)(1,1,1)(2,1,1)(3,1,0)(1,1,1)(2,1,1)(2,1,0)(3,2,1)(4,2,1)(5,2,0)(3,2,1)(4,2,0)(5,3,1)(6,3,1)(7,2,0)(8,3,0)	psi(W_psi_W_(w^2+w+1)(W_(w^2+w+1)))	psi(W_psi_W_(w^2+w+1)(W_(w^2+w+1)))	
4305	(0,0,0)(1,1,1)(2,1,1)(3,1,0)(1,1,1)(2,1,1)(2,1,0)(3,2,1)(4,2,1)(5,2,0)(3,2,1)(4,2,0)(5,3,1)(6,3,1)(7,3,0)	psi(W_W_(w^2+w+1))	psi(W_W_(w^2+w+1))	
4306	(0,0,0)(1,1,1)(2,1,1)(3,1,0)(1,1,1)(2,1,1)(2,1,0)(3,2,1)(4,2,1)(5,2,0)(3,2,1)(4,2,0)(5,3,1)(6,3,1)(7,3,0)(6,3,0)(7,4,1)(8,4,1)(9,4,0)	psi(W_W_(w^2+w+2))	psi(W_W_(w^2+w+2))	
4307	(0,0,0)(1,1,1)(2,1,1)(3,1,0)(1,1,1)(2,1,1)(2,1,0)(3,2,1)(4,2,1)(5,2,0)(3,2,1)(4,2,0)(5,3,1)(6,3,1)(7,3,0)(6,3,1)	psi(W_W_(w^2+w2))	psi(W_W_(w^2+w2))	
4308	(0,0,0)(1,1,1)(2,1,1)(3,1,0)(1,1,1)(2,1,1)(2,1,0)(3,2,1)(4,2,1)(5,2,0)(3,2,1)(4,2,0)(5,3,1)(6,3,1)(7,3,0)(6,3,1)(6,3,0)(7,4,1)(8,4,1)(9,4,0)(8,4,1)	psi(W_W_(w^2+w3))	psi(W_W_(w^2+w3))	
4309	(0,0,0)(1,1,1)(2,1,1)(3,1,0)(1,1,1)(2,1,1)(2,1,0)(3,2,1)(4,2,1)(5,2,0)(3,2,1)(4,2,1)	psi(W_W_(w^2*2))	psi(W_W_(w^2*2))	
4310	(0,0,0)(1,1,1)(2,1,1)(3,1,0)(1,1,1)(2,1,1)(2,1,0)(3,2,1)(4,2,1)(5,2,0)(3,2,1)(4,2,1)(3,2,0)	psi(W_W_(w^2*2)+W_(w^2+1))	psi(W_W_(w^2*2)+W_(w^2+1))	
4311	(0,0,0)(1,1,1)(2,1,1)(3,1,0)(1,1,1)(2,1,1)(2,1,0)(3,2,1)(4,2,1)(5,2,0)(3,2,1)(4,2,1)(3,2,1)(4,2,1)	psi(W_W_(w^2*2)+W_(w^2*2))	psi(W_W_(w^2*2)+W_(w^2*2))	
4312	(0,0,0)(1,1,1)(2,1,1)(3,1,0)(1,1,1)(2,1,1)(2,1,0)(3,2,1)(4,2,1)(5,2,0)(3,2,1)(4,2,1)(4,2,0)	psi(W_W_(w^2*2)+W_(w^2*2)*W_(w^2+1))	psi(W_W_(w^2*2)+W_(w^2*2)*W_(w^2+1))	
4313	(0,0,0)(1,1,1)(2,1,1)(3,1,0)(1,1,1)(2,1,1)(2,1,0)(3,2,1)(4,2,1)(5,2,0)(3,2,1)(4,2,1)(4,2,0)(5,3,1)(6,3,1)(7,1,0)	psi(W_W_(w^2*2)+psi_W_(w^2*2+1)(W_W))	psi(W_W_(w^2*2)+psi_W_(w^2*2+1)(W_W))	
4314	(0,0,0)(1,1,1)(2,1,1)(3,1,0)(1,1,1)(2,1,1)(2,1,0)(3,2,1)(4,2,1)(5,2,0)(3,2,1)(4,2,1)(4,2,0)(5,3,1)(6,3,1)(7,2,0)	psi(W_W_(w^2*2)+psi_W_(w^2*2+1)(W_W_(w^2+1)))	psi(W_W_(w^2*2)+psi_W_(w^2*2+1)(W_W_(w^2+1)))	
4315	(0,0,0)(1,1,1)(2,1,1)(3,1,0)(1,1,1)(2,1,1)(2,1,0)(3,2,1)(4,2,1)(5,2,0)(3,2,1)(4,2,1)(4,2,0)(5,3,1)(6,3,1)(7,2,0)(3,2,1)(4,2,1)	psi(W_W_(w^2*2)+psi_W_(w^2*2+1)(W_W_(w^2*2)))	psi(W_W_(w^2*2)+psi_W_(w^2*2+1)(W_W_(w^2*2)))	
4316	(0,0,0)(1,1,1)(2,1,1)(3,1,0)(1,1,1)(2,1,1)(2,1,0)(3,2,1)(4,2,1)(5,2,0)(3,2,1)(4,2,1)(4,2,0)(5,3,1)(6,3,1)(7,2,0)(5,3,0)	psi(W_W_(w^2*2)+W_(w^2*2+1)))	psi(W_W_(w^2*2)+W_(w^2*2+1))	paren-1
4317	(0,0,0)(1,1,1)(2,1,1)(3,1,0)(1,1,1)(2,1,1)(2,1,0)(3,2,1)(4,2,1)(5,2,0)(3,2,1)(4,2,1)(4,2,0)(5,3,1)(6,3,1)(7,2,0)(5,3,1)(6,3,1)	psi(W_W_(w^2*2)+W_(w^2*3))	psi(W_W_(w^2*2)+W_(w^2*3))	
4318	(0,0,0)(1,1,1)(2,1,1)(3,1,0)(1,1,1)(2,1,1)(2,1,0)(3,2,1)(4,2,1)(5,2,0)(3,2,1)(4,2,1)(4,2,0)(5,3,1)(6,3,1)(7,2,0)(5,3,1)(6,3,1)(7,1,0)	psi(W_W_(w^2*2)+W_W)	psi(W_W_(w^2*2)+W_W)	
4319	(0,0,0)(1,1,1)(2,1,1)(3,1,0)(1,1,1)(2,1,1)(2,1,0)(3,2,1)(4,2,1)(5,2,0)(3,2,1)(4,2,1)(4,2,0)(5,3,1)(6,3,1)(7,2,0)(5,3,1)(6,3,1)(7,1,0)(1,1,1)(2,1,1)	psi(W_W_(w^2*2)+W_W_(w^2))	psi(W_W_(w^2*2)+W_W_(w^2))	
4320	(0,0,0)(1,1,1)(2,1,1)(3,1,0)(1,1,1)(2,1,1)(2,1,0)(3,2,1)(4,2,1)(5,2,0)(3,2,1)(4,2,1)(4,2,0)(5,3,1)(6,3,1)(7,2,0)(5,3,1)(6,3,1)(7,2,0)	psi(W_W_(w^2*2)+W_W_(w^2+1))	psi(W_W_(w^2*2)+W_W_(w^2+1))	
4321	(0,0,0)(1,1,1)(2,1,1)(3,1,0)(1,1,1)(2,1,1)(2,1,0)(3,2,1)(4,2,1)(5,2,0)(3,2,1)(4,2,1)(4,2,0)(5,3,1)(6,3,1)(7,2,0)(5,3,1)(6,3,1)(7,2,0)(3,2,1)(4,2,1)	psi(W_W_(w^2*2)*2)	psi(W_W_(w^2*2)*2)	
4322	(0,0,0)(1,1,1)(2,1,1)(3,1,0)(1,1,1)(2,1,1)(2,1,0)(3,2,1)(4,2,1)(5,2,0)(3,2,1)(4,2,1)(4,2,0)(5,3,1)(6,3,1)(7,2,0)(6,1,0)	psi(W_W_(w^2*2)*W)	psi(W_W_(w^2*2)*W)	
4323	(0,0,0)(1,1,1)(2,1,1)(3,1,0)(1,1,1)(2,1,1)(2,1,0)(3,2,1)(4,2,1)(5,2,0)(3,2,1)(4,2,1)(4,2,0)(5,3,1)(6,3,1)(7,2,0)(6,2,0)	psi(W_W_(w^2*2)*W_(w^2+1))	psi(W_W_(w^2*2)*W_(w^2+1))	
4324	(0,0,0)(1,1,1)(2,1,1)(3,1,0)(1,1,1)(2,1,1)(2,1,0)(3,2,1)(4,2,1)(5,2,0)(3,2,1)(4,2,1)(4,2,0)(5,3,1)(6,3,1)(7,2,0)(6,3,0)	psi(W_W_(w^2*2)*W_(w^2*2+1))	psi(W_W_(w^2*2)*W_(w^2*2+1))	
4325	(0,0,0)(1,1,1)(2,1,1)(3,1,0)(1,1,1)(2,1,1)(2,1,0)(3,2,1)(4,2,1)(5,2,0)(3,2,1)(4,2,1)(4,2,0)(5,3,1)(6,3,1)(7,2,0)(6,3,0)(5,3,1)(6,3,1)	psi(W_W_(w^2*2)*W_(w^2*3))	psi(W_W_(w^2*2)*W_(w^2*3))	
4326	(0,0,0)(1,1,1)(2,1,1)(3,1,0)(1,1,1)(2,1,1)(2,1,0)(3,2,1)(4,2,1)(5,2,0)(3,2,1)(4,2,1)(4,2,0)(5,3,1)(6,3,1)(7,2,0)(6,3,0)(5,3,1)(6,3,1)(7,1,0)	psi(W_W_(w^2*2)*W_W)	psi(W_W_(w^2*2)*W_W)	
4327	(0,0,0)(1,1,1)(2,1,1)(3,1,0)(1,1,1)(2,1,1)(2,1,0)(3,2,1)(4,2,1)(5,2,0)(3,2,1)(4,2,1)(4,2,0)(5,3,1)(6,3,1)(7,2,0)(6,3,0)(5,3,1)(6,3,1)(7,2,0)	psi(W_W_(w^2*2)*W_W_(w^2+1))	psi(W_W_(w^2*2)*W_W_(w^2+1))	
4328	(0,0,0)(1,1,1)(2,1,1)(3,1,0)(1,1,1)(2,1,1)(2,1,0)(3,2,1)(4,2,1)(5,2,0)(3,2,1)(4,2,1)(4,2,0)(5,3,1)(6,3,1)(7,2,0)(6,3,0)(5,3,1)(6,3,1)(7,2,0)(3,2,1)(4,2,1)	psi(W_W_(w^2*2)^2)	psi(W_W_(w^2*2)^2)	
4329	(0,0,0)(1,1,1)(2,1,1)(3,1,0)(1,1,1)(2,1,1)(2,1,0)(3,2,1)(4,2,1)(5,2,0)(3,2,1)(4,2,1)(4,2,0)(5,3,1)(6,3,1)(7,2,0)(6,3,0)(7,3,0)(5,3,1)(6,3,1)(7,2,0)(3,2,1)(4,2,1)	psi(W_W_(w^2*2)^W_W_(w^2*2))	psi(W_W_(w^2*2)^W_W_(w^2*2))	
4330	(0,0,0)(1,1,1)(2,1,1)(3,1,0)(1,1,1)(2,1,1)(2,1,0)(3,2,1)(4,2,1)(5,2,0)(3,2,1)(4,2,1)(4,2,0)(5,3,1)(6,3,1)(7,2,0)(6,3,0)(7,4,0)	psi(W_(W_(w^2*2)+1))	psi(W_(W_(w^2*2)+1))	
4331	(0,0,0)(1,1,1)(2,1,1)(3,1,0)(1,1,1)(2,1,1)(2,1,0)(3,2,1)(4,2,1)(5,2,0)(3,2,1)(4,2,1)(4,2,0)(5,3,1)(6,3,1)(7,2,0)(6,3,0)(7,4,1)	psi(W_(W_(w^2*2)+w))	psi(W_(W_(w^2*2)+w))	
4332	(0,0,0)(1,1,1)(2,1,1)(3,1,0)(1,1,1)(2,1,1)(2,1,0)(3,2,1)(4,2,1)(5,2,0)(3,2,1)(4,2,1)(4,2,0)(5,3,1)(6,3,1)(7,2,0)(6,3,0)(7,4,1)(8,4,1)(9,1,0)	psi(W_(W_(w^2*2)+W))	psi(W_(W_(w^2*2)+W))	
4333	(0,0,0)(1,1,1)(2,1,1)(3,1,0)(1,1,1)(2,1,1)(2,1,0)(3,2,1)(4,2,1)(5,2,0)(3,2,1)(4,2,1)(4,2,0)(5,3,1)(6,3,1)(7,2,0)(6,3,0)(7,4,1)(8,4,1)(9,1,0)(1,1,1)(2,1,1)	psi(W_(W_(w^2*2)+W_(w^2)))	psi(W_(W_(w^2*2)+W_(w^2)))	
4334	(0,0,0)(1,1,1)(2,1,1)(3,1,0)(1,1,1)(2,1,1)(2,1,0)(3,2,1)(4,2,1)(5,2,0)(3,2,1)(4,2,1)(4,2,0)(5,3,1)(6,3,1)(7,2,0)(6,3,0)(7,4,1)(8,4,1)(9,2,0)	psi(W_(W_(w^2*2)+W_(w^2+1)))	psi(W_(W_(w^2*2)+W_(w^2+1)))	
4335	(0,0,0)(1,1,1)(2,1,1)(3,1,0)(1,1,1)(2,1,1)(2,1,0)(3,2,1)(4,2,1)(5,2,0)(3,2,1)(4,2,1)(4,2,0)(5,3,1)(6,3,1)(7,2,0)(6,3,0)(7,4,1)(8,4,1)(9,2,0)(3,2,1)(4,2,1)	psi(W_(W_(w^2*2)*2))	psi(W_(W_(w^2*2)*2))	
4336	(0,0,0)(1,1,1)(2,1,1)(3,1,0)(1,1,1)(2,1,1)(2,1,0)(3,2,1)(4,2,1)(5,2,0)(3,2,1)(4,2,1)(4,2,0)(5,3,1)(6,3,1)(7,2,0)(6,3,1)	psi(W_(W_(w^2*2)*w))	psi(W_(W_(w^2*2)*w))	
4337	(0,0,0)(1,1,1)(2,1,1)(3,1,0)(1,1,1)(2,1,1)(2,1,0)(3,2,1)(4,2,1)(5,2,0)(3,2,1)(4,2,1)(4,2,0)(5,3,1)(6,3,1)(7,2,0)(6,3,1)(7,1,0)	psi(W_(W_(w^2*2)*W))	psi(W_(W_(w^2*2)*W))	
4338	(0,0,0)(1,1,1)(2,1,1)(3,1,0)(1,1,1)(2,1,1)(2,1,0)(3,2,1)(4,2,1)(5,2,0)(3,2,1)(4,2,1)(4,2,0)(5,3,1)(6,3,1)(7,2,0)(6,3,1)(7,2,0)	psi(W_(W_(w^2*2)*W_(w^2+1)))	psi(W_(W_(w^2*2)*W_(w^2+1)))	
4339	(0,0,0)(1,1,1)(2,1,1)(3,1,0)(1,1,1)(2,1,1)(2,1,0)(3,2,1)(4,2,1)(5,2,0)(3,2,1)(4,2,1)(4,2,0)(5,3,1)(6,3,1)(7,2,0)(6,3,1)(7,2,0)(3,2,1)(4,2,1)	psi(W_(W_(w^2*2)^2))	psi(W_(W_(w^2*2)^2))	
4340	(0,0,0)(1,1,1)(2,1,1)(3,1,0)(1,1,1)(2,1,1)(2,1,0)(3,2,1)(4,2,1)(5,2,0)(3,2,1)(4,2,1)(4,2,0)(5,3,1)(6,3,1)(7,2,0)(7,2,0)(3,2,1)(4,2,1)	psi(W_(W_(w^2*2)^W_(w^2*2)))	psi(W_(W_(w^2*2)^W_(w^2*2)))	
4341	(0,0,0)(1,1,1)(2,1,1)(3,1,0)(1,1,1)(2,1,1)(2,1,0)(3,2,1)(4,2,1)(5,2,0)(3,2,1)(4,2,1)(4,2,0)(5,3,1)(6,3,1)(7,2,0)(8,3,0)	psi(W_psi_W_(w^2*2+1)(W_(w^2*2+1)))	psi(W_psi_W_(w^2*2+1)(W_(w^2*2+1)))	
4342	(0,0,0)(1,1,1)(2,1,1)(3,1,0)(1,1,1)(2,1,1)(2,1,0)(3,2,1)(4,2,1)(5,2,0)(3,2,1)(4,2,1)(4,2,0)(5,3,1)(6,3,1)(7,3,0)	psi(W_W_(w^2*2+1))	psi(W_W_(w^2*2+1))	
4343	(0,0,0)(1,1,1)(2,1,1)(3,1,0)(1,1,1)(2,1,1)(2,1,0)(3,2,1)(4,2,1)(5,2,0)(3,2,1)(4,2,1)(4,2,0)(5,3,1)(6,3,1)(7,3,0)(5,3,1)	psi(W_W_(w^2*2+w))	psi(W_W_(w^2*2+w))	
4344	(0,0,0)(1,1,1)(2,1,1)(3,1,0)(1,1,1)(2,1,1)(2,1,0)(3,2,1)(4,2,1)(5,2,0)(3,2,1)(4,2,1)(4,2,0)(5,3,1)(6,3,1)(7,3,0)(5,3,1)(6,3,1)	psi(W_W_(w^2*3))	psi(W_W_(w^2*3))	
4345	(0,0,0)(1,1,1)(2,1,1)(3,1,0)(1,1,1)(2,1,1)(2,1,0)(3,2,1)(4,2,1)(5,2,0)(3,2,1)(4,2,1)(4,2,0)(5,3,1)(6,3,1)(7,3,0)(5,3,1)(6,3,1)(6,3,0)(7,4,1)(8,4,1)(9,4,0)(7,4,1)(8,4,1)	psi(W_W_(w^2*4))	psi(W_W_(w^2*4))	
4346	(0,0,0)(1,1,1)(2,1,1)(3,1,0)(1,1,1)(2,1,1)(2,1,1)	psi(W_W_(w^3))	psi(W_W_(w^3))	
4347	(0,0,0)(1,1,1)(2,1,1)(3,1,0)(1,1,1)(2,1,1)(2,1,1)(1,1,1)	psi(W_W_(w^3)+W_W)	psi(W_W_(w^3)+W_W)	
4348	(0,0,0)(1,1,1)(2,1,1)(3,1,0)(1,1,1)(2,1,1)(2,1,1)(1,1,1)(2,1,1)	psi(W_W_(w^3)+W_(w^2))	psi(W_W_(w^3)+W_(w^2))	
4349	(0,0,0)(1,1,1)(2,1,1)(3,1,0)(1,1,1)(2,1,1)(2,1,1)(1,1,1)(2,1,1)(2,1,1)	psi(W_W_(w^3)+W_(w^3))	psi(W_W_(w^3)+W_(w^3))	
4350	(0,0,0)(1,1,1)(2,1,1)(3,1,0)(1,1,1)(2,1,1)(2,1,1)(2,1,0)	psi(W_W_(w^3)+W_(w^3)*W)	psi(W_W_(w^3)+W_(w^3)*W)	
4351	(0,0,0)(1,1,1)(2,1,1)(3,1,0)(1,1,1)(2,1,1)(2,1,1)(2,1,0)(3,2,0)	psi(W_W_(w^3)+psi_W_(w^3+1)(W_(w^3+1)))	psi(W_W_(w^3)+psi_W_(w^3+1)(W_(w^3+1)))	
4352	(0,0,0)(1,1,1)(2,1,1)(3,1,0)(1,1,1)(2,1,1)(2,1,1)(2,1,0)(3,2,1)(4,2,1)(5,1,0)	psi(W_W_(w^3)+psi_W_(w^3+1)(W_W))	psi(W_W_(w^3)+psi_W_(w^3+1)(W_W))	
4353	(0,0,0)(1,1,1)(2,1,1)(3,1,0)(1,1,1)(2,1,1)(2,1,1)(2,1,0)(3,2,1)(4,2,1)(5,1,0)(1,1,1)(2,1,1)(2,1,1)	psi(W_W_(w^3)+psi_W_(w^3+1)(W_W_(w^3)))	psi(W_W_(w^3)+psi_W_(w^3+1)(W_W_(w^3)))	
4354	(0,0,0)(1,1,1)(2,1,1)(3,1,0)(1,1,1)(2,1,1)(2,1,1)(2,1,0)(3,2,1)(4,2,1)(5,1,0)(2,1,0)	psi(W_W_(w^3)+psi_W_(w^3+1)(W_W_(w^3))*W)	psi(W_W_(w^3)+psi_W_(w^3+1)(W_W_(w^3))*W)	
4355	(0,0,0)(1,1,1)(2,1,1)(3,1,0)(1,1,1)(2,1,1)(2,1,1)(2,1,0)(3,2,1)(4,2,1)(5,1,0)(3,2,0)	psi(W_W_(w^3)+W_(w^3+1))	psi(W_W_(w^3)+W_(w^3+1))	
4356	(0,0,0)(1,1,1)(2,1,1)(3,1,0)(1,1,1)(2,1,1)(2,1,1)(2,1,0)(3,2,1)(4,2,1)(5,1,0)(3,2,1)(4,2,1)(5,1,0)	psi(W_W_(w^3)+W_W)	psi(W_W_(w^3)+W_W)	
4357	(0,0,0)(1,1,1)(2,1,1)(3,1,0)(1,1,1)(2,1,1)(2,1,1)(2,1,0)(3,2,1)(4,2,1)(5,1,0)(3,2,1)(4,2,1)(5,1,0)(1,1,1)(2,1,1)(2,1,1)	psi(W_W_(w^3)*2)	psi(W_W_(w^3)*2)	
4358	(0,0,0)(1,1,1)(2,1,1)(3,1,0)(1,1,1)(2,1,1)(2,1,1)(2,1,0)(3,2,1)(4,2,1)(5,1,0)(4,1,0)	psi(W_W_(w^3)*W)	psi(W_W_(w^3)*W)	
4359	(0,0,0)(1,1,1)(2,1,1)(3,1,0)(1,1,1)(2,1,1)(2,1,1)(2,1,0)(3,2,1)(4,2,1)(5,1,0)(4,1,0)(1,1,1)(2,1,1)(2,1,1)	psi(W_W_(w^3)*W_(w^3))	psi(W_W_(w^3)*W_(w^3))	
4360	(0,0,0)(1,1,1)(2,1,1)(3,1,0)(1,1,1)(2,1,1)(2,1,1)(2,1,0)(3,2,1)(4,2,1)(5,1,0)(4,2,0)	psi(W_W_(w^3)*W_(w^3+1))	psi(W_W_(w^3)*W_(w^3+1))	
4361	(0,0,0)(1,1,1)(2,1,1)(3,1,0)(1,1,1)(2,1,1)(2,1,1)(2,1,0)(3,2,1)(4,2,1)(5,1,0)(4,2,0)(3,2,1)(4,2,1)(5,1,0)	psi(W_W_(w^3)*W_W)	psi(W_W_(w^3)*W_W)	
4362	(0,0,0)(1,1,1)(2,1,1)(3,1,0)(1,1,1)(2,1,1)(2,1,1)(2,1,0)(3,2,1)(4,2,1)(5,1,0)(4,2,0)(3,2,1)(4,2,1)(5,1,0)(1,1,1)(2,1,1)(2,1,1)	psi(W_W_(w^3)^2)	psi(W_W_(w^3)^2)	
4363	(0,0,0)(1,1,1)(2,1,1)(3,1,0)(1,1,1)(2,1,1)(2,1,1)(2,1,0)(3,2,1)(4,2,1)(5,1,0)(4,2,0)(5,2,0)(3,2,1)(4,2,1)(5,1,0)(1,1,1)(2,1,1)(2,1,1)	psi(W_W_(w^3)^W_W_(w^3))	psi(W_W_(w^3)^W_W_(w^3))	
4364	(0,0,0)(1,1,1)(2,1,1)(3,1,0)(1,1,1)(2,1,1)(2,1,1)(2,1,0)(3,2,1)(4,2,1)(5,1,0)(4,2,0)(5,3,0)	psi(W_(W_(w^3)+1))	psi(W_(W_(w^3)+1))	
4365	(0,0,0)(1,1,1)(2,1,1)(3,1,0)(1,1,1)(2,1,1)(2,1,1)(2,1,0)(3,2,1)(4,2,1)(5,1,0)(4,2,0)(5,3,1)	psi(W_(W_(w^3)+w))	psi(W_(W_(w^3)+w))	
4366	(0,0,0)(1,1,1)(2,1,1)(3,1,0)(1,1,1)(2,1,1)(2,1,1)(2,1,0)(3,2,1)(4,2,1)(5,1,0)(4,2,0)(5,3,1)(6,3,1)(7,1,0)	psi(W_(W_(w^3)+W))	psi(W_(W_(w^3)+W))	
4367	(0,0,0)(1,1,1)(2,1,1)(3,1,0)(1,1,1)(2,1,1)(2,1,1)(2,1,0)(3,2,1)(4,2,1)(5,1,0)(4,2,0)(5,3,1)(6,3,1)(7,1,0)(1,1,1)(2,1,1)(2,1,1)	psi(W_(W_(w^3)*2))	psi(W_(W_(w^3)*2))	
4368	(0,0,0)(1,1,1)(2,1,1)(3,1,0)(1,1,1)(2,1,1)(2,1,1)(2,1,0)(3,2,1)(4,2,1)(5,1,0)(4,2,1)	psi(W_(W_(w^3)*w))	psi(W_(W_(w^3)*w))	
4369	(0,0,0)(1,1,1)(2,1,1)(3,1,0)(1,1,1)(2,1,1)(2,1,1)(2,1,0)(3,2,1)(4,2,1)(5,1,0)(4,2,1)(5,1,0)	psi(W_(W_(w^3*W))	psi(W_(W_(w^3*W)))	paren+1
4370	(0,0,0)(1,1,1)(2,1,1)(3,1,0)(1,1,1)(2,1,1)(2,1,1)(2,1,0)(3,2,1)(4,2,1)(5,1,0)(4,2,1)(5,1,0)(1,1,1)(2,1,1)(2,1,1)	psi(W_(W_(w^3)^2))	psi(W_(W_(w^3)^2))	
4371	(0,0,0)(1,1,1)(2,1,1)(3,1,0)(1,1,1)(2,1,1)(2,1,1)(2,1,0)(3,2,1)(4,2,1)(5,1,0)(5,1,0)(1,1,1)(2,1,1)(2,1,1)	psi(W_(W_(w^3)^W_(w^3)))	psi(W_(W_(w^3)^W_(w^3)))	
4372	(0,0,0)(1,1,1)(2,1,1)(3,1,0)(1,1,1)(2,1,1)(2,1,1)(2,1,0)(3,2,1)(4,2,1)(5,1,0)(6,2,0)	psi(W_psi_W_(w^3+1)(W_(w^3+1)))	psi(W_psi_W_(w^3+1)(W_(w^3+1)))	
4373	(0,0,0)(1,1,1)(2,1,1)(3,1,0)(1,1,1)(2,1,1)(2,1,1)(2,1,0)(3,2,1)(4,2,1)(5,2,0)	psi(W_W_(w^3+1))	psi(W_W_(w^3+1))	
4374	(0,0,0)(1,1,1)(2,1,1)(3,1,0)(1,1,1)(2,1,1)(2,1,1)(2,1,0)(3,2,1)(4,2,1)(5,2,0)(3,2,0)(4,3,1)(5,3,1)(6,3,0)	psi(W_W_(w^3+2))	psi(W_W_(w^3+2))	
4375	(0,0,0)(1,1,1)(2,1,1)(3,1,0)(1,1,1)(2,1,1)(2,1,1)(2,1,0)(3,2,1)(4,2,1)(5,2,0)(3,2,1)	psi(W_W_(w^3+w))	psi(W_W_(w^3+w))	
4376	(0,0,0)(1,1,1)(2,1,1)(3,1,0)(1,1,1)(2,1,1)(2,1,1)(2,1,0)(3,2,1)(4,2,1)(5,2,0)(3,2,1)(4,2,1)	psi(W_W_(w^3+w^2))	psi(W_W_(w^3+w^2))	
4377	(0,0,0)(1,1,1)(2,1,1)(3,1,0)(1,1,1)(2,1,1)(2,1,1)(2,1,0)(3,2,1)(4,2,1)(5,2,0)(3,2,1)(4,2,1)(4,2,1)	psi(W_W_(w^3*2))	psi(W_W_(w^3*2))	
4378	(0,0,0)(1,1,1)(2,1,1)(3,1,0)(1,1,1)(2,1,1)(2,1,1)(2,1,0)(3,2,1)(4,2,1)(5,2,0)(3,2,1)(4,2,1)(4,2,1)(4,2,0)(5,3,1)(6,3,1)(7,3,0)(5,3,1)(6,3,1)(6,3,1)	psi(W_W_(w^3*3))	psi(W_W_(w^3*3))	
4379	(0,0,0)(1,1,1)(2,1,1)(3,1,0)(1,1,1)(2,1,1)(2,1,1)(2,1,1)	psi(W_W_(w^4))	psi(W_W_(w^4))	
4380	(0,0,0)(1,1,1)(2,1,1)(3,1,0)(1,1,1)(2,1,1)(2,1,1)(2,1,1)(2,1,1)	psi(W_W_(w^5))	psi(W_W_(w^5))	
4381	(0,0,0)(1,1,1)(2,1,1)(3,1,0)(1,1,1)(2,1,1)(3,0,0)	psi(W_W_(w^w))	psi(W_W_(w^w))	
4382	(0,0,0)(1,1,1)(2,1,1)(3,1,0)(1,1,1)(2,1,1)(3,0,0)(2,1,0)(3,2,1)(4,2,1)(5,2,0)	psi(W_W_(w^w+1))	psi(W_W_(w^w+1))	
4383	(0,0,0)(1,1,1)(2,1,1)(3,1,0)(1,1,1)(2,1,1)(3,0,0)(2,1,0)(3,2,1)(4,2,1)(5,2,0)(3,2,1)	psi(W_W_(w^w+w))	psi(W_W_(w^w+w))	
4384	(0,0,0)(1,1,1)(2,1,1)(3,1,0)(1,1,1)(2,1,1)(3,0,0)(2,1,0)(3,2,1)(4,2,1)(5,2,0)(3,2,1)(4,2,1)(5,0,0)	psi(W_W_(w^2*2))	psi(W_W_(w^2*2))	
4385	(0,0,0)(1,1,1)(2,1,1)(3,1,0)(1,1,1)(2,1,1)(3,0,0)(2,1,1)	psi(W_W_(w^(w+1)))	psi(W_W_(w^(w+1)))	
4386	(0,0,0)(1,1,1)(2,1,1)(3,1,0)(1,1,1)(2,1,1)(3,0,0)(2,1,1)(3,0,0)	psi(W_W_(w^(w2)))	psi(W_W_(w^(w2)))	
4387	(0,0,0)(1,1,1)(2,1,1)(3,1,0)(1,1,1)(2,1,1)(3,0,0)(3,0,0)	psi(W_W_(w^w^2))	psi(W_W_(w^w^2))	
4388	(0,0,0)(1,1,1)(2,1,1)(3,1,0)(1,1,1)(2,1,1)(3,0,0)(4,0,0)	psi(W_W_(w^w^w))	psi(W_W_(w^w^w))	
4389	(0,0,0)(1,1,1)(2,1,1)(3,1,0)(1,1,1)(2,1,1)(3,0,0)(4,1,0)	psi(W_W_psi(W))	psi(W_W_psi(W))	
4390	(0,0,0)(1,1,1)(2,1,1)(3,1,0)(1,1,1)(2,1,1)(3,0,0)(4,1,1)	psi(W_W_psi(W_w))	psi(W_W_psi(W_w))	
4391	(0,0,0)(1,1,1)(2,1,1)(3,1,0)(1,1,1)(2,1,1)(3,0,0)(4,1,1)(5,1,1)(6,1,0)	psi(W_W_psi(W_W))	psi(W_W_psi(W_W))	
4392	(0,0,0)(1,1,1)(2,1,1)(3,1,0)(1,1,1)(2,1,1)(3,1,0)	psi(W_W_W)	psi(W_W_W)	
4394	(0,0,0)(1,1,1)(2,1,1)(3,1,0)(1,1,1)(2,1,1)(3,1,0)(1,1,0)	psi(W_W_W+W)	psi(W_W_W+W)	
4395	(0,0,0)(1,1,1)(2,1,1)(3,1,0)(1,1,1)(2,1,1)(3,1,0)(1,1,0)(2,2,1)	psi(W_W_W+psi_1(W_w))	psi(W_W_W+psi_1(W_w))	
4396	(0,0,0)(1,1,1)(2,1,1)(3,1,0)(1,1,1)(2,1,1)(3,1,0)(1,1,0)(2,2,1)(3,2,1)(4,1,0)	psi(W_W_W+psi_1(W_W))	psi(W_W_W+psi_1(W_W))	
4397	(0,0,0)(1,1,1)(2,1,1)(3,1,0)(1,1,1)(2,1,1)(3,1,0)(1,1,0)(2,2,1)(3,2,1)(4,2,0)	psi(W_W_W+psi_1(W_W_2))	psi(W_W_W+psi_1(W_W_2))	
4398	(0,0,0)(1,1,1)(2,1,1)(3,1,0)(1,1,1)(2,1,1)(3,1,0)(1,1,0)(2,2,1)(3,2,1)(4,2,0)(2,2,1)	psi(W_W_W+psi_1(W_W_w))	psi(W_W_W+psi_1(W_W_w))	
4399	(0,0,0)(1,1,1)(2,1,1)(3,1,0)(1,1,1)(2,1,1)(3,1,0)(1,1,0)(2,2,1)(3,2,1)(4,2,0)(2,2,1)(3,2,1)(4,1,0)	psi(W_W_W+psi_1(W_W_W))	psi(W_W_W+psi_1(W_W_W))	
4400	(0,0,0)(1,1,1)(2,1,1)(3,1,0)(1,1,1)(2,1,1)(3,1,0)(1,1,0)(2,2,1)(3,2,1)(4,2,0)(2,2,1)(3,2,1)(4,1,0)(2,2,0)	psi(W_W_W+W_2)	psi(W_W_W+W_2)	
4401	(0,0,0)(1,1,1)(2,1,1)(3,1,0)(1,1,1)(2,1,1)(3,1,0)(1,1,0)(2,2,1)(3,2,1)(4,2,0)(2,2,1)(3,2,1)(4,1,0)(2,2,0)(3,3,1)(4,3,1)(5,3,0)(3,3,1)(4,3,1)(5,1,0)(3,3,0)	psi(W_W_W+W_3)	psi(W_W_W+W_3)	
4402	(0,0,0)(1,1,1)(2,1,1)(3,1,0)(1,1,1)(2,1,1)(3,1,0)(1,1,0)(2,2,1)(3,2,1)(4,2,0)(2,2,1)(3,2,1)(4,1,0)(2,2,1)	psi(W_W_W+W_w)	psi(W_W_W+W_w)	
4403	(0,0,0)(1,1,1)(2,1,1)(3,1,0)(1,1,1)(2,1,1)(3,1,0)(1,1,0)(2,2,1)(3,2,1)(4,2,0)(2,2,1)(3,2,1)(4,1,0)(2,2,1)(3,2,1)(4,1,0)	psi(W_W_W+W_W)	psi(W_W_W+W_W)	
4404	(0,0,0)(1,1,1)(2,1,1)(3,1,0)(1,1,1)(2,1,1)(3,1,0)(1,1,0)(2,2,1)(3,2,1)(4,2,0)(2,2,1)(3,2,1)(4,1,0)(2,2,1)(3,2,1)(4,1,0)(2,2,1)(3,2,1)(4,1,0)	psi(W_W_W+W_W*2)	psi(W_W_W+W_W*2)	
4405	(0,0,0)(1,1,1)(2,1,1)(3,1,0)(1,1,1)(2,1,1)(3,1,0)(1,1,0)(2,2,1)(3,2,1)(4,2,0)(2,2,1)(3,2,1)(4,1,0)(3,1,0)	psi(W_W_W+W_W*W)	psi(W_W_W+W_W*W)	
4406	(0,0,0)(1,1,1)(2,1,1)(3,1,0)(1,1,1)(2,1,1)(3,1,0)(1,1,0)(2,2,1)(3,2,1)(4,2,0)(2,2,1)(3,2,1)(4,1,0)(3,2,0)	psi(W_W_W+W_W*W_2)	psi(W_W_W+W_W*W_2)	
4407	(0,0,0)(1,1,1)(2,1,1)(3,1,0)(1,1,1)(2,1,1)(3,1,0)(1,1,0)(2,2,1)(3,2,1)(4,2,0)(2,2,1)(3,2,1)(4,1,0)(3,2,0)(2,2,1)	psi(W_W_W+W_W*W_w)	psi(W_W_W+W_W*W_w)	
4408	(0,0,0)(1,1,1)(2,1,1)(3,1,0)(1,1,1)(2,1,1)(3,1,0)(1,1,0)(2,2,1)(3,2,1)(4,2,0)(2,2,1)(3,2,1)(4,1,0)(3,2,0)(2,2,1)(3,2,1)(4,1,0)	psi(W_W_W+W_W^2)	psi(W_W_W+W_W^2)	
4409	(0,0,0)(1,1,1)(2,1,1)(3,1,0)(1,1,1)(2,1,1)(3,1,0)(1,1,0)(2,2,1)(3,2,1)(4,2,0)(2,2,1)(3,2,1)(4,1,0)(3,2,0)(4,3,0)	psi(W_W_W+psi_W_(W+1)(W_(W+1)))	psi(W_W_W+psi_W_(W+1)(W_(W+1)))	
4410	(0,0,0)(1,1,1)(2,1,1)(3,1,0)(1,1,1)(2,1,1)(3,1,0)(1,1,0)(2,2,1)(3,2,1)(4,2,0)(2,2,1)(3,2,1)(4,1,0)(3,2,0)(4,3,1)	psi(W_W_W+psi_W_(W+1)(W_(W+w)))	psi(W_W_W+psi_W_(W+1)(W_(W+w)))	
4411	(0,0,0)(1,1,1)(2,1,1)(3,1,0)(1,1,1)(2,1,1)(3,1,0)(1,1,0)(2,2,1)(3,2,1)(4,2,0)(2,2,1)(3,2,1)(4,1,0)(3,2,0)(4,3,1)(5,3,1)(6,1,0)	psi(W_W_W+psi_W_(W+1)(W_(W2)))	psi(W_W_W+psi_W_(W+1)(W_(W2)))	
4412	(0,0,0)(1,1,1)(2,1,1)(3,1,0)(1,1,1)(2,1,1)(3,1,0)(1,1,0)(2,2,1)(3,2,1)(4,2,0)(2,2,1)(3,2,1)(4,1,0)(3,2,0)(4,3,1)(5,3,1)(6,1,0)(5,3,1)	psi(W_W_W+psi_W_(W+1)(W_(W*w)))	psi(W_W_W+psi_W_(W+1)(W_(W*w)))	
4413	(0,0,0)(1,1,1)(2,1,1)(3,1,0)(1,1,1)(2,1,1)(3,1,0)(1,1,0)(2,2,1)(3,2,1)(4,2,0)(2,2,1)(3,2,1)(4,1,0)(3,2,0)(4,3,1)(5,3,1)(6,2,0)	psi(W_W_W+psi_W_(W+1)(W_W_2))	psi(W_W_W+psi_W_(W+1)(W_W_2))	
4414	(0,0,0)(1,1,1)(2,1,1)(3,1,0)(1,1,1)(2,1,1)(3,1,0)(1,1,0)(2,2,1)(3,2,1)(4,2,0)(2,2,1)(3,2,1)(4,1,0)(3,2,0)(4,3,1)(5,3,1)(6,2,0)(2,2,1)	psi(W_W_W+psi_W_(W+1)(W_W_w)))	psi(W_W_W+psi_W_(W+1)(W_W_w))	paren-1
4415	(0,0,0)(1,1,1)(2,1,1)(3,1,0)(1,1,1)(2,1,1)(3,1,0)(1,1,0)(2,2,1)(3,2,1)(4,2,0)(2,2,1)(3,2,1)(4,1,0)(3,2,0)(4,3,1)(5,3,1)(6,2,0)(2,2,1)(3,2,1)(4,1,0)	psi(W_W_W+psi_W_(W+1)(W_W_W))	psi(W_W_W+psi_W_(W+1)(W_W_W))	
4416	(0,0,0)(1,1,1)(2,1,1)(3,1,0)(1,1,1)(2,1,1)(3,1,0)(1,1,0)(2,2,1)(3,2,1)(4,2,0)(2,2,1)(3,2,1)(4,1,0)(3,2,0)(4,3,1)(5,3,1)(6,2,0)(3,1,0)	psi(W_W_W+psi_W_(W+1)(W_W_W)*W)	psi(W_W_W+psi_W_(W+1)(W_W_W)*W)	
4417	(0,0,0)(1,1,1)(2,1,1)(3,1,0)(1,1,1)(2,1,1)(3,1,0)(1,1,0)(2,2,1)(3,2,1)(4,2,0)(2,2,1)(3,2,1)(4,1,0)(3,2,0)(4,3,1)(5,3,1)(6,2,0)(4,3,0)	psi(W_W_W+W_(W+1))	psi(W_W_W+W_(W+1))	
4418	(0,0,0)(1,1,1)(2,1,1)(3,1,0)(1,1,1)(2,1,1)(3,1,0)(1,1,0)(2,2,1)(3,2,1)(4,2,0)(2,2,1)(3,2,1)(4,1,0)(3,2,0)(4,3,1)(5,3,1)(6,2,0)(4,3,1)	psi(W_W_W+W_(W+w))	psi(W_W_W+W_(W+w))	
4419	(0,0,0)(1,1,1)(2,1,1)(3,1,0)(1,1,1)(2,1,1)(3,1,0)(1,1,0)(2,2,1)(3,2,1)(4,2,0)(2,2,1)(3,2,1)(4,1,0)(3,2,0)(4,3,1)(5,3,1)(6,2,0)(4,3,1)(5,3,1)(6,1,0)	psi(W_W_W+W_(W2))	psi(W_W_W+W_(W2))	
4420	(0,0,0)(1,1,1)(2,1,1)(3,1,0)(1,1,1)(2,1,1)(3,1,0)(1,1,0)(2,2,1)(3,2,1)(4,2,0)(2,2,1)(3,2,1)(4,1,0)(3,2,0)(4,3,1)(5,3,1)(6,2,0)(4,3,1)(5,3,1)(6,1,0)(5,3,0)(6,4,1)(7,4,1)(8,2,0)(6,4,1)(7,4,1)(8,1,0)	psi(W_W_W+W_(W3))	psi(W_W_W+W_(W3))	
4421	(0,0,0)(1,1,1)(2,1,1)(3,1,0)(1,1,1)(2,1,1)(3,1,0)(1,1,0)(2,2,1)(3,2,1)(4,2,0)(2,2,1)(3,2,1)(4,1,0)(3,2,0)(4,3,1)(5,3,1)(6,2,0)(4,3,1)(5,3,1)(6,1,0)(5,3,1)	psi(W_W_W+W_(W*w))	psi(W_W_W+W_(W*w))	
4422	(0,0,0)(1,1,1)(2,1,1)(3,1,0)(1,1,1)(2,1,1)(3,1,0)(1,1,0)(2,2,1)(3,2,1)(4,2,0)(2,2,1)(3,2,1)(4,1,0)(3,2,0)(4,3,1)(5,3,1)(6,2,0)(4,3,1)(5,3,1)(6,1,0)(5,3,1)(6,1,0)	psi(W_W_W+W_(W^2))	psi(W_W_W+W_(W^2))	
4423	(0,0,0)(1,1,1)(2,1,1)(3,1,0)(1,1,1)(2,1,1)(3,1,0)(1,1,0)(2,2,1)(3,2,1)(4,2,0)(2,2,1)(3,2,1)(4,1,0)(3,2,0)(4,3,1)(5,3,1)(6,2,0)(4,3,1)(5,3,1)(6,1,0)(6,1,0)	psi(W_W_W+W_(W^W))	psi(W_W_W+W_(W^W))	
4424	(0,0,0)(1,1,1)(2,1,1)(3,1,0)(1,1,1)(2,1,1)(3,1,0)(1,1,0)(2,2,1)(3,2,1)(4,2,0)(2,2,1)(3,2,1)(4,1,0)(3,2,0)(4,3,1)(5,3,1)(6,2,0)(4,3,1)(5,3,1)(6,1,0)(7,2,0)	psi(W_W_W+W_psi_1(W_2))	psi(W_W_W+W_psi_1(W_2))	
4425	(0,0,0)(1,1,1)(2,1,1)(3,1,0)(1,1,1)(2,1,1)(3,1,0)(1,1,0)(2,2,1)(3,2,1)(4,2,0)(2,2,1)(3,2,1)(4,1,0)(3,2,0)(4,3,1)(5,3,1)(6,2,0)(4,3,1)(5,3,1)(6,2,0)	psi(W_W_W+W_W_2)	psi(W_W_W+W_W_2)	
4426	(0,0,0)(1,1,1)(2,1,1)(3,1,0)(1,1,1)(2,1,1)(3,1,0)(1,1,0)(2,2,1)(3,2,1)(4,2,0)(2,2,1)(3,2,1)(4,1,0)(3,2,0)(4,3,1)(5,3,1)(6,2,0)(4,3,1)(5,3,1)(6,2,0)(2,2,1)	psi(W_W_W+W_W_w)	psi(W_W_W+W_W_w)	
4427	(0,0,0)(1,1,1)(2,1,1)(3,1,0)(1,1,1)(2,1,1)(3,1,0)(1,1,0)(2,2,1)(3,2,1)(4,2,0)(2,2,1)(3,2,1)(4,1,0)(3,2,0)(4,3,1)(5,3,1)(6,2,0)(4,3,1)(5,3,1)(6,2,0)(2,2,1)(3,2,1)	psi(W_W_W+W_W_(w^2))	psi(W_W_W+W_W_(w^2))	
4428	(0,0,0)(1,1,1)(2,1,1)(3,1,0)(1,1,1)(2,1,1)(3,1,0)(1,1,0)(2,2,1)(3,2,1)(4,2,0)(2,2,1)(3,2,1)(4,1,0)(3,2,0)(4,3,1)(5,3,1)(6,2,0)(4,3,1)(5,3,1)(6,2,0)(2,2,1)(3,2,1)(4,1,0)	psi(W_W_W*2)	psi(W_W_W*2)	
4429	(0,0,0)(1,1,1)(2,1,1)(3,1,0)(1,1,1)(2,1,1)(3,1,0)(1,1,0)(2,2,1)(3,2,1)(4,2,0)(2,2,1)(3,2,1)(4,1,0)(3,2,0)(4,3,1)(5,3,1)(6,2,0)(4,3,1)(5,3,1)(6,2,0)(4,3,0)	psi(W_W_W*2+W_(W+1))	psi(W_W_W*2+W_(W+1))	
4430	(0,0,0)(1,1,1)(2,1,1)(3,1,0)(1,1,1)(2,1,1)(3,1,0)(1,1,0)(2,2,1)(3,2,1)(4,2,0)(2,2,1)(3,2,1)(4,1,0)(3,2,0)(4,3,1)(5,3,1)(6,2,0)(4,3,1)(5,3,1)(6,2,0)(4,3,1)(5,3,1)(6,2,0)	psi(W_W_W*2+W_W_2)	psi(W_W_W*2+W_W_2)	
4431	(0,0,0)(1,1,1)(2,1,1)(3,1,0)(1,1,1)(2,1,1)(3,1,0)(1,1,0)(2,2,1)(3,2,1)(4,2,0)(2,2,1)(3,2,1)(4,1,0)(3,2,0)(4,3,1)(5,3,1)(6,2,0)(4,3,1)(5,3,1)(6,2,0)(4,3,1)(5,3,1)(6,2,0)(2,2,1)(3,2,1)(4,1,0)	psi(W_W_W*3)	psi(W_W_W*3)	
4432	(0,0,0)(1,1,1)(2,1,1)(3,1,0)(1,1,1)(2,1,1)(3,1,0)(1,1,0)(2,2,1)(3,2,1)(4,2,0)(2,2,1)(3,2,1)(4,1,0)(3,2,0)(4,3,1)(5,3,1)(6,2,0)(5,0,0)	psi(W_W_W*w)	psi(W_W_W*w)	
4433	(0,0,0)(1,1,1)(2,1,1)(3,1,0)(1,1,1)(2,1,1)(3,1,0)(1,1,0)(2,2,1)(3,2,1)(4,2,0)(2,2,1)(3,2,1)(4,1,0)(3,2,0)(4,3,1)(5,3,1)(6,2,0)(5,1,0)	psi(W_W_W*W)	psi(W_W_W*W)	
4434	(0,0,0)(1,1,1)(2,1,1)(3,1,0)(1,1,1)(2,1,1)(3,1,0)(1,1,0)(2,2,1)(3,2,1)(4,2,0)(2,2,1)(3,2,1)(4,1,0)(3,2,0)(4,3,1)(5,3,1)(6,2,0)(5,2,0)	psi(W_W_W*W_2)	psi(W_W_W*W_2)	
4435	(0,0,0)(1,1,1)(2,1,1)(3,1,0)(1,1,1)(2,1,1)(3,1,0)(1,1,0)(2,2,1)(3,2,1)(4,2,0)(2,2,1)(3,2,1)(4,1,0)(3,2,0)(4,3,1)(5,3,1)(6,2,0)(5,2,0)(2,2,1)	psi(W_W_W*W_w)	psi(W_W_W*W_w)	
4436	(0,0,0)(1,1,1)(2,1,1)(3,1,0)(1,1,1)(2,1,1)(3,1,0)(1,1,0)(2,2,1)(3,2,1)(4,2,0)(2,2,1)(3,2,1)(4,1,0)(3,2,0)(4,3,1)(5,3,1)(6,2,0)(5,2,0)(2,2,1)(3,2,1)(4,1,0)	psi(W_W_W*W_W)	psi(W_W_W*W_W)	
4437	(0,0,0)(1,1,1)(2,1,1)(3,1,0)(1,1,1)(2,1,1)(3,1,0)(1,1,0)(2,2,1)(3,2,1)(4,2,0)(2,2,1)(3,2,1)(4,1,0)(3,2,0)(4,3,1)(5,3,1)(6,2,0)(5,2,0)(4,3,1)(5,3,1)(6,2,0)	psi(W_W_W*W_W+W_W_2)	psi(W_W_W*W_W+W_W_2)	
4438	(0,0,0)(1,1,1)(2,1,1)(3,1,0)(1,1,1)(2,1,1)(3,1,0)(1,1,0)(2,2,1)(3,2,1)(4,2,0)(2,2,1)(3,2,1)(4,1,0)(3,2,0)(4,3,1)(5,3,1)(6,2,0)(5,2,0)(4,3,1)(5,3,1)(6,2,0)(5,2,0)	psi(W_W_W*W_W+W_W_W*W_2)	psi(W_W_W*W_W+W_W_W*W_2)	
4439	(0,0,0)(1,1,1)(2,1,1)(3,1,0)(1,1,1)(2,1,1)(3,1,0)(1,1,0)(2,2,1)(3,2,1)(4,2,0)(2,2,1)(3,2,1)(4,1,0)(3,2,0)(4,3,1)(5,3,1)(6,2,0)(5,2,0)(4,3,1)(5,3,1)(6,2,0)(5,2,0)(2,2,1)(3,2,1)(4,1,0)	psi(W_W_W*W_W*2)	psi(W_W_W*W_W*2)	
4440	(0,0,0)(1,1,1)(2,1,1)(3,1,0)(1,1,1)(2,1,1)(3,1,0)(1,1,0)(2,2,1)(3,2,1)(4,2,0)(2,2,1)(3,2,1)(4,1,0)(3,2,0)(4,3,1)(5,3,1)(6,2,0)(5,2,0)(5,2,0)	psi(W_W_W*W_W*W_2)	psi(W_W_W*W_W*W_2)	
4441	(0,0,0)(1,1,1)(2,1,1)(3,1,0)(1,1,1)(2,1,1)(3,1,0)(1,1,0)(2,2,1)(3,2,1)(4,2,0)(2,2,1)(3,2,1)(4,1,0)(3,2,0)(4,3,1)(5,3,1)(6,2,0)(5,3,0)	psi(W_W_W*W_(W+1))	psi(W_W_W*W_(W+1))	
4442	(0,0,0)(1,1,1)(2,1,1)(3,1,0)(1,1,1)(2,1,1)(3,1,0)(1,1,0)(2,2,1)(3,2,1)(4,2,0)(2,2,1)(3,2,1)(4,1,0)(3,2,0)(4,3,1)(5,3,1)(6,2,0)(5,3,0)(4,3,1)	psi(W_W_W*W_(W+w))	psi(W_W_W*W_(W+w))	
4443	(0,0,0)(1,1,1)(2,1,1)(3,1,0)(1,1,1)(2,1,1)(3,1,0)(1,1,0)(2,2,1)(3,2,1)(4,2,0)(2,2,1)(3,2,1)(4,1,0)(3,2,0)(4,3,1)(5,3,1)(6,2,0)(5,3,0)(4,3,1)(5,3,1)(6,1,0)	psi(W_W_W*W_(W2))	psi(W_W_W*W_(W2))	
4444	(0,0,0)(1,1,1)(2,1,1)(3,1,0)(1,1,1)(2,1,1)(3,1,0)(1,1,0)(2,2,1)(3,2,1)(4,2,0)(2,2,1)(3,2,1)(4,1,0)(3,2,0)(4,3,1)(5,3,1)(6,2,0)(5,3,0)(4,3,1)(5,3,1)(6,1,0)(5,3,1)	psi(W_W_W*W_(W*w))	psi(W_W_W*W_(W*w))	
4445	(0,0,0)(1,1,1)(2,1,1)(3,1,0)(1,1,1)(2,1,1)(3,1,0)(1,1,0)(2,2,1)(3,2,1)(4,2,0)(2,2,1)(3,2,1)(4,1,0)(3,2,0)(4,3,1)(5,3,1)(6,2,0)(5,3,0)(4,3,1)(5,3,1)(6,2,0)	psi(W_W_W*W_W_2)	psi(W_W_W*W_W_2)	
4446	(0,0,0)(1,1,1)(2,1,1)(3,1,0)(1,1,1)(2,1,1)(3,1,0)(1,1,0)(2,2,1)(3,2,1)(4,2,0)(2,2,1)(3,2,1)(4,1,0)(3,2,0)(4,3,1)(5,3,1)(6,2,0)(5,3,0)(4,3,1)(5,3,1)(6,2,0)(2,2,1)	psi(W_W_W*W_W_w)	psi(W_W_W*W_W_w)	
4447	(0,0,0)(1,1,1)(2,1,1)(3,1,0)(1,1,1)(2,1,1)(3,1,0)(1,1,0)(2,2,1)(3,2,1)(4,2,0)(2,2,1)(3,2,1)(4,1,0)(3,2,0)(4,3,1)(5,3,1)(6,2,0)(5,3,0)(4,3,1)(5,3,1)(6,2,0)(2,2,1)(3,2,1)(4,1,0)	psi(W_W_W^2)	psi(W_W_W^2)	
4448	(0,0,0)(1,1,1)(2,1,1)(3,1,0)(1,1,1)(2,1,1)(3,1,0)(1,1,0)(2,2,1)(3,2,1)(4,2,0)(2,2,1)(3,2,1)(4,1,0)(3,2,0)(4,3,1)(5,3,1)(6,2,0)(5,3,0)(5,3,0)(4,3,1)(5,3,1)(6,2,0)(2,2,1)(3,2,1)(4,1,0)	psi(W_W_W^3)	psi(W_W_W^3)	
4449	(0,0,0)(1,1,1)(2,1,1)(3,1,0)(1,1,1)(2,1,1)(3,1,0)(1,1,0)(2,2,1)(3,2,1)(4,2,0)(2,2,1)(3,2,1)(4,1,0)(3,2,0)(4,3,1)(5,3,1)(6,2,0)(5,3,0)(6,3,0)(4,3,1)(5,3,1)(6,2,0)(2,2,1)(3,2,1)(4,1,0)	psi(W_W_W^W_W_W)	psi(W_W_W^W_W_W)	
4450	(0,0,0)(1,1,1)(2,1,1)(3,1,0)(1,1,1)(2,1,1)(3,1,0)(1,1,0)(2,2,1)(3,2,1)(4,2,0)(2,2,1)(3,2,1)(4,1,0)(3,2,0)(4,3,1)(5,3,1)(6,2,0)(5,3,0)(6,4,0)	psi(W_(W_W+1))	psi(W_(W_W+1))	
4451	(0,0,0)(1,1,1)(2,1,1)(3,1,0)(1,1,1)(2,1,1)(3,1,0)(1,1,0)(2,2,1)(3,2,1)(4,2,0)(2,2,1)(3,2,1)(4,1,0)(3,2,0)(4,3,1)(5,3,1)(6,2,0)(5,3,0)(6,4,0)(7,4,0)	psi(W_(W_W+1)^2)	psi(W_(W_W+1)^2)	
4452	(0,0,0)(1,1,1)(2,1,1)(3,1,0)(1,1,1)(2,1,1)(3,1,0)(1,1,0)(2,2,1)(3,2,1)(4,2,0)(2,2,1)(3,2,1)(4,1,0)(3,2,0)(4,3,1)(5,3,1)(6,2,0)(5,3,0)(6,4,0)(7,5,0)	psi(W_(W_W+2))	psi(W_(W_W+2))	
4453	(0,0,0)(1,1,1)(2,1,1)(3,1,0)(1,1,1)(2,1,1)(3,1,0)(1,1,0)(2,2,1)(3,2,1)(4,2,0)(2,2,1)(3,2,1)(4,1,0)(3,2,0)(4,3,1)(5,3,1)(6,2,0)(5,3,0)(6,4,1)	psi(W_(W_W+w))	psi(W_(W_W+w))	
4454	(0,0,0)(1,1,1)(2,1,1)(3,1,0)(1,1,1)(2,1,1)(3,1,0)(1,1,0)(2,2,1)(3,2,1)(4,2,0)(2,2,1)(3,2,1)(4,1,0)(3,2,0)(4,3,1)(5,3,1)(6,2,0)(5,3,0)(6,4,1)(7,4,1)	psi(W_(W_W+w^2))	psi(W_(W_W+w^2))	
4455	(0,0,0)(1,1,1)(2,1,1)(3,1,0)(1,1,1)(2,1,1)(3,1,0)(1,1,0)(2,2,1)(3,2,1)(4,2,0)(2,2,1)(3,2,1)(4,1,0)(3,2,0)(4,3,1)(5,3,1)(6,2,0)(5,3,0)(6,4,1)(7,4,1)(8,1,0)	psi(W_(W_W+W))	psi(W_(W_W+W))	
4456	(0,0,0)(1,1,1)(2,1,1)(3,1,0)(1,1,1)(2,1,1)(3,1,0)(1,1,0)(2,2,1)(3,2,1)(4,2,0)(2,2,1)(3,2,1)(4,1,0)(3,2,0)(4,3,1)(5,3,1)(6,2,0)(5,3,0)(6,4,1)(7,4,1)(8,2,0)	psi(W_(W_W+W_2))	psi(W_(W_W+W_2))	
4457	(0,0,0)(1,1,1)(2,1,1)(3,1,0)(1,1,1)(2,1,1)(3,1,0)(1,1,0)(2,2,1)(3,2,1)(4,2,0)(2,2,1)(3,2,1)(4,1,0)(3,2,0)(4,3,1)(5,3,1)(6,2,0)(5,3,0)(6,4,1)(7,4,1)(8,2,0)(2,2,1)	psi(W_(W_W+W_w))	psi(W_(W_W+W_w))	
4458	(0,0,0)(1,1,1)(2,1,1)(3,1,0)(1,1,1)(2,1,1)(3,1,0)(1,1,0)(2,2,1)(3,2,1)(4,2,0)(2,2,1)(3,2,1)(4,1,0)(3,2,0)(4,3,1)(5,3,1)(6,2,0)(5,3,0)(6,4,1)(7,4,1)(8,2,0)(2,2,1)(3,2,1)(4,1,0)	psi(W_(W_W*2))	psi(W_(W_W*2))	
4459	(0,0,0)(1,1,1)(2,1,1)(3,1,0)(1,1,1)(2,1,1)(3,1,0)(1,1,0)(2,2,1)(3,2,1)(4,2,0)(2,2,1)(3,2,1)(4,1,0)(3,2,0)(4,3,1)(5,3,1)(6,2,0)(5,3,0)(6,4,1)(7,4,1)(8,2,0)(7,4,0)(8,5,1)(9,5,1)(10,2,0)(2,2,1)(3,2,1)(4,1,0)	psi(W_(W_W*3))	psi(W_(W_W*3))	
4460	(0,0,0)(1,1,1)(2,1,1)(3,1,0)(1,1,1)(2,1,1)(3,1,0)(1,1,0)(2,2,1)(3,2,1)(4,2,0)(2,2,1)(3,2,1)(4,1,0)(3,2,0)(4,3,1)(5,3,1)(6,2,0)(5,3,1)	psi(W_(W_W*w))	psi(W_(W_W*w))	
4461	(0,0,0)(1,1,1)(2,1,1)(3,1,0)(1,1,1)(2,1,1)(3,1,0)(1,1,0)(2,2,1)(3,2,1)(4,2,0)(2,2,1)(3,2,1)(4,1,0)(3,2,0)(4,3,1)(5,3,1)(6,2,0)(5,3,1)(6,1,0)	psi(W_(W_W*W))	psi(W_(W_W*W))	
4462	(0,0,0)(1,1,1)(2,1,1)(3,1,0)(1,1,1)(2,1,1)(3,1,0)(1,1,0)(2,2,1)(3,2,1)(4,2,0)(2,2,1)(3,2,1)(4,1,0)(3,2,0)(4,3,1)(5,3,1)(6,2,0)(5,3,1)(6,2,0)	psi(W_(W_W*W_2))	psi(W_(W_W*W_2))	
4463	(0,0,0)(1,1,1)(2,1,1)(3,1,0)(1,1,1)(2,1,1)(3,1,0)(1,1,0)(2,2,1)(3,2,1)(4,2,0)(2,2,1)(3,2,1)(4,1,0)(3,2,0)(4,3,1)(5,3,1)(6,2,0)(5,3,1)(6,2,0)(2,2,1)	psi(W_(W_W*W_w))	psi(W_(W_W*W_w))	
4464	(0,0,0)(1,1,1)(2,1,1)(3,1,0)(1,1,1)(2,1,1)(3,1,0)(1,1,0)(2,2,1)(3,2,1)(4,2,0)(2,2,1)(3,2,1)(4,1,0)(3,2,0)(4,3,1)(5,3,1)(6,2,0)(5,3,1)(6,2,0)(2,2,1)(3,2,1)(4,1,0)	psi(W_(W_W^2))	psi(W_(W_W^2))	
4465	(0,0,0)(1,1,1)(2,1,1)(3,1,0)(1,1,1)(2,1,1)(3,1,0)(1,1,0)(2,2,1)(3,2,1)(4,2,0)(2,2,1)(3,2,1)(4,1,0)(3,2,0)(4,3,1)(5,3,1)(6,2,0)(6,2,0)(2,2,1)(3,2,1)(4,1,0)	psi(W_(W_W^W_W))	psi(W_(W_W^W_W))	
4466	(0,0,0)(1,1,1)(2,1,1)(3,1,0)(1,1,1)(2,1,1)(3,1,0)(1,1,0)(2,2,1)(3,2,1)(4,2,0)(2,2,1)(3,2,1)(4,1,0)(3,2,0)(4,3,1)(5,3,1)(6,2,0)(7,3,0)	psi(W_psi_W_(W+1)(W_(W+1)))	psi(W_psi_W_(W+1)(W_(W+1)))	
4467	(0,0,0)(1,1,1)(2,1,1)(3,1,0)(1,1,1)(2,1,1)(3,1,0)(1,1,0)(2,2,1)(3,2,1)(4,2,0)(2,2,1)(3,2,1)(4,1,0)(3,2,0)(4,3,1)(5,3,1)(6,2,0)(7,3,1)(8,3,1)(9,2,0)	psi(W_psi_W_(W+1)(W_W_2))	psi(W_psi_W_(W+1)(W_W_2))	
4468	(0,0,0)(1,1,1)(2,1,1)(3,1,0)(1,1,1)(2,1,1)(3,1,0)(1,1,0)(2,2,1)(3,2,1)(4,2,0)(2,2,1)(3,2,1)(4,1,0)(3,2,0)(4,3,1)(5,3,1)(6,3,0)	psi(W_W_(W+1))	psi(W_W_(W+1))	
4469	(0,0,0)(1,1,1)(2,1,1)(3,1,0)(1,1,1)(2,1,1)(3,1,0)(1,1,0)(2,2,1)(3,2,1)(4,2,0)(2,2,1)(3,2,1)(4,1,0)(3,2,0)(4,3,1)(5,3,1)(6,3,0)(2,2,1)(3,2,1)(4,1,0)	psi(W_W_(W+1)+W_W)	psi(W_W_(W+1)+W_W)	
4470	(0,0,0)(1,1,1)(2,1,1)(3,1,0)(1,1,1)(2,1,1)(3,1,0)(1,1,0)(2,2,1)(3,2,1)(4,2,0)(2,2,1)(3,2,1)(4,1,0)(3,2,0)(4,3,1)(5,3,1)(6,3,0)(4,3,0)	psi(W_W_(W+1)+W_(W+1))	psi(W_W_(W+1)+W_(W+1))	
4471	(0,0,0)(1,1,1)(2,1,1)(3,1,0)(1,1,1)(2,1,1)(3,1,0)(1,1,0)(2,2,1)(3,2,1)(4,2,0)(2,2,1)(3,2,1)(4,1,0)(3,2,0)(4,3,1)(5,3,1)(6,3,0)(4,3,0)(5,4,1)(6,4,1)(7,1,0)	psi(W_W_(W+1)+psi_W_(W+2)(W_W))	psi(W_W_(W+1)+psi_W_(W+2)(W_W))	
4472	(0,0,0)(1,1,1)(2,1,1)(3,1,0)(1,1,1)(2,1,1)(3,1,0)(1,1,0)(2,2,1)(3,2,1)(4,2,0)(2,2,1)(3,2,1)(4,1,0)(3,2,0)(4,3,1)(5,3,1)(6,3,0)(4,3,0)(5,4,1)(6,4,1)(7,2,0)	psi(W_W_(W+1)+psi_W_(W+2)(W_W_2))	psi(W_W_(W+1)+psi_W_(W+2)(W_W_2))	
4473	(0,0,0)(1,1,1)(2,1,1)(3,1,0)(1,1,1)(2,1,1)(3,1,0)(1,1,0)(2,2,1)(3,2,1)(4,2,0)(2,2,1)(3,2,1)(4,1,0)(3,2,0)(4,3,1)(5,3,1)(6,3,0)(4,3,0)(5,4,1)(6,4,1)(7,2,0)(2,2,1)(3,2,1)(4,1,0)	psi(W_W_(W+1)+psi_W_(W+2)(W_W_W))	psi(W_W_(W+1)+psi_W_(W+2)(W_W_W))	
4474	(0,0,0)(1,1,1)(2,1,1)(3,1,0)(1,1,1)(2,1,1)(3,1,0)(1,1,0)(2,2,1)(3,2,1)(4,2,0)(2,2,1)(3,2,1)(4,1,0)(3,2,0)(4,3,1)(5,3,1)(6,3,0)(4,3,0)(5,4,1)(6,4,1)(7,3,0)	psi(W_W_(W+1)+psi_W_(W+2)(W_W_(W+1)))	psi(W_W_(W+1)+psi_W_(W+2)(W_W_(W+1)))	
4475	(0,0,0)(1,1,1)(2,1,1)(3,1,0)(1,1,1)(2,1,1)(3,1,0)(1,1,0)(2,2,1)(3,2,1)(4,2,0)(2,2,1)(3,2,1)(4,1,0)(3,2,0)(4,3,1)(5,3,1)(6,3,0)(4,3,0)(5,4,1)(6,4,1)(7,3,0)(5,4,0)	psi(W_W_(W+1)+W_(W+2))	psi(W_W_(W+1)+W_(W+2))	
4476	(0,0,0)(1,1,1)(2,1,1)(3,1,0)(1,1,1)(2,1,1)(3,1,0)(1,1,0)(2,2,1)(3,2,1)(4,2,0)(2,2,1)(3,2,1)(4,1,0)(3,2,0)(4,3,1)(5,3,1)(6,3,0)(4,3,0)(5,4,1)(6,4,1)(7,3,0)(5,4,1)	psi(W_W_(W+1)+W_(W+w))	psi(W_W_(W+1)+W_(W+w))	
4477	(0,0,0)(1,1,1)(2,1,1)(3,1,0)(1,1,1)(2,1,1)(3,1,0)(1,1,0)(2,2,1)(3,2,1)(4,2,0)(2,2,1)(3,2,1)(4,1,0)(3,2,0)(4,3,1)(5,3,1)(6,3,0)(4,3,0)(5,4,1)(6,4,1)(7,3,0)(5,4,1)(6,4,1)(7,2,0)	psi(W_W_(W+1)+W_W_2)	psi(W_W_(W+1)+W_W_2)	
4478	(0,0,0)(1,1,1)(2,1,1)(3,1,0)(1,1,1)(2,1,1)(3,1,0)(1,1,0)(2,2,1)(3,2,1)(4,2,0)(2,2,1)(3,2,1)(4,1,0)(3,2,0)(4,3,1)(5,3,1)(6,3,0)(4,3,0)(5,4,1)(6,4,1)(7,3,0)(5,4,1)(6,4,1)(7,2,0)(2,2,1)(3,2,1)(4,1,0)	psi(W_W_(W+1)+W_W_W)	psi(W_W_(W+1)+W_W_W)	
4479	(0,0,0)(1,1,1)(2,1,1)(3,1,0)(1,1,1)(2,1,1)(3,1,0)(1,1,0)(2,2,1)(3,2,1)(4,2,0)(2,2,1)(3,2,1)(4,1,0)(3,2,0)(4,3,1)(5,3,1)(6,3,0)(4,3,0)(5,4,1)(6,4,1)(7,3,0)(5,4,1)(6,4,1)(7,3,0)	psi(W_W_(W+1)*2)	psi(W_W_(W+1)*2)	
4480	(0,0,0)(1,1,1)(2,1,1)(3,1,0)(1,1,1)(2,1,1)(3,1,0)(1,1,0)(2,2,1)(3,2,1)(4,2,0)(2,2,1)(3,2,1)(4,1,0)(3,2,0)(4,3,1)(5,3,1)(6,3,0)(4,3,0)(5,4,1)(6,4,1)(7,3,0)(6,1,0)	psi(W_W_(W+1)*W)	psi(W_W_(W+1)*W)	
4481	(0,0,0)(1,1,1)(2,1,1)(3,1,0)(1,1,1)(2,1,1)(3,1,0)(1,1,0)(2,2,1)(3,2,1)(4,2,0)(2,2,1)(3,2,1)(4,1,0)(3,2,0)(4,3,1)(5,3,1)(6,3,0)(4,3,0)(5,4,1)(6,4,1)(7,3,0)(6,3,0)	psi(W_W_(W+1)*W_(W+1))	psi(W_W_(W+1)*W_(W+1))	
4482	(0,0,0)(1,1,1)(2,1,1)(3,1,0)(1,1,1)(2,1,1)(3,1,0)(1,1,0)(2,2,1)(3,2,1)(4,2,0)(2,2,1)(3,2,1)(4,1,0)(3,2,0)(4,3,1)(5,3,1)(6,3,0)(4,3,0)(5,4,1)(6,4,1)(7,3,0)(6,3,0)(2,2,1)(3,2,1)(4,1,0)	psi(W_W_(W+1)*W_W_W)	psi(W_W_(W+1)*W_W_W)	
4483	(0,0,0)(1,1,1)(2,1,1)(3,1,0)(1,1,1)(2,1,1)(3,1,0)(1,1,0)(2,2,1)(3,2,1)(4,2,0)(2,2,1)(3,2,1)(4,1,0)(3,2,0)(4,3,1)(5,3,1)(6,3,0)(4,3,0)(5,4,1)(6,4,1)(7,3,0)(6,4,0)	psi(W_W_(W+1)*W_(W_W+1))	psi(W_W_(W+1)*W_(W_W+1))	
4484	(0,0,0)(1,1,1)(2,1,1)(3,1,0)(1,1,1)(2,1,1)(3,1,0)(1,1,0)(2,2,1)(3,2,1)(4,2,0)(2,2,1)(3,2,1)(4,1,0)(3,2,0)(4,3,1)(5,3,1)(6,3,0)(4,3,0)(5,4,1)(6,4,1)(7,3,0)(6,4,0)(5,4,1)(6,4,1)(7,3,0)	psi(W_W_(W+1)^2)	psi(W_W_(W+1)^2)	
4485	(0,0,0)(1,1,1)(2,1,1)(3,1,0)(1,1,1)(2,1,1)(3,1,0)(1,1,0)(2,2,1)(3,2,1)(4,2,0)(2,2,1)(3,2,1)(4,1,0)(3,2,0)(4,3,1)(5,3,1)(6,3,0)(4,3,0)(5,4,1)(6,4,1)(7,3,0)(6,4,0)(7,5,0)	psi(W_(W_(W+1)+1))	psi(W_(W_(W+1)+1))	
4486	(0,0,0)(1,1,1)(2,1,1)(3,1,0)(1,1,1)(2,1,1)(3,1,0)(1,1,0)(2,2,1)(3,2,1)(4,2,0)(2,2,1)(3,2,1)(4,1,0)(3,2,0)(4,3,1)(5,3,1)(6,3,0)(4,3,0)(5,4,1)(6,4,1)(7,3,0)(6,4,0)(7,5,1)	psi(W_(W_(W+1)+w))	psi(W_(W_(W+1)+w))	
4487	(0,0,0)(1,1,1)(2,1,1)(3,1,0)(1,1,1)(2,1,1)(3,1,0)(1,1,0)(2,2,1)(3,2,1)(4,2,0)(2,2,1)(3,2,1)(4,1,0)(3,2,0)(4,3,1)(5,3,1)(6,3,0)(4,3,0)(5,4,1)(6,4,1)(7,3,0)(6,4,0)(7,5,1)(8,5,1)(9,2,0)	psi(W_(W_(W+1)+W_2))	psi(W_(W_(W+1)+W_2))	
4488	(0,0,0)(1,1,1)(2,1,1)(3,1,0)(1,1,1)(2,1,1)(3,1,0)(1,1,0)(2,2,1)(3,2,1)(4,2,0)(2,2,1)(3,2,1)(4,1,0)(3,2,0)(4,3,1)(5,3,1)(6,3,0)(4,3,0)(5,4,1)(6,4,1)(7,3,0)(6,4,0)(7,5,1)(8,5,1)(9,2,0)(2,2,1)(3,2,1)(4,1,0)	psi(W_(W_(W+1)+W_W))	psi(W_(W_(W+1)+W_W))	
4489	(0,0,0)(1,1,1)(2,1,1)(3,1,0)(1,1,1)(2,1,1)(3,1,0)(1,1,0)(2,2,1)(3,2,1)(4,2,0)(2,2,1)(3,2,1)(4,1,0)(3,2,0)(4,3,1)(5,3,1)(6,3,0)(4,3,0)(5,4,1)(6,4,1)(7,3,0)(6,4,0)(7,5,1)(8,5,1)(9,3,0)	psi(W_(W_(W+1)*2))	psi(W_(W_(W+1)*2))	
4490	(0,0,0)(1,1,1)(2,1,1)(3,1,0)(1,1,1)(2,1,1)(3,1,0)(1,1,0)(2,2,1)(3,2,1)(4,2,0)(2,2,1)(3,2,1)(4,1,0)(3,2,0)(4,3,1)(5,3,1)(6,3,0)(4,3,0)(5,4,1)(6,4,1)(7,3,0)(6,4,1)	psi(W_(W_(W+1)*w))	psi(W_(W_(W+1)*w))	
4491	(0,0,0)(1,1,1)(2,1,1)(3,1,0)(1,1,1)(2,1,1)(3,1,0)(1,1,0)(2,2,1)(3,2,1)(4,2,0)(2,2,1)(3,2,1)(4,1,0)(3,2,0)(4,3,1)(5,3,1)(6,3,0)(4,3,0)(5,4,1)(6,4,1)(7,3,0)(6,4,1)(7,3,0)	psi(W_(W_(W+1)^2))	psi(W_(W_(W+1)^2))	
4492	(0,0,0)(1,1,1)(2,1,1)(3,1,0)(1,1,1)(2,1,1)(3,1,0)(1,1,0)(2,2,1)(3,2,1)(4,2,0)(2,2,1)(3,2,1)(4,1,0)(3,2,0)(4,3,1)(5,3,1)(6,3,0)(4,3,0)(5,4,1)(6,4,1)(7,3,0)(8,4,0)	psi(W_psi_W_(W+2)(W_(W+2)))	psi(W_psi_W_(W+2)(W_(W+2)))	
4493	(0,0,0)(1,1,1)(2,1,1)(3,1,0)(1,1,1)(2,1,1)(3,1,0)(1,1,0)(2,2,1)(3,2,1)(4,2,0)(2,2,1)(3,2,1)(4,1,0)(3,2,0)(4,3,1)(5,3,1)(6,3,0)(4,3,0)(5,4,1)(6,4,1)(7,4,0)	psi(W_W_(W+2))	psi(W_W_(W+2))	
4494	(0,0,0)(1,1,1)(2,1,1)(3,1,0)(1,1,1)(2,1,1)(3,1,0)(1,1,0)(2,2,1)(3,2,1)(4,2,0)(2,2,1)(3,2,1)(4,1,0)(3,2,0)(4,3,1)(5,3,1)(6,3,0)(4,3,0)(5,4,1)(6,4,1)(7,4,0)(5,4,0)(6,5,1)(7,5,1)(8,5,0)	psi(W_W_(W+3))	psi(W_W_(W+3))	
4495	(0,0,0)(1,1,1)(2,1,1)(3,1,0)(1,1,1)(2,1,1)(3,1,0)(1,1,0)(2,2,1)(3,2,1)(4,2,0)(2,2,1)(3,2,1)(4,1,0)(3,2,0)(4,3,1)(5,3,1)(6,3,0)(4,3,1)	psi(W_W_(W+w))	psi(W_W_(W+w))	
4496	(0,0,0)(1,1,1)(2,1,1)(3,1,0)(1,1,1)(2,1,1)(3,1,0)(1,1,0)(2,2,1)(3,2,1)(4,2,0)(2,2,1)(3,2,1)(4,1,0)(3,2,0)(4,3,1)(5,3,1)(6,3,0)(4,3,1)(5,3,0)(6,4,1)(7,4,1)(8,3,0)(7,4,0)(8,5,1)	psi(W_(W_(W+w)+1))	psi(W_(W_(W+w)+1))	
4497	(0,0,0)(1,1,1)(2,1,1)(3,1,0)(1,1,1)(2,1,1)(3,1,0)(1,1,0)(2,2,1)(3,2,1)(4,2,0)(2,2,1)(3,2,1)(4,1,0)(3,2,0)(4,3,1)(5,3,1)(6,3,0)(4,3,1)(5,3,0)(6,4,1)(7,4,1)(8,3,0)(7,4,1)	psi(W_(W_(W+w)*w))	psi(W_(W_(W+w)*w))	
4498	(0,0,0)(1,1,1)(2,1,1)(3,1,0)(1,1,1)(2,1,1)(3,1,0)(1,1,0)(2,2,1)(3,2,1)(4,2,0)(2,2,1)(3,2,1)(4,1,0)(3,2,0)(4,3,1)(5,3,1)(6,3,0)(4,3,1)(5,3,0)(6,4,1)(7,4,1)(8,4,0)	psi(W_W_(W+w+1))	psi(W_W_(W+w+1))	
4499	(0,0,0)(1,1,1)(2,1,1)(3,1,0)(1,1,1)(2,1,1)(3,1,0)(1,1,0)(2,2,1)(3,2,1)(4,2,0)(2,2,1)(3,2,1)(4,1,0)(3,2,0)(4,3,1)(5,3,1)(6,3,0)(4,3,1)(5,3,0)(6,4,1)(7,4,1)(8,4,0)(7,4,1)	psi(W_W_(W+w2))	psi(W_W_(W+w2))	
4500	(0,0,0)(1,1,1)(2,1,1)(3,1,0)(1,1,1)(2,1,1)(3,1,0)(1,1,0)(2,2,1)(3,2,1)(4,2,0)(2,2,1)(3,2,1)(4,1,0)(3,2,0)(4,3,1)(5,3,1)(6,3,0)(4,3,1)(5,3,1)	psi(W_W_(W+w^2))	psi(W_W_(W+w^2))	
4501	(0,0,0)(1,1,1)(2,1,1)(3,1,0)(1,1,1)(2,1,1)(3,1,0)(1,1,0)(2,2,1)(3,2,1)(4,2,0)(2,2,1)(3,2,1)(4,1,0)(3,2,0)(4,3,1)(5,3,1)(6,3,0)(4,3,1)(5,3,1)(6,0,0)	psi(W_W_(W+w^w))	psi(W_W_(W+w^w))	
4502	(0,0,0)(1,1,1)(2,1,1)(3,1,0)(1,1,1)(2,1,1)(3,1,0)(1,1,0)(2,2,1)(3,2,1)(4,2,0)(2,2,1)(3,2,1)(4,1,0)(3,2,0)(4,3,1)(5,3,1)(6,3,0)(4,3,1)(5,3,1)(6,1,0)	psi(W_W_(W2))	psi(W_W_(W2))	
4503	(0,0,0)(1,1,1)(2,1,1)(3,1,0)(1,1,1)(2,1,1)(3,1,0)(1,1,0)(2,2,1)(3,2,1)(4,2,0)(2,2,1)(3,2,1)(4,1,0)(3,2,0)(4,3,1)(5,3,1)(6,3,0)(4,3,1)(5,3,1)(6,1,0)(5,3,0)(6,4,1)(7,4,1)(8,4,0)(6,4,1)(7,4,1)(8,1,0)	psi(W_W_(W3))	psi(W_W_(W3))	
4504	(0,0,0)(1,1,1)(2,1,1)(3,1,0)(1,1,1)(2,1,1)(3,1,0)(1,1,0)(2,2,1)(3,2,1)(4,2,0)(2,2,1)(3,2,1)(4,1,0)(3,2,1)	psi(W_W_(W*w))	psi(W_W_(W*w))	
4505	(0,0,0)(1,1,1)(2,1,1)(3,1,0)(1,1,1)(2,1,1)(3,1,0)(1,1,0)(2,2,1)(3,2,1)(4,2,0)(2,2,1)(3,2,1)(4,1,0)(3,2,1)(3,2,1)	psi(W_W_(W*w^2))	psi(W_W_(W*w^2))	
4506	(0,0,0)(1,1,1)(2,1,1)(3,1,0)(1,1,1)(2,1,1)(3,1,0)(1,1,0)(2,2,1)(3,2,1)(4,2,0)(2,2,1)(3,2,1)(4,1,0)(3,2,1)(4,1,0)	psi(W_W_(W^2))	psi(W_W_(W^2))	
4507	(0,0,0)(1,1,1)(2,1,1)(3,1,0)(1,1,1)(2,1,1)(3,1,0)(1,1,0)(2,2,1)(3,2,1)(4,2,0)(2,2,1)(3,2,1)(4,1,0)(4,1,0)	psi(W_W_(W^W))	psi(W_W_(W^W))	
4508	(0,0,0)(1,1,1)(2,1,1)(3,1,0)(1,1,1)(2,1,1)(3,1,0)(1,1,0)(2,2,1)(3,2,1)(4,2,0)(2,2,1)(3,2,1)(4,1,0)(5,2,0)	psi(W_W_psi_1(W_2))	psi(W_W_psi_1(W_2))	
4509	(0,0,0)(1,1,1)(2,1,1)(3,1,0)(1,1,1)(2,1,1)(3,1,0)(1,1,0)(2,2,1)(3,2,1)(4,2,0)(2,2,1)(3,2,1)(4,1,0)(5,2,1)(6,2,1)(7,1,0)	psi(W_W_psi_1(W_W))	psi(W_W_psi_1(W_W))	
4510	(0,0,0)(1,1,1)(2,1,1)(3,1,0)(1,1,1)(2,1,1)(3,1,0)(1,1,0)(2,2,1)(3,2,1)(4,2,0)(2,2,1)(3,2,1)(4,2,0)	psi(W_W_W_2)	psi(W_W_W_2)	
4511	(0,0,0)(1,1,1)(2,1,1)(3,1,0)(1,1,1)(2,1,1)(3,1,0)(1,1,0)(2,2,1)(3,2,1)(4,2,0)(2,2,1)(3,2,1)(4,2,0)(2,2,0)(3,3,1)(4,4,1)(5,3,0)(3,3,1)(4,3,1)(5,2,0)(3,3,1)	psi(W_W_W_2+W_w)	psi(W_W_W_2+W_w)	
4512	(0,0,0)(1,1,1)(2,1,1)(3,1,0)(1,1,1)(2,1,1)(3,1,0)(1,1,0)(2,2,1)(3,2,1)(4,2,0)(2,2,1)(3,2,1)(4,2,0)(2,2,0)(3,3,1)(4,4,1)(5,3,0)(3,3,1)(4,3,1)(5,2,0)(3,3,1)(4,3,1)(5,2,0)	psi(W_W_W_2+W_W_2)	psi(W_W_W_2+W_W_2)	
4513	(0,0,0)(1,1,1)(2,1,1)(3,1,0)(1,1,1)(2,1,1)(3,1,0)(1,1,0)(2,2,1)(3,2,1)(4,2,0)(2,2,1)(3,2,1)(4,2,0)(2,2,0)(3,3,1)(4,4,1)(5,3,0)(3,3,1)(4,3,1)(5,2,0)(4,3,0)	psi(W_W_W_2+W_W_2*W_3)	psi(W_W_W_2+W_W_2*W_3)	
4514	(0,0,0)(1,1,1)(2,1,1)(3,1,0)(1,1,1)(2,1,1)(3,1,0)(1,1,0)(2,2,1)(3,2,1)(4,2,0)(2,2,1)(3,2,1)(4,2,0)(2,2,0)(3,3,1)(4,4,1)(5,3,0)(3,3,1)(4,3,1)(5,2,0)(4,3,0)(5,4,0)	psi(W_W_W_2+psi_W_(W_2+1)(W_(W_2+1)))	psi(W_W_W_2+psi_W_(W_2+1)(W_(W_2+1)))	
4515	(0,0,0)(1,1,1)(2,1,1)(3,1,0)(1,1,1)(2,1,1)(3,1,0)(1,1,0)(2,2,1)(3,2,1)(4,2,0)(2,2,1)(3,2,1)(4,2,0)(2,2,0)(3,3,1)(4,4,1)(5,3,0)(3,3,1)(4,3,1)(5,2,0)(4,3,0)(5,4,1)(6,4,1)(7,3,0)(5,4,0)	psi(W_W_W_2+W_(W_2+1))	psi(W_W_W_2+W_(W_2+1))	
4516	(0,0,0)(1,1,1)(2,1,1)(3,1,0)(1,1,1)(2,1,1)(3,1,0)(1,1,0)(2,2,1)(3,2,1)(4,2,0)(2,2,1)(3,2,1)(4,2,0)(2,2,0)(3,3,1)(4,4,1)(5,3,0)(3,3,1)(4,3,1)(5,2,0)(4,3,0)(5,4,1)(6,4,1)(7,3,0)(5,4,1)(6,4,1)(7,3,0)	psi(W_W_W_2+W_W_3)	psi(W_W_W_2+W_W_3)	
4517	(0,0,0)(1,1,1)(2,1,1)(3,1,0)(1,1,1)(2,1,1)(3,1,0)(1,1,0)(2,2,1)(3,2,1)(4,2,0)(2,2,1)(3,2,1)(4,2,0)(2,2,0)(3,3,1)(4,4,1)(5,3,0)(3,3,1)(4,3,1)(5,2,0)(4,3,0)(5,4,1)(6,4,1)(7,3,0)(5,4,1)(6,4,1)(7,3,0)(3,3,1)(4,3,1)(5,2,0)	psi(W_W_W_2*2)	psi(W_W_W_2*2)	
4518	(0,0,0)(1,1,1)(2,1,1)(3,1,0)(1,1,1)(2,1,1)(3,1,0)(1,1,0)(2,2,1)(3,2,1)(4,2,0)(2,2,1)(3,2,1)(4,2,0)(2,2,0)(3,3,1)(4,4,1)(5,3,0)(3,3,1)(4,3,1)(5,2,0)(4,3,0)(5,4,1)(6,4,1)(7,3,0)(6,4,0)(5,4,1)(6,4,1)(7,3,0)(3,3,1)(4,3,1)(5,2,0)	psi(W_W_W_2^2)	psi(W_W_W_2^2)	
4519	(0,0,0)(1,1,1)(2,1,1)(3,1,0)(1,1,1)(2,1,1)(3,1,0)(1,1,0)(2,2,1)(3,2,1)(4,2,0)(2,2,1)(3,2,1)(4,2,0)(2,2,0)(3,3,1)(4,4,1)(5,3,0)(3,3,1)(4,3,1)(5,2,0)(4,3,0)(5,4,1)(6,4,1)(7,3,0)(6,4,0)(7,5,0)	psi(W_(W_W_2+1))	psi(W_(W_W_2+1))	
4520	(0,0,0)(1,1,1)(2,1,1)(3,1,0)(1,1,1)(2,1,1)(3,1,0)(1,1,0)(2,2,1)(3,2,1)(4,2,0)(2,2,1)(3,2,1)(4,2,0)(2,2,0)(3,3,1)(4,4,1)(5,3,0)(3,3,1)(4,3,1)(5,2,0)(4,3,0)(5,4,1)(6,4,1)(7,3,0)(6,4,0)(7,5,1)	psi(W_(W_W_2+w))	psi(W_(W_W_2+w))	
4521	(0,0,0)(1,1,1)(2,1,1)(3,1,0)(1,1,1)(2,1,1)(3,1,0)(1,1,0)(2,2,1)(3,2,1)(4,2,0)(2,2,1)(3,2,1)(4,2,0)(2,2,0)(3,3,1)(4,4,1)(5,3,0)(3,3,1)(4,3,1)(5,2,0)(4,3,0)(5,4,1)(6,4,1)(7,3,0)(6,4,0)(7,5,1)(8,5,1)(9,1,0)	psi(W_(W_W_2+W))	psi(W_(W_W_2+W))	
4522	(0,0,0)(1,1,1)(2,1,1)(3,1,0)(1,1,1)(2,1,1)(3,1,0)(1,1,0)(2,2,1)(3,2,1)(4,2,0)(2,2,1)(3,2,1)(4,2,0)(2,2,0)(3,3,1)(4,4,1)(5,3,0)(3,3,1)(4,3,1)(5,2,0)(4,3,0)(5,4,1)(6,4,1)(7,3,0)(6,4,0)(7,5,1)(8,5,1)(9,3,0)	si(W_(W_W_2+W_3))	psi(W_(W_W_2+W_3))	typo
4523	(0,0,0)(1,1,1)(2,1,1)(3,1,0)(1,1,1)(2,1,1)(3,1,0)(1,1,0)(2,2,1)(3,2,1)(4,2,0)(2,2,1)(3,2,1)(4,2,0)(2,2,0)(3,3,1)(4,4,1)(5,3,0)(3,3,1)(4,3,1)(5,2,0)(4,3,0)(5,4,1)(6,4,1)(7,3,0)(6,4,0)(7,5,1)(8,5,1)(9,3,0)(3,3,1)(4,3,1)(5,2,0)	psi(W_(W_W_2*2))	psi(W_(W_W_2*2))	
4524	(0,0,0)(1,1,1)(2,1,1)(3,1,0)(1,1,1)(2,1,1)(3,1,0)(1,1,0)(2,2,1)(3,2,1)(4,2,0)(2,2,1)(3,2,1)(4,2,0)(2,2,0)(3,3,1)(4,4,1)(5,3,0)(3,3,1)(4,3,1)(5,2,0)(4,3,0)(5,4,1)(6,4,1)(7,3,0)(6,4,1)	psi(W_(W_W_2*w))	psi(W_(W_W_2*w))	
4525	(0,0,0)(1,1,1)(2,1,1)(3,1,0)(1,1,1)(2,1,1)(3,1,0)(1,1,0)(2,2,1)(3,2,1)(4,2,0)(2,2,1)(3,2,1)(4,2,0)(2,2,0)(3,3,1)(4,4,1)(5,3,0)(3,3,1)(4,3,1)(5,2,0)(4,3,0)(5,4,1)(6,4,1)(7,3,0)(6,4,1)(7,3,0)(3,3,1)(4,3,1)(5,2,0)	psi(W_(W_W_2^2))	psi(W_(W_W_2^2))	
4526	(0,0,0)(1,1,1)(2,1,1)(3,1,0)(1,1,1)(2,1,1)(3,1,0)(1,1,0)(2,2,1)(3,2,1)(4,2,0)(2,2,1)(3,2,1)(4,2,0)(2,2,0)(3,3,1)(4,4,1)(5,3,0)(3,3,1)(4,3,1)(5,2,0)(4,3,0)(5,4,1)(6,4,1)(7,3,0)(8,4,0)	psi(W_psi_W_(W_2+1)(W_(W_2+1)))	psi(W_psi_W_(W_2+1)(W_(W_2+1)))	
4527	(0,0,0)(1,1,1)(2,1,1)(3,1,0)(1,1,1)(2,1,1)(3,1,0)(1,1,0)(2,2,1)(3,2,1)(4,2,0)(2,2,1)(3,2,1)(4,2,0)(2,2,0)(3,3,1)(4,4,1)(5,3,0)(3,3,1)(4,3,1)(5,2,0)(4,3,0)(5,4,1)(6,4,1)(7,4,0)	psi(W_W_(W_2+1))	psi(W_W_(W_2+1))	
4528	(0,0,0)(1,1,1)(2,1,1)(3,1,0)(1,1,1)(2,1,1)(3,1,0)(1,1,0)(2,2,1)(3,2,1)(4,2,0)(2,2,1)(3,2,1)(4,2,0)(2,2,0)(3,3,1)(4,4,1)(5,3,0)(3,3,1)(4,3,1)(5,2,0)(4,3,0)(5,4,1)(6,4,1)(7,4,0)(5,4,1)	psi(W_W_(W_2+w))	psi(W_W_(W_2+w))	
4529	(0,0,0)(1,1,1)(2,1,1)(3,1,0)(1,1,1)(2,1,1)(3,1,0)(1,1,0)(2,2,1)(3,2,1)(4,2,0)(2,2,1)(3,2,1)(4,2,0)(2,2,0)(3,3,1)(4,4,1)(5,3,0)(3,3,1)(4,3,1)(5,2,0)(4,3,0)(5,4,1)(6,4,1)(7,4,0)(5,4,1)(6,4,1)(7,2,0)	psi(W_W_(W_2*2))	psi(W_W_(W_2*2))	
4530	(0,0,0)(1,1,1)(2,1,1)(3,1,0)(1,1,1)(2,1,1)(3,1,0)(1,1,0)(2,2,1)(3,2,1)(4,2,0)(2,2,1)(3,2,1)(4,2,0)(2,2,0)(3,3,1)(4,4,1)(5,3,0)(3,3,1)(4,3,1)(5,2,0)(4,3,1)	psi(W_W_(W_2*w))	psi(W_W_(W_2*w))	
4531	(0,0,0)(1,1,1)(2,1,1)(3,1,0)(1,1,1)(2,1,1)(3,1,0)(1,1,0)(2,2,1)(3,2,1)(4,2,0)(2,2,1)(3,2,1)(4,2,0)(2,2,0)(3,3,1)(4,4,1)(5,3,0)(3,3,1)(4,3,1)(5,2,0)(4,3,1)(5,3,0)	psi(W_W_(W_2^2))	psi(W_W_(W_2^2))	
4532	(0,0,0)(1,1,1)(2,1,1)(3,1,0)(1,1,1)(2,1,1)(3,1,0)(1,1,0)(2,2,1)(3,2,1)(4,2,0)(2,2,1)(3,2,1)(4,2,0)(2,2,0)(3,3,1)(4,4,1)(5,3,0)(3,3,1)(4,3,1)(5,2,0)(5,2,0)	psi(W_W_(W_2^W_2))	psi(W_W_(W_2^W_2))	
4533	(0,0,0)(1,1,1)(2,1,1)(3,1,0)(1,1,1)(2,1,1)(3,1,0)(1,1,0)(2,2,1)(3,2,1)(4,2,0)(2,2,1)(3,2,1)(4,2,0)(2,2,0)(3,3,1)(4,4,1)(5,3,0)(3,3,1)(4,3,1)(5,2,0)(6,3,0)	psi(W_W_psi_2(W_3))	psi(W_W_psi_2(W_3))	
4534	(0,0,0)(1,1,1)(2,1,1)(3,1,0)(1,1,1)(2,1,1)(3,1,0)(1,1,0)(2,2,1)(3,2,1)(4,2,0)(2,2,1)(3,2,1)(4,2,0)(2,2,0)(3,3,1)(4,4,1)(5,3,0)(3,3,1)(4,3,1)(5,3,0)	psi(W_W_W_3)	psi(W_W_W_3)	
4535	(0,0,0)(1,1,1)(2,1,1)(3,1,0)(1,1,1)(2,1,1)(3,1,0)(1,1,0)(2,2,1)(3,2,1)(4,2,0)(2,2,1)(3,2,1)(4,2,0)(2,2,0)(3,3,1)(4,4,1)(5,3,0)(3,3,1)(4,3,1)(5,3,0)(3,3,0)(4,4,1)(5,4,1)(6,4,0)(4,4,1)(5,4,1)(6,4,0)	psi(W_W_W_4)	psi(W_W_W_4)	
4536	(0,0,0)(1,1,1)(2,1,1)(3,1,0)(1,1,1)(2,1,1)(3,1,0)(1,1,1)	psi(W_W_W_w)	psi(W_W_W_w)	
4537	(0,0,0)(1,1,1)(2,1,1)(3,1,0)(1,1,1)(2,1,1)(3,1,0)(1,1,1)(1,1,1)	psi(W_W_W_w+W_w)	psi(W_W_W_w+W_w)	
4538	(0,0,0)(1,1,1)(2,1,1)(3,1,0)(1,1,1)(2,1,1)(3,1,0)(1,1,1)(2,1,0)	psi(W_W_W_w+W_w*W)	psi(W_W_W_w+W_w*W)	
4539	(0,0,0)(1,1,1)(2,1,1)(3,1,0)(1,1,1)(2,1,1)(3,1,0)(1,1,1)(2,1,0)(3,2,0)	psi(W_W_W_w+psi_W_(w+1)(W_(w+1)))	psi(W_W_W_w+psi_W_(w+1)(W_(w+1)))	
4540	(0,0,0)(1,1,1)(2,1,1)(3,1,0)(1,1,1)(2,1,1)(3,1,0)(1,1,1)(2,1,0)(3,2,1)(4,2,1)(5,1,0)	psi(W_W_W_w+psi_W_(w+1)(W_W))	psi(W_W_W_w+psi_W_(w+1)(W_W))	
4541	(0,0,0)(1,1,1)(2,1,1)(3,1,0)(1,1,1)(2,1,1)(3,1,0)(1,1,1)(2,1,0)(3,2,1)(4,2,1)(5,1,0)(1,1,1)	psi(W_W_W_w+psi_W_(w+1)(W_W_w))	psi(W_W_W_w+psi_W_(w+1)(W_W_w))	
4542	(0,0,0)(1,1,1)(2,1,1)(3,1,0)(1,1,1)(2,1,1)(3,1,0)(1,1,1)(2,1,0)(3,2,1)(4,2,1)(5,1,0)(2,1,0)	psi(W_W_W_w+psi_W_(w+1)(W_W_w)*W)	psi(W_W_W_w+psi_W_(w+1)(W_W_w)*W)	
4543	(0,0,0)(1,1,1)(2,1,1)(3,1,0)(1,1,1)(2,1,1)(3,1,0)(1,1,1)(2,1,0)(3,2,1)(4,2,1)(5,1,0)(3,2,0)	psi(W_W_W_w+psi_W_(w+1)(W_W_w+W_(w+1)))	psi(W_W_W_w+psi_W_(w+1)(W_W_w+W_(w+1)))	
4544	(0,0,0)(1,1,1)(2,1,1)(3,1,0)(1,1,1)(2,1,1)(3,1,0)(1,1,1)(2,1,0)(3,2,1)(4,2,1)(5,1,0)(3,2,1)	psi(W_W_W_w+psi_W_(w+1)(W_W_w+W_(w2)))	psi(W_W_W_w+psi_W_(w+1)(W_W_w+W_(w2)))	
4545	(0,0,0)(1,1,1)(2,1,1)(3,1,0)(1,1,1)(2,1,1)(3,1,0)(1,1,1)(2,1,0)(3,2,1)(4,2,1)(5,1,0)(3,2,1)(4,2,1)(5,1,0)	psi(W_W_W_w+psi_W_(w+1)(W_W_w+W_W))	psi(W_W_W_w+psi_W_(w+1)(W_W_w+W_W))	
4546	(0,0,0)(1,1,1)(2,1,1)(3,1,0)(1,1,1)(2,1,1)(3,1,0)(1,1,1)(2,1,0)(3,2,1)(4,2,1)(5,1,0)(3,2,1)(4,2,1)(5,1,0)(1,1,1)	psi(W_W_W_w+psi_W_(w+1)(W_W_w*2))	psi(W_W_W_w+psi_W_(w+1)(W_W_w*2))	
4547	(0,0,0)(1,1,1)(2,1,1)(3,1,0)(1,1,1)(2,1,1)(3,1,0)(1,1,1)(2,1,0)(3,2,1)(4,2,1)(5,1,0)(4,1,0)	psi(W_W_W_w+psi_W_(w+1)(W_W_w*W))	psi(W_W_W_w+psi_W_(w+1)(W_W_w*W))	
4548	(0,0,0)(1,1,1)(2,1,1)(3,1,0)(1,1,1)(2,1,1)(3,1,0)(1,1,1)(2,1,0)(3,2,1)(4,2,1)(5,1,0)(4,2,0)	psi(W_W_W_w+psi_W_(w+1)(W_W_w*W_(w+1)))	psi(W_W_W_w+psi_W_(w+1)(W_W_w*W_(w+1)))	
4549	(0,0,0)(1,1,1)(2,1,1)(3,1,0)(1,1,1)(2,1,1)(3,1,0)(1,1,1)(2,1,0)(3,2,1)(4,2,1)(5,1,0)(4,2,0)(3,2,1)(4,2,1)(5,1,0)	psi(W_W_W_w+psi_W_(w+1)(W_W_w*W_W))	psi(W_W_W_w+psi_W_(w+1)(W_W_w*W_W))	
4550	(0,0,0)(1,1,1)(2,1,1)(3,1,0)(1,1,1)(2,1,1)(3,1,0)(1,1,1)(2,1,0)(3,2,1)(4,2,1)(5,1,0)(4,2,0)(3,2,1)(4,2,1)(5,1,0)(1,1,1)	psi(W_W_W_w+psi_W_(w+1)(W_W_w^2))	psi(W_W_W_w+psi_W_(w+1)(W_W_w^2))	
4551	(0,0,0)(1,1,1)(2,1,1)(3,1,0)(1,1,1)(2,1,1)(3,1,0)(1,1,1)(2,1,0)(3,2,1)(4,2,1)(5,1,0)(4,2,0)(5,3,0)	psi(W_W_W_w+psi_W_(w+1)(W_(W_w+1)))	psi(W_W_W_w+psi_W_(w+1)(W_(W_w+1)))	
4552	(0,0,0)(1,1,1)(2,1,1)(3,1,0)(1,1,1)(2,1,1)(3,1,0)(1,1,1)(2,1,0)(3,2,1)(4,2,1)(5,1,0)(4,2,0)(5,3,1)(6,3,1)(7,1,0)	psi(W_W_W_w+psi_W_(w+1)(W_(W_w+W)))	psi(W_W_W_w+psi_W_(w+1)(W_(W_w+W)))	
4553	(0,0,0)(1,1,1)(2,1,1)(3,1,0)(1,1,1)(2,1,1)(3,1,0)(1,1,1)(2,1,0)(3,2,1)(4,2,1)(5,1,0)(4,2,0)(5,3,1)(6,3,1)(7,1,0)(1,1,1)	psi(W_W_W_w+psi_W_(w+1)(W_(W_w*2)))	psi(W_W_W_w+psi_W_(w+1)(W_(W_w*2)))	
4554	(0,0,0)(1,1,1)(2,1,1)(3,1,0)(1,1,1)(2,1,1)(3,1,0)(1,1,1)(2,1,0)(3,2,1)(4,2,1)(5,1,0)(4,2,1)	psi(W_W_W_w+psi_W_(w+1)(W_(W_w*w)))	psi(W_W_W_w+psi_W_(w+1)(W_(W_w*w)))	
4555	(0,0,0)(1,1,1)(2,1,1)(3,1,0)(1,1,1)(2,1,1)(3,1,0)(1,1,1)(2,1,0)(3,2,1)(4,2,1)(5,1,0)(4,2,1)(5,1,0)(1,1,1)	psi(W_W_W_w+psi_W_(w+1)(W_(W_w^2)))	psi(W_W_W_w+psi_W_(w+1)(W_(W_w^2)))	
4556	(0,0,0)(1,1,1)(2,1,1)(3,1,0)(1,1,1)(2,1,1)(3,1,0)(1,1,1)(2,1,0)(3,2,1)(4,2,1)(5,1,0)(6,2,0)	psi(W_W_W_w+psi_W_(w+1)(W_psi_W_(w+1)(W_(w+1))))	psi(W_W_W_w+psi_W_(w+1)(W_psi_W_(w+1)(W_(w+1))))	
4557	(0,0,0)(1,1,1)(2,1,1)(3,1,0)(1,1,1)(2,1,1)(3,1,0)(1,1,1)(2,1,0)(3,2,1)(4,2,1)(5,2,0)	psi(W_W_W_w+psi_W_(w+1)(W_W_(w+1)))	psi(W_W_W_w+psi_W_(w+1)(W_W_(w+1)))	
4558	(0,0,0)(1,1,1)(2,1,1)(3,1,0)(1,1,1)(2,1,1)(3,1,0)(1,1,1)(2,1,0)(3,2,1)(4,2,1)(5,2,0)(3,2,0)(4,3,1)(5,3,1)(6,3,0)	psi(W_W_W_w+psi_W_(w+1)(W_W_(w+2)))	psi(W_W_W_w+psi_W_(w+1)(W_W_(w+2)))	
4559	(0,0,0)(1,1,1)(2,1,1)(3,1,0)(1,1,1)(2,1,1)(3,1,0)(1,1,1)(2,1,0)(3,2,1)(4,2,1)(5,2,0)(3,2,1)	psi(W_W_W_w+psi_W_(w+1)(W_W_(w2)))	psi(W_W_W_w+psi_W_(w+1)(W_W_(w2)))	
4560	(0,0,0)(1,1,1)(2,1,1)(3,1,0)(1,1,1)(2,1,1)(3,1,0)(1,1,1)(2,1,0)(3,2,1)(4,2,1)(5,2,0)(3,2,1)(4,2,1)	psi(W_W_W_w+psi_W_(w+1)(W_W_(w^2)))	psi(W_W_W_w+psi_W_(w+1)(W_W_(w^2)))	
4561	(0,0,0)(1,1,1)(2,1,1)(3,1,0)(1,1,1)(2,1,1)(3,1,0)(1,1,1)(2,1,0)(3,2,1)(4,2,1)(5,2,0)(3,2,1)(4,2,1)(5,1,0)	psi(W_W_W_w+psi_W_(w+1)(W_W_W))	psi(W_W_W_w+psi_W_(w+1)(W_W_W))	
4562	(0,0,0)(1,1,1)(2,1,1)(3,1,0)(1,1,1)(2,1,1)(3,1,0)(1,1,1)(2,1,0)(3,2,1)(4,2,1)(5,2,0)(3,2,1)(4,2,1)(5,1,0)(1,1,1)	psi(W_W_W_w+psi_W_(w+1)(W_W_W_w))	psi(W_W_W_w+psi_W_(w+1)(W_W_W_w))	
4563	(0,0,0)(1,1,1)(2,1,1)(3,1,0)(1,1,1)(2,1,1)(3,1,0)(1,1,1)(2,1,0)(3,2,1)(4,2,1)(5,2,0)(3,2,1)(4,2,1)(5,1,0)(2,1,0)	psi(W_W_W_w+psi_W_(w+1)(W_W_W_w)*W)	psi(W_W_W_w+psi_W_(w+1)(W_W_W_w)*W)	
4564	(0,0,0)(1,1,1)(2,1,1)(3,1,0)(1,1,1)(2,1,1)(3,1,0)(1,1,1)(2,1,0)(3,2,1)(4,2,1)(5,2,0)(3,2,1)(4,2,1)(5,1,0)(3,2,0)	psi(W_W_W_w+W_(w+1))	psi(W_W_W_w+W_(w+1))	
4565	(0,0,0)(1,1,1)(2,1,1)(3,1,0)(1,1,1)(2,1,1)(3,1,0)(1,1,1)(2,1,0)(3,2,1)(4,2,1)(5,2,0)(3,2,1)(4,2,1)(5,1,0)(3,2,1)	psi(W_W_W_w+W_(w2))	psi(W_W_W_w+W_(w2))	
4566	(0,0,0)(1,1,1)(2,1,1)(3,1,0)(1,1,1)(2,1,1)(3,1,0)(1,1,1)(2,1,0)(3,2,1)(4,2,1)(5,2,0)(3,2,1)(4,2,1)(5,1,0)(3,2,1)(4,2,1)	psi(W_W_W_w+W_(w^2))	psi(W_W_W_w+W_(w^2))	
4567	(0,0,0)(1,1,1)(2,1,1)(3,1,0)(1,1,1)(2,1,1)(3,1,0)(1,1,1)(2,1,0)(3,2,1)(4,2,1)(5,2,0)(3,2,1)(4,2,1)(5,1,0)(3,2,1)(4,2,1)(5,1,0)	psi(W_W_W_w+W_W)	psi(W_W_W_w+W_W)	
4568	(0,0,0)(1,1,1)(2,1,1)(3,1,0)(1,1,1)(2,1,1)(3,1,0)(1,1,1)(2,1,0)(3,2,1)(4,2,1)(5,2,0)(3,2,1)(4,2,1)(5,1,0)(3,2,1)(4,2,1)(5,1,0)(1,1,1)	psi(W_W_W_w+W_W_w)	psi(W_W_W_w+W_W_w)	
4569	(0,0,0)(1,1,1)(2,1,1)(3,1,0)(1,1,1)(2,1,1)(3,1,0)(1,1,1)(2,1,0)(3,2,1)(4,2,1)(5,2,0)(3,2,1)(4,2,1)(5,1,0)(4,1,0)	psi(W_W_W_w+W_W_w*W)	psi(W_W_W_w+W_W_w*W)	
4570	(0,0,0)(1,1,1)(2,1,1)(3,1,0)(1,1,1)(2,1,1)(3,1,0)(1,1,1)(2,1,0)(3,2,1)(4,2,1)(5,2,0)(3,2,1)(4,2,1)(5,1,0)(4,2,0)	psi(W_W_W_w+W_W_w*W_(w+1))	psi(W_W_W_w+W_W_w*W_(w+1))	
4571	(0,0,0)(1,1,1)(2,1,1)(3,1,0)(1,1,1)(2,1,1)(3,1,0)(1,1,1)(2,1,0)(3,2,1)(4,2,1)(5,2,0)(3,2,1)(4,2,1)(5,1,0)(4,2,0)(3,2,1)(4,2,1)(5,1,0)(1,1,1)	psi(W_W_W_w+W_W_w^2)	psi(W_W_W_w+W_W_w^2)	
4572	(0,0,0)(1,1,1)(2,1,1)(3,1,0)(1,1,1)(2,1,1)(3,1,0)(1,1,1)(2,1,0)(3,2,1)(4,2,1)(5,2,0)(3,2,1)(4,2,1)(5,1,0)(4,2,0)(5,3,0)	psi(W_W_W_w+psi_W_(W_w+1)(W_(W_w+1)))	psi(W_W_W_w+psi_W_(W_w+1)(W_(W_w+1)))	
4573	(0,0,0)(1,1,1)(2,1,1)(3,1,0)(1,1,1)(2,1,1)(3,1,0)(1,1,1)(2,1,0)(3,2,1)(4,2,1)(5,2,0)(3,2,1)(4,2,1)(5,1,0)(4,2,0)(5,3,1)(6,3,1)(7,1,0)	psi(W_W_W_w+psi_W_(W_w+1)(W_(W_w+W)))	psi(W_W_W_w+psi_W_(W_w+1)(W_(W_w+W)))	
4574	(0,0,0)(1,1,1)(2,1,1)(3,1,0)(1,1,1)(2,1,1)(3,1,0)(1,1,1)(2,1,0)(3,2,1)(4,2,1)(5,2,0)(3,2,1)(4,2,1)(5,1,0)(4,2,0)(5,3,1)(6,3,1)(7,1,0)(1,1,1)	psi(W_W_W_w+psi_W_(W_w+1)(W_(W_w*2)))	psi(W_W_W_w+psi_W_(W_w+1)(W_(W_w*2)))	
4575	(0,0,0)(1,1,1)(2,1,1)(3,1,0)(1,1,1)(2,1,1)(3,1,0)(1,1,1)(2,1,0)(3,2,1)(4,2,1)(5,2,0)(3,2,1)(4,2,1)(5,1,0)(4,2,0)(5,3,1)(6,3,1)(7,1,0)(6,3,1)	psi(W_W_W_w+psi_W_(W_w+1)(W_(W_w*w)))	psi(W_W_W_w+psi_W_(W_w+1)(W_(W_w*w)))	
4576	(0,0,0)(1,1,1)(2,1,1)(3,1,0)(1,1,1)(2,1,1)(3,1,0)(1,1,1)(2,1,0)(3,2,1)(4,2,1)(5,2,0)(3,2,1)(4,2,1)(5,1,0)(4,2,0)(5,3,1)(6,3,1)(7,2,0)	psi(W_W_W_w+psi_W_(W_w+1)(W_W_(w+1)))	psi(W_W_W_w+psi_W_(W_w+1)(W_W_(w+1)))	
4577	(0,0,0)(1,1,1)(2,1,1)(3,1,0)(1,1,1)(2,1,1)(3,1,0)(1,1,1)(2,1,0)(3,2,1)(4,2,1)(5,2,0)(3,2,1)(4,2,1)(5,1,0)(4,2,0)(5,3,1)(6,3,1)(7,2,0)(3,2,1)	psi(W_W_W_w+psi_W_(W_w+1)(W_W_(w2)))	psi(W_W_W_w+psi_W_(W_w+1)(W_W_(w2)))	
4578	(0,0,0)(1,1,1)(2,1,1)(3,1,0)(1,1,1)(2,1,1)(3,1,0)(1,1,1)(2,1,0)(3,2,1)(4,2,1)(5,2,0)(3,2,1)(4,2,1)(5,1,0)(4,2,0)(5,3,1)(6,3,1)(7,2,0)(3,2,1)(4,2,1)(5,1,0)	psi(W_W_W_w+psi_W_(W_w+1)(W_W_W)))	psi(W_W_W_w+psi_W_(W_w+1)(W_W_W))	paren-1
4579	(0,0,0)(1,1,1)(2,1,1)(3,1,0)(1,1,1)(2,1,1)(3,1,0)(1,1,1)(2,1,0)(3,2,1)(4,2,1)(5,2,0)(3,2,1)(4,2,1)(5,1,0)(4,2,0)(5,3,1)(6,3,1)(7,2,0)(3,2,1)(4,2,1)(5,1,0)(1,1,1)	psi(W_W_W_w+psi_W_(W_w+1)(W_W_W_w))	psi(W_W_W_w+psi_W_(W_w+1)(W_W_W_w))	
4580	(0,0,0)(1,1,1)(2,1,1)(3,1,0)(1,1,1)(2,1,1)(3,1,0)(1,1,1)(2,1,0)(3,2,1)(4,2,1)(5,2,0)(3,2,1)(4,2,1)(5,1,0)(4,2,0)(5,3,1)(6,3,1)(7,2,0)(5,3,0)	psi(W_W_W_w+W_(W_w+1))	psi(W_W_W_w+W_(W_w+1))	
4581	(0,0,0)(1,1,1)(2,1,1)(3,1,0)(1,1,1)(2,1,1)(3,1,0)(1,1,1)(2,1,0)(3,2,1)(4,2,1)(5,2,0)(3,2,1)(4,2,1)(5,1,0)(4,2,0)(5,3,1)(6,3,1)(7,2,0)(5,3,1)	psi(W_W_W_w+W_(W_w+w))	psi(W_W_W_w+W_(W_w+w))	
4582	(0,0,0)(1,1,1)(2,1,1)(3,1,0)(1,1,1)(2,1,1)(3,1,0)(1,1,1)(2,1,0)(3,2,1)(4,2,1)(5,2,0)(3,2,1)(4,2,1)(5,1,0)(4,2,0)(5,3,1)(6,3,1)(7,2,0)(5,3,1)(6,3,1)(7,1,0)	psi(W_W_W_w+W_(W_w+W))	psi(W_W_W_w+W_(W_w+W))	
4583	(0,0,0)(1,1,1)(2,1,1)(3,1,0)(1,1,1)(2,1,1)(3,1,0)(1,1,1)(2,1,0)(3,2,1)(4,2,1)(5,2,0)(3,2,1)(4,2,1)(5,1,0)(4,2,0)(5,3,1)(6,3,1)(7,2,0)(5,3,1)(6,3,1)(7,1,0)(1,1,1)	psi(W_W_W_w+W_(W_w*2))	psi(W_W_W_w+W_(W_w*2))	
4584	(0,0,0)(1,1,1)(2,1,1)(3,1,0)(1,1,1)(2,1,1)(3,1,0)(1,1,1)(2,1,0)(3,2,1)(4,2,1)(5,2,0)(3,2,1)(4,2,1)(5,1,0)(4,2,0)(5,3,1)(6,3,1)(7,2,0)(5,3,1)(6,3,1)(7,1,0)(6,3,1)	psi(W_W_W_w+W_(W_w*w))	psi(W_W_W_w+W_(W_w*w))	
4585	(0,0,0)(1,1,1)(2,1,1)(3,1,0)(1,1,1)(2,1,1)(3,1,0)(1,1,1)(2,1,0)(3,2,1)(4,2,1)(5,2,0)(3,2,1)(4,2,1)(5,1,0)(4,2,0)(5,3,1)(6,3,1)(7,2,0)(5,3,1)(6,3,1)(7,2,0)	psi(W_W_W_w+W_W_(w+1))	psi(W_W_W_w+W_W_(w+1))	
4586	(0,0,0)(1,1,1)(2,1,1)(3,1,0)(1,1,1)(2,1,1)(3,1,0)(1,1,1)(2,1,0)(3,2,1)(4,2,1)(5,2,0)(3,2,1)(4,2,1)(5,1,0)(4,2,0)(5,3,1)(6,3,1)(7,2,0)(5,3,1)(6,3,1)(7,2,0)(3,2,1)	psi(W_W_W_w+W_W_(w2))	psi(W_W_W_w+W_W_(w2))	
4587	(0,0,0)(1,1,1)(2,1,1)(3,1,0)(1,1,1)(2,1,1)(3,1,0)(1,1,1)(2,1,0)(3,2,1)(4,2,1)(5,2,0)(3,2,1)(4,2,1)(5,1,0)(4,2,0)(5,3,1)(6,3,1)(7,2,0)(5,3,1)(6,3,1)(7,2,0)(3,2,1)(4,2,1)(5,1,0)	psi(W_W_W_w+W_W_W)	psi(W_W_W_w+W_W_W)	
4588	(0,0,0)(1,1,1)(2,1,1)(3,1,0)(1,1,1)(2,1,1)(3,1,0)(1,1,1)(2,1,0)(3,2,1)(4,2,1)(5,2,0)(3,2,1)(4,2,1)(5,1,0)(4,2,0)(5,3,1)(6,3,1)(7,2,0)(5,3,1)(6,3,1)(7,2,0)(3,2,1)(4,2,1)(5,1,0)(1,1,1)	psi(W_W_W_w*2)	psi(W_W_W_w*2)	
4589	(0,0,0)(1,1,1)(2,1,1)(3,1,0)(1,1,1)(2,1,1)(3,1,0)(1,1,1)(2,1,0)(3,2,1)(4,2,1)(5,2,0)(3,2,1)(4,2,1)(5,1,0)(4,2,0)(5,3,1)(6,3,1)(7,2,0)(6,1,0)	psi(W_W_W_w*W)	psi(W_W_W_w*W)	
4590	(0,0,0)(1,1,1)(2,1,1)(3,1,0)(1,1,1)(2,1,1)(3,1,0)(1,1,1)(2,1,0)(3,2,1)(4,2,1)(5,2,0)(3,2,1)(4,2,1)(5,1,0)(4,2,0)(5,3,1)(6,3,1)(7,2,0)(6,1,0)(1,1,1)	psi(W_W_W_w*W_w)	psi(W_W_W_w*W_w)	
4591	(0,0,0)(1,1,1)(2,1,1)(3,1,0)(1,1,1)(2,1,1)(3,1,0)(1,1,1)(2,1,0)(3,2,1)(4,2,1)(5,2,0)(3,2,1)(4,2,1)(5,1,0)(4,2,0)(5,3,1)(6,3,1)(7,2,0)(6,2,0)	psi(W_W_W_w*W_(w+1))	psi(W_W_W_w*W_(w+1))	
4592	(0,0,0)(1,1,1)(2,1,1)(3,1,0)(1,1,1)(2,1,1)(3,1,0)(1,1,1)(2,1,0)(3,2,1)(4,2,1)(5,2,0)(3,2,1)(4,2,1)(5,1,0)(4,2,0)(5,3,1)(6,3,1)(7,2,0)(6,2,0)(3,2,1)	psi(W_W_W_w*W_(w2))	psi(W_W_W_w*W_(w2))	
4593	(0,0,0)(1,1,1)(2,1,1)(3,1,0)(1,1,1)(2,1,1)(3,1,0)(1,1,1)(2,1,0)(3,2,1)(4,2,1)(5,2,0)(3,2,1)(4,2,1)(5,1,0)(4,2,0)(5,3,1)(6,3,1)(7,2,0)(6,2,0)(3,2,1)(4,2,1)(5,1,0)	psi(W_W_W_w*W_W)	psi(W_W_W_w*W_W)	
4594	(0,0,0)(1,1,1)(2,1,1)(3,1,0)(1,1,1)(2,1,1)(3,1,0)(1,1,1)(2,1,0)(3,2,1)(4,2,1)(5,2,0)(3,2,1)(4,2,1)(5,1,0)(4,2,0)(5,3,1)(6,3,1)(7,2,0)(6,2,0)(3,2,1)(4,2,1)(5,1,0)(1,1,1)	psi(W_W_W_w*W_W_w)	psi(W_W_W_w*W_W_w)	
4595	(0,0,0)(1,1,1)(2,1,1)(3,1,0)(1,1,1)(2,1,1)(3,1,0)(1,1,1)(2,1,0)(3,2,1)(4,2,1)(5,2,0)(3,2,1)(4,2,1)(5,1,0)(4,2,0)(5,3,1)(6,3,1)(7,2,0)(6,2,0)(6,2,0)(3,2,1)(4,2,1)(5,1,0)(1,1,1)	psi(W_W_W_w*W_W_w^2)	psi(W_W_W_w*W_W_w^2)	
4596	(0,0,0)(1,1,1)(2,1,1)(3,1,0)(1,1,1)(2,1,1)(3,1,0)(1,1,1)(2,1,0)(3,2,1)(4,2,1)(5,2,0)(3,2,1)(4,2,1)(5,1,0)(4,2,0)(5,3,1)(6,3,1)(7,2,0)(6,3,0)	psi(W_W_W_w*W_(W_w+1))	psi(W_W_W_w*W_(W_w+1))	
4597	(0,0,0)(1,1,1)(2,1,1)(3,1,0)(1,1,1)(2,1,1)(3,1,0)(1,1,1)(2,1,0)(3,2,1)(4,2,1)(5,2,0)(3,2,1)(4,2,1)(5,1,0)(4,2,0)(5,3,1)(6,3,1)(7,2,0)(6,3,0)(5,3,1)	psi(W_W_W_w*W_(W_w+W))	psi(W_W_W_w*W_(W_w+W))	
4598	(0,0,0)(1,1,1)(2,1,1)(3,1,0)(1,1,1)(2,1,1)(3,1,0)(1,1,1)(2,1,0)(3,2,1)(4,2,1)(5,2,0)(3,2,1)(4,2,1)(5,1,0)(4,2,0)(5,3,1)(6,3,1)(7,2,0)(6,3,0)(5,3,1)(6,3,1)(7,1,0)	psi(W_W_W_w*W_(W_w+W))	psi(W_W_W_w*W_(W_w+W))	
4599	(0,0,0)(1,1,1)(2,1,1)(3,1,0)(1,1,1)(2,1,1)(3,1,0)(1,1,1)(2,1,0)(3,2,1)(4,2,1)(5,2,0)(3,2,1)(4,2,1)(5,1,0)(4,2,0)(5,3,1)(6,3,1)(7,2,0)(6,3,0)(5,3,1)(6,3,1)(7,1,0)(1,1,1)	psi(W_W_W_w*W_(W_w*2))	psi(W_W_W_w*W_(W_w*2))	
4600	(0,0,0)(1,1,1)(2,1,1)(3,1,0)(1,1,1)(2,1,1)(3,1,0)(1,1,1)(2,1,0)(3,2,1)(4,2,1)(5,2,0)(3,2,1)(4,2,1)(5,1,0)(4,2,0)(5,3,1)(6,3,1)(7,2,0)(6,3,0)(5,3,1)(6,3,1)(7,1,0)(6,3,1)	psi(W_W_W_w*W_(W_w*w))	psi(W_W_W_w*W_(W_w*w))	
4601	(0,0,0)(1,1,1)(2,1,1)(3,1,0)(1,1,1)(2,1,1)(3,1,0)(1,1,1)(2,1,0)(3,2,1)(4,2,1)(5,2,0)(3,2,1)(4,2,1)(5,1,0)(4,2,0)(5,3,1)(6,3,1)(7,2,0)(6,3,0)(5,3,1)(6,3,1)(7,2,0)	psi(W_W_W_w*W_W_(w+1))	psi(W_W_W_w*W_W_(w+1))	
4602	(0,0,0)(1,1,1)(2,1,1)(3,1,0)(1,1,1)(2,1,1)(3,1,0)(1,1,1)(2,1,0)(3,2,1)(4,2,1)(5,2,0)(3,2,1)(4,2,1)(5,1,0)(4,2,0)(5,3,1)(6,3,1)(7,2,0)(6,3,0)(5,3,1)(6,3,1)(7,2,0)(3,2,1)	psi(W_W_W_w*W_W_(w2))	psi(W_W_W_w*W_W_(w2))	
4603	(0,0,0)(1,1,1)(2,1,1)(3,1,0)(1,1,1)(2,1,1)(3,1,0)(1,1,1)(2,1,0)(3,2,1)(4,2,1)(5,2,0)(3,2,1)(4,2,1)(5,1,0)(4,2,0)(5,3,1)(6,3,1)(7,2,0)(6,3,0)(5,3,1)(6,3,1)(7,2,0)(3,2,1)(4,2,1)(5,1,0)	psi(W_W_W_w*W_W_W)	psi(W_W_W_w*W_W_W)	
4604	(0,0,0)(1,1,1)(2,1,1)(3,1,0)(1,1,1)(2,1,1)(3,1,0)(1,1,1)(2,1,0)(3,2,1)(4,2,1)(5,2,0)(3,2,1)(4,2,1)(5,1,0)(4,2,0)(5,3,1)(6,3,1)(7,2,0)(6,3,0)(5,3,1)(6,3,1)(7,2,0)(3,2,1)(4,2,1)(5,1,0)(1,1,1)	psi(W_W_W_w^2)	psi(W_W_W_w^2)	
4605	(0,0,0)(1,1,1)(2,1,1)(3,1,0)(1,1,1)(2,1,1)(3,1,0)(1,1,1)(2,1,0)(3,2,1)(4,2,1)(5,2,0)(3,2,1)(4,2,1)(5,1,0)(4,2,0)(5,3,1)(6,3,1)(7,2,0)(6,3,0)(7,3,0)(5,3,1)(6,3,1)(7,2,0)(3,2,1)(4,2,1)(5,1,0)(1,1,1)	psi(W_W_W_w^W_W_W_w)	psi(W_W_W_w^W_W_W_w)	
4606	(0,0,0)(1,1,1)(2,1,1)(3,1,0)(1,1,1)(2,1,1)(3,1,0)(1,1,1)(2,1,0)(3,2,1)(4,2,1)(5,2,0)(3,2,1)(4,2,1)(5,1,0)(4,2,0)(5,3,1)(6,3,1)(7,2,0)(6,3,0)(7,4,0)	psi(W_(W_W_w+1))	psi(W_(W_W_w+1))	
4607	(0,0,0)(1,1,1)(2,1,1)(3,1,0)(1,1,1)(2,1,1)(3,1,0)(1,1,1)(2,1,0)(3,2,1)(4,2,1)(5,2,0)(3,2,1)(4,2,1)(5,1,0)(4,2,0)(5,3,1)(6,3,1)(7,2,0)(6,3,0)(7,4,1)	psi(W_(W_W_w+w))	psi(W_(W_W_w+w))	
4608	(0,0,0)(1,1,1)(2,1,1)(3,1,0)(1,1,1)(2,1,1)(3,1,0)(1,1,1)(2,1,0)(3,2,1)(4,2,1)(5,2,0)(3,2,1)(4,2,1)(5,1,0)(4,2,0)(5,3,1)(6,3,1)(7,2,0)(6,3,0)(7,4,1)(8,4,1)(9,1,0)	psi(W_(W_W_w+W))	psi(W_(W_W_w+W))	
4609	(0,0,0)(1,1,1)(2,1,1)(3,1,0)(1,1,1)(2,1,1)(3,1,0)(1,1,1)(2,1,0)(3,2,1)(4,2,1)(5,2,0)(3,2,1)(4,2,1)(5,1,0)(4,2,0)(5,3,1)(6,3,1)(7,2,0)(6,3,0)(7,4,1)(8,4,1)(9,1,0)(1,1,1)	psi(W_(W_W_w+W_w))	psi(W_(W_W_w+W_w))	
4610	(0,0,0)(1,1,1)(2,1,1)(3,1,0)(1,1,1)(2,1,1)(3,1,0)(1,1,1)(2,1,0)(3,2,1)(4,2,1)(5,2,0)(3,2,1)(4,2,1)(5,1,0)(4,2,0)(5,3,1)(6,3,1)(7,2,0)(6,3,0)(7,4,1)(8,4,1)(9,2,0)	psi(W_(W_W_w+W_(w+1)))	psi(W_(W_W_w+W_(w+1)))	
4611	(0,0,0)(1,1,1)(2,1,1)(3,1,0)(1,1,1)(2,1,1)(3,1,0)(1,1,1)(2,1,0)(3,2,1)(4,2,1)(5,2,0)(3,2,1)(4,2,1)(5,1,0)(4,2,0)(5,3,1)(6,3,1)(7,2,0)(6,3,0)(7,4,1)(8,4,1)(9,2,0)(3,2,1)	psi(W_(W_W_w+W_(w2))	psi(W_(W_W_w+W_(w2)))	paren+1
4612	(0,0,0)(1,1,1)(2,1,1)(3,1,0)(1,1,1)(2,1,1)(3,1,0)(1,1,1)(2,1,0)(3,2,1)(4,2,1)(5,2,0)(3,2,1)(4,2,1)(5,1,0)(4,2,0)(5,3,1)(6,3,1)(7,2,0)(6,3,0)(7,4,1)(8,4,1)(9,2,0)(3,2,1)(4,2,1)(5,1,0)	psi(W_(W_W_w+W_W))	psi(W_(W_W_w+W_W))	
4613	(0,0,0)(1,1,1)(2,1,1)(3,1,0)(1,1,1)(2,1,1)(3,1,0)(1,1,1)(2,1,0)(3,2,1)(4,2,1)(5,2,0)(3,2,1)(4,2,1)(5,1,0)(4,2,0)(5,3,1)(6,3,1)(7,2,0)(6,3,0)(7,4,1)(8,4,1)(9,2,0)(3,2,1)(4,2,1)(5,1,0)(1,1,1)	psi(W_(W_W_w*2))	psi(W_(W_W_w*2))	
4614	(0,0,0)(1,1,1)(2,1,1)(3,1,0)(1,1,1)(2,1,1)(3,1,0)(1,1,1)(2,1,0)(3,2,1)(4,2,1)(5,2,0)(3,2,1)(4,2,1)(5,1,0)(4,2,0)(5,3,1)(6,3,1)(7,2,0)(6,3,1)	psi(W_(W_W_w*w))	psi(W_(W_W_w*w))	
4615	(0,0,0)(1,1,1)(2,1,1)(3,1,0)(1,1,1)(2,1,1)(3,1,0)(1,1,1)(2,1,0)(3,2,1)(4,2,1)(5,2,0)(3,2,1)(4,2,1)(5,1,0)(4,2,0)(5,3,1)(6,3,1)(7,2,0)(6,3,1)(7,1,0)	psi(W_(W_W_w*W))	psi(W_(W_W_w*W))	
4616	(0,0,0)(1,1,1)(2,1,1)(3,1,0)(1,1,1)(2,1,1)(3,1,0)(1,1,1)(2,1,0)(3,2,1)(4,2,1)(5,2,0)(3,2,1)(4,2,1)(5,1,0)(4,2,0)(5,3,1)(6,3,1)(7,2,0)(6,3,1)(7,2,0)	psi(W_(W_W_w*W_(w+1)))	psi(W_(W_W_w*W_(w+1)))	
4617	(0,0,0)(1,1,1)(2,1,1)(3,1,0)(1,1,1)(2,1,1)(3,1,0)(1,1,1)(2,1,0)(3,2,1)(4,2,1)(5,2,0)(3,2,1)(4,2,1)(5,1,0)(4,2,0)(5,3,1)(6,3,1)(7,2,0)(6,3,1)(7,2,0)(3,2,1)(4,2,1)(5,1,0)	psi(W_(W_W_w*W_W))	psi(W_(W_W_w*W_W))	
4618	(0,0,0)(1,1,1)(2,1,1)(3,1,0)(1,1,1)(2,1,1)(3,1,0)(1,1,1)(2,1,0)(3,2,1)(4,2,1)(5,2,0)(3,2,1)(4,2,1)(5,1,0)(4,2,0)(5,3,1)(6,3,1)(7,2,0)(6,3,1)(7,2,0)(3,2,1)(4,2,1)(5,1,0)(1,1,1)	psi(W_(W_W_w^2))	psi(W_(W_W_w^2))	
4619	(0,0,0)(1,1,1)(2,1,1)(3,1,0)(1,1,1)(2,1,1)(3,1,0)(1,1,1)(2,1,0)(3,2,1)(4,2,1)(5,2,0)(3,2,1)(4,2,1)(5,1,0)(4,2,0)(5,3,1)(6,3,1)(7,2,0)(8,3,0)	psi(W_psi_W_(W_w+1)(W_(W_w+1)))	psi(W_psi_W_(W_w+1)(W_(W_w+1)))	
4620	(0,0,0)(1,1,1)(2,1,1)(3,1,0)(1,1,1)(2,1,1)(3,1,0)(1,1,1)(2,1,0)(3,2,1)(4,2,1)(5,2,0)(3,2,1)(4,2,1)(5,1,0)(4,2,0)(5,3,1)(6,3,1)(7,3,0)	psi(W_W_(W_w+1))	psi(W_W_(W_w+1))	
4621	(0,0,0)(1,1,1)(2,1,1)(3,1,0)(1,1,1)(2,1,1)(3,1,0)(1,1,1)(2,1,0)(3,2,1)(4,2,1)(5,2,0)(3,2,1)(4,2,1)(5,1,0)(4,2,0)(5,3,1)(6,3,1)(7,3,0)(5,3,0)(6,4,1)(7,4,1)(8,4,0)	psi(W_W_(W_w+2))	psi(W_W_(W_w+2))	
4622	(0,0,0)(1,1,1)(2,1,1)(3,1,0)(1,1,1)(2,1,1)(3,1,0)(1,1,1)(2,1,0)(3,2,1)(4,2,1)(5,2,0)(3,2,1)(4,2,1)(5,1,0)(4,2,0)(5,3,1)(6,3,1)(7,3,0)(5,3,1)	psi(W_W_(W_w+w))	psi(W_W_(W_w+w))	
4623	(0,0,0)(1,1,1)(2,1,1)(3,1,0)(1,1,1)(2,1,1)(3,1,0)(1,1,1)(2,1,0)(3,2,1)(4,2,1)(5,2,0)(3,2,1)(4,2,1)(5,1,0)(4,2,0)(5,3,1)(6,3,1)(7,3,0)(5,3,1)(6,3,1)(7,1,0)(1,1,1)	psi(W_W_(W_w*2))	psi(W_W_(W_w*2))	
4624	(0,0,0)(1,1,1)(2,1,1)(3,1,0)(1,1,1)(2,1,1)(3,1,0)(1,1,1)(2,1,0)(3,2,1)(4,2,1)(5,2,0)(3,2,1)(4,2,1)(5,1,0)(4,2,0)(5,3,1)(6,3,1)(7,3,0)(5,3,1)(6,3,1)(7,1,0)(6,3,0)(7,4,1)(8,4,1)(9,4,0)(7,4,1)(8,4,1)(9,1,0)(1,1,1)	psi(W_W_(W_w*3))	psi(W_W_(W_w*3))	
4625	(0,0,0)(1,1,1)(2,1,1)(3,1,0)(1,1,1)(2,1,1)(3,1,0)(1,1,1)(2,1,0)(3,2,1)(4,2,1)(5,2,0)(3,2,1)(4,2,1)(5,1,0)(4,2,1)	psi(W_W_(W_w*w))	psi(W_W_(W_w*w))	
4626	(0,0,0)(1,1,1)(2,1,1)(3,1,0)(1,1,1)(2,1,1)(3,1,0)(1,1,1)(2,1,0)(3,2,1)(4,2,1)(5,2,0)(3,2,1)(4,2,1)(5,1,0)(4,2,1)(5,1,0)	psi(W_W_(W_w*W))	psi(W_W_(W_w*W))	
4627	(0,0,0)(1,1,1)(2,1,1)(3,1,0)(1,1,1)(2,1,1)(3,1,0)(1,1,1)(2,1,0)(3,2,1)(4,2,1)(5,2,0)(3,2,1)(4,2,1)(5,1,0)(4,2,1)(5,1,0)(1,1,1)	psi(W_W_(W_w^2))	psi(W_W_(W_w^2))	
4628	(0,0,0)(1,1,1)(2,1,1)(3,1,0)(1,1,1)(2,1,1)(3,1,0)(1,1,1)(2,1,0)(3,2,1)(4,2,1)(5,2,0)(3,2,1)(4,2,1)(5,1,0)(6,2,0)	psi(W_W_psi_W_(w+1)(W_(w+1)))	psi(W_W_psi_W_(w+1)(W_(w+1)))	
4629	(0,0,0)(1,1,1)(2,1,1)(3,1,0)(1,1,1)(2,1,1)(3,1,0)(1,1,1)(2,1,0)(3,2,1)(4,2,1)(5,2,0)(3,2,1)(4,2,1)(5,2,0)	psi(W_W_W_(w+1))	psi(W_W_W_(w+1))	
4630	(0,0,0)(1,1,1)(2,1,1)(3,1,0)(1,1,1)(2,1,1)(3,1,0)(1,1,1)(2,1,0)(3,2,1)(4,2,1)(5,2,0)(3,2,1)(4,2,1)(5,2,0)(3,2,0)	psi(W_W_W_(w+1)+W_(w+1))	psi(W_W_W_(w+1)+W_(w+1))	
4631	(0,0,0)(1,1,1)(2,1,1)(3,1,0)(1,1,1)(2,1,1)(3,1,0)(1,1,1)(2,1,0)(3,2,1)(4,2,1)(5,2,0)(3,2,1)(4,2,1)(5,2,0)(3,2,0)(4,3,1)(5,3,1)(6,3,0)(4,3,1)(5,3,1)(6,2,0)	psi(W_W_W_(w+1)+psi_W_(w+2)(W_W_W_(w+1)))	psi(W_W_W_(w+1)+psi_W_(w+2)(W_W_W_(w+1)))	
4632	(0,0,0)(1,1,1)(2,1,1)(3,1,0)(1,1,1)(2,1,1)(3,1,0)(1,1,1)(2,1,0)(3,2,1)(4,2,1)(5,2,0)(3,2,1)(4,2,1)(5,2,0)(3,2,0)(4,3,1)(5,3,1)(6,3,0)(4,3,1)(5,3,1)(6,2,0)(4,3,1)(5,3,1)(6,2,0)	psi(W_W_W_(w+1)+W_W_(w+1)))	psi(W_W_W_(w+1)+W_W_(w+1))	paren-1
4633	(0,0,0)(1,1,1)(2,1,1)(3,1,0)(1,1,1)(2,1,1)(3,1,0)(1,1,1)(2,1,0)(3,2,1)(4,2,1)(5,2,0)(3,2,1)(4,2,1)(5,2,0)(3,2,0)(4,3,1)(5,3,1)(6,3,0)(4,3,1)(5,3,1)(6,2,0)(5,3,0)(6,4,0)	psi(W_W_W_(w+1)+psi_W_(W_(w+1)+1)(W_(W_(w+1)+1)))	psi(W_W_W_(w+1)+psi_W_(W_(w+1)+1)(W_(W_(w+1)+1)))	
4634	(0,0,0)(1,1,1)(2,1,1)(3,1,0)(1,1,1)(2,1,1)(3,1,0)(1,1,1)(2,1,0)(3,2,1)(4,2,1)(5,2,0)(3,2,1)(4,2,1)(5,2,0)(3,2,0)(4,3,1)(5,3,1)(6,3,0)(4,3,1)(5,3,1)(6,2,0)(5,3,0)(6,4,1)(7,4,1)(8,3,0)(4,3,1)(5,3,1)(6,2,0)	psi(W_W_W_(w+1)+psi_W_(W_(w+1)+1)(W_W_W_(w+1)))	psi(W_W_W_(w+1)+psi_W_(W_(w+1)+1)(W_W_W_(w+1)))	
4635	(0,0,0)(1,1,1)(2,1,1)(3,1,0)(1,1,1)(2,1,1)(3,1,0)(1,1,1)(2,1,0)(3,2,1)(4,2,1)(5,2,0)(3,2,1)(4,2,1)(5,2,0)(3,2,0)(4,3,1)(5,3,1)(6,3,0)(4,3,1)(5,3,1)(6,2,0)(5,3,0)(6,4,1)(7,4,1)(8,3,0)(6,4,0)	psi(W_W_W_(w+1)+W_(W_(w+1)+1))	psi(W_W_W_(w+1)+W_(W_(w+1)+1))	
4636	(0,0,0)(1,1,1)(2,1,1)(3,1,0)(1,1,1)(2,1,1)(3,1,0)(1,1,1)(2,1,0)(3,2,1)(4,2,1)(5,2,0)(3,2,1)(4,2,1)(5,2,0)(3,2,0)(4,3,1)(5,3,1)(6,3,0)(4,3,1)(5,3,1)(6,2,0)(5,3,0)(6,4,1)(7,4,1)(8,3,0)(6,4,1)(7,4,1)(8,2,0)	psi(W_W_W_(w+1)+W_(W_(w+1)*2))	psi(W_W_W_(w+1)+W_(W_(w+1)*2))	
4637	(0,0,0)(1,1,1)(2,1,1)(3,1,0)(1,1,1)(2,1,1)(3,1,0)(1,1,1)(2,1,0)(3,2,1)(4,2,1)(5,2,0)(3,2,1)(4,2,1)(5,2,0)(3,2,0)(4,3,1)(5,3,1)(6,3,0)(4,3,1)(5,3,1)(6,2,0)(5,3,0)(6,4,1)(7,4,1)(8,3,0)(6,4,1)(7,4,1)(8,3,0)	psi(W_W_W_(w+1)+W_W_(w+2))	psi(W_W_W_(w+1)+W_W_(w+2))	
4638	(0,0,0)(1,1,1)(2,1,1)(3,1,0)(1,1,1)(2,1,1)(3,1,0)(1,1,1)(2,1,0)(3,2,1)(4,2,1)(5,2,0)(3,2,1)(4,2,1)(5,2,0)(3,2,0)(4,3,1)(5,3,1)(6,3,0)(4,3,1)(5,3,1)(6,2,0)(5,3,0)(6,4,1)(7,4,1)(8,3,0)(6,4,1)(7,4,1)(8,3,0)(4,3,1)(5,3,1)(6,2,0)	psi(W_W_W_(w+1)*2)	psi(W_W_W_(w+1)*2)	
4639	(0,0,0)(1,1,1)(2,1,1)(3,1,0)(1,1,1)(2,1,1)(3,1,0)(1,1,1)(2,1,0)(3,2,1)(4,2,1)(5,2,0)(3,2,1)(4,2,1)(5,2,0)(3,2,0)(4,3,1)(5,3,1)(6,3,0)(4,3,1)(5,3,1)(6,2,0)(5,3,0)(6,4,1)(7,4,1)(8,3,0)(7,4,0)(6,4,1)(7,4,1)(8,3,0)(4,3,1)(5,3,1)(6,2,0)	psi(W_W_W_(w+1)^2)	psi(W_W_W_(w+1)^2)	
4640	(0,0,0)(1,1,1)(2,1,1)(3,1,0)(1,1,1)(2,1,1)(3,1,0)(1,1,1)(2,1,0)(3,2,1)(4,2,1)(5,2,0)(3,2,1)(4,2,1)(5,2,0)(3,2,0)(4,3,1)(5,3,1)(6,3,0)(4,3,1)(5,3,1)(6,2,0)(5,3,0)(6,4,1)(7,4,1)(8,3,0)(7,4,0)(8,5,0)	psi(W_(W_W_(w+1)+1)))	psi(W_(W_W_(w+1)+1))	paren-1
4641	(0,0,0)(1,1,1)(2,1,1)(3,1,0)(1,1,1)(2,1,1)(3,1,0)(1,1,1)(2,1,0)(3,2,1)(4,2,1)(5,2,0)(3,2,1)(4,2,1)(5,2,0)(3,2,0)(4,3,1)(5,3,1)(6,3,0)(4,3,1)(5,3,1)(6,2,0)(5,3,0)(6,4,1)(7,4,1)(8,3,0)(7,4,0)(8,5,1)(9,5,1)(10,3,0)(4,3,1)(5,3,1)(6,2,0)	psi(W_(W_W_(w+1)*2))	psi(W_(W_W_(w+1)*2))	
4642	(0,0,0)(1,1,1)(2,1,1)(3,1,0)(1,1,1)(2,1,1)(3,1,0)(1,1,1)(2,1,0)(3,2,1)(4,2,1)(5,2,0)(3,2,1)(4,2,1)(5,2,0)(3,2,0)(4,3,1)(5,3,1)(6,3,0)(4,3,1)(5,3,1)(6,2,0)(5,3,0)(6,4,1)(7,4,1)(8,3,0)(7,4,1)	psi(W_(W_W_(w+1)*w))	psi(W_(W_W_(w+1)*w))	
4643	(0,0,0)(1,1,1)(2,1,1)(3,1,0)(1,1,1)(2,1,1)(3,1,0)(1,1,1)(2,1,0)(3,2,1)(4,2,1)(5,2,0)(3,2,1)(4,2,1)(5,2,0)(3,2,0)(4,3,1)(5,3,1)(6,3,0)(4,3,1)(5,3,1)(6,2,0)(5,3,0)(6,4,1)(7,4,1)(8,3,0)(7,4,1)(8,3,0)(4,3,1)(5,3,1)(6,2,0)	psi(W_(W_W_(w+1)^2))	psi(W_(W_W_(w+1)^2))	
4644	(0,0,0)(1,1,1)(2,1,1)(3,1,0)(1,1,1)(2,1,1)(3,1,0)(1,1,1)(2,1,0)(3,2,1)(4,2,1)(5,2,0)(3,2,1)(4,2,1)(5,2,0)(3,2,0)(4,3,1)(5,3,1)(6,3,0)(4,3,1)(5,3,1)(6,2,0)(5,3,0)(6,4,1)(7,4,1)(8,4,0)	psi(W_W_(W_(w+1)+1))	psi(W_W_(W_(w+1)+1))	
4645	(0,0,0)(1,1,1)(2,1,1)(3,1,0)(1,1,1)(2,1,1)(3,1,0)(1,1,1)(2,1,0)(3,2,1)(4,2,1)(5,2,0)(3,2,1)(4,2,1)(5,2,0)(3,2,0)(4,3,1)(5,3,1)(6,3,0)(4,3,1)(5,3,1)(6,2,0)(5,3,0)(6,4,1)(7,4,1)(8,4,0)(6,4,1)(7,4,1)(8,2,0)	psi(W_W_(W_(w+1)*2))	psi(W_W_(W_(w+1)*2))	
4646	(0,0,0)(1,1,1)(2,1,1)(3,1,0)(1,1,1)(2,1,1)(3,1,0)(1,1,1)(2,1,0)(3,2,1)(4,2,1)(5,2,0)(3,2,1)(4,2,1)(5,2,0)(3,2,0)(4,3,1)(5,3,1)(6,3,0)(4,3,1)(5,3,1)(6,2,0)(5,3,1)	psi(W_W_(W_(w+1)*w))	psi(W_W_(W_(w+1)*w))	
4647	(0,0,0)(1,1,1)(2,1,1)(3,1,0)(1,1,1)(2,1,1)(3,1,0)(1,1,1)(2,1,0)(3,2,1)(4,2,1)(5,2,0)(3,2,1)(4,2,1)(5,2,0)(3,2,0)(4,3,1)(5,3,1)(6,3,0)(4,3,1)(5,3,1)(6,2,0)(5,3,1)(6,2,0)	psi(W_W_(W_(w+1)^2))	psi(W_W_(W_(w+1)^2))	
4648	(0,0,0)(1,1,1)(2,1,1)(3,1,0)(1,1,1)(2,1,1)(3,1,0)(1,1,1)(2,1,0)(3,2,1)(4,2,1)(5,2,0)(3,2,1)(4,2,1)(5,2,0)(3,2,0)(4,3,1)(5,3,1)(6,3,0)(4,3,1)(5,3,1)(6,3,0)	psi(W_W_W_(w+2))	psi(W_W_W_(w+2))	
4649	(0,0,0)(1,1,1)(2,1,1)(3,1,0)(1,1,1)(2,1,1)(3,1,0)(1,1,1)(2,1,0)(3,2,1)(4,2,1)(5,2,0)(3,2,1)(4,2,1)(5,2,0)(3,2,1)	psi(W_W_W_(w2))	psi(W_W_W_(w2))	
4650	(0,0,0)(1,1,1)(2,1,1)(3,1,0)(1,1,1)(2,1,1)(3,1,0)(1,1,1)(2,1,0)(3,2,1)(4,2,1)(5,2,0)(3,2,1)(4,2,1)(5,2,0)(3,2,1)(4,2,0)(5,3,1)(6,3,1)(7,3,0)(5,3,1)(6,3,1)(7,3,0)	psi(W_W_W_(w2+1))	psi(W_W_W_(w2+1))	
4651	(0,0,0)(1,1,1)(2,1,1)(3,1,0)(1,1,1)(2,1,1)(3,1,0)(1,1,1)(2,1,0)(3,2,1)(4,2,1)(5,2,0)(3,2,1)(4,2,1)(5,2,0)(3,2,1)(4,2,0)(5,3,1)(6,3,1)(7,3,0)(5,3,1)(6,3,1)(7,3,0)(5,3,1)	psi(W_W_W_(w3))	psi(W_W_W_(w3))	
4652	(0,0,0)(1,1,1)(2,1,1)(3,1,0)(1,1,1)(2,1,1)(3,1,0)(1,1,1)(2,1,1)	psi(W_W_W_(w^2))	psi(W_W_W_(w^2))	
4653	(0,0,0)(1,1,1)(2,1,1)(3,1,0)(1,1,1)(2,1,1)(3,1,0)(1,1,1)(2,1,1)(2,1,0)	psi(W_W_W_(w^2)+W_(w^2)*W)	psi(W_W_W_(w^2)+W_(w^2)*W)	
4654	(0,0,0)(1,1,1)(2,1,1)(3,1,0)(1,1,1)(2,1,1)(3,1,0)(1,1,1)(2,1,1)(2,1,0)(3,2,1)(4,2,1)(5,2,0)	psi(W_W_W_(w^2)+psi_W_(w^2+1)(W_(W_(w^2)+1)))	psi(W_W_W_(w^2)+psi_W_(w^2+1)(W_(W_(w^2)+1)))	
4655	(0,0,0)(1,1,1)(2,1,1)(3,1,0)(1,1,1)(2,1,1)(3,1,0)(1,1,1)(2,1,1)(2,1,0)(3,2,1)(4,2,1)(5,2,0)(3,2,1)(4,2,1)(5,1,0)(3,2,0)	psi(W_W_W_(w^2)+W_(w^2+1))	psi(W_W_W_(w^2)+W_(w^2+1))	
4656	(0,0,0)(1,1,1)(2,1,1)(3,1,0)(1,1,1)(2,1,1)(3,1,0)(1,1,1)(2,1,1)(2,1,0)(3,2,1)(4,2,1)(5,2,0)(3,2,1)(4,2,1)(5,1,0)(4,2,0)(5,3,1)(6,3,1)(7,2,0)	psi(W_W_W_(w^2)+psi_W_(W_(w^2)+1)(W_W_(w^2+1)))	psi(W_W_W_(w^2)+psi_W_(W_(w^2)+1)(W_W_(w^2+1)))	
4657	(0,0,0)(1,1,1)(2,1,1)(3,1,0)(1,1,1)(2,1,1)(3,1,0)(1,1,1)(2,1,1)(2,1,0)(3,2,1)(4,2,1)(5,2,0)(3,2,1)(4,2,1)(5,1,0)(4,2,0)(5,3,1)(6,3,1)(7,2,0)(5,3,0)	psi(W_W_W_(w^2)+W_(W_(w^2)+1))	psi(W_W_W_(w^2)+W_(W_(w^2)+1))	
4658	(0,0,0)(1,1,1)(2,1,1)(3,1,0)(1,1,1)(2,1,1)(3,1,0)(1,1,1)(2,1,1)(2,1,0)(3,2,1)(4,2,1)(5,2,0)(3,2,1)(4,2,1)(5,1,0)(4,2,0)(5,3,1)(6,3,1)(7,2,0)(5,3,1)(6,3,1)(7,1,0)	psi(W_W_W_(w^2)+W_(W_(w^2)+W))	psi(W_W_W_(w^2)+W_(W_(w^2)+W))	
4659	(0,0,0)(1,1,1)(2,1,1)(3,1,0)(1,1,1)(2,1,1)(3,1,0)(1,1,1)(2,1,1)(2,1,0)(3,2,1)(4,2,1)(5,2,0)(3,2,1)(4,2,1)(5,1,0)(4,2,0)(5,3,1)(6,3,1)(7,2,0)(5,3,1)(6,3,1)(7,1,0)(1,1,1)(2,1,1)	psi(W_W_W_(w^2)+W_(W_(w^2*2))	psi(W_W_W_(w^2)+W_(W_(w^2*2)))	paren+1
4660	(0,0,0)(1,1,1)(2,1,1)(3,1,0)(1,1,1)(2,1,1)(3,1,0)(1,1,1)(2,1,1)(2,1,0)(3,2,1)(4,2,1)(5,2,0)(3,2,1)(4,2,1)(5,1,0)(4,2,0)(5,3,1)(6,3,1)(7,2,0)(5,3,1)(6,3,1)(7,1,0)(6,3,1)	psi(W_W_W_(w^2)+W_(W_(w^2)*w))	psi(W_W_W_(w^2)+W_(W_(w^2)*w))	
4661	(0,0,0)(1,1,1)(2,1,1)(3,1,0)(1,1,1)(2,1,1)(3,1,0)(1,1,1)(2,1,1)(2,1,0)(3,2,1)(4,2,1)(5,2,0)(3,2,1)(4,2,1)(5,1,0)(4,2,0)(5,3,1)(6,3,1)(7,2,0)(5,3,1)(6,3,1)(7,2,0)	psi(W_W_W_(w^2)+W_W_(w^2+1))	psi(W_W_W_(w^2)+W_W_(w^2+1))	
4662	(0,0,0)(1,1,1)(2,1,1)(3,1,0)(1,1,1)(2,1,1)(3,1,0)(1,1,1)(2,1,1)(2,1,0)(3,2,1)(4,2,1)(5,2,0)(3,2,1)(4,2,1)(5,1,0)(4,2,0)(5,3,1)(6,3,1)(7,2,0)(5,3,1)(6,3,1)(7,2,0)(3,2,1)(4,2,1)(5,1,0)	psi(W_W_W_(w^2)+W_W_W)	psi(W_W_W_(w^2)+W_W_W)	
4663	(0,0,0)(1,1,1)(2,1,1)(3,1,0)(1,1,1)(2,1,1)(3,1,0)(1,1,1)(2,1,1)(2,1,0)(3,2,1)(4,2,1)(5,2,0)(3,2,1)(4,2,1)(5,1,0)(4,2,0)(5,3,1)(6,3,1)(7,2,0)(5,3,1)(6,3,1)(7,2,0)(3,2,1)(4,2,1)(5,1,0)(1,1,1)(2,1,1)	psi(W_W_W_(w^2)*2)	psi(W_W_W_(w^2)*2)	
4664	(0,0,0)(1,1,1)(2,1,1)(3,1,0)(1,1,1)(2,1,1)(3,1,0)(1,1,1)(2,1,1)(2,1,0)(3,2,1)(4,2,1)(5,2,0)(3,2,1)(4,2,1)(5,1,0)(4,2,0)(5,3,1)(6,3,1)(7,2,0)(6,3,0)(5,3,1)(6,3,1)(7,2,0)(3,2,1)(4,2,1)(5,1,0)(1,1,1)(2,1,1)	psi(W_W_W_(w^2)^2)	psi(W_W_W_(w^2)^2)	
4665	(0,0,0)(1,1,1)(2,1,1)(3,1,0)(1,1,1)(2,1,1)(3,1,0)(1,1,1)(2,1,1)(2,1,0)(3,2,1)(4,2,1)(5,2,0)(3,2,1)(4,2,1)(5,1,0)(4,2,0)(5,3,1)(6,3,1)(7,2,0)(6,3,0)(7,4,0)	psi(W_(W_W_(w^2)+1))	psi(W_(W_W_(w^2)+1))	
4666	(0,0,0)(1,1,1)(2,1,1)(3,1,0)(1,1,1)(2,1,1)(3,1,0)(1,1,1)(2,1,1)(2,1,0)(3,2,1)(4,2,1)(5,2,0)(3,2,1)(4,2,1)(5,1,0)(4,2,0)(5,3,1)(6,3,1)(7,2,0)(6,3,0)(7,4,1)(8,4,1)(9,2,0)	psi(W_(W_W_(w^2)+W_(w^2+1)))	psi(W_(W_W_(w^2)+W_(w^2+1)))	
4667	(0,0,0)(1,1,1)(2,1,1)(3,1,0)(1,1,1)(2,1,1)(3,1,0)(1,1,1)(2,1,1)(2,1,0)(3,2,1)(4,2,1)(5,2,0)(3,2,1)(4,2,1)(5,1,0)(4,2,0)(5,3,1)(6,3,1)(7,2,0)(6,3,0)(7,4,1)(8,4,1)(9,2,0)(3,2,1)(4,2,1)(5,1,0)(1,1,1)(2,1,1)	psi(W_(W_W_(w^2)*2))	psi(W_(W_W_(w^2)*2))	
4668	(0,0,0)(1,1,1)(2,1,1)(3,1,0)(1,1,1)(2,1,1)(3,1,0)(1,1,1)(2,1,1)(2,1,0)(3,2,1)(4,2,1)(5,2,0)(3,2,1)(4,2,1)(5,1,0)(4,2,0)(5,3,1)(6,3,1)(7,2,0)(6,3,1)	psi(W_(W_W_(w^2)*w))	psi(W_(W_W_(w^2)*w))	
4669	(0,0,0)(1,1,1)(2,1,1)(3,1,0)(1,1,1)(2,1,1)(3,1,0)(1,1,1)(2,1,1)(2,1,0)(3,2,1)(4,2,1)(5,2,0)(3,2,1)(4,2,1)(5,1,0)(4,2,0)(5,3,1)(6,3,1)(7,3,0)	psi(W_W_(W_(w^2)+1))	psi(W_W_(W_(w^2)+1))	
4670	(0,0,0)(1,1,1)(2,1,1)(3,1,0)(1,1,1)(2,1,1)(3,1,0)(1,1,1)(2,1,1)(2,1,0)(3,2,1)(4,2,1)(5,2,0)(3,2,1)(4,2,1)(5,1,0)(4,2,0)(5,3,1)(6,3,1)(7,3,0)(5,3,1)(6,3,1)(7,1,0)	psi(W_W_(W_(w^2)+W))	psi(W_W_(W_(w^2)+W))	
4671	(0,0,0)(1,1,1)(2,1,1)(3,1,0)(1,1,1)(2,1,1)(3,1,0)(1,1,1)(2,1,1)(2,1,0)(3,2,1)(4,2,1)(5,2,0)(3,2,1)(4,2,1)(5,1,0)(4,2,0)(5,3,1)(6,3,1)(7,3,0)(5,3,1)(6,3,1)(7,1,0)(1,1,1)(2,1,1)	psi(W_W_(W_(w^2)*2))	psi(W_W_(W_(w^2)*2))	
4672	(0,0,0)(1,1,1)(2,1,1)(3,1,0)(1,1,1)(2,1,1)(3,1,0)(1,1,1)(2,1,1)(2,1,0)(3,2,1)(4,2,1)(5,2,0)(3,2,1)(4,2,1)(5,1,0)(4,2,1)	psi(W_W_(W_(w^2)*w))	psi(W_W_(W_(w^2)*w))	
4673	(0,0,0)(1,1,1)(2,1,1)(3,1,0)(1,1,1)(2,1,1)(3,1,0)(1,1,1)(2,1,1)(2,1,0)(3,2,1)(4,2,1)(5,2,0)(3,2,1)(4,2,1)(5,1,0)(4,2,1)(5,1,0)(1,1,1)(2,1,1)	psi(W_W_(W_(w^2)^2))	psi(W_W_(W_(w^2)^2))	
4674	(0,0,0)(1,1,1)(2,1,1)(3,1,0)(1,1,1)(2,1,1)(3,1,0)(1,1,1)(2,1,1)(2,1,0)(3,2,1)(4,2,1)(5,2,0)(3,2,1)(4,2,1)(5,1,0)(6,2,0)	psi(W_W_(psi_W_(w^2+1)(W_(w^2+1))))	psi(W_W_(psi_W_(w^2+1)(W_(w^2+1))))	
4675	(0,0,0)(1,1,1)(2,1,1)(3,1,0)(1,1,1)(2,1,1)(3,1,0)(1,1,1)(2,1,1)(2,1,0)(3,2,1)(4,2,1)(5,2,0)(3,2,1)(4,2,1)(5,2,0)	psi(W_W_W_(w^2+1))	psi(W_W_W_(w^2+1))	
4676	(0,0,0)(1,1,1)(2,1,1)(3,1,0)(1,1,1)(2,1,1)(3,1,0)(1,1,1)(2,1,1)(2,1,0)(3,2,1)(4,2,1)(5,2,0)(3,2,1)(4,2,1)(5,2,0)(3,2,0)(4,3,1)(5,3,1)(6,3,0)(4,3,1)(5,3,1)(6,3,0)	psi(W_W_W_(w^2+2))	psi(W_W_W_(w^2+2))	
4677	(0,0,0)(1,1,1)(2,1,1)(3,1,0)(1,1,1)(2,1,1)(3,1,0)(1,1,1)(2,1,1)(2,1,0)(3,2,1)(4,2,1)(5,2,0)(3,2,1)(4,2,1)(5,2,0)(3,2,1)	psi(W_W_W_(w^2+w))	psi(W_W_W_(w^2+w))	
4678	(0,0,0)(1,1,1)(2,1,1)(3,1,0)(1,1,1)(2,1,1)(3,1,0)(1,1,1)(2,1,1)(2,1,0)(3,2,1)(4,2,1)(5,2,0)(3,2,1)(4,2,1)(5,2,0)(3,2,1)(4,2,1)	psi(W_W_W_(w^2*2))	psi(W_W_W_(w^2*2))	
4679	(0,0,0)(1,1,1)(2,1,1)(3,1,0)(1,1,1)(2,1,1)(3,1,0)(1,1,1)(2,1,1)(2,1,1)	psi(W_W_W_(w^3))	psi(W_W_W_(w^3))	
4680	(0,0,0)(1,1,1)(2,1,1)(3,1,0)(1,1,1)(2,1,1)(3,1,0)(1,1,1)(2,1,1)(2,1,1)(2,1,1)	psi(W_W_W_(w^4))	psi(W_W_W_(w^4))	
4681	(0,0,0)(1,1,1)(2,1,1)(3,1,0)(1,1,1)(2,1,1)(3,1,0)(1,1,1)(2,1,1)(3,0,0)	psi(W_W_W_(w^w))	psi(W_W_W_(w^w))	
4682	(0,0,0)(1,1,1)(2,1,1)(3,1,0)(1,1,1)(2,1,1)(3,1,0)(1,1,1)(2,1,1)(3,0,0)(4,1,1)	psi(W_W_W_psi(W_w))	psi(W_W_W_psi(W_w))	
4683	(0,0,0)(1,1,1)(2,1,1)(3,1,0)(1,1,1)(2,1,1)(3,1,0)(1,1,1)(2,1,1)(3,1,0)	psi(W_W_W_W)	psi(W_W_W_W)	
4684	(0,0,0)(1,1,1)(2,1,1)(3,1,0)(1,1,1)(2,1,1)(3,1,0)(1,1,1)(2,1,1)(3,1,0)(1,1,0)	psi(W_W_W_W+W)	psi(W_W_W_W+W)	
4685	(0,0,0)(1,1,1)(2,1,1)(3,1,0)(1,1,1)(2,1,1)(3,1,0)(1,1,1)(2,1,1)(3,1,0)(1,1,0)(2,2,1)(3,2,1)(4,2,0)(2,2,1)(3,2,1)(4,1,0)	psi(W_W_W_W+psi_1(W_W_W))	psi(W_W_W_W+psi_1(W_W_W))	
4686	(0,0,0)(1,1,1)(2,1,1)(3,1,0)(1,1,1)(2,1,1)(3,1,0)(1,1,1)(2,1,1)(3,1,0)(1,1,0)(2,2,1)(3,2,1)(4,2,0)(2,2,1)(3,2,1)(4,2,0)(2,2,1)(3,2,1)(4,1,0)	psi(W_W_W_W+psi_1(W_W_W_W))	psi(W_W_W_W+psi_1(W_W_W_W))	
4687	(0,0,0)(1,1,1)(2,1,1)(3,1,0)(1,1,1)(2,1,1)(3,1,0)(1,1,1)(2,1,1)(3,1,0)(1,1,0)(2,2,1)(3,2,1)(4,2,0)(2,2,1)(3,2,1)(4,2,0)(2,2,1)(3,2,1)(4,1,0)(2,2,0)	psi(W_W_W_W+W_2)	psi(W_W_W_W+W_2)	
4688	(0,0,0)(1,1,1)(2,1,1)(3,1,0)(1,1,1)(2,1,1)(3,1,0)(1,1,1)(2,1,1)(3,1,0)(1,1,0)(2,2,1)(3,2,1)(4,2,0)(2,2,1)(3,2,1)(4,2,0)(2,2,1)(3,2,1)(4,1,0)(2,2,1)	psi(W_W_W_W+W_w)	psi(W_W_W_W+W_w)	
4689	(0,0,0)(1,1,1)(2,1,1)(3,1,0)(1,1,1)(2,1,1)(3,1,0)(1,1,1)(2,1,1)(3,1,0)(1,1,0)(2,2,1)(3,2,1)(4,2,0)(2,2,1)(3,2,1)(4,2,0)(2,2,1)(3,2,1)(4,1,0)(2,2,1)(3,2,1)	psi(W_W_W_W+W_(w^2))	psi(W_W_W_W+W_(w^2))	
4690	(0,0,0)(1,1,1)(2,1,1)(3,1,0)(1,1,1)(2,1,1)(3,1,0)(1,1,1)(2,1,1)(3,1,0)(1,1,0)(2,2,1)(3,2,1)(4,2,0)(2,2,1)(3,2,1)(4,2,0)(2,2,1)(3,2,1)(4,1,0)(2,2,1)(3,2,1)(4,1,0)	psi(W_W_W_W+W_W)	psi(W_W_W_W+W_W)	
4691	(0,0,0)(1,1,1)(2,1,1)(3,1,0)(1,1,1)(2,1,1)(3,1,0)(1,1,1)(2,1,1)(3,1,0)(1,1,0)(2,2,1)(3,2,1)(4,2,0)(2,2,1)(3,2,1)(4,2,0)(2,2,1)(3,2,1)(4,1,0)(3,2,0)	psi(W_W_W_W+W_W_W*W_2)	psi(W_W_W_W+W_W_W*W_2)	
4692	(0,0,0)(1,1,1)(2,1,1)(3,1,0)(1,1,1)(2,1,1)(3,1,0)(1,1,1)(2,1,1)(3,1,0)(1,1,0)(2,2,1)(3,2,1)(4,2,0)(2,2,1)(3,2,1)(4,2,0)(2,2,1)(3,2,1)(4,1,0)(3,2,0)(4,3,0)	psi(W_W_W_W+psi_W_(W+1)(W_(W+1)))	psi(W_W_W_W+psi_W_(W+1)(W_(W+1)))	
4693	(0,0,0)(1,1,1)(2,1,1)(3,1,0)(1,1,1)(2,1,1)(3,1,0)(1,1,1)(2,1,1)(3,1,0)(1,1,0)(2,2,1)(3,2,1)(4,2,0)(2,2,1)(3,2,1)(4,2,0)(2,2,1)(3,2,1)(4,1,0)(3,2,0)(4,3,1)(5,3,1)(6,1,0)	psi(W_W_W_W+psi_W_(W+1)(W_(W2)))	psi(W_W_W_W+psi_W_(W+1)(W_(W2)))	
4694	(0,0,0)(1,1,1)(2,1,1)(3,1,0)(1,1,1)(2,1,1)(3,1,0)(1,1,1)(2,1,1)(3,1,0)(1,1,0)(2,2,1)(3,2,1)(4,2,0)(2,2,1)(,32,1)(4,2,0)(2,2,1)(3,2,1)(4,1,0)(3,2,0)(4,3,1)(5,3,1)(6,2,0)	psi(W_W_W_W+psi_W_(W+1)(W_W_2))	psi(W_W_W_W+psi_W_(W+1)(W_W_2))	
4695	(0,0,0)(1,1,1)(2,1,1)(3,1,0)(1,1,1)(2,1,1)(3,1,0)(1,1,1)(2,1,1)(3,1,0)(1,1,0)(2,2,1)(3,2,1)(4,2,0)(2,2,1)(,3,2,1)(4,2,0)(2,2,1)(3,2,1)(4,1,0)(3,2,0)(4,3,1)(5,3,1)(6,2,0)(2,2,1)	psi(W_W_W_W+psi_W_(W+1)(W_W_w))	psi(W_W_W_W+psi_W_(W+1)(W_W_w))	
4696	(0,0,0)(1,1,1)(2,1,1)(3,1,0)(1,1,1)(2,1,1)(3,1,0)(1,1,1)(2,1,1)(3,1,0)(1,1,0)(2,2,1)(3,2,1)(4,2,0)(2,2,1)(3,2,1)(4,2,0)(2,2,1)(3,2,1)(4,1,0)(3,2,0)(4,3,1)(5,3,1)(6,2,0)(2,2,1)(3,2,1)(4,1,0)	psi(W_W_W_W+psi_W_(W+1)(W_W_W))	psi(W_W_W_W+psi_W_(W+1)(W_W_W))	
4697	(0,0,0)(1,1,1)(2,1,1)(3,1,0)(1,1,1)(2,1,1)(3,1,0)(1,1,1)(2,1,1)(3,1,0)(1,1,0)(2,2,1)(3,2,1)(4,2,0)(2,2,1)(,3,2,1)(4,2,0)(2,2,1)(3,2,1)(4,1,0)(3,2,0)(4,3,1)(5,3,1)(6,2,0)(4,3,0)	psi(W_W_W_W+psi_W_(W+1)(W_W_W+W_(W+1)))	psi(W_W_W_W+psi_W_(W+1)(W_W_W+W_(W+1)))	
4698	(0,0,0)(1,1,1)(2,1,1)(3,1,0)(1,1,1)(2,1,1)(3,1,0)(1,1,1)(2,1,1)(3,1,0)(1,1,0)(2,2,1)(3,2,1)(4,2,0)(2,2,1)(,3,2,1)(4,2,0)(2,2,1)(3,2,1)(4,1,0)(3,2,0)(4,3,1)(5,3,1)(6,2,0)(4,3,1)(5,3,1)(6,2,0)	psi(W_W_W_W+psi_W_(W+1)(W_W_W+W_W_2))	psi(W_W_W_W+psi_W_(W+1)(W_W_W+W_W_2))	
4699	(0,0,0)(1,1,1)(2,1,1)(3,1,0)(1,1,1)(2,1,1)(3,1,0)(1,1,1)(2,1,1)(3,1,0)(1,1,0)(2,2,1)(3,2,1)(4,2,0)(2,2,1)(3,2,1)(4,2,0)(2,2,1)(3,2,1)(4,1,0)(3,2,0)(4,3,1)(5,3,1)(6,2,0)(4,3,1)(5,3,1)(6,2,0)(2,2,1)(3,2,1)(4,1,0)	psi(W_W_W_W+psi_W_(W+1)(W_W_W*2))	psi(W_W_W_W+psi_W_(W+1)(W_W_W*2))	
4700	(0,0,0)(1,1,1)(2,1,1)(3,1,0)(1,1,1)(2,1,1)(3,1,0)(1,1,1)(2,1,1)(3,1,0)(1,1,0)(2,2,1)(3,2,1)(4,2,0)(2,2,1)(3,2,1)(4,2,0)(2,2,1)(3,2,1)(4,1,0)(3,2,0)(4,3,1)(5,3,1)(6,2,0)(5,2,0)	psi(W_W_W_W+psi_W_(W+1)(W_W_W*W_2))	psi(W_W_W_W+psi_W_(W+1)(W_W_W*W_2))	
4701	(0,0,0)(1,1,1)(2,1,1)(3,1,0)(1,1,1)(2,1,1)(3,1,0)(1,1,1)(2,1,1)(3,1,0)(1,1,0)(2,2,1)(3,2,1)(4,2,0)(2,2,1)(3,2,1)(4,2,0)(2,2,1)(3,2,1)(4,1,0)(3,2,0)(4,3,1)(5,3,1)(6,2,0)(5,3,0)	psi(W_W_W_W+psi_W_(W+1)(W_W_W*W_(W+1)))	psi(W_W_W_W+psi_W_(W+1)(W_W_W*W_(W+1)))	
4702	(0,0,0)(1,1,1)(2,1,1)(3,1,0)(1,1,1)(2,1,1)(3,1,0)(1,1,1)(2,1,1)(3,1,0)(1,1,0)(2,2,1)(3,2,1)(4,2,0)(2,2,1)(,3,2,1)(4,2,0)(2,2,1)(3,2,1)(4,1,0)(3,2,0)(4,3,1)(5,3,1)(6,2,0)(5,3,0)(4,3,1)(5,3,1)(6,2,0)	psi(W_W_W_W+psi_W_(W+1)(W_W_W*W_W_2))	psi(W_W_W_W+psi_W_(W+1)(W_W_W*W_W_2))	
4703	(0,0,0)(1,1,1)(2,1,1)(3,1,0)(1,1,1)(2,1,1)(3,1,0)(1,1,1)(2,1,1)(3,1,0)(1,1,0)(2,2,1)(3,2,1)(4,2,0)(2,2,1)(3,2,1)(4,2,0)(2,2,1)(3,2,1)(4,1,0)(3,2,0)(4,3,1)(5,3,1)(6,2,0)(5,3,0)(6,4,0)	psi(W_W_W_W+psi_W_(W+1)(W_(W_W+1)))	psi(W_W_W_W+psi_W_(W+1)(W_(W_W+1)))	
4704	(0,0,0)(1,1,1)(2,1,1)(3,1,0)(1,1,1)(2,1,1)(3,1,0)(1,1,1)(2,1,1)(3,1,0)(1,1,0)(2,2,1)(3,2,1)(4,2,0)(2,2,1)(3,2,1)(4,2,0)(2,2,1)(3,2,1)(4,1,0)(3,2,0)(4,3,1)(5,3,1)(6,2,0)(5,3,0)(6,4,1)	psi(W_W_W_W+psi_W_(W+1)(W_(W_W+w)))	psi(W_W_W_W+psi_W_(W+1)(W_(W_W+w)))	
4705	(0,0,0)(1,1,1)(2,1,1)(3,1,0)(1,1,1)(2,1,1)(3,1,0)(1,1,1)(2,1,1)(3,1,0)(1,1,0)(2,2,1)(3,2,1)(4,2,0)(2,2,1)(3,2,1)(4,2,0)(2,2,1)(3,2,1)(4,1,0)(3,2,0)(4,3,1)(5,3,1)(6,2,0)(5,3,0)(6,4,1)(7,4,1)(8,1,0)	psi(W_W_W_W+psi_W_(W+1)(W_(W_W+W)))	psi(W_W_W_W+psi_W_(W+1)(W_(W_W+W)))	
4706	(0,0,0)(1,1,1)(2,1,1)(3,1,0)(1,1,1)(2,1,1)(3,1,0)(1,1,1)(2,1,1)(3,1,0)(1,1,0)(2,2,1)(3,2,1)(4,2,0)(2,2,1)(3,2,1)(4,2,0)(2,2,1)(3,2,1)(4,1,0)(3,2,0)(4,3,1)(5,3,1)(6,2,0)(5,3,0)(6,4,1)(7,4,1)(8,2,0)	psi(W_W_W_W+psi_W_(W+1)(W_(W_W+W_2)))	psi(W_W_W_W+psi_W_(W+1)(W_(W_W+W_2)))	
4707	(0,0,0)(1,1,1)(2,1,1)(3,1,0)(1,1,1)(2,1,1)(3,1,0)(1,1,1)(2,1,1)(3,1,0)(1,1,0)(2,2,1)(3,2,1)(4,2,0)(2,2,1)(3,2,1)(4,2,0)(2,2,1)(3,2,1)(4,1,0)(3,2,0)(4,3,1)(5,3,1)(6,2,0)(5,3,1)	psi(W_W_W_W+psi_W_(W+1)(W_(W_W*w)))	psi(W_W_W_W+psi_W_(W+1)(W_(W_W*w)))	
4708	(0,0,0)(1,1,1)(2,1,1)(3,1,0)(1,1,1)(2,1,1)(3,1,0)(1,1,1)(2,1,1)(3,1,0)(1,1,0)(2,2,1)(3,2,1)(4,2,0)(2,2,1)(3,2,1)(4,2,0)(2,2,1)(3,2,1)(4,1,0)(3,2,0)(4,3,1)(5,3,1)(6,3,0)	psi(W_W_W_W+psi_W_(W+1)(W_W_(W+1)))	psi(W_W_W_W+psi_W_(W+1)(W_W_(W+1)))	
4709	(0,0,0)(1,1,1)(2,1,1)(3,1,0)(1,1,1)(2,1,1)(3,1,0)(1,1,1)(2,1,1)(3,1,0)(1,1,0)(2,2,1)(3,2,1)(4,2,0)(2,2,1)(3,2,1)(4,2,0)(2,2,1)(3,2,1)(4,1,0)(3,2,0)(4,3,1)(5,3,1)(6,3,0)(4,3,1)	psi(W_W_W_W+psi_W_(W+1)(W_W_(W+w)))	psi(W_W_W_W+psi_W_(W+1)(W_W_(W+w)))	
4710	(0,0,0)(1,1,1)(2,1,1)(3,1,0)(1,1,1)(2,1,1)(3,1,0)(1,1,1)(2,1,1)(3,1,0)(1,1,0)(2,2,1)(3,2,1)(4,2,0)(2,2,1)(3,2,1)(4,2,0)(2,2,1)(3,2,1)(4,1,0)(3,2,0)(4,3,1)(5,3,1)(6,3,0)(4,3,1)(5,3,1)(6,1,0)	psi(W_W_W_W+psi_W_(W+1)(W_W_(W2)))	psi(W_W_W_W+psi_W_(W+1)(W_W_(W2)))	
4711	(0,0,0)(1,1,1)(2,1,1)(3,1,0)(1,1,1)(2,1,1)(3,1,0)(1,1,1)(2,1,1)(3,1,0)(1,1,0)(2,2,1)(3,2,1)(4,2,0)(2,2,1)(3,2,1)(4,2,0)(2,2,1)(3,2,1)(4,1,0)(3,2,0)(4,3,1)(5,3,1)(6,3,0)(4,3,1)(5,3,1)(6,2,0)	psi(W_W_W_W+psi_W_(W+1)(W_W_W_2))	psi(W_W_W_W+psi_W_(W+1)(W_W_W_2))	
4712	(0,0,0)(1,1,1)(2,1,1)(3,1,0)(1,1,1)(2,1,1)(3,1,0)(1,1,1)(2,1,1)(3,1,0)(1,1,0)(2,2,1)(3,2,1)(4,2,0)(2,2,1)(3,2,1)(4,2,0)(2,2,1)(3,2,1)(4,1,0)(3,2,0)(4,3,1)(5,3,1)(6,3,0)(4,3,1)(5,3,1)(6,2,0)(2,2,1)(3,2,1)(4,1,0)	psi(W_W_W_W+psi_W_(W+1)(W_W_W_W))	psi(W_W_W_W+psi_W_(W+1)(W_W_W_W))	
4713	(0,0,0)(1,1,1)(2,1,1)(3,1,0)(1,1,1)(2,1,1)(3,1,0)(1,1,1)(2,1,1)(3,1,0)(1,1,0)(2,2,1)(3,2,1)(4,2,0)(2,2,1)(3,2,1)(4,2,0)(2,2,1)(3,2,1)(4,1,0)(3,2,0)(4,3,1)(5,3,1)(6,3,0)(4,3,1)(5,3,1)(6,2,0)(4,3,0)	psi(W_W_W_W+W_(W+1))	psi(W_W_W_W+W_(W+1))	
4714	(0,0,0)(1,1,1)(2,1,1)(3,1,0)(1,1,1)(2,1,1)(3,1,0)(1,1,1)(2,1,1)(3,1,0)(1,1,0)(2,2,1)(3,2,1)(4,2,0)(2,2,1)(3,2,1)(4,2,0)(2,2,1)(3,2,1)(4,1,0)(3,2,0)(4,3,1)(5,3,1)(6,3,0)(4,3,1)(5,3,1)(6,2,0)(4,3,1)	psi(W_W_W_W+W_(W+w))	psi(W_W_W_W+W_(W+w))	
4715	(0,0,0)(1,1,1)(2,1,1)(3,1,0)(1,1,1)(2,1,1)(3,1,0)(1,1,1)(2,1,1)(3,1,0)(1,1,0)(2,2,1)(3,2,1)(4,2,0)(2,2,1)(3,2,1)(4,2,0)(2,2,1)(3,2,1)(4,1,0)(3,2,0)(4,3,1)(5,3,1)(6,3,0)(4,3,1)(5,3,1)(6,2,0)(4,3,1)(5,3,1)(6,1,0)	psi(W_W_W_W+W_(W2))	psi(W_W_W_W+W_(W2))	
4716	(0,0,0)(1,1,1)(2,1,1)(3,1,0)(1,1,1)(2,1,1)(3,1,0)(1,1,1)(2,1,1)(3,1,0)(1,1,0)(2,2,1)(3,2,1)(4,2,0)(2,2,1)(3,2,1)(4,2,0)(2,2,1)(3,2,1)(4,1,0)(3,2,0)(4,3,1)(5,3,1)(6,3,0)(4,3,1)(5,3,1)(6,2,0)(4,3,1)(5,3,1)(6,2,0)	psi(W_W_W_W+W_W_2)	psi(W_W_W_W+W_W_2)	
4717	(0,0,0)(1,1,1)(2,1,1)(3,1,0)(1,1,1)(2,1,1)(3,1,0)(1,1,1)(2,1,1)(3,1,0)(1,1,0)(2,2,1)(3,2,1)(4,2,0)(2,2,1)(3,2,1)(4,2,0)(2,2,1)(3,2,1)(4,1,0)(3,2,0)(4,3,1)(5,3,1)(6,3,0)(4,3,1)(5,3,1)(6,2,0)(4,3,1)(5,3,1)(6,2,0)(2,2,1)	psi(W_W_W_W+W_W_w)	psi(W_W_W_W+W_W_w)	
4718	(0,0,0)(1,1,1)(2,1,1)(3,1,0)(1,1,1)(2,1,1)(3,1,0)(1,1,1)(2,1,1)(3,1,0)(1,1,0)(2,2,1)(3,2,1)(4,2,0)(2,2,1)(3,2,1)(4,2,0)(2,2,1)(3,2,1)(4,1,0)(3,2,0)(4,3,1)(5,3,1)(6,3,0)(4,3,1)(5,3,1)(6,2,0)(4,3,1)(5,3,1)(6,2,0)(2,2,1)(3,2,1)(4,1,0)	psi(W_W_W_W+W_W_W)	psi(W_W_W_W+W_W_W)	
4719	(0,0,0)(1,1,1)(2,1,1)(3,1,0)(1,1,1)(2,1,1)(3,1,0)(1,1,1)(2,1,1)(3,1,0)(1,1,0)(2,2,1)(3,2,1)(4,2,0)(2,2,1)(3,2,1)(4,2,0)(2,2,1)(3,2,1)(4,1,0)(3,2,0)(4,3,1)(5,3,1)(6,3,0)(4,3,1)(5,3,1)(6,2,0)(5,3,0)(4,3,1)(5,3,1)(6,2,0)	psi(W_W_W_W+W_W_W^2)	psi(W_W_W_W+W_W_W^2)	
4720	(0,0,0)(1,1,1)(2,1,1)(3,1,0)(1,1,1)(2,1,1)(3,1,0)(1,1,1)(2,1,1)(3,1,0)(1,1,0)(2,2,1)(3,2,1)(4,2,0)(2,2,1)(3,2,1)(4,2,0)(2,2,1)(3,2,1)(4,1,0)(3,2,0)(4,3,1)(5,3,1)(6,3,0)(4,3,1)(5,3,1)(6,2,0)(5,3,0)(6,4,0)	psi(W_W_W_W+psi_W_(W_W+1)(W_(W_W+1)))	psi(W_W_W_W+psi_W_(W_W+1)(W_(W_W+1)))	
4721	(0,0,0)(1,1,1)(2,1,1)(3,1,0)(1,1,1)(2,1,1)(3,1,0)(1,1,1)(2,1,1)(3,1,0)(1,1,0)(2,2,1)(3,2,1)(4,2,0)(2,2,1)(3,2,1)(4,2,0)(2,2,1)(3,2,1)(4,1,0)(3,2,0)(4,3,1)(5,3,1)(6,3,0)(4,3,1)(5,3,1)(6,2,0)(5,3,0)(6,4,1)(7,4,1)(8,1,0)	psi(W_W_W_W+psi_W_(W_w+1)(W_(W_W+W)))	psi(W_W_W_W+psi_W_(W_w+1)(W_(W_W+W)))	
4722	(0,0,0)(1,1,1)(2,1,1)(3,1,0)(1,1,1)(2,1,1)(3,1,0)(1,1,1)(2,1,1)(3,1,0)(1,1,0)(2,2,1)(3,2,1)(4,2,0)(2,2,1)(3,2,1)(4,2,0)(2,2,1)(3,2,1)(4,1,0)(3,2,0)(4,3,1)(5,3,1)(6,3,0)(4,3,1)(5,3,1)(6,2,0)(5,3,0)(6,4,1)(7,4,1)(8,2,0)(2,2,1)(3,2,1)(4,1,0)	psi(W_W_W_W+psi_W_(W_W+1)(W_(W_W*2)))	psi(W_W_W_W+psi_W_(W_W+1)(W_(W_W*2)))	
4723	(0,0,0)(1,1,1)(2,1,1)(3,1,0)(1,1,1)(2,1,1)(3,1,0)(1,1,1)(2,1,1)(3,1,0)(1,1,0)(2,2,1)(3,2,1)(4,2,0)(2,2,1)(3,2,1)(4,2,0)(2,2,1)(3,2,1)(4,1,0)(3,2,0)(4,3,1)(5,3,1)(6,3,0)(4,3,1)(5,3,1)(6,2,0)(5,3,1)	psi(W_W_W_W+psi_W_(W_W+w)(W_(W_W*2)))	psi(W_W_W_W+psi_W_(W_W+w)(W_(W_W*2)))	
4724	(0,0,0)(1,1,1)(2,1,1)(3,1,0)(1,1,1)(2,1,1)(3,1,0)(1,1,1)(2,1,1)(3,1,0)(1,1,0)(2,2,1)(3,2,1)(4,2,0)(2,2,1)(3,2,1)(4,2,0)(2,2,1)(3,2,1)(4,1,0)(3,2,0)(4,3,1)(5,3,1)(6,3,0)(4,3,1)(5,3,1)(6,2,0)(5,3,0)(6,4,1)(7,4,1)(8,2,0)(7,4,1)	psi(W_W_W_W+psi_W_(W_W+1)(W_(W_W*w)))	psi(W_W_W_W+psi_W_(W_W+1)(W_(W_W*w)))	
4725	(0,0,0)(1,1,1)(2,1,1)(3,1,0)(1,1,1)(2,1,1)(3,1,0)(1,1,1)(2,1,1)(3,1,0)(1,1,0)(2,2,1)(3,2,1)(4,2,0)(2,2,1)(3,2,1)(4,2,0)(2,2,1)(3,2,1)(4,1,0)(3,2,0)(4,3,1)(5,3,1)(6,3,0)(4,3,1)(5,3,1)(6,2,0)(5,3,0)(6,4,1)(7,4,1)(8,3,0)	psi(W_W_W_W+psi_W_(W_W+1)(W_W_(W+1)))	psi(W_W_W_W+psi_W_(W_W+1)(W_W_(W+1)))	
4726	(0,0,0)(1,1,1)(2,1,1)(3,1,0)(1,1,1)(2,1,1)(3,1,0)(1,1,1)(2,1,1)(3,1,0)(1,1,0)(2,2,1)(3,2,1)(4,2,0)(2,2,1)(3,2,1)(4,2,0)(2,2,1)(3,2,1)(4,1,0)(3,2,0)(4,3,1)(5,3,1)(6,3,0)(4,3,1)(5,3,1)(6,2,0)(5,3,0)(6,4,1)(7,4,1)(8,3,0)(4,3,1)	psi(W_W_W_W+psi_W_(W_W+1)(W_W_(W+w)))	psi(W_W_W_W+psi_W_(W_W+1)(W_W_(W+w)))	
4727	(0,0,0)(1,1,1)(2,1,1)(3,1,0)(1,1,1)(2,1,1)(3,1,0)(1,1,1)(2,1,1)(3,1,0)(1,1,0)(2,2,1)(3,2,1)(4,2,0)(2,2,1)(3,2,1)(4,2,0)(2,2,1)(3,2,1)(4,1,0)(3,2,0)(4,3,1)(5,3,1)(6,3,0)(4,3,1)(5,3,1)(6,2,0)(5,3,0)(6,4,1)(7,4,1)(8,3,0)(4,3,1)(5,3,1)(6,2,0)	psi(W_W_W_W+psi_W_(W_W+1)(W_W_W_2))	psi(W_W_W_W+psi_W_(W_W+1)(W_W_W_2))	
4728	(0,0,0)(1,1,1)(2,1,1)(3,1,0)(1,1,1)(2,1,1)(3,1,0)(1,1,1)(2,1,1)(3,1,0)(1,1,0)(2,2,1)(3,2,1)(4,2,0)(2,2,1)(3,2,1)(4,2,0)(2,2,1)(3,2,1)(4,1,0)(3,2,0)(4,3,1)(5,3,1)(6,3,0)(4,3,1)(5,3,1)(6,2,0)(5,3,0)(6,4,1)(7,4,1)(8,3,0)(4,3,1)(5,3,1)(6,2,0)(2,2,1)(3,2,1)(4,1,0)	psi(W_W_W_W+psi_W_(W_W+1)(W_W_W_W))	psi(W_W_W_W+psi_W_(W_W+1)(W_W_W_W))	
4729	(0,0,0)(1,1,1)(2,1,1)(3,1,0)(1,1,1)(2,1,1)(3,1,0)(1,1,1)(2,1,1)(3,1,0)(1,1,0)(2,2,1)(3,2,1)(4,2,0)(2,2,1)(3,2,1)(4,2,0)(2,2,1)(3,2,1)(4,1,0)(3,2,0)(4,3,1)(5,3,1)(6,3,0)(4,3,1)(5,3,1)(6,2,0)(5,3,0)(6,4,1)(7,4,1)(8,3,0)(6,4,0)	psi(W_W_W_W+W_(W_W+1))	psi(W_W_W_W+W_(W_W+1))	
4730	(0,0,0)(1,1,1)(2,1,1)(3,1,0)(1,1,1)(2,1,1)(3,1,0)(1,1,1)(2,1,1)(3,1,0)(1,1,0)(2,2,1)(3,2,1)(4,2,0)(2,2,1)(3,2,1)(4,2,0)(2,2,1)(3,2,1)(4,1,0)(3,2,0)(4,3,1)(5,3,1)(6,3,0)(4,3,1)(5,3,1)(6,2,0)(5,3,0)(6,4,1)(7,4,1)(8,3,0)(6,4,1)	psi(W_W_W_W+W_(W_W+w))	psi(W_W_W_W+W_(W_W+w))	
4731	(0,0,0)(1,1,1)(2,1,1)(3,1,0)(1,1,1)(2,1,1)(3,1,0)(1,1,1)(2,1,1)(3,1,0)(1,1,0)(2,2,1)(3,2,1)(4,2,0)(2,2,1)(3,2,1)(4,2,0)(2,2,1)(3,2,1)(4,1,0)(3,2,0)(4,3,1)(5,3,1)(6,3,0)(4,3,1)(5,3,1)(6,2,0)(5,3,0)(6,4,1)(7,4,1)(8,3,0)(6,4,1)(7,4,1)(8,1,0)	psi(W_W_W_W+W_(W_W+W))	psi(W_W_W_W+W_(W_W+W))	
4732	(0,0,0)(1,1,1)(2,1,1)(3,1,0)(1,1,1)(2,1,1)(3,1,0)(1,1,1)(2,1,1)(3,1,0)(1,1,0)(2,2,1)(3,2,1)(4,2,0)(2,2,1)(3,2,1)(4,2,0)(2,2,1)(3,2,1)(4,1,0)(3,2,0)(4,3,1)(5,3,1)(6,3,0)(4,3,1)(5,3,1)(6,2,0)(5,3,0)(6,4,1)(7,4,1)(8,3,0)(6,4,1)(7,4,1)(8,2,0)	psi(W_W_W_W+W_(W_W+W_2))	psi(W_W_W_W+W_(W_W+W_2))	
4733	(0,0,0)(1,1,1)(2,1,1)(3,1,0)(1,1,1)(2,1,1)(3,1,0)(1,1,1)(2,1,1)(3,1,0)(1,1,0)(2,2,1)(3,2,1)(4,2,0)(2,2,1)(3,2,1)(4,2,0)(2,2,1)(3,2,1)(4,1,0)(3,2,0)(4,3,1)(5,3,1)(6,3,0)(4,3,1)(5,3,1)(6,2,0)(5,3,0)(6,4,1)(7,4,1)(8,3,0)(6,4,1)(7,4,1)(8,2,0)(2,2,1)(3,2,1)(4,1,0)	psi(W_W_W_W+W_(W_W*2))	psi(W_W_W_W+W_(W_W*2))	
4734	(0,0,0)(1,1,1)(2,1,1)(3,1,0)(1,1,1)(2,1,1)(3,1,0)(1,1,1)(2,1,1)(3,1,0)(1,1,0)(2,2,1)(3,2,1)(4,2,0)(2,2,1)(3,2,1)(4,2,0)(2,2,1)(3,2,1)(4,1,0)(3,2,0)(4,3,1)(5,3,1)(6,3,0)(4,3,1)(5,3,1)(6,2,0)(5,3,0)(6,4,1)(7,4,1)(8,3,0)(6,4,1)(7,4,1)(8,2,0)(7,4,1)	psi(W_W_W_W+W_(W_W*w))	psi(W_W_W_W+W_(W_W*w))	
4735	(0,0,0)(1,1,1)(2,1,1)(3,1,0)(1,1,1)(2,1,1)(3,1,0)(1,1,1)(2,1,1)(3,1,0)(1,1,0)(2,2,1)(3,2,1)(4,2,0)(2,2,1)(3,2,1)(4,2,0)(2,2,1)(3,2,1)(4,1,0)(3,2,0)(4,3,1)(5,3,1)(6,3,0)(4,3,1)(5,3,1)(6,2,0)(5,3,0)(6,4,1)(7,4,1)(8,3,0)(6,4,1)(7,4,1)(8,3,0)	psi(W_W_W_W+W_W_(W+1))	psi(W_W_W_W+W_W_(W+1))	
4736	(0,0,0)(1,1,1)(2,1,1)(3,1,0)(1,1,1)(2,1,1)(3,1,0)(1,1,1)(2,1,1)(3,1,0)(1,1,0)(2,2,1)(3,2,1)(4,2,0)(2,2,1)(3,2,1)(4,2,0)(2,2,1)(3,2,1)(4,1,0)(3,2,0)(4,3,1)(5,3,1)(6,3,0)(4,3,1)(5,3,1)(6,2,0)(5,3,0)(6,4,1)(7,4,1)(8,3,0)(6,4,1)(7,4,1)(8,3,0)(4,3,1)	psi(W_W_W_W+W_W_(W+w))	psi(W_W_W_W+W_W_(W+w))	
4737	(0,0,0)(1,1,1)(2,1,1)(3,1,0)(1,1,1)(2,1,1)(3,1,0)(1,1,1)(2,1,1)(3,1,0)(1,1,0)(2,2,1)(3,2,1)(4,2,0)(2,2,1)(3,2,1)(4,2,0)(2,2,1)(3,2,1)(4,1,0)(3,2,0)(4,3,1)(5,3,1)(6,3,0)(4,3,1)(5,3,1)(6,2,0)(5,3,0)(6,4,1)(7,4,1)(8,3,0)(6,4,1)(7,4,1)(8,3,0)(4,3,1)(5,3,1)(6,2,0)	psi(W_W_W_W+W_W_W_2)	psi(W_W_W_W+W_W_W_2)	
4738	(0,0,0)(1,1,1)(2,1,1)(3,1,0)(1,1,1)(2,1,1)(3,1,0)(1,1,1)(2,1,1)(3,1,0)(1,1,0)(2,2,1)(3,2,1)(4,2,0)(2,2,1)(3,2,1)(4,2,0)(2,2,1)(3,2,1)(4,1,0)(3,2,0)(4,3,1)(5,3,1)(6,3,0)(4,3,1)(5,3,1)(6,2,0)(5,3,0)(6,4,1)(7,4,1)(8,3,0)(6,4,1)(7,4,1)(8,3,0)(4,3,1)(5,3,1)(6,2,0)(2,2,1)(3,2,1)(4,1,0)	psi(W_W_W_W*2)	psi(W_W_W_W*2)	
4739	(0,0,0)(1,1,1)(2,1,1)(3,1,0)(1,1,1)(2,1,1)(3,1,0)(1,1,1)(2,1,1)(3,1,0)(1,1,0)(2,2,1)(3,2,1)(4,2,0)(2,2,1)(3,2,1)(4,2,0)(2,2,1)(3,2,1)(4,1,0)(3,2,0)(4,3,1)(5,3,1)(6,3,0)(4,3,1)(5,3,1)(6,2,0)(5,3,0)(6,4,1)(7,4,1)(8,3,0)(7,4,0)(6,4,1)(7,4,1)(8,4,0)(4,3,1)(5,3,1)(6,2,0)(2,2,1)(3,2,1)(4,1,0)	psi(W_W_W_W^2)	psi(W_W_W_W^2)	
4740	(0,0,0)(1,1,1)(2,1,1)(3,1,0)(1,1,1)(2,1,1)(3,1,0)(1,1,1)(2,1,1)(3,1,0)(1,1,0)(2,2,1)(3,2,1)(4,2,0)(2,2,1)(3,2,1)(4,2,0)(2,2,1)(3,2,1)(4,1,0)(3,2,0)(4,3,1)(5,3,1)(6,3,0)(4,3,1)(5,3,1)(6,2,0)(5,3,0)(6,4,1)(7,4,1)(8,3,0)(7,4,0)(8,5,0)	psi(W_(W_W_W+1))	psi(W_(W_W_W+1))	
4741	(0,0,0)(1,1,1)(2,1,1)(3,1,0)(1,1,1)(2,1,1)(3,1,0)(1,1,1)(2,1,1)(3,1,0)(1,1,0)(2,2,1)(3,2,1)(4,2,0)(2,2,1)(3,2,1)(4,2,0)(2,2,1)(3,2,1)(4,1,0)(3,2,0)(4,3,1)(5,3,1)(6,3,0)(4,3,1)(5,3,1)(6,2,0)(5,3,0)(6,4,1)(7,4,1)(8,3,0)(7,4,0)(8,5,1)	psi(W_(W_W_W+w))	psi(W_(W_W_W+w))	
4742	(0,0,0)(1,1,1)(2,1,1)(3,1,0)(1,1,1)(2,1,1)(3,1,0)(1,1,1)(2,1,1)(3,1,0)(1,1,0)(2,2,1)(3,2,1)(4,2,0)(2,2,1)(3,2,1)(4,2,0)(2,2,1)(3,2,1)(4,1,0)(3,2,0)(4,3,1)(5,3,1)(6,3,0)(4,3,1)(5,3,1)(6,2,0)(5,3,0)(6,4,1)(7,4,1)(8,3,0)(7,4,0)(8,5,1)(9,5,1)(10,2,0)	psi(W_(W_W_W+W_2))	psi(W_(W_W_W+W_2))	
4743	(0,0,0)(1,1,1)(2,1,1)(3,1,0)(1,1,1)(2,1,1)(3,1,0)(1,1,1)(2,1,1)(3,1,0)(1,1,0)(2,2,1)(3,2,1)(4,2,0)(2,2,1)(3,2,1)(4,2,0)(2,2,1)(3,2,1)(4,1,0)(3,2,0)(4,3,1)(5,3,1)(6,3,0)(4,3,1)(5,3,1)(6,2,0)(5,3,0)(6,4,1)(7,4,1)(8,3,0)(7,4,0)(8,5,1)(9,5,1)(10,2,0)(2,2,1)	psi(W_(W_W_W+W_w))	psi(W_(W_W_W+W_w))	
4744	(0,0,0)(1,1,1)(2,1,1)(3,1,0)(1,1,1)(2,1,1)(3,1,0)(1,1,1)(2,1,1)(3,1,0)(1,1,0)(2,2,1)(3,2,1)(4,2,0)(2,2,1)(3,2,1)(4,2,0)(2,2,1)(3,2,1)(4,1,0)(3,2,0)(4,3,1)(5,3,1)(6,3,0)(4,3,1)(5,3,1)(6,2,0)(5,3,0)(6,4,1)(7,4,1)(8,3,0)(7,4,0)(8,5,1)(9,5,1)(10,2,0)(2,2,1)(3,2,1)(4,1,0)	psi(W_(W_W_W+W_W))	psi(W_(W_W_W+W_W))	
4745	(0,0,0)(1,1,1)(2,1,1)(3,1,0)(1,1,1)(2,1,1)(3,1,0)(1,1,1)(2,1,1)(3,1,0)(1,1,0)(2,2,1)(3,2,1)(4,2,0)(2,2,1)(3,2,1)(4,2,0)(2,2,1)(3,2,1)(4,1,0)(3,2,0)(4,3,1)(5,3,1)(6,3,0)(4,3,1)(5,3,1)(6,2,0)(5,3,0)(6,4,1)(7,4,1)(8,3,0)(7,4,0)(8,5,1)(9,5,1)(10,3,0)	psi(W_(W_W_W+W_(W+1)))	psi(W_(W_W_W+W_(W+1)))	
4746	(0,0,0)(1,1,1)(2,1,1)(3,1,0)(1,1,1)(2,1,1)(3,1,0)(1,1,1)(2,1,1)(3,1,0)(1,1,0)(2,2,1)(3,2,1)(4,2,0)(2,2,1)(3,2,1)(4,2,0)(2,2,1)(3,2,1)(4,1,0)(3,2,0)(4,3,1)(5,3,1)(6,3,0)(4,3,1)(5,3,1)(6,2,0)(5,3,0)(6,4,1)(7,4,1)(8,3,0)(7,4,0)(8,5,1)(9,5,1)(10,3,0)(4,3,1)(5,3,1)(6,2,0)	psi(W_(W_W_W+W_W_2))	psi(W_(W_W_W+W_W_2))	
4747	(0,0,0)(1,1,1)(2,1,1)(3,1,0)(1,1,1)(2,1,1)(3,1,0)(1,1,1)(2,1,1)(3,1,0)(1,1,0)(2,2,1)(3,2,1)(4,2,0)(2,2,1)(3,2,1)(4,2,0)(2,2,1)(3,2,1)(4,1,0)(3,2,0)(4,3,1)(5,3,1)(6,3,0)(4,3,1)(5,3,1)(6,2,0)(5,3,0)(6,4,1)(7,4,1)(8,3,0)(7,4,0)(8,5,1)(9,5,1)(10,3,0)(4,3,1)(5,3,1)(6,2,0)(2,2,1)(3,2,1)(4,1,0)	psi(W_(W_W_W*2))	psi(W_(W_W_W*2))	
4748	(0,0,0)(1,1,1)(2,1,1)(3,1,0)(1,1,1)(2,1,1)(3,1,0)(1,1,1)(2,1,1)(3,1,0)(1,1,0)(2,2,1)(3,2,1)(4,2,0)(2,2,1)(3,2,1)(4,2,0)(2,2,1)(3,2,1)(4,1,0)(3,2,0)(4,3,1)(5,3,1)(6,3,0)(4,3,1)(5,3,1)(6,2,0)(5,3,0)(6,4,1)(7,4,1)(8,3,0)(7,4,1)	psi(W_(W_W_W*w))	psi(W_(W_W_W*w))	
4749	(0,0,0)(1,1,1)(2,1,1)(3,1,0)(1,1,1)(2,1,1)(3,1,0)(1,1,1)(2,1,1)(3,1,0)(1,1,0)(2,2,1)(3,2,1)(4,2,0)(2,2,1)(3,2,1)(4,2,0)(2,2,1)(3,2,1)(4,1,0)(3,2,0)(4,3,1)(5,3,1)(6,3,0)(4,3,1)(5,3,1)(6,2,0)(5,3,0)(6,4,1)(7,4,1)(8,3,0)(7,4,1)(8,2,0)	psi(W_(W_W_W*W_2))	psi(W_(W_W_W*W_2))	
4750	(0,0,0)(1,1,1)(2,1,1)(3,1,0)(1,1,1)(2,1,1)(3,1,0)(1,1,1)(2,1,1)(3,1,0)(1,1,0)(2,2,1)(3,2,1)(4,2,0)(2,2,1)(3,2,1)(4,2,0)(2,2,1)(3,2,1)(4,1,0)(3,2,0)(4,3,1)(5,3,1)(6,3,0)(4,3,1)(5,3,1)(6,2,0)(5,3,0)(6,4,1)(7,4,1)(8,3,0)(7,4,1)(8,2,0)(2,2,1)(3,2,1)(4,1,0)	psi(W_(W_W_W*W_W))	psi(W_(W_W_W*W_W))	
4751	(0,0,0)(1,1,1)(2,1,1)(3,1,0)(1,1,1)(2,1,1)(3,1,0)(1,1,1)(2,1,1)(3,1,0)(1,1,0)(2,2,1)(3,2,1)(4,2,0)(2,2,1)(3,2,1)(4,2,0)(2,2,1)(3,2,1)(4,1,0)(3,2,0)(4,3,1)(5,3,1)(6,3,0)(4,3,1)(5,3,1)(6,2,0)(5,3,0)(6,4,1)(7,4,1)(8,3,0)(7,4,1)(8,3,0)	psi(W_(W_W_W*W_(W+1)))	psi(W_(W_W_W*W_(W+1)))	
4752	(0,0,0)(1,1,1)(2,1,1)(3,1,0)(1,1,1)(2,1,1)(3,1,0)(1,1,1)(2,1,1)(3,1,0)(1,1,0)(2,2,1)(3,2,1)(4,2,0)(2,2,1)(3,2,1)(4,2,0)(2,2,1)(3,2,1)(4,1,0)(3,2,0)(4,3,1)(5,3,1)(6,3,0)(4,3,1)(5,3,1)(6,2,0)(5,3,0)(6,4,1)(7,4,1)(8,3,0)(7,4,1)(8,3,0)(4,3,1)(5,3,1)(6,2,0)	psi(W_(W_W_W*W_W_2))	psi(W_(W_W_W*W_W_2))	
4753	(0,0,0)(1,1,1)(2,1,1)(3,1,0)(1,1,1)(2,1,1)(3,1,0)(1,1,1)(2,1,1)(3,1,0)(1,1,0)(2,2,1)(3,2,1)(4,2,0)(2,2,1)(3,2,1)(4,2,0)(2,2,1)(3,2,1)(4,1,0)(3,2,0)(4,3,1)(5,3,1)(6,3,0)(4,3,1)(5,3,1)(6,2,0)(5,3,0)(6,4,1)(7,4,1)(8,3,0)(7,4,1)(8,3,0)(4,3,1)(5,3,1)(6,2,0)(2,2,1)(3,2,1)(4,1,0)	psi(W_(W_W_W^2))	psi(W_(W_W_W^2))	
4754	(0,0,0)(1,1,1)(2,1,1)(3,1,0)(1,1,1)(2,1,1)(3,1,0)(1,1,1)(2,1,1)(3,1,0)(1,1,0)(2,2,1)(3,2,1)(4,2,0)(2,2,1)(3,2,1)(4,2,0)(2,2,1)(3,2,1)(4,1,0)(3,2,0)(4,3,1)(5,3,1)(6,3,0)(4,3,1)(5,3,1)(6,2,0)(5,3,0)(6,4,1)(7,4,1)(8,3,0)(9,4,0)	psi(W_psi_W_(W_W+1)(W_(W_W+1)))	psi(W_psi_W_(W_W+1)(W_(W_W+1)))	
4755	(0,0,0)(1,1,1)(2,1,1)(3,1,0)(1,1,1)(2,1,1)(3,1,0)(1,1,1)(2,1,1)(3,1,0)(1,1,0)(2,2,1)(3,2,1)(4,2,0)(2,2,1)(3,2,1)(4,2,0)(2,2,1)(3,2,1)(4,1,0)(3,2,0)(4,3,1)(5,3,1)(6,3,0)(4,3,1)(5,3,1)(6,2,0)(5,3,0)(6,4,1)(7,4,1)(8,4,0)	psi(W_W_(W_W+1))	psi(W_W_(W_W+1))	
4756	(0,0,0)(1,1,1)(2,1,1)(3,1,0)(1,1,1)(2,1,1)(3,1,0)(1,1,1)(2,1,1)(3,1,0)(1,1,0)(2,2,1)(3,2,1)(4,2,0)(2,2,1)(3,2,1)(4,2,0)(2,2,1)(3,2,1)(4,1,0)(3,2,0)(4,3,1)(5,3,1)(6,3,0)(4,3,1)(5,3,1)(6,2,0)(5,3,0)(6,4,1)(7,4,1)(8,4,0)(6,4,1)	psi(W_W_(W_W+w))	psi(W_W_(W_W+w))	
4757	(0,0,0)(1,1,1)(2,1,1)(3,1,0)(1,1,1)(2,1,1)(3,1,0)(1,1,1)(2,1,1)(3,1,0)(1,1,0)(2,2,1)(3,2,1)(4,2,0)(2,2,1)(3,2,1)(4,2,0)(2,2,1)(3,2,1)(4,1,0)(3,2,0)(4,3,1)(5,3,1)(6,3,0)(4,3,1)(5,3,1)(6,2,0)(5,3,0)(6,4,1)(7,4,1)(8,4,0)(6,4,1)(7,4,1)(8,2,0)	psi(W_W_(W_W+W_2))	psi(W_W_(W_W+W_2))	
4758	(0,0,0)(1,1,1)(2,1,1)(3,1,0)(1,1,1)(2,1,1)(3,1,0)(1,1,1)(2,1,1)(3,1,0)(1,1,0)(2,2,1)(3,2,1)(4,2,0)(2,2,1)(3,2,1)(4,2,0)(2,2,1)(3,2,1)(4,1,0)(3,2,0)(4,3,1)(5,3,1)(6,3,0)(4,3,1)(5,3,1)(6,2,0)(5,3,0)(6,4,1)(7,4,1)(8,4,0)(6,4,1)(7,4,1)(8,2,0)(2,2,1)(3,2,1)(4,1,0)	psi(W_W_(W_W*2))	psi(W_W_(W_W*2))	
4759	(0,0,0)(1,1,1)(2,1,1)(3,1,0)(1,1,1)(2,1,1)(3,1,0)(1,1,1)(2,1,1)(3,1,0)(1,1,0)(2,2,1)(3,2,1)(4,2,0)(2,2,1)(3,2,1)(4,2,0)(2,2,1)(3,2,1)(4,1,0)(3,2,0)(4,3,1)(5,3,1)(6,3,0)(4,3,1)(5,3,1)(6,2,0)(5,3,1)	psi(W_W_(W_W*w))	psi(W_W_(W_W*w))	
4760	(0,0,0)(1,1,1)(2,1,1)(3,1,0)(1,1,1)(2,1,1)(3,1,0)(1,1,1)(2,1,1)(3,1,0)(1,1,0)(2,2,1)(3,2,1)(4,2,0)(2,2,1)(3,2,1)(4,2,0)(2,2,1)(3,2,1)(4,1,0)(3,2,0)(4,3,1)(5,3,1)(6,3,0)(4,3,1)(5,3,1)(6,2,0)(5,3,1)(6,2,0)	psi(W_W_(W_W*W_2))	psi(W_W_(W_W*W_2))	
4761	(0,0,0)(1,1,1)(2,1,1)(3,1,0)(1,1,1)(2,1,1)(3,1,0)(1,1,1)(2,1,1)(3,1,0)(1,1,0)(2,2,1)(3,2,1)(4,2,0)(2,2,1)(3,2,1)(4,2,0)(2,2,1)(3,2,1)(4,1,0)(3,2,0)(4,3,1)(5,3,1)(6,3,0)(4,3,1)(5,3,1)(6,2,0)(5,3,1)(6,2,0)(2,2,1)(3,2,1)(4,1,0)	psi(W_W_(W_W^2))	psi(W_W_(W_W^2))	
4762	(0,0,0)(1,1,1)(2,1,1)(3,1,0)(1,1,1)(2,1,1)(3,1,0)(1,1,1)(2,1,1)(3,1,0)(1,1,0)(2,2,1)(3,2,1)(4,2,0)(2,2,1)(3,2,1)(4,2,0)(2,2,1)(3,2,1)(4,1,0)(3,2,0)(4,3,1)(5,3,1)(6,3,0)(4,3,1)(5,3,1)(6,2,0)(7,3,0)	psi(W_W_psi_W_(W+1)(W_(W+1)))	psi(W_W_psi_W_(W+1)(W_(W+1)))	
4763	(0,0,0)(1,1,1)(2,1,1)(3,1,0)(1,1,1)(2,1,1)(3,1,0)(1,1,1)(2,1,1)(3,1,0)(1,1,0)(2,2,1)(3,2,1)(4,2,0)(2,2,1)(3,2,1)(4,2,0)(2,2,1)(3,2,1)(4,1,0)(3,2,0)(4,3,1)(5,3,1)(6,3,0)(4,3,1)(5,3,1)(6,3,0)	psi(W_W_W_(W+1))	psi(W_W_W_(W+1))	
4764	(0,0,0)(1,1,1)(2,1,1)(3,1,0)(1,1,1)(2,1,1)(3,1,0)(1,1,1)(2,1,1)(3,1,0)(1,1,0)(2,2,1)(3,2,1)(4,2,0)(2,2,1)(3,2,1)(4,2,0)(2,2,1)(3,2,1)(4,1,0)(3,2,0)(4,3,1)(5,3,1)(6,3,0)(4,3,1)(5,3,1)(6,3,0)(4,3,1)	psi(W_W_W_(W+w))	psi(W_W_W_(W+w))	
4765	(0,0,0)(1,1,1)(2,1,1)(3,1,0)(1,1,1)(2,1,1)(3,1,0)(1,1,1)(2,1,1)(3,1,0)(1,1,0)(2,2,1)(3,2,1)(4,2,0)(2,2,1)(3,2,1)(4,2,0)(2,2,1)(3,2,1)(4,1,0)(3,2,0)(4,3,1)(5,3,1)(6,3,0)(4,3,1)(5,3,1)(6,3,0)(4,3,1)(5,3,1)(6,1,0)	psi(W_W_W_(W2))	psi(W_W_W_(W2))	
4766	(0,0,0)(1,1,1)(2,1,1)(3,1,0)(1,1,1)(2,1,1)(3,1,0)(1,1,1)(2,1,1)(3,1,0)(1,1,0)(2,2,1)(3,2,1)(4,2,0)(2,2,1)(3,2,1)(4,2,0)(2,2,1)(3,2,1)(4,1,0)(3,2,1)	psi(W_W_W_(W*w))	psi(W_W_W_(W*w))	
4767	(0,0,0)(1,1,1)(2,1,1)(3,1,0)(1,1,1)(2,1,1)(3,1,0)(1,1,1)(2,1,1)(3,1,0)(1,1,0)(2,2,1)(3,2,1)(4,2,0)(2,2,1)(3,2,1)(4,2,0)(2,2,1)(3,2,1)(4,1,0)(3,2,1)(4,1,0)	psi(W_W_W_(W^2))	psi(W_W_W_(W^2))	
4768	(0,0,0)(1,1,1)(2,1,1)(3,1,0)(1,1,1)(2,1,1)(3,1,0)(1,1,1)(2,1,1)(3,1,0)(1,1,0)(2,2,1)(3,2,1)(4,2,0)(2,2,1)(3,2,1)(4,2,0)(2,2,1)(3,2,1)(4,1,0)(4,1,0)	psi(W_W_W_(W^W))	psi(W_W_W_(W^W))	
4769	(0,0,0)(1,1,1)(2,1,1)(3,1,0)(1,1,1)(2,1,1)(3,1,0)(1,1,1)(2,1,1)(3,1,0)(1,1,0)(2,2,1)(3,2,1)(4,2,0)(2,2,1)(3,2,1)(4,2,0)(2,2,1)(3,2,1)(4,1,0)(5,2,0)	psi(W_W_W_psi_1(W_2))	psi(W_W_W_psi_1(W_2))	
4770	(0,0,0)(1,1,1)(2,1,1)(3,1,0)(1,1,1)(2,1,1)(3,1,0)(1,1,1)(2,1,1)(3,1,0)(1,1,0)(2,2,1)(3,2,1)(4,2,0)(2,2,1)(3,2,1)(4,2,0)(2,2,1)(3,2,1)(4,2,0)	psi(W_W_W_W_2)	psi(W_W_W_W_2)	
4771	(0,0,0)(1,1,1)(2,1,1)(3,1,0)(1,1,1)(2,1,1)(3,1,0)(1,1,1)(2,1,1)(3,1,0)(1,1,0)(2,2,1)(3,2,1)(4,2,0)(2,2,1)(3,2,1)(4,2,0)(2,2,1)(3,2,1)(4,2,0)(2,2,0)(3,3,1)(4,3,1)(5,3,0)(3,3,1)(4,3,1)(5,3,0)(3,3,1)(4,3,1)(5,3,0)	psi(W_W_W_W_3)	psi(W_W_W_W_3)	
4772	(0,0,0)(1,1,1)(2,1,1)(3,1,0)(1,1,1)(2,1,1)(3,1,0)(1,1,1)(2,1,1)(3,1,0)(1,1,1)	psi(W_W_W_W_w)	psi(W_W_W_W_w)	
4773	(0,0,0)(1,1,1)(2,1,1)(3,1,0)(1,1,1)(2,1,1)(3,1,0)(1,1,1)(2,1,1)(3,1,0)(1,1,1)(2,1,0)(3,2,1)(4,2,1)(5,2,0)(3,2,1)(4,2,1)(5,2,0)(3,2,1)(4,2,1)(5,2,0)	psi(W_W_W_W_(w+1))	psi(W_W_W_W_(w+1))	
4774	(0,0,0)(1,1,1)(2,1,1)(3,1,0)(1,1,1)(2,1,1)(3,1,0)(1,1,1)(2,1,1)(3,1,0)(1,1,1)(2,1,0)(3,2,1)(4,2,1)(5,2,0)(3,2,1)(4,2,1)(5,2,0)(3,2,1)(4,2,1)(5,2,0)(3,2,1)	psi(W_W_W_W_(w2))	psi(W_W_W_W_(w2))	
4775	(0,0,0)(1,1,1)(2,1,1)(3,1,0)(1,1,1)(2,1,1)(3,1,0)(1,1,1)(2,1,1)(3,1,0)(1,1,1)(2,1,1)	psi(W_W_W_W_(w^2))	psi(W_W_W_W_(w^2))	
4776	(0,0,0)(1,1,1)(2,1,1)(3,1,0)(1,1,1)(2,1,1)(3,1,0)(1,1,1)(2,1,1)(3,1,0)(1,1,1)(2,1,1)(2,1,1)	psi(W_W_W_W_(w^3))	psi(W_W_W_W_(w^3))	
4777	(0,0,0)(1,1,1)(2,1,1)(3,1,0)(1,1,1)(2,1,1)(3,1,0)(1,1,1)(2,1,1)(3,1,0)(1,1,1)(2,1,1)(3,0,0)	psi(W_W_W_W_(w^w))	psi(W_W_W_W_(w^w))	
4778	(0,0,0)(1,1,1)(2,1,1)(3,1,0)(1,1,1)(2,1,1)(3,1,0)(1,1,1)(2,1,1)(3,1,0)(1,1,1)(2,1,1)(3,1,0)	psi(W_W_W_W_W)	psi(W_W_W_W_W)	
4779	(0,0,0)(1,1,1)(2,1,1)(3,1,0)(1,1,1)(2,1,1)(3,1,0)(1,1,1)(2,1,1)(3,1,0)(1,1,1)(2,1,1)(3,1,0)(1,1,0)(2,2,1)(3,2,1)(4,2,0)(2,2,1)(3,2,1)(4,2,0)(2,2,1)(3,2,1)(4,2,0)(2,2,1)(3,2,1)(4,2,0)	psi(W_W_W_W_W_2)	psi(W_W_W_W_W_2)	
4780	(0,0,0)(1,1,1)(2,1,1)(3,1,0)(1,1,1)(2,1,1)(3,1,0)(1,1,1)(2,1,1)(3,1,0)(1,1,1)(2,1,1)(3,1,0)(1,1,1)	psi(W_W_W_W_W_w)	psi(W_W_W_W_W_w)	
4781	(0,0,0)(1,1,1)(2,1,1)(3,1,0)(1,1,1)(2,1,1)(3,1,0)(1,1,1)(2,1,1)(3,1,0)(1,1,1)(2,1,1)(3,1,0)(1,1,1)(2,1,1)	psi(W_W_W_W_W_(w^2))	psi(W_W_W_W_W_(w^2))	
4782	(0,0,0)(1,1,1)(2,1,1)(3,1,0)(1,1,1)(2,1,1)(3,1,0)(1,1,1)(2,1,1)(3,1,0)(1,1,1)(2,1,1)(3,1,0)(1,1,1)(2,1,1)(3,1,0)	psi(W_W_W_W_W_W)	psi(W_W_W_W_W_W)	
4783	(0,0,0)(1,1,1)(2,1,1)(3,1,0)(1,1,1)(2,1,1)(3,1,0)(1,1,1)(2,1,1)(3,1,0)(1,1,1)(2,1,1)(3,1,0)(1,1,1)(2,1,1)(3,1,0)(1,1,1)(2,1,1)(3,1,0)	psi(W_W_W_W_W_W_W)	psi(W_W_W_W_W_W_W)	
4784	(0,0,0)(1,1,1)(2,1,1)(3,1,0)(2,0,0)	psi(I)	psi(I)	
