Aexp.lean:45	theorem gexp_entry_le	theorem gexp_entry_le {i p : ℕ} (hlen : j0 + Lb + 1 = M.length) (hn : 0 < n) (hLb : 0 < Lb) (hp : p ≤ j0) : entry (gexp M j0 Lb d0 d1 n) i p = entry M i p
Aexp.lean:58	theorem amin_gexp_mir	theorem amin_gexp_mir {k q : ℕ} (hlen : j0 + Lb + 1 = M.length) (hLb : 0 < Lb) (hk : k < n) (hq : q < Lb) (hup : ∀ l, j0 < l → l ≤ j0 + Lb → entry M 0 j0 < entry M 0 l) (hd0pos : 0 < d0) (hd0e : entry M 0 (j0 + Lb) = entry M 0 j0 + d0) (hrow1 : amin M j0 ≤ amin M (j0 + Lb)) : amin (gexp M j0 Lb d0 d …
Aexp.lean:138	theorem amin_gexp_mir_flat	theorem amin_gexp_mir_flat {k q : ℕ} (hlen : j0 + Lb + 1 = M.length) (hLb : 0 < Lb) (hk : k < n) (hq : q < Lb) (hup : ∀ l, j0 < l → l ≤ j0 + Lb → entry M 0 j0 < entry M 0 l) : amin (gexp M j0 Lb 0 0 n) (j0 + (k * Lb + q)) = amin M (j0 + q)
Aexp.lean:215	theorem rtg0_of_rtg1	theorem rtg0_of_rtg1 {X : TrioSeq} {a b : ℕ} (h : Relation.ReflTransGen (nextrel1 X) a b) : Relation.ReflTransGen (nextrel0 X) a b
Aexp.lean:224	theorem amin_oper_mir	theorem amin_oper_mir {M : TrioSeq} {n j0 Lb k q : ℕ} (hlen : j0 + Lb + 1 = M.length) (hLb : 0 < Lb) (hn : 0 < n) (hz : ¬ (entry M 0 (M.length - 1) = 0 ∧ entry M 1 (M.length - 1) = 0 ∧ entry M 2 (M.length - 1) = 0)) (hp : hasParent M (srow M (M.length - 1)) (M.length - 1)) (hj0 : parent M (srow M (M …
Aexp.lean:280	theorem slift_take	theorem slift_take {A : TrioSeq} {φ : ℕ → ℕ} {l : ℕ} (hl : l ≤ A.length) : slift (A.take l) φ = (slift A φ).take l
Aexp.lean:299	theorem slift_dropLast	theorem slift_dropLast {A : TrioSeq} {φ : ℕ → ℕ} : slift A.dropLast φ = (slift A φ).dropLast
Aexp.lean:307	theorem slift_oper_main	theorem slift_oper_main {A : TrioSeq} {φ : ℕ → ℕ} {n j0 Lb d0 d1 : ℕ} (hφ : Stair φ) (hlen : j0 + Lb + 1 = A.length) (hLb : 0 < Lb) (hn : 0 < n) (hz : ¬ (entry A 0 (A.length - 1) = 0 ∧ entry A 1 (A.length - 1) = 0 ∧ entry A 2 (A.length - 1) = 0)) (hp : hasParent A (srow A (A.length - 1)) (A.length - …
Aexp.lean:383	theorem oper_zero_take	theorem oper_zero_take {X : TrioSeq} (hL : X.length - 1 ≠ 0) (hz : ¬ (entry X 0 (X.length - 1) = 0 ∧ entry X 1 (X.length - 1) = 0 ∧ entry X 2 (X.length - 1) = 0)) (hp : hasParent X (srow X (X.length - 1)) (X.length - 1)) : X⟦0⟧ = X.take (parent X (srow X (X.length - 1)) (X.length - 1))
Aexp.lean:394	theorem slift_oper	theorem slift_oper {A : TrioSeq} {φ : ℕ → ℕ} (hφ : Stair φ) (n : ℕ) : slift (A⟦n⟧) φ = (slift A φ)⟦n⟧
Aexp.lean:503	theorem rtg0_Lift1	theorem rtg0_Lift1 {X : TrioSeq} {d a b : ℕ} : Relation.ReflTransGen (nextrel0 (Lift1 X d)) a b ↔ Relation.ReflTransGen (nextrel0 X) a b
Aexp.lean:516	theorem argOK_mlift	theorem argOK_mlift {R : TrioSeq} (hR : argOK R) (v d : ℕ) : argOK (mlift R v d)
Aexp.lean:530	theorem coneV_Lift1_cons	theorem coneV_Lift1_cons {R : TrioSeq} (hR : argOK R) {v z d j : ℕ} (hd : 0 < d) (hj : j < (((0, v, z) : ℕ × ℕ × ℕ) :: R).length) : coneV (Lift1 (((0, v, z) : ℕ × ℕ × ℕ) :: R) d) v j ↔ le1 (((0, v, z) : ℕ × ℕ × ℕ) :: R) 0 j
Aexp.lean:568	theorem mlift_Lift1_cons	theorem mlift_Lift1_cons {R : TrioSeq} (hR : argOK R) {v z d e : ℕ} (hd : 0 < d) : mlift (Lift1 (((0, v, z) : ℕ × ℕ × ℕ) :: R) d) v e = Lift1 (((0, v, z) : ℕ × ℕ × ℕ) :: R) (d + e)
Aexp.lean:591	theorem amin_zero	theorem amin_zero (A : TrioSeq) : amin A 0 = entry A 1 0
Aexp.lean:596	theorem slift_singleton	theorem slift_singleton (b c : ℕ) {φ : ℕ → ℕ} (hφ : Stair φ) : slift [((0, b, c) : ℕ × ℕ × ℕ)] φ = [((0, φ b, c) : ℕ × ℕ × ℕ)]
Aexp.lean:626	theorem coneV_cons_iff	theorem coneV_cons_iff {S : TrioSeq} (hS : argOK S) {B z v j : ℕ} (hj : j < S.length) : coneV (((0, B, z) : ℕ × ℕ × ℕ) :: S) v (1 + j) ↔ (v < B ∧ coneV S v j)
Aexp.lean:659	theorem amin_cons	theorem amin_cons {S : TrioSeq} (hS : argOK S) {B z j : ℕ} (hj : j < S.length) : amin (((0, B, z) : ℕ × ℕ × ℕ) :: S) (1 + j) = min B (amin S j)
Aexp.lean:668	theorem slift_cons_plant	theorem slift_cons_plant {S : TrioSeq} (hS : argOK S) {B z : ℕ} {φ : ℕ → ℕ} (hφ : Stair φ) : slift (((0, B, z) : ℕ × ℕ × ℕ) :: S) φ = ((0, φ B, z) : ℕ × ℕ × ℕ) :: slift S (fun m => m + (φ (min B m) - min B m))
ArgDom.lean:19	def hshift	def hshift (w1 e f : ℕ) : TrioSeq → TrioSeq | [] => [] | p :: rest => if w1 < p.2.1 then (p.1 + e, p.2.1 + f, p.2.2) :: (hshift w1 e f (rest.takeWhile fun q => p.1 < q.1)
ArgDom.lean:39	theorem hshift_cons	theorem hshift_cons (w1 e f : ℕ) (p : ℕ × ℕ × ℕ) (rest : TrioSeq) : hshift w1 e f (p :: rest) = if w1 < p.2.1 then (p.1 + e, p.2.1 + f, p.2.2) :: (hshift w1 e f (rest.takeWhile fun q => p.1 < q.1) ++ hshift w1 e f (rest.dropWhile fun q => p.1 < q.1))
ArgDom.lean:53	theorem hshift_gseg	theorem hshift_gseg {M : TrioSeq} {r e f : ℕ} : ∀ (l : ℕ), ∀ {a pa : ℕ}, le1 M r pa → pa < a → a + l ≤ M.length → (∀ j, a ≤ j → j < a + l → entry M 0 pa < entry M 0 j) → (∀ j, pa < j → j < a → entry M 0 a ≤ entry M 0 j) → (List.range' a l).map (fun j => ((entry M 0 j + e,
ArgDom.lean:159	theorem seqlex_of_sle_not_prefix	theorem seqlex_of_sle_not_prefix : ∀ {W X Y : TrioSeq}, sle X (W ++ Y) → (∀ X', X ≠ W ++ X') → ∀ (Y' : TrioSeq), seqlex X (W ++ Y')
ArgDom.lean:184	theorem sle_take_of_short	theorem sle_take_of_short : ∀ {P X Y : TrioSeq}, sle X (P ++ Y) → X.length ≤ P.length → sle X P
ArgDom.lean:216	theorem sle_of_append_left	theorem sle_of_append_left {X Y W : TrioSeq} (h : sle (X ++ Y) W) : sle X W
ArgDom.lean:225	theorem hshift_f0	theorem hshift_f0 (w1 e : ℕ) : ∀ A : TrioSeq, hshift w1 e 0 A = shiftr01 e 0 A | [] => by
ArgDom.lean:247	def SpineOK	def SpineOK (A : TrioSeq) (L w : ℕ) : Prop
ArgDom.lean:255	def ArgDomCore	def ArgDomCore : Prop
ArgDom.lean:269	theorem shiftr01_append	theorem shiftr01_append (d0 d1 : ℕ) (A B : TrioSeq) : shiftr01 d0 d1 (A ++ B) = shiftr01 d0 d1 A ++ shiftr01 d0 d1 B
ArgDom.lean:273	theorem shiftr01_injective	theorem shiftr01_injective (d0 d1 : ℕ) {X Y : TrioSeq} (h : shiftr01 d0 d1 X = shiftr01 d0 d1 Y) : X = Y
ArgDom.lean:292	theorem collt_shiftr01	theorem collt_shiftr01 (d0 d1 : ℕ) {p q : ℕ × ℕ × ℕ} : collt ((p.1 + d0, p.2.1 + d1, p.2.2)) ((q.1 + d0, q.2.1 + d1, q.2.2)) ↔ collt p q
ArgDom.lean:299	theorem seqlex_shiftr01	theorem seqlex_shiftr01 (d0 d1 : ℕ) : ∀ {X Y : TrioSeq}, seqlex (shiftr01 d0 d1 X) (shiftr01 d0 d1 Y) ↔ seqlex X Y
ArgDom.lean:325	theorem sle_shiftr01	theorem sle_shiftr01 (d0 d1 : ℕ) {X Y : TrioSeq} : sle (shiftr01 d0 d1 X) (shiftr01 d0 d1 Y) ↔ sle X Y
ArgDom.lean:338	theorem shiftr01_copies	theorem shiftr01_copies (d0 d1 : ℕ) (blk : TrioSeq) (n : ℕ) : shiftr01 d0 d1 (copies d0 d1 blk n) = copies d0 d1 (shiftr01 d0 d1 blk) n
ArgDom.lean:353	theorem peel_aux	theorem peel_aux (d w z : ℕ) : ∀ (n : ℕ) (X Q A2 : TrioSeq) (a : ℕ), X.length ≤ n → sle X (Q ++ (a, w, z) :: shiftr01 d 0 (X ++ A2)) → ∃ m, sle X (Q ++ copies d 0 ((a, w, z) :: shiftr01 d 0 Q) m)
ArgDom.lean:414	theorem getD_append_right'	theorem getD_append_right' (A B : TrioSeq) (i : ℕ) : (A ++ B).getD (A.length + i) (0, 0, 0) = B.getD i (0, 0, 0)
ArgDom.lean:424	theorem spineOK_of_le1	theorem spineOK_of_le1 {G R : TrioSeq} {v0 w1 w2 : ℕ} {lp : ℕ × ℕ × ℕ} (hle1 : le1 ((G ++ ((v0, w1, w2) :: R)) ++ [lp]) G.length (G ++ ((v0, w1, w2) :: R)).length) : SpineOK R lp.1 w1
ArgDom.lean:502	theorem spineOK_strict_of_le1	theorem spineOK_strict_of_le1 {G R : TrioSeq} {v0 w1 w2 : ℕ} {lp : ℕ × ℕ × ℕ} (hle1 : le1 ((G ++ ((v0, w1, w2) :: R)) ++ [lp]) G.length (G ++ ((v0, w1, w2) :: R)).length) : SpineOK R lp.1 (w1 + 1)
ArgDom.lean:581	def AscArgDom1	def AscArgDom1 : Prop
ArgDom.lean:591	theorem ascArgDom1_of_core	theorem ascArgDom1_of_core (H : ArgDomCore) : AscArgDom1
ArgDom.lean:680	theorem copies_succ_back	theorem copies_succ_back (d0 d1 : ℕ) (blk : TrioSeq) (n : ℕ) : copies d0 d1 blk (n + 1) = copies d0 d1 blk n ++ shiftr01 (n * d0) (n * d1) blk
ArgDom.lean:686	theorem shiftr01_length	theorem shiftr01_length (d0 d1 : ℕ) (X : TrioSeq) : (shiftr01 d0 d1 X).length = X.length
ArgDom.lean:691	theorem mem_shiftr01_le	theorem mem_shiftr01_le {d : ℕ} (e : ℕ) {X : TrioSeq} (h : ∀ x ∈ X, d ≤ x.1) : ∀ x ∈ shiftr01 e 0 X, d + e ≤ x.1
ArgDom.lean:700	theorem asc_crux1	theorem asc_crux1 (H : AscArgDom1) {G R S : TrioSeq} {v0 w1 w2 d0 : ℕ} (hM : ST_TS ((G ++ ((v0, w1, w2) :: R)) ++ [(v0 + d0, w1 + 1, 0)])) (hN : ST_TS ((G ++ ((v0, w1, w2) :: R)) ++ (v0 + d0, w1, w2) :: S)) (hRgt : ∀ x ∈ R, v0 < x.1) (hd : 0 < d0) (hle1 : le1 ((G ++ ((v0, w1, w2) :: R)) ++ [(v0 + d0 …
ArgDom.lean:794	theorem trioAsc_srow1	theorem trioAsc_srow1 (Hc : ArgDomCore) {M N : TrioSeq} {q : ℕ × ℕ × ℕ} {S : TrioSeq} (hM : ST_TS M) (hN : ST_TS N) (L1 : 1 < M.length) (hz : ¬ (entry M 0 (M.length - 1) = 0 ∧ entry M 1 (M.length - 1) = 0 ∧ entry M 2 (M.length - 1) = 0)) (hsr1 : srow M (M.length - 1) = 1) (hNeq : N = M.dropLast ++ q …
ArgDom.lean:1060	theorem shiftr01_comp	theorem shiftr01_comp (e e' : ℕ) (X : TrioSeq) : shiftr01 e 0 (shiftr01 e' 0 X) = shiftr01 (e + e') 0 X
ArgDom.lean:1069	theorem mem_hshift	theorem mem_hshift {w1 e f : ℕ} : ∀ {A : TrioSeq} {x : ℕ × ℕ × ℕ}, x ∈ hshift w1 e f A → ∃ y ∈ A, x.1 = y.1 + e
ArgDom.lean:1098	theorem hshift_headI	theorem hshift_headI (w1 e f : ℕ) (p : ℕ × ℕ × ℕ) (rest : TrioSeq) : ((hshift w1 e f (p :: rest)).headI).1 = p.1 + e
ArgDom.lean:1103	theorem hshift_ne_nil	theorem hshift_ne_nil (w1 e f : ℕ) (p : ℕ × ℕ × ℕ) (rest : TrioSeq) : hshift w1 e f (p :: rest) ≠ []
ArgDom.lean:1109	theorem hshift_split	theorem hshift_split (w1 e' f' v : ℕ) (T D : TrioSeq) (hT : ∀ x ∈ T, v < x.1) (hD : D = [] ∨ (D.headI).1 ≤ v) : (hshift w1 e' f' T ++ hshift w1 e' f' D).takeWhile (fun q => v + e' < q.1) = hshift w1 e' f' T ∧ (hshift w1 e' f' T ++ hshift w1 e' f' D).dropWhile (fun q => v + e' < q.1) = hshift w1 e' f …
ArgDom.lean:1156	theorem shiftr01_split	theorem shiftr01_split (e' v : ℕ) (T D : TrioSeq) (hT : ∀ x ∈ T, v < x.1) (hD : D = [] ∨ (D.headI).1 ≤ v) (w1 f' : ℕ) : (shiftr01 e' 0 T ++ hshift w1 e' f' D).takeWhile (fun q => v + e' < q.1) = shiftr01 e' 0 T ∧ (shiftr01 e' 0 T ++ hshift w1 e' f' D).dropWhile (fun q => v + e' < q.1) = hshift w1 e' …
ArgDom.lean:1204	theorem hshift_comp	theorem hshift_comp (w1 e f e' f' : ℕ) : ∀ A : TrioSeq, hshift w1 e f (hshift w1 e' f' A) = hshift w1 (e + e') (f + f') A
Cgraft.lean:38	def HighPar	def HighPar (A : TrioSeq) (v : ℕ) : Prop
Cgraft.lean:43	theorem highPar_of_shallow	theorem highPar_of_shallow {A : TrioSeq} (hA0 : entry A 0 0 = 0) (hAs : ∀ l, 0 < l → l < A.length → 0 < entry A 0 l) : HighPar A (entry A 1 0)
Cgraft.lean:54	theorem highPar_Lift1	theorem highPar_Lift1 {A : TrioSeq} {v d : ℕ} (h : HighPar A v) : HighPar (Lift1 A d) v
Cgraft.lean:73	theorem entry_graft_low	theorem entry_graft_low {y i : ℕ} (hi : i < E.length - 1) : entry (graft E A) y i = entry E y i
Cgraft.lean:78	theorem entry1_graft_high	theorem entry1_graft_high (E A : TrioSeq) (k : ℕ) : entry (graft E A) 1 (E.length - 1 + k) = entry A 1 k
Cgraft.lean:83	theorem entry2_graft_high	theorem entry2_graft_high (E A : TrioSeq) (k : ℕ) : entry (graft E A) 2 (E.length - 1 + k) = entry A 2 k
Cgraft.lean:88	theorem entry0_graft_high	theorem entry0_graft_high {k : ℕ} (hk : k < A.length) : entry (graft E A) 0 (E.length - 1 + k) = entry A 0 k + entry E 0 (E.length - 1)
Cgraft.lean:94	theorem nextrel1_graft_high	theorem nextrel1_graft_high (E A : TrioSeq) (a b : ℕ) : nextrel1 (graft E A) (E.length - 1 + a) (E.length - 1 + b) ↔ nextrel1 A a b
Cgraft.lean:99	theorem le0_graft_high	theorem le0_graft_high (E A : TrioSeq) (a b : ℕ) : le0 (graft E A) (E.length - 1 + a) (E.length - 1 + b) ↔ le0 A a b
Cgraft.lean:104	theorem le1_graft_high	theorem le1_graft_high (E A : TrioSeq) (a b : ℕ) : le1 (graft E A) (E.length - 1 + a) (E.length - 1 + b) ↔ le1 A a b
Cgraft.lean:109	theorem le1_graft_low	theorem le1_graft_low {i : ℕ} (hi : i < E.length - 1) : le1 (graft E A) 0 i ↔ le1 E 0 i
Cgraft.lean:118	theorem shallow_graft	theorem shallow_graft (hEs : ∀ l, 0 < l → l < E.length → 0 < entry E 0 l) (hE2 : 2 ≤ E.length) : ∀ l, 0 < l → l < (graft E A).length → 0 < entry (graft E A) 0 l
Cgraft.lean:138	theorem cone_graft_high	theorem cone_graft_high {E A : TrioSeq} (hE2 : 2 ≤ E.length) (hA0 : entry A 0 0 = 0) (hAs : ∀ l, 0 < l → l < A.length → 0 < entry A 0 l) (hlow : HighPar A (entry E 1 0)) {j : ℕ} (hj : j < A.length) : le1 (graft E A) 0 (E.length - 1 + j) ↔ (le1 (graft E A) 0 (E.length - 1) ∧ le1 A 0 j)
Cgraft.lean:209	theorem lift_graft_of_entries	theorem lift_graft_of_entries {E A B : TrioSeq} {d : ℕ} (hE2 : 2 ≤ E.length) (hBlen : B.length = A.length) (hB0 : ∀ k, entry B 0 k = entry A 0 k) (hB2 : ∀ k, entry B 2 k = entry A 2 k) (hB1 : ∀ k, k < A.length → entry B 1 k = entry A 1 k + (if le1 (graft E A) 0 (E.length - 1 + k) then d else 0)) : L …
Cgraft.lean:266	theorem lift_graft_cone	theorem lift_graft_cone {E A : TrioSeq} (hE2 : 2 ≤ E.length) (hA0 : entry A 0 0 = 0) (hAs : ∀ l, 0 < l → l < A.length → 0 < entry A 0 l) (hlow : HighPar A (entry E 1 0)) (d : ℕ) : Lift1 (graft E A) d = graft (Lift1 E d)
Cgraft.lean:301	def coneV	def coneV (A : TrioSeq) (v j : ℕ) : Prop
Cgraft.lean:306	def SiteHigh	def SiteHigh (E : TrioSeq) : Prop
Cgraft.lean:321	theorem mlift_getD	theorem mlift_getD {A : TrioSeq} {v d i : ℕ} (hi : i < A.length) : (mlift A v d).getD i (0, 0, 0) = ((entry A 0 i, entry A 1 i + (if coneV A v i then d else 0), entry A 2 i) : ℕ × ℕ × ℕ)
Cgraft.lean:331	theorem entry0_mlift	theorem entry0_mlift (A : TrioSeq) (v d i : ℕ) : entry (mlift A v d) 0 i = entry A 0 i
Cgraft.lean:338	theorem entry2_mlift	theorem entry2_mlift (A : TrioSeq) (v d i : ℕ) : entry (mlift A v d) 2 i = entry A 2 i
Cgraft.lean:346	theorem entry1_mlift	theorem entry1_mlift {A : TrioSeq} {v d i : ℕ} (hi : i < A.length) : entry (mlift A v d) 1 i = entry A 1 i + (if coneV A v i then d else 0)
Cgraft.lean:353	theorem entry0_graft_le	theorem entry0_graft_le {E A : TrioSeq} (hA0 : entry A 0 0 = 0) (hA : 0 < A.length) {i : ℕ} (hi : i ≤ E.length - 1) : entry (graft E A) 0 i = entry E 0 i
Cgraft.lean:364	theorem nextrel0_graft_le	theorem nextrel0_graft_le {E A : TrioSeq} (hA0 : entry A 0 0 = 0) (hA : 0 < A.length) (hE2 : 2 ≤ E.length) {a b : ℕ} (hb : b ≤ E.length - 1) : nextrel0 (graft E A) a b ↔ nextrel0 E a b
Cgraft.lean:388	theorem rtg0_graft_le	theorem rtg0_graft_le {E A : TrioSeq} (hA0 : entry A 0 0 = 0) (hA : 0 < A.length) (hE2 : 2 ≤ E.length) {y b : ℕ} (hb : b ≤ E.length - 1) : Relation.ReflTransGen (nextrel0 (graft E A)) y b ↔ Relation.ReflTransGen (nextrel0 E) y b
Cgraft.lean:406	theorem rtg0_graft_embed	theorem rtg0_graft_embed {E A : TrioSeq} {a b : ℕ} (h : Relation.ReflTransGen (nextrel0 A) a b) : Relation.ReflTransGen (nextrel0 (graft E A)) (E.length - 1 + a) (E.length - 1 + b)
Cgraft.lean:414	theorem exists_root_anc	theorem exists_root_anc {A : TrioSeq} (hA0 : entry A 0 0 = 0) {j : ℕ} (hj : j < A.length) : ∃ o, o < A.length ∧ entry A 0 o = 0 ∧ Relation.ReflTransGen (nextrel0 A) o j
Cgraft.lean:431	theorem nextrel0_graft_site	theorem nextrel0_graft_site {E A : TrioSeq} (hA0 : entry A 0 0 = 0) (hE2 : 2 ≤ E.length) {w o : ℕ} (ho : o < A.length) (hoz : entry A 0 o = 0) (hw : w < E.length - 1) : nextrel0 (graft E A) w (E.length - 1 + o) ↔ nextrel0 (graft E A) w (E.length - 1)
Cgraft.lean:463	theorem rtg0_graft_split	theorem rtg0_graft_split {E A : TrioSeq} (hA0 : entry A 0 0 = 0) (hE2 : 2 ≤ E.length) {j : ℕ} (hj : j < A.length) {y : ℕ} (h : Relation.ReflTransGen (nextrel0 (graft E A)) y (E.length - 1 + j)) : (∃ y', y = E.length - 1 + y' ∧ y' < A.length ∧ Relation.ReflTransGen (nextrel0 A) y' j) ∨ (y < E.length  …
Cgraft.lean:514	theorem rtg0_graft_join	theorem rtg0_graft_join {E A : TrioSeq} (hA0 : entry A 0 0 = 0) (hE2 : 2 ≤ E.length) {j y : ℕ} (hj : j < A.length) (hy : y < E.length - 1) (h : Relation.ReflTransGen (nextrel0 (graft E A)) y (E.length - 1)) : Relation.ReflTransGen (nextrel0 (graft E A)) y (E.length - 1 + j)
Cgraft.lean:532	theorem cone_graft_mask	theorem cone_graft_mask {E A : TrioSeq} (hE0 : entry E 0 0 = 0) (hEs : ∀ l, 0 < l → l < E.length → 0 < entry E 0 l) (hE2 : 2 ≤ E.length) (hA0 : entry A 0 0 = 0) {j : ℕ} (hj : j < A.length) : le1 (graft E A) 0 (E.length - 1 + j) ↔ (SiteHigh E ∧ coneV A (entry E 1 0) j)
Cgraft.lean:571	theorem lift_graft_mask	theorem lift_graft_mask {E A : TrioSeq} (hE0 : entry E 0 0 = 0) (hEs : ∀ l, 0 < l → l < E.length → 0 < entry E 0 l) (hE2 : 2 ≤ E.length) (hA0 : entry A 0 0 = 0) (d : ℕ) : Lift1 (graft E A) d = graft (Lift1 E d) (if SiteHigh E then mlift A (entry E 1 0) d else A)
Cgraft.lean:602	def SiteV	def SiteV (M : TrioSeq) (v : ℕ) : Prop
Cgraft.lean:606	theorem coneV_graft_low	theorem coneV_graft_low {M A : TrioSeq} {v i : ℕ} (hA0 : entry A 0 0 = 0) (hA : 0 < A.length) (hM2 : 2 ≤ M.length) (hi : i < M.length - 1) : coneV (graft M A) v i ↔ coneV M v i
Cgraft.lean:619	theorem coneV_graft_high	theorem coneV_graft_high {M A : TrioSeq} {v k : ℕ} (hA0 : entry A 0 0 = 0) (hM2 : 2 ≤ M.length) (hk : k < A.length) : coneV (graft M A) v (M.length - 1 + k) ↔ (SiteV M v ∧ coneV A v k)
Cgraft.lean:640	theorem mlift_graft	theorem mlift_graft {M A : TrioSeq} (hA0 : entry A 0 0 = 0) (hA : 0 < A.length) (hM2 : 2 ≤ M.length) (v d : ℕ) : mlift (graft M A) v d = graft (mlift M v d) (if SiteV M v then mlift A v d else A)
Cgraft.lean:717	theorem rtg0_cons_unlift	theorem rtg0_cons_unlift {p : ℕ × ℕ × ℕ} {R : TrioSeq} {y b : ℕ} (hy : 1 ≤ y) (h : Relation.ReflTransGen (nextrel0 (p :: R)) y b) : ∀ b', b = 1 + b' → Relation.ReflTransGen (nextrel0 R) (y - 1) b'
Cgraft.lean:733	theorem rtg0_cons_lift	theorem rtg0_cons_lift {p : ℕ × ℕ × ℕ} {R : TrioSeq} {a b : ℕ} (h : Relation.ReflTransGen (nextrel0 R) a b) : Relation.ReflTransGen (nextrel0 (p :: R)) (1 + a) (1 + b)
Cgraft.lean:741	theorem le1_cons_iff_coneV	theorem le1_cons_iff_coneV {v z : ℕ} {R : TrioSeq} (hR : argOK R) {j : ℕ} (hj : j < R.length) : le1 (((0, v, z) : ℕ × ℕ × ℕ) :: R) 0 (1 + j) ↔ coneV R v j
Cgraft.lean:777	theorem lift_cons_eq_mlift	theorem lift_cons_eq_mlift {v z t : ℕ} {R : TrioSeq} (hR : argOK R) : Lift1 (((0, v, z) : ℕ × ℕ × ℕ) :: R) t = ((0, v + t, z) : ℕ × ℕ × ℕ) :: mlift R v t
Cgraft.lean:828	theorem lift_plant_graft	theorem lift_plant_graft {M y : TrioSeq} {v z t : ℕ} (hM : argOK M) (hMne : M ≠ []) (hM2 : 2 ≤ M.length) (hby : based y) (hyne : y ≠ []) : Lift1 (((0, v, z) : ℕ × ℕ × ℕ) :: graft M y) t = ((0, v + t, z) : ℕ × ℕ × ℕ) :: graft (mlift M v t) (if SiteV M v then mlift y v t else y)
Cgraft.lean:851	theorem amin_le	theorem amin_le {A : TrioSeq} {j y : ℕ} (h : Relation.ReflTransGen (nextrel0 A) y j) : amin A j ≤ entry A 1 y
Cgraft.lean:855	theorem amin_mem	theorem amin_mem (A : TrioSeq) (j : ℕ) : ∃ y, Relation.ReflTransGen (nextrel0 A) y j ∧ entry A 1 y = amin A j
Cgraft.lean:863	theorem coneV_iff_amin	theorem coneV_iff_amin {A : TrioSeq} {v j : ℕ} : coneV A v j ↔ v < amin A j
Cgraft.lean:873	theorem amin_mono	theorem amin_mono {A : TrioSeq} {j y : ℕ} (h : Relation.ReflTransGen (nextrel0 A) y j) : amin A j ≤ amin A y
Cgraft.lean:879	theorem amin_self_le	theorem amin_self_le (A : TrioSeq) (j : ℕ) : amin A j ≤ entry A 1 j
Cgraft.lean:890	theorem Stair	theorem Stair.mono {φ : ℕ → ℕ} (h : Stair φ) {m n : ℕ} (hmn : m ≤ n) : φ m ≤ φ n
Cgraft.lean:898	theorem stair_step	theorem stair_step (v s : ℕ) : Stair (fun m => m + (if v < m then s else 0))
Cgraft.lean:905	theorem stair_comp	theorem stair_comp {φ ψ : ℕ → ℕ} (hφ : Stair φ) (hψ : Stair ψ) : Stair (fun m => ψ (φ m))
Cgraft.lean:927	theorem slift_getD	theorem slift_getD {A : TrioSeq} {φ : ℕ → ℕ} {i : ℕ} (hi : i < A.length) : (slift A φ).getD i (0, 0, 0) = ((entry A 0 i, entry A 1 i + (φ (amin A i) - amin A i), entry A 2 i) : ℕ × ℕ × ℕ)
Cgraft.lean:937	theorem entry0_slift	theorem entry0_slift (A : TrioSeq) (φ : ℕ → ℕ) (i : ℕ) : entry (slift A φ) 0 i = entry A 0 i
Cgraft.lean:944	theorem entry2_slift	theorem entry2_slift (A : TrioSeq) (φ : ℕ → ℕ) (i : ℕ) : entry (slift A φ) 2 i = entry A 2 i
Cgraft.lean:951	theorem entry1_slift	theorem entry1_slift {A : TrioSeq} {φ : ℕ → ℕ} {i : ℕ} (hi : i < A.length) : entry (slift A φ) 1 i = entry A 1 i + (φ (amin A i) - amin A i)
Cgraft.lean:957	theorem nextrel0_slift	theorem nextrel0_slift {A : TrioSeq} {φ : ℕ → ℕ} {a b : ℕ} : nextrel0 (slift A φ) a b ↔ nextrel0 A a b
Cgraft.lean:963	theorem rtg0_slift	theorem rtg0_slift {A : TrioSeq} {φ : ℕ → ℕ} {a b : ℕ} : Relation.ReflTransGen (nextrel0 (slift A φ)) a b ↔ Relation.ReflTransGen (nextrel0 A) a b
Cgraft.lean:977	theorem amin_slift	theorem amin_slift {A : TrioSeq} {φ : ℕ → ℕ} (hφ : Stair φ) {j : ℕ} (hj : j < A.length) : amin (slift A φ) j = φ (amin A j)
Cgraft.lean:1006	theorem slift_slift	theorem slift_slift {A : TrioSeq} {φ ψ : ℕ → ℕ} (hφ : Stair φ) (hψ : Stair ψ) : slift (slift A φ) ψ = slift A (fun m => ψ (φ m))
Cgraft.lean:1033	theorem mlift_eq_slift	theorem mlift_eq_slift (A : TrioSeq) (v d : ℕ) : mlift A v d = slift A (fun m => m + (if v < m then d else 0))
Cgraft.lean:1056	theorem nat_eq_of_lt_iff	theorem nat_eq_of_lt_iff {X Y : ℕ} (h : ∀ v, v < X ↔ v < Y) : X = Y
Cgraft.lean:1062	theorem amin_graft_low	theorem amin_graft_low {M A : TrioSeq} (hA0 : entry A 0 0 = 0) (hA : 0 < A.length) (hM2 : 2 ≤ M.length) {i : ℕ} (hi : i < M.length - 1) : amin (graft M A) i = amin M i
Cgraft.lean:1075	theorem siteV_iff_capV	theorem siteV_iff_capV {M : TrioSeq} (hne : ∃ y, y < M.length - 1 ∧ Relation.ReflTransGen (nextrel0 M) y (M.length - 1)) {v : ℕ} : SiteV M v ↔ v < capV M
Cgraft.lean:1092	theorem amin_graft_high_eq	theorem amin_graft_high_eq {M A : TrioSeq} (hA0 : entry A 0 0 = 0) (hM2 : 2 ≤ M.length) (hne : ∃ y, y < M.length - 1 ∧ Relation.ReflTransGen (nextrel0 M) y (M.length - 1)) {k : ℕ} (hk : k < A.length) : amin (graft M A) (M.length - 1 + k) = min (capV M) (amin A k)
Cgraft.lean:1103	theorem stair_cap	theorem stair_cap {φ : ℕ → ℕ} (hφ : Stair φ) (c : ℕ) : Stair (fun m => m + (φ (min c m) - min c m))
Cgraft.lean:1115	theorem slift_graft	theorem slift_graft {M A : TrioSeq} (hA0 : entry A 0 0 = 0) (hA : 0 < A.length) (hM2 : 2 ≤ M.length) (hne : ∃ y, y < M.length - 1 ∧ Relation.ReflTransGen (nextrel0 M) y (M.length - 1)) {φ : ℕ → ℕ} (hφ : Stair φ) : slift (graft M A) φ
Cgraft.lean:1193	theorem stair_strictMono	theorem stair_strictMono {φ : ℕ → ℕ} (h : Stair φ) {m n : ℕ} (hmn : m < n) : φ m < φ n
Cgraft.lean:1200	theorem stair_inj	theorem stair_inj {φ : ℕ → ℕ} (h : Stair φ) {m n : ℕ} (he : φ m = φ n) : m = n
Cgraft.lean:1207	theorem amin_min_below_parent	theorem amin_min_below_parent {A : TrioSeq} {j0 b : ℕ} (h : nextrel1 A j0 b) : ∃ y, Relation.ReflTransGen (nextrel0 A) y j0 ∧ entry A 1 y = amin A b
Cgraft.lean:1223	theorem amin_parent	theorem amin_parent {A : TrioSeq} {j0 b : ℕ} (h : nextrel1 A j0 b) : amin A j0 = amin A b
Cgraft.lean:1230	theorem amin_between	theorem amin_between {A : TrioSeq} {j0 b j : ℕ} (h : nextrel1 A j0 b) (hj : j0 < j) (hjb : le0 A j b) : amin A j = amin A b
Cgraft.lean:1239	theorem amin_le1	theorem amin_le1 {A : TrioSeq} {a b : ℕ} (h : le1 A a b) : amin A a = amin A b
Cgraft.lean:1246	theorem nextrel1_slift	theorem nextrel1_slift {A : TrioSeq} {φ : ℕ → ℕ} (hφ : Stair φ) {a b : ℕ} : nextrel1 (slift A φ) a b ↔ nextrel1 A a b
Cgraft.lean:1292	theorem le1_slift	theorem le1_slift {A : TrioSeq} {φ : ℕ → ℕ} (hφ : Stair φ) {a b : ℕ} : le1 (slift A φ) a b ↔ le1 A a b
Cgraft.lean:1308	theorem entry1_slift_pos	theorem entry1_slift_pos {A : TrioSeq} {φ : ℕ → ℕ} (hφ : Stair φ) {j : ℕ} (hj : j < A.length) : 0 < entry (slift A φ) 1 j ↔ 0 < entry A 1 j
Cgraft.lean:1320	theorem srow_slift	theorem srow_slift {A : TrioSeq} {φ : ℕ → ℕ} (hφ : Stair φ) {j : ℕ} (hj : j < A.length) : srow (slift A φ) j = srow A j
Cgraft.lean:1328	theorem nextrel2_slift	theorem nextrel2_slift {A : TrioSeq} {φ : ℕ → ℕ} (hφ : Stair φ) {a b : ℕ} : nextrel2 (slift A φ) a b ↔ nextrel2 A a b
Cgraft.lean:1334	theorem nextR_slift	theorem nextR_slift {A : TrioSeq} {φ : ℕ → ℕ} (hφ : Stair φ) {i a b : ℕ} : nextR (slift A φ) i a b ↔ nextR A i a b
Cgraft.lean:1343	theorem hasParent_slift	theorem hasParent_slift {A : TrioSeq} {φ : ℕ → ℕ} (hφ : Stair φ) {i b : ℕ} : hasParent (slift A φ) i b ↔ hasParent A i b
Cgraft.lean:1352	theorem parent_slift	theorem parent_slift {A : TrioSeq} {φ : ℕ → ℕ} (hφ : Stair φ) {i b : ℕ} : parent (slift A φ) i b = parent A i b
Cgraft.lean:1360	theorem rtg0_take_iff	theorem rtg0_take_iff {X : TrioSeq} {l a b : ℕ} (hl : l ≤ X.length) (hb : b < l) : Relation.ReflTransGen (nextrel0 (X.take l)) a b ↔ Relation.ReflTransGen (nextrel0 X) a b
Cgraft.lean:1365	theorem amin_take	theorem amin_take {X : TrioSeq} {l j : ℕ} (hl : l ≤ X.length) (hj : j < l) : amin (X.take l) j = amin X j
Cgraft.lean:1380	theorem amin_oper_prefix	theorem amin_oper_prefix {M : TrioSeq} {n i : ℕ} (L : 1 < M.length) (n1 : 1 ≤ n) (hi : i < M.length - 1) : amin (M⟦n⟧) i = amin M i
Cnf.lean:20	theorem fst_in_diagSeqT	theorem fst_in_diagSeqT {q : ℕ × ℕ × ℕ} {a b : ℕ} (h : q ∈ diagSeqT a b) : a ≤ q.1
Cnf.lean:27	theorem translate_diagSeqT	theorem translate_diagSeqT {u v : ℕ} (h : u ≤ v) : translate (diagSeqT u v) = P u (min u 1) (translate (diagSeqT (u + 1) v)) Z
Cnf.lean:41	def cnf	def cnf : Three → Prop | Z => True | P _ _ b Z => cnf b | P a1 a2 b (P e1 e2 f g) => cnf b ∧ ¬ (P a1 a2 b Z <o P e1 e2 f Z) ∧ cnf (P e1 e2 f g)
Cnf.lean:56	theorem cnf_translate_diagSeqT_aux	theorem cnf_translate_diagSeqT_aux (n u : ℕ) : cnf (translate (diagSeqT u (u + n)))
Cnf.lean:76	theorem cnf_diag	theorem cnf_diag (v : ℕ) : cnf (translate (diagSeqT 0 v))
Cnf.lean:84	theorem translate_takeWhile_snoc_le	theorem translate_takeWhile_snoc_le (a : ℕ) (C : TrioSeq) (m : ℕ × ℕ × ℕ) : translate (C.takeWhile fun x => a < x.1) ≤o translate ((C ++ [m]).takeWhile fun x => a < x.1)
Cnf.lean:116	theorem cnf_snoc	theorem cnf_snoc {D : TrioSeq} {m : ℕ × ℕ × ℕ} (h : cnf (translate (D ++ [m]))) : cnf (translate D)
Cnf.lean:219	theorem cnf_dropLast	theorem cnf_dropLast {C : TrioSeq} (ne : C ≠ []) (h : cnf (translate C)) : cnf (translate C.dropLast)
Cnf.lean:225	theorem cnf_take	theorem cnf_take {M : TrioSeq} (h : cnf (translate M)) (k : ℕ) : cnf (translate (M.take k))
Cnf.lean:255	theorem cnf_replicate_block	theorem cnf_replicate_block {v0 w1 w2 : ℕ} {R : TrioSeq} (hR : ∀ x ∈ R, v0 < x.1) (cR : cnf (translate R)) (n : ℕ) : cnf (translate (List.replicate n ((v0, w1, w2) :: R)).flatten)
Cnf.lean:310	theorem cnf_ctx_cong	theorem cnf_ctx_cong {z1 z2 : ℕ × ℕ × ℕ} {T1 T2 : TrioSeq} (cZ1 : cnf (translate (z1 :: T1))) (decr : translate (z1 :: T1) <o translate (z2 :: T2)) (root : z1.1 = z2.1) (leadle : ∃ p1 p2 b1 c1 q1 q2 b2 c2, translate (z1 :: T1) = P p1 p2 b1 c1 ∧ translate (z2 :: T2) = P q1 q2 b2 c2 ∧ P p1 p2 b1 Z ≤o  …
Cnf.lean:471	theorem cnf_tail	theorem cnf_tail {t : ℕ × ℕ × ℕ} {T' : TrioSeq} (rT : ∀ x ∈ T', t.1 ≤ x.1) (G : TrioSeq) (hGT : cnf (translate (G ++ t :: T'))) : cnf (translate (t :: T'))
Cnf.lean:556	def tshift1	def tshift1 (d : ℕ) : Three → Three | Z => Z | P a1 a2 b c => P (a1 + d) a2 (tshift1 d b) (tshift1 d c) @[simp] theorem tshift1_Z (d : ℕ) : tshift1 d Z = Z
Cnf.lean:564	theorem tshift1_inj	theorem tshift1_inj {d : ℕ} : ∀ {x y : Three}, tshift1 d x = tshift1 d y → x = y
Cnf.lean:582	theorem olt_tshift1	theorem olt_tshift1 {d : ℕ} : ∀ {x y : Three}, (tshift1 d x <o tshift1 d y) ↔ x <o y
Cnf.lean:609	theorem cnf_tshift1	theorem cnf_tshift1 (d : ℕ) : ∀ {t : Three}, cnf t → cnf (tshift1 d t)
Cnf.lean:626	def shiftr01	def shiftr01 (d0 d1 : ℕ) : TrioSeq → TrioSeq
Cnf.lean:635	theorem shiftr01_cons	theorem shiftr01_cons (d0 d1 : ℕ) (p : ℕ × ℕ × ℕ) (M : TrioSeq) : shiftr01 d0 d1 (p :: M) = (p.1 + d0, p.2.1 + d1, p.2.2) :: shiftr01 d0 d1 M
Cnf.lean:638	theorem mem_shiftr01	theorem mem_shiftr01 {d0 d1 : ℕ} {M : TrioSeq} {x : ℕ × ℕ × ℕ} : x ∈ shiftr01 d0 d1 M ↔ ∃ p ∈ M, (p.1 + d0, p.2.1 + d1, p.2.2) = x
Cnf.lean:645	theorem translate_shiftr01	theorem translate_shiftr01 (d0 d1 : ℕ) (M : TrioSeq) : translate (shiftr01 d0 d1 M) = tshift1 d1 (translate M)
Cnf.lean:673	def copies	def copies (d0 d1 : ℕ) (blk : TrioSeq) (n : ℕ) : TrioSeq
Cnf.lean:678	theorem copies_succ_front	theorem copies_succ_front (d0 d1 : ℕ) (blk : TrioSeq) (n : ℕ) : copies d0 d1 blk (n + 1) = blk ++ shiftr01 d0 d1 (copies d0 d1 blk n)
Cnf.lean:699	theorem copies_succ_cons	theorem copies_succ_cons (d0 d1 v0 w1 w2 : ℕ) (R : TrioSeq) (n : ℕ) : copies d0 d1 ((v0, w1, w2) :: R) (n + 1) = (v0, w1, w2) :: (R ++ shiftr01 d0 d1 (copies d0 d1 ((v0, w1, w2) :: R) n))
Cnf.lean:704	theorem copies_v0_le	theorem copies_v0_le {v0 w1 w2 : ℕ} {R : TrioSeq} (Rle : ∀ x ∈ R, v0 ≤ x.1) (d0 d1 n : ℕ) : ∀ x ∈ copies d0 d1 ((v0, w1, w2) :: R) n, v0 ≤ x.1
Cnf.lean:718	theorem copies_tl_gt	theorem copies_tl_gt {v0 w1 w2 : ℕ} {R : TrioSeq} (hR : ∀ x ∈ R, v0 < x.1) {d0 : ℕ} (dpos : 0 < d0) (d1 : ℕ) {n : ℕ} (_n1 : 1 ≤ n) : ∀ x ∈ R ++ shiftr01 d0 d1 (copies d0 d1 ((v0, w1, w2) :: R) (n - 1)), v0 < x.1
Cnf.lean:734	theorem cnf_copies	theorem cnf_copies {v0 w1 w2 d0 d1 : ℕ} {R : TrioSeq} {lp : ℕ × ℕ × ℕ} (hR : ∀ x ∈ R, v0 < x.1) (d0pos : 0 < d0) (lead_lt : w1 + d1 < lp.2.1 ∨ (w1 + d1 = lp.2.1 ∧ w2 < lp.2.2)) (lphd : lp.1 = v0 + d0) (cBlp : cnf (translate (((v0, w1, w2) :: R) ++ [lp])))
Cnf.lean:826	theorem cnf_oper_i1eq0	theorem cnf_oper_i1eq0 {v0 w1 w2 : ℕ} {R : TrioSeq} {lp : ℕ × ℕ × ℕ} {G : TrioSeq} {n : ℕ} (hR : ∀ x ∈ R, v0 < x.1) (lpv : v0 < lp.1) (n1 : 1 ≤ n) (cM : cnf (translate (G ++ ((v0, w1, w2) :: R) ++ [lp]))) : cnf (translate (G ++ (List.replicate n ((v0, w1, w2) :: R)).flatten))
Cnf.lean:901	theorem copies_replicate	theorem copies_replicate (blk : TrioSeq) (n : ℕ) : copies 0 0 blk n = (List.replicate n blk).flatten
Cnf.lean:911	theorem cnf_oper_asc	theorem cnf_oper_asc {v0 w1 w2 d0 d1 : ℕ} {R : TrioSeq} {lp : ℕ × ℕ × ℕ} {G : TrioSeq} {n : ℕ} (hR : ∀ x ∈ R, v0 < x.1) (d0pos : 0 < d0) (lead_lt : w1 + d1 < lp.2.1 ∨ (w1 + d1 = lp.2.1 ∧ w2 < lp.2.2)) (lphd : lp.1 = v0 + d0)
Cnf.lean:1030	theorem oper_bad_blocks	theorem oper_bad_blocks {M : TrioSeq} {n : ℕ} (L : 1 < M.length) (hz : ¬ (entry M 0 (M.length - 1) = 0 ∧ entry M 1 (M.length - 1) = 0 ∧ entry M 2 (M.length - 1) = 0)) (hp : hasParent M (srow M (M.length - 1)) (M.length - 1)) (_hn : 1 ≤ n) (hA : ∀ j, parent M (srow M (M.length - 1)) (M.length - 1) ≤  …
Cnf.lean:1163	theorem cnf_oper_of_window	theorem cnf_oper_of_window {M : TrioSeq} {n : ℕ} (hn : 1 ≤ n) (cM : cnf (translate M)) (hwin : hasParent M (srow M (M.length - 1)) (M.length - 1) → 1 < srow M (M.length - 1) → ∀ j, parent M (srow M (M.length - 1)) (M.length - 1) < j → j < M.length - 1 → entry M 1 (parent M (srow M (M.length - 1)) (M …
Cofidx.lean:25	theorem exists_append_flat	theorem exists_append_flat {α : Type _} (A : List α) (g : ℕ → List α) (n : ℕ) : ∃ R, A ++ (List.range (n + 1)).flatMap g = (A ++ (List.range n).flatMap g) ++ R
Cofidx.lean:30	theorem oper_succ_append	theorem oper_succ_append (M : TrioSeq) (n : ℕ) : ∃ R, M⟦n + 1⟧ = M⟦n⟧ ++ R
Cofidx.lean:43	theorem oper_le_append	theorem oper_le_append {M : TrioSeq} {j k : ℕ} (h : j ≤ k) : ∃ R, M⟦k⟧ = M⟦j⟧ ++ R
Cofidx.lean:56	theorem oper_mono_idx	theorem oper_mono_idx {M : TrioSeq} {j k : ℕ} (h : j ≤ k) : M⟦j⟧ = M⟦k⟧ ∨ seqlex (M⟦j⟧) (M⟦k⟧)
Cofinality.lean:19	theorem collt_trans	theorem collt_trans {p q r : ℕ × ℕ × ℕ} (h1 : collt p q) (h2 : collt q r) : collt p r
Cofinality.lean:25	theorem seqlex_trans	theorem seqlex_trans : ∀ {A B C : TrioSeq}, seqlex A B → seqlex B C → seqlex A C
Cofinality.lean:50	def sle	def sle (M N : TrioSeq) : Prop
Cofinality.lean:52	theorem sle_refl	theorem sle_refl (M : TrioSeq) : sle M M
Cofinality.lean:54	theorem seqlex_sle_trans	theorem seqlex_sle_trans {A B C : TrioSeq} (h1 : seqlex A B) (h2 : sle B C) : seqlex A C
Cofinality.lean:60	theorem sle_trans	theorem sle_trans {A B C : TrioSeq} (h1 : sle A B) (h2 : sle B C) : sle A C
Cofinality.lean:67	theorem seqlex_append_mono	theorem seqlex_append_mono : ∀ {A B : TrioSeq}, seqlex A B → ∀ (C : TrioSeq), seqlex A (B ++ C)
Cofinality.lean:86	theorem sle_append_mono	theorem sle_append_mono {A B : TrioSeq} (h : sle A B) (C : TrioSeq) : sle A (B ++ C)
Cofinality.lean:94	theorem sle_append_cancel	theorem sle_append_cancel (A : TrioSeq) {u v : TrioSeq} : sle (A ++ u) (A ++ v) ↔ sle u v
Cofinality.lean:108	theorem seqlex_snoc_cases	theorem seqlex_snoc_cases : ∀ {D : TrioSeq} {lp : ℕ × ℕ × ℕ} {N : TrioSeq}, seqlex N (D ++ [lp]) → sle N D ∨ ∃ q S, N = D ++ q :: S ∧ collt q lp
Cofinality.lean:138	def SeqlexCofinality	def SeqlexCofinality : Prop
Cofinality.lean:142	theorem ts_cofinality_of_seqlex	theorem ts_cofinality_of_seqlex (H : SeqlexCofinality) {M N : TrioSeq} (hM : ST_TS M) (hN : ST_TS N) (h : translate N <o translate M) : ∃ n, 1 ≤ n ∧ translate N ≤o translate (M⟦n⟧)
Cofinality.lean:161	theorem seqlex_cof_short	theorem seqlex_cof_short {M N : TrioSeq} (hL : M.length - 1 = 0) (h : seqlex N M) : ∃ n, 1 ≤ n ∧ sle N (M⟦n⟧)
Cofinality.lean:165	theorem dropLast_snoc_getD	theorem dropLast_snoc_getD {M : TrioSeq} (hne : M ≠ []) : M.dropLast ++ [M.getD (M.length - 1) (0, 0, 0)] = M
Cofinality.lean:178	theorem seqlex_cof_zero	theorem seqlex_cof_zero {M N : TrioSeq} (hL : 1 < M.length) (hz : entry M 0 (M.length - 1) = 0 ∧ entry M 1 (M.length - 1) = 0 ∧ entry M 2 (M.length - 1) = 0) (h : seqlex N M) : ∃ n, 1 ≤ n ∧ sle N (M⟦n⟧)
Cofinality.lean:207	def TrioBadCrux	def TrioBadCrux : Prop
Cofinality.lean:217	theorem take_gcopy_zero	theorem take_gcopy_zero {M : TrioSeq} (hL : 1 < M.length) (_hz : ¬ (entry M 0 (M.length - 1) = 0 ∧ entry M 1 (M.length - 1) = 0 ∧ entry M 2 (M.length - 1) = 0)) (hp : hasParent M (srow M (M.length - 1)) (M.length - 1)) : M.take (parent M (srow M (M.length - 1)) (M.length - 1)) ++ seg M (parent M (sr …
Cofinality.lean:257	theorem seqlex_cof_bad	theorem seqlex_cof_bad (H : TrioBadCrux) {M N : TrioSeq} (hM : ST_TS M) (hN : ST_TS N) (L : 1 < M.length) (hz : ¬ (entry M 0 (M.length - 1) = 0 ∧ entry M 1 (M.length - 1) = 0 ∧ entry M 2 (M.length - 1) = 0)) (h : seqlex N M) : ∃ n, 1 ≤ n ∧ sle N (M⟦n⟧)
Cofinality.lean:281	theorem seqlex_cofinality_of_crux	theorem seqlex_cofinality_of_crux (H : TrioBadCrux) : SeqlexCofinality
Cofinality.lean:291	theorem ts_cofinality_of_crux	theorem ts_cofinality_of_crux (H : TrioBadCrux) {M N : TrioSeq} (hM : ST_TS M) (hN : ST_TS N) (h : translate N <o translate M) : ∃ n, 1 ≤ n ∧ translate N ≤o translate (M⟦n⟧)
Cofinality.lean:301	theorem seqlex_splice	theorem seqlex_splice : ∀ {A B : TrioSeq}, seqlex A B → ∀ {U : TrioSeq}, (U = [] ∨ ∀ x ∈ B, collt (U.headI) x) → ∀ (C : TrioSeq), seqlex (A ++ U) (B ++ C)
Cofinality.lean:329	theorem split_block	theorem split_block {v0 : ℕ} {R Y : TrioSeq} (hRgt : ∀ x ∈ R, v0 < x.1) (hYhd : Y = [] ∨ ¬ v0 < (Y.headI).1) : (R ++ Y).takeWhile (fun q => v0 < q.1) = R ∧ (R ++ Y).dropWhile (fun q => v0 < q.1) = Y
Cofinality.lean:346	theorem copies_zero_succ	theorem copies_zero_succ (blk : TrioSeq) (m : ℕ) : copies 0 0 blk (m + 1) = copies 0 0 blk m ++ blk
Cofinality.lean:355	theorem copy_dom_zero	theorem copy_dom_zero : ∀ (d : ℕ) (Y : TrioSeq) (v0 w1 w2 : ℕ) (R : TrioSeq), Y.length ≤ d → blockok v0 ((v0, w1, w2) :: (R ++ Y)) → (∀ x ∈ R, v0 < x.1) → (Y = [] ∨ ¬ v0 < (Y.headI).1) → cnf (translate ((v0, w1, w2) :: (R ++ Y))) →
Cofinality.lean:480	theorem crux_zero	theorem crux_zero {G R S : TrioSeq} {v0 w1 w2 : ℕ} {q : ℕ × ℕ × ℕ} (hN : ST_TS ((G ++ ((v0, w1, w2) :: R)) ++ q :: S)) (hRgt : ∀ x ∈ R, v0 < x.1) (hq : collt q (v0 + 1, 0, 0)) : ∃ m, 1 ≤ m ∧ sle (q :: S) (copies 0 0 ((v0, w1, w2) :: R) m)
Cofinality.lean:576	theorem gcopy_zero_shift	theorem gcopy_zero_shift (M : TrioSeq) (r L k : ℕ) : gcopy M r L 0 0 k = seg M r L
Cofinality.lean:585	theorem gcopiesFrom_zero_shift	theorem gcopiesFrom_zero_shift (M : TrioSeq) (r L k0 : ℕ) : ∀ m, gcopiesFrom M r L 0 0 k0 m = copies 0 0 (seg M r L) m
Cofinality.lean:598	def TrioAscCrux	def TrioAscCrux : Prop
Cofinality.lean:608	theorem badCrux_of_asc	theorem badCrux_of_asc (H : TrioAscCrux) : TrioBadCrux
Cofinality.lean:719	theorem gcopy_d1zero	theorem gcopy_d1zero (M : TrioSeq) (r L d0 k : ℕ) : gcopy M r L d0 0 k = shiftr01 (k * d0) 0 (seg M r L)
Cofinality.lean:728	theorem gcopiesFrom_d1zero	theorem gcopiesFrom_d1zero (M : TrioSeq) (r L d0 : ℕ) : ∀ m k0, gcopiesFrom M r L d0 0 (k0 + 1) m = shiftr01 d0 0 (shiftr01 (k0 * d0) 0 (copies d0 0 (seg M r L) m))
Column.lean:21	theorem oper_eq_dropLast_append	theorem oper_eq_dropLast_append {M : TrioSeq} {n : ℕ} (L : 1 < M.length) (n1 : 1 ≤ n) : ∃ R, M⟦n⟧ = M.dropLast ++ R
Column.lean:83	theorem dropLast_take	theorem dropLast_take {l : TrioSeq} {i : ℕ} (hi : i ≤ l.length - 1) : l.dropLast.take i = l.take i
Column.lean:89	theorem oper_take_prefix	theorem oper_take_prefix {M : TrioSeq} {n i : ℕ} (L : 1 < M.length) (n1 : 1 ≤ n) (hi : i ≤ M.length - 1) : (M⟦n⟧).take i = M.take i
Column.lean:98	theorem stps_len_pos	theorem stps_len_pos {M : TrioSeq} (hM : ST_TS M) : 0 < M.length
Column.lean:108	theorem stps_head	theorem stps_head {M : TrioSeq} (hM : ST_TS M) : M.headD (0, 0, 0) = (0, 0, 0)
Column.lean:124	theorem getD_app_right	theorem getD_app_right (A T : TrioSeq) {i : ℕ} (h : A.length ≤ i) : (A ++ T).getD i (0, 0, 0) = T.getD (i - A.length) (0, 0, 0)
Column.lean:130	theorem entry_append_right	theorem entry_append_right (A T : TrioSeq) (i j : ℕ) : entry (A ++ T) i (A.length + j) = entry T i j
Column.lean:135	theorem nextrel0_append_right	theorem nextrel0_append_right (A T : TrioSeq) (j0 j1 : ℕ) : nextrel0 (A ++ T) (A.length + j0) (A.length + j1) ↔ nextrel0 T j0 j1
Column.lean:152	theorem rtg_nextrel0_lift	theorem rtg_nextrel0_lift (A T : TrioSeq) {j0 c : ℕ} (h : Relation.ReflTransGen (nextrel0 T) j0 c) : Relation.ReflTransGen (nextrel0 (A ++ T)) (A.length + j0) (A.length + c)
Column.lean:160	theorem le0_append_right_of	theorem le0_append_right_of (A T : TrioSeq) {j0 j1 : ℕ} (h : le0 T j0 j1) : le0 (A ++ T) (A.length + j0) (A.length + j1)
Column.lean:166	theorem nextrel0_lt	theorem nextrel0_lt {M : TrioSeq} {a b : ℕ} (h : nextrel0 M a b) : a < b
Column.lean:168	theorem rtg_nextrel0_unlift	theorem rtg_nextrel0_unlift (A T : TrioSeq) {a c : ℕ} (h : Relation.ReflTransGen (nextrel0 (A ++ T)) (A.length + a) c) : ∃ c', c = A.length + c' ∧ Relation.ReflTransGen (nextrel0 T) a c'
Column.lean:181	theorem le0_append_right	theorem le0_append_right (A T : TrioSeq) (j0 j1 : ℕ) : le0 (A ++ T) (A.length + j0) (A.length + j1) ↔ le0 T j0 j1
Column.lean:192	theorem nextrel0_no_cross	theorem nextrel0_no_cross (A T : TrioSeq) (hroot : entry T 0 0 = 0) {k j : ℕ} (hk : k < A.length) (hj : A.length ≤ j) (hpos : 0 < entry (A ++ T) 0 j) (hne : nextrel0 (A ++ T) k j) : False
Column.lean:209	theorem nextrel0_no_pred_zero	theorem nextrel0_no_pred_zero {M : TrioSeq} {a b : ℕ} (hz : entry M 0 b = 0) (h : nextrel0 M a b) : False
Column.lean:213	theorem rtg_to_root	theorem rtg_to_root {M : TrioSeq} {k b : ℕ} (hz : entry M 0 b = 0) (h : Relation.ReflTransGen (nextrel0 M) k b) : k = b
Column.lean:219	theorem le0_no_cross	theorem le0_no_cross (A T : TrioSeq) (hroot : entry T 0 0 = 0) {k j1 : ℕ} (hk : k < A.length) (hpos : 0 < entry (A ++ T) 0 (A.length + j1)) (h : le0 (A ++ T) k (A.length + j1)) : False
Column.lean:240	theorem nextrel1_append_right	theorem nextrel1_append_right (A T : TrioSeq) (j0 j1 : ℕ) : nextrel1 (A ++ T) (A.length + j0) (A.length + j1) ↔ nextrel1 T j0 j1
Column.lean:269	theorem rtg_nextrel1_lift	theorem rtg_nextrel1_lift (A T : TrioSeq) {j0 c : ℕ} (h : Relation.ReflTransGen (nextrel1 T) j0 c) : Relation.ReflTransGen (nextrel1 (A ++ T)) (A.length + j0) (A.length + c)
Column.lean:277	theorem rtg_nextrel1_unlift	theorem rtg_nextrel1_unlift (A T : TrioSeq) {a c : ℕ} (h : Relation.ReflTransGen (nextrel1 (A ++ T)) (A.length + a) c) : ∃ c', c = A.length + c' ∧ Relation.ReflTransGen (nextrel1 T) a c'
Column.lean:290	theorem le1_append_right	theorem le1_append_right (A T : TrioSeq) (j0 j1 : ℕ) : le1 (A ++ T) (A.length + j0) (A.length + j1) ↔ le1 T j0 j1
Column.lean:303	theorem nextrel2_append_right	theorem nextrel2_append_right (A T : TrioSeq) (j0 j1 : ℕ) : nextrel2 (A ++ T) (A.length + j0) (A.length + j1) ↔ nextrel2 T j0 j1
Column.lean:332	theorem nextR_append_right	theorem nextR_append_right (A T : TrioSeq) (i j0 j1 : ℕ) : nextR (A ++ T) i (A.length + j0) (A.length + j1) ↔ nextR T i j0 j1
Column.lean:342	theorem srow_append_right	theorem srow_append_right (A T : TrioSeq) (j : ℕ) : srow (A ++ T) (A.length + j) = srow T j
Column.lean:346	theorem nextR_le0	theorem nextR_le0 {M : TrioSeq} {i k b : ℕ} (h : nextR M i k b) : le0 M k b
Column.lean:357	theorem nextR_src_in_T	theorem nextR_src_in_T (A T : TrioSeq) (hroot : entry T 0 0 = 0) {i k j1 : ℕ} (hpos : 0 < entry (A ++ T) 0 (A.length + j1)) (h : nextR (A ++ T) i k (A.length + j1)) : A.length ≤ k
Column.lean:363	theorem hasParent_append_right	theorem hasParent_append_right (A T : TrioSeq) (hroot : entry T 0 0 = 0) {i j1 : ℕ} (hpos : 0 < entry (A ++ T) 0 (A.length + j1)) : hasParent (A ++ T) i (A.length + j1) ↔ hasParent T i j1
Column.lean:384	theorem parent_append_right	theorem parent_append_right (A T : TrioSeq) (hroot : entry T 0 0 = 0) {i j1 : ℕ} (hpos : 0 < entry (A ++ T) 0 (A.length + j1)) (hpT : hasParent T i j1) : parent (A ++ T) i (A.length + j1) = A.length + parent T i j1
Column.lean:393	theorem take_append_right	theorem take_append_right (A T : TrioSeq) (j : ℕ) : (A ++ T).take (A.length + j) = A ++ T.take j
Column.lean:400	theorem copyblock_append	theorem copyblock_append (A T : TrioSeq) (r a m k d0 d1 : ℕ) : (List.range' (A.length + a) m).map (fun j => (entry (A ++ T) 0 j + (if le0 (A ++ T) (A.length + r) j then k * d0 else 0), entry (A ++ T) 1 j + (if le1 (A ++ T) (A.length + r) j then k * d1 else 0),
Column.lean:422	theorem Pred_append_right	theorem Pred_append_right (A T : TrioSeq) (hT : 2 ≤ T.length) : Pred (A ++ T) = A ++ Pred T
Column.lean:429	theorem no_hasParent_of_row0_zero	theorem no_hasParent_of_row0_zero {M : TrioSeq} {i j1 : ℕ} (hz : entry M 0 j1 = 0) (hp : hasParent M i j1) : False
Column.lean:437	theorem oper_append_right	theorem oper_append_right (A T : TrioSeq) (n : ℕ) (hT : 2 ≤ T.length) (hroot : entry T 0 0 = 0) : oper (A ++ T) n = A ++ oper T n
Column.lean:495	def r1ok	def r1ok (M : TrioSeq) : Prop
Column.lean:502	def z0ok	def z0ok (M : TrioSeq) : Prop
Column.lean:507	def noninc	def noninc (M : TrioSeq) : Prop
Column.lean:516	theorem diagSeqT_length	theorem diagSeqT_length (v : ℕ) : (diagSeqT 0 v).length = v + 1
Column.lean:521	theorem diagSeqT_getD	theorem diagSeqT_getD {v i : ℕ} (hi : i < v + 1) : (diagSeqT 0 v).getD i (0, 0, 0) = (i, i, min i 1)
Column.lean:528	theorem r1ok_diagSeqT	theorem r1ok_diagSeqT (v : ℕ) : r1ok (diagSeqT 0 v)
Column.lean:543	theorem z0ok_diagSeqT	theorem z0ok_diagSeqT (v : ℕ) : z0ok (diagSeqT 0 v)
Column.lean:551	theorem noninc_diagSeqT	theorem noninc_diagSeqT (v : ℕ) : noninc (diagSeqT 0 v)
Column.lean:560	theorem getD_take	theorem getD_take {M : TrioSeq} {m j : ℕ} (h : j < m) : (M.take m).getD j (0, 0, 0) = M.getD j (0, 0, 0)
Column.lean:565	theorem r1ok_take	theorem r1ok_take {M : TrioSeq} (h : r1ok M) (m : ℕ) : r1ok (M.take m)
Column.lean:581	theorem r1ok_dropLast	theorem r1ok_dropLast {M : TrioSeq} (h : r1ok M) : r1ok M.dropLast
Column.lean:585	theorem z0ok_take	theorem z0ok_take {M : TrioSeq} (h : z0ok M) (m : ℕ) : z0ok (M.take m)
Column.lean:593	theorem z0ok_dropLast	theorem z0ok_dropLast {M : TrioSeq} (h : z0ok M) : z0ok M.dropLast
Column.lean:597	theorem noninc_take	theorem noninc_take {M : TrioSeq} (h : noninc M) (m : ℕ) : noninc (M.take m)
Column.lean:605	theorem noninc_dropLast	theorem noninc_dropLast {M : TrioSeq} (h : noninc M) : noninc M.dropLast
Column.lean:611	theorem getD_append_left	theorem getD_append_left {G X : TrioSeq} {i : ℕ} (h : i < G.length) : (G ++ X).getD i (0, 0, 0) = G.getD i (0, 0, 0)
Column.lean:616	theorem index_decomp	theorem index_decomp {i L n : ℕ} (hL : 0 < L) (hi : i < n * L) : ∃ k q, k < n ∧ q < L ∧ i = k * L + q
Column.lean:623	theorem copies_map_length	theorem copies_map_length (B : TrioSeq) (f : ℕ → ℕ × ℕ × ℕ → ℕ × ℕ × ℕ) (n : ℕ) : ((List.range n).flatMap fun k => B.map (f k)).length = n * B.length
Column.lean:631	theorem copies_map_getD	theorem copies_map_getD {B : TrioSeq} {n k q : ℕ} {f : ℕ → ℕ × ℕ × ℕ → ℕ × ℕ × ℕ} (hk : k < n) (hq : q < B.length) : ((List.range n).flatMap fun k => B.map (f k)).getD (k * B.length + q) (0, 0, 0) = f k (B.getD q (0, 0, 0))
Column.lean:658	def copyExp	def copyExp (G B : TrioSeq) (d0 d1 n : ℕ) : TrioSeq
Column.lean:662	theorem copyExp_length	theorem copyExp_length (G B : TrioSeq) (d0 d1 n : ℕ) : (copyExp G B d0 d1 n).length = G.length + n * B.length
Column.lean:667	theorem copyExp_getD_pre	theorem copyExp_getD_pre {G B : TrioSeq} {d0 d1 n i : ℕ} (h : i < G.length) : (copyExp G B d0 d1 n).getD i (0, 0, 0) = G.getD i (0, 0, 0)
Column.lean:671	theorem copyExp_getD_copy	theorem copyExp_getD_copy {G B : TrioSeq} {d0 d1 n k q : ℕ} (hk : k < n) (hq : q < B.length) : (copyExp G B d0 d1 n).getD (G.length + (k * B.length + q)) (0, 0, 0) = ((B.getD q (0, 0, 0)).1 + k * d0, (B.getD q (0, 0, 0)).2.1 + k * d1, (B.getD q (0, 0, 0)).2.2)
Column.lean:681	theorem hostM_getD_pre	theorem hostM_getD_pre {G B : TrioSeq} {lp : ℕ × ℕ × ℕ} {i : ℕ} (h : i < G.length) : (G ++ B ++ [lp]).getD i (0, 0, 0) = G.getD i (0, 0, 0)
Column.lean:685	theorem hostM_getD_blk	theorem hostM_getD_blk {G B : TrioSeq} {lp : ℕ × ℕ × ℕ} {q : ℕ} (hq : q < B.length) : (G ++ B ++ [lp]).getD (G.length + q) (0, 0, 0) = B.getD q (0, 0, 0)
Column.lean:690	theorem hostM_length	theorem hostM_length (G B : TrioSeq) (lp : ℕ × ℕ × ℕ) : (G ++ B ++ [lp]).length = G.length + B.length + 1
Core.lean:16	def ArgDomCoreOn	def ArgDomCoreOn (N : TrioSeq) : Prop
Core.lean:28	theorem argDomCore_of_on	theorem argDomCore_of_on (H : ∀ N, ST_TS N → ArgDomCoreOn N) : ArgDomCore
Core.lean:33	theorem argdom_pos	theorem argdom_pos {N X A1 B A2 Z : TrioSeq} {u w1 z e f : ℕ} (heq : N = (X ++ (u, w1, z) :: (A1 ++ (u + e, w1 + f, z) :: (B ++ A2))) ++ Z) : N.getD X.length (0, 0, 0) = (u, w1, z) ∧ N.getD (X.length + (A1.length + 1)) (0, 0, 0) = (u + e, w1 + f, z) ∧ X.length + (A1.length + 1) < N.length
Core.lean:55	theorem argDomCoreOn_diag	theorem argDomCoreOn_diag (v : ℕ) : ArgDomCoreOn (diagSeqT 0 v)
Core.lean:75	theorem argDomCoreOn_snoc_zero	theorem argDomCoreOn_snoc_zero {N : TrioSeq} {p : ℕ × ℕ × ℕ} (hp : p.1 = 0) (H : ArgDomCoreOn (N ++ [p])) : ArgDomCoreOn N
Core.lean:90	theorem argDomCoreOn_drop_left	theorem argDomCoreOn_drop_left {P S : TrioSeq} (H : ArgDomCoreOn (P ++ S)) : ArgDomCoreOn S
Core.lean:100	theorem split_prefix_left	theorem split_prefix_left {C D E F : TrioSeq} (h : C ++ D = E ++ F) (hle : E.length ≤ C.length) : C = E ++ C.drop E.length ∧ F = C.drop E.length ++ D
Core.lean:116	theorem split_prefix_right	theorem split_prefix_right {C D E F : TrioSeq} (h : C ++ D = E ++ F) (hle : C.length ≤ E.length) : E = C ++ E.drop C.length ∧ D = E.drop C.length ++ F
Core.lean:122	theorem arg_split	theorem arg_split (L : ℕ) : ∀ (E : TrioSeq), ∃ Bp Rp : TrioSeq, E = Bp ++ Rp ∧ (∀ x ∈ Bp, L < x.1) ∧ (Rp = [] ∨ (Rp.headI).1 ≤ L)
Core.lean:139	theorem seqlex_of_sle_snoc'	theorem seqlex_of_sle_snoc' : ∀ {X V E : TrioSeq} {lp q : ℕ × ℕ × ℕ}, sle (X ++ [lp]) (V ++ E) → collt q lp → X.length < V.length → ∀ (S' E' : TrioSeq), seqlex (X ++ q :: S') (V ++ E')
Core.lean:181	theorem instance_bridge	theorem instance_bridge {N X A1 B A2 Z : TrioSeq} {u w1 z e f : ℕ} (heq : N = (X ++ (u, w1, z) :: (A1 ++ (u + e, w1 + f, z) :: (B ++ A2))) ++ Z) (he : 0 < e) (h1 : ∀ x ∈ A1, u < x.1) (h2 : ∀ x ∈ B, u + e < x.1) (h3 : ∀ x ∈ A2, u < x.1) : hshift w1 e f (A1 ++ (u + e, w1 + f, z) :: (B ++ A2)) = (List. …
Core.lean:266	theorem bad_B_key	theorem bad_B_key {M P A1 D : TrioSeq} {u w1 z e f : ℕ} {lp : ℕ × ℕ × ℕ} (hMon : ArgDomCoreOn M) (hMeq : M = (P ++ (u, w1, z) :: (A1 ++ [(u + e, w1 + f, z)])) ++ (D ++ [lp])) (he : 0 < e) (hzf : f = 0 ∨ z = 0) (h1 : ∀ x ∈ A1, u < x.1) (h6 : SpineOK A1 (u + e) (w1 + 1)) {B' A2' Z' : TrioSeq}
Core.lean:296	theorem argDomCoreOn_bad_B	theorem argDomCoreOn_bad_B {M G R : TrioSeq} {v0 w10 z0 d0 d1 n : ℕ} {lp : ℕ × ℕ × ℕ} (hMon : ArgDomCoreOn M) (hMeq : M = G ++ ((v0, w10, z0) :: R) ++ [lp]) (hqlt : collt (v0 + d0, w10 + d1, z0) lp) (hn : 1 ≤ n)
Core.lean:613	theorem nextrel0_window_mirror	theorem nextrel0_window_mirror {T : TrioSeq} {a b s e f r : ℕ} (hab : a ≤ b) (hcopy : ∀ t, t < s → T.getD (b + t) (0, 0, 0) = ((entry T 0 (a + t) + e, entry T 1 (a + t) + (if le1 T r (a + t) then f else 0), entry T 2 (a + t)) : ℕ × ℕ × ℕ))
Core.lean:650	theorem rtg0_window_mirror	theorem rtg0_window_mirror {T : TrioSeq} {a b s e f r : ℕ} (hab : a ≤ b) (hcopy : ∀ t, t < s → T.getD (b + t) (0, 0, 0) = ((entry T 0 (a + t) + e, entry T 1 (a + t) + (if le1 T r (a + t) then f else 0), entry T 2 (a + t)) : ℕ × ℕ × ℕ))
Core.lean:683	theorem hkey_aligned	theorem hkey_aligned {T : TrioSeq} {r ipos jpos s e f : ℕ} (hri : r ≤ ipos) (hij : ipos < jpos) (hlen : jpos + 1 + s < T.length) (hprefix : ∀ t, t < s → T.getD (jpos + 1 + t) (0, 0, 0) = ((entry T 0 (ipos + 1 + t) + e, entry T 1 (ipos + 1 + t)
Core.lean:823	theorem gexp_getD_indep	theorem gexp_getD_indep {M : TrioSeq} {j0 Lb d0 d1 n n' p : ℕ} (hlen : j0 + Lb + 1 = M.length) (hLb : 0 < Lb) (hp : p < j0 + n * Lb) (hp' : p < j0 + n' * Lb) : (gexp M j0 Lb d0 d1 n).getD p (0, 0, 0) = (gexp M j0 Lb d0 d1 n').getD p (0, 0, 0)
Core.lean:839	theorem gexp_period	theorem gexp_period {M : TrioSeq} {j0 Lb d0 d1 n c q : ℕ} (hlen : j0 + Lb + 1 = M.length) (hc1 : c + 1 < n) (hq : q < Lb) : (gexp M j0 Lb d0 d1 n).getD (j0 + ((c + 1) * Lb + q)) (0, 0, 0) = (entry M 0 (j0 + q) + c * d0 + d0, entry M 1 (j0 + q) + (if le1 M j0 (j0 + q) then c * d1 else 0) + (if le1 M  …
Core.lean:857	theorem getD_drop	theorem getD_drop (N : TrioSeq) (m i : ℕ) : (N.drop m).getD i (0, 0, 0) = N.getD (m + i) (0, 0, 0)
Core.lean:861	theorem split_one	theorem split_one {N : TrioSeq} {a : ℕ} (ha : a < N.length) : N = N.take a ++ N.getD a (0, 0, 0) :: N.drop (a + 1)
Core.lean:880	theorem getD_take_drop	theorem getD_take_drop {N : TrioSeq} {a l t : ℕ} (ht : t < l) : ((N.drop a).take l).getD t (0, 0, 0) = N.getD (a + t) (0, 0, 0)
Core.lean:884	theorem mem_index	theorem mem_index {A : TrioSeq} {x : ℕ × ℕ × ℕ} (hx : x ∈ A) : ∃ t, t < A.length ∧ x = A.getD t (0, 0, 0)
Core.lean:891	theorem mem_take_drop_index	theorem mem_take_drop_index {N : TrioSeq} {a l : ℕ} {x : ℕ × ℕ × ℕ} (hx : x ∈ (N.drop a).take l) : ∃ t, t < l ∧ x = N.getD (a + t) (0, 0, 0)
Core.lean:899	theorem mem_take_index	theorem mem_take_index {N : TrioSeq} {l : ℕ} {x : ℕ × ℕ × ℕ} (hx : x ∈ N.take l) : ∃ t, t < l ∧ x = N.getD t (0, 0, 0)
Core.lean:905	theorem split_two	theorem split_two {N : TrioSeq} {a b : ℕ} (hab : a < b) (hb : b < N.length) : N = N.take a ++ N.getD a (0, 0, 0) :: ((N.drop (a + 1)).take (b - a - 1) ++ N.getD b (0, 0, 0) :: N.drop (b + 1))
Core.lean:927	theorem spineOK_pos	theorem spineOK_pos {N X A1 B A2 Z : TrioSeq} {u w1 z e f w : ℕ} (heq : N = (X ++ (u, w1, z) :: (A1 ++ (u + e, w1 + f, z) :: (B ++ A2))) ++ Z) (h6 : SpineOK A1 (u + e) w) : ∀ p, X.length < p → p < X.length + (A1.length + 1) → entry N 0 p < u + e → (∀ p', p < p' → p' < X.length + (A1.length + 1) →
Core.lean:992	theorem spineOK_of_pos	theorem spineOK_of_pos {N : TrioSeq} {a l L w : ℕ} (hfull : a + l ≤ N.length) (h : ∀ p, a ≤ p → p < a + l → entry N 0 p < L → (∀ p', p < p' → p' < a + l → entry N 0 p < entry N 0 p') → w ≤ entry N 1 p) : SpineOK ((N.drop a).take l) L w
Core.lean:1052	theorem gliftAt_length	theorem gliftAt_length (d0 d1 : ℕ) (g : ℕ → Prop) : ∀ (o : ℕ) (A : TrioSeq), (gliftAt d0 d1 g o A).length = A.length | _, [] => rfl | o, _ :: rest => by
Core.lean:1060	theorem gliftAt_getD	theorem gliftAt_getD (d0 d1 : ℕ) (g : ℕ → Prop) : ∀ (L : TrioSeq) (o t : ℕ), t < L.length → (gliftAt d0 d1 g o L).getD t (0, 0, 0) = (((L.getD t (0, 0, 0)).1 + d0, (L.getD t (0, 0, 0)).2.1 + (if g (o + t) then d1 else 0), (L.getD t (0, 0, 0)).2.2) : ℕ × ℕ × ℕ)
Core.lean:1079	theorem headI_getD	theorem headI_getD : ∀ (L : TrioSeq), L.headI = L.getD 0 (0, 0, 0) | [] => rfl | _ :: _ => rfl /-- Head-splitting form of `sle`. -/ theorem sle_cons_cons {p q : ℕ × ℕ × ℕ} {M N : TrioSeq} :
Core.lean:1084	theorem sle_cons_cons	theorem sle_cons_cons {p q : ℕ × ℕ × ℕ} {M N : TrioSeq} : sle (p :: M) (q :: N) ↔ collt p q ∨ (p = q ∧ sle M N)
Core.lean:1108	theorem sle_gliftAt	theorem sle_gliftAt {d0 d1 : ℕ} (hd1 : 0 < d1) {gB gc : ℕ → Prop} : ∀ (B0 c0 : TrioSeq) (o : ℕ), (∀ k, k < B0.length → k < c0.length → (∀ s, s < k → B0.getD s (0, 0, 0) = c0.getD s (0, 0, 0) ∧ (gB (o + s) ↔ gc (o + s))) → (B0.getD k (0, 0, 0)).1 = (c0.getD k (0, 0, 0)).1 →
Core.lean:1212	theorem sle_gliftAt_same	theorem sle_gliftAt_same {d0 d1 : ℕ} (hd1 : 0 < d1) {g : ℕ → Prop} (B0 c0 : TrioSeq) (o : ℕ) (h : sle B0 c0) : sle (gliftAt d0 d1 g o B0) (gliftAt d0 d1 g o c0)
Core.lean:1222	theorem chain_first_above	theorem chain_first_above {M : TrioSeq} {i c : ℕ} (hi0 : Relation.ReflTransGen (nextrel0 M) i c) : ∀ (a : ℕ), Relation.ReflTransGen (nextrel1 M) a c → a < i → i ≤ c → ∃ b, i ≤ b ∧ b ≤ c ∧ Relation.ReflTransGen (nextrel1 M) b c ∧ entry M 1 b ≤ entry M 1 i
Core.lean:1245	theorem mark_of_spine	theorem mark_of_spine {M : TrioSeq} (hM : ST_TS M) {j0 x i d0 d1 : ℕ} (np2 : nextrel2 M j0 x) (hd0 : entry M 0 x = entry M 0 j0 + d0) (hd1 : entry M 1 x = entry M 1 j0 + d1) (hji : j0 < i) (hix : i < x) (hu : entry M 0 i < entry M 0 j0 + d0)
Core.lean:1335	theorem cross_absurd	theorem cross_absurd {M : TrioSeq} (hM : ST_TS M) {j0 x i qj d0 d1 k : ℕ} (np2 : nextrel2 M j0 x) (hd0 : entry M 0 x = entry M 0 j0 + d0) (hd1 : entry M 1 x = entry M 1 j0 + d1) (hji : j0 < i) (hix : i < x) (hj0q : j0 ≤ qj) (hqx : qj < x) (hk : 1 ≤ k) (hu : entry M 0 i < entry M 0 j0 + d0)
Core.lean:1426	theorem argdom_A1_pos	theorem argdom_A1_pos {N X A1 B A2 Z : TrioSeq} {u w1 z e f : ℕ} (heq : N = (X ++ (u, w1, z) :: (A1 ++ (u + e, w1 + f, z) :: (B ++ A2))) ++ Z) (h1 : ∀ x ∈ A1, u < x.1) : ∀ p, X.length < p → p < X.length + (A1.length + 1) → u < entry N 0 p
Core.lean:1445	theorem mul_ite_zero	theorem mul_ite_zero (c : Prop) [Decidable c] (k d : ℕ) : (if c then k * d else 0) = k * (if c then d else 0)
Core.lean:1453	theorem argDomCoreOn_bad_A2_inner	theorem argDomCoreOn_bad_A2_inner {M : TrioSeq} (hM : ST_TS M) {j0 Lb d0 d1 n : ℕ} (hlen : j0 + Lb + 1 = M.length) (hLbpos : 0 < Lb) (np2 : nextrel2 M j0 (j0 + Lb)) (hd0e : entry M 0 (j0 + Lb) = entry M 0 j0 + d0) (hd1e : entry M 1 (j0 + Lb) = entry M 1 j0 + d1)
Core.lean:1749	theorem map_range'_getD	theorem map_range'_getD (F : ℕ → ℕ × ℕ × ℕ) {a l t : ℕ} (ht : t < l) : ((List.range' a l).map F).getD t (0, 0, 0) = F (a + t)
Core.lean:1756	theorem list_eq_of_getD	theorem list_eq_of_getD {A C : TrioSeq} (hlen : A.length = C.length) (h : ∀ t, t < A.length → A.getD t (0, 0, 0) = C.getD t (0, 0, 0)) : A = C
Core.lean:1766	theorem argdom_B_getD	theorem argdom_B_getD {N X A1 B A2 Z : TrioSeq} {u w1 z e f : ℕ} (heq : N = (X ++ (u, w1, z) :: (A1 ++ (u + e, w1 + f, z) :: (B ++ A2))) ++ Z) : ∀ t, t < B.length → N.getD (X.length + (A1.length + 1) + 1 + t) (0, 0, 0) = B.getD t (0, 0, 0)
Core.lean:1789	theorem argDomCoreOn_bad_A2_root	theorem argDomCoreOn_bad_A2_root {M : TrioSeq} {j0 Lb d0 d1 n : ℕ} (hlen : j0 + Lb + 1 = M.length) (hLbpos : 0 < Lb) (hd0pos : 0 < d0) (hd1pos : 0 < d1) (hup : ∀ l, j0 < l → l ≤ j0 + Lb → entry M 0 j0 < entry M 0 l) (hd0e : entry M 0 (j0 + Lb) = entry M 0 j0 + d0) (hle1lp : le1 M j0 (j0 + Lb))
Core.lean:1914	theorem argDomCoreOn_bad_A2_desc	theorem argDomCoreOn_bad_A2_desc {M : TrioSeq} (hM : ST_TS M) {j0 Lb d0 d1 n : ℕ} (hlen : j0 + Lb + 1 = M.length) (hLbpos : 0 < Lb) (np2 : nextrel2 M j0 (j0 + Lb)) (hd0e : entry M 0 (j0 + Lb) = entry M 0 j0 + d0) (hd1e : entry M 1 (j0 + Lb) = entry M 1 j0 + d1)
Core.lean:2711	theorem gexp_guard_mod	theorem gexp_guard_mod {M : TrioSeq} {j0 Lb d0 d1 n p : ℕ} (hlen : j0 + Lb + 1 = M.length) (hLb : 0 < Lb) (hup : ∀ l, j0 < l → l ≤ j0 + Lb → entry M 0 j0 < entry M 0 l) (hd0pos : 0 < d0) (hd0e : entry M 0 (j0 + Lb) = entry M 0 j0 + d0) (hd1pos : 0 < d1) (hle1lp : le1 M j0 (j0 + Lb)) (hp0 : j0 ≤ p) ( …
Core.lean:2735	theorem argDomCoreOn_bad_A1	theorem argDomCoreOn_bad_A1 {M : TrioSeq} {j0 Lb d0 d1 n : ℕ} (hlen : j0 + Lb + 1 = M.length) (hLbpos : 0 < Lb) (np2 : nextrel2 M j0 (j0 + Lb)) (hd0e : entry M 0 (j0 + Lb) = entry M 0 j0 + d0) (hd1e : entry M 1 (j0 + Lb) = entry M 1 j0 + d1) (hIH : ∀ m, 1 ≤ m → m < n → ArgDomCoreOn (gexp M j0 Lb d0  …
Core.lean:3261	theorem argDomCoreOn_bad_A2	theorem argDomCoreOn_bad_A2 {M : TrioSeq} (hM : ST_TS M) {j0 Lb d0 d1 n : ℕ} (hlen : j0 + Lb + 1 = M.length) (hLbpos : 0 < Lb) (np2 : nextrel2 M j0 (j0 + Lb)) (hd0e : entry M 0 (j0 + Lb) = entry M 0 j0 + d0) (hd1e : entry M 1 (j0 + Lb) = entry M 1 j0 + d1)
Core.lean:3306	theorem argDomCoreOn_bad_guard	theorem argDomCoreOn_bad_guard {M G R : TrioSeq} {v0 w10 z0 d0 d1 : ℕ} {lp : ℕ × ℕ × ℕ} (hM : ST_TS M) (hMon : ArgDomCoreOn M) (hMeq : M = G ++ ((v0, w10, z0) :: R) ++ [lp]) (hqlt : collt (v0 + d0, w10 + d1, z0) lp) (np2 : nextrel2 M G.length (G.length + (R.length + 1)))
Core.lean:3348	def shiftl0	def shiftl0 (d : ℕ) : TrioSeq → TrioSeq
Core.lean:3353	theorem shiftl0_cons	theorem shiftl0_cons (d : ℕ) (p : ℕ × ℕ × ℕ) (M : TrioSeq) : shiftl0 d (p :: M) = ((p.1 - d, p.2.1, p.2.2) : ℕ × ℕ × ℕ) :: shiftl0 d M
Core.lean:3356	theorem shiftl0_append	theorem shiftl0_append (d : ℕ) (A B : TrioSeq) : shiftl0 d (A ++ B) = shiftl0 d A ++ shiftl0 d B
Core.lean:3359	theorem shiftl0_length	theorem shiftl0_length (d : ℕ) (A : TrioSeq) : (shiftl0 d A).length = A.length
Core.lean:3363	theorem mem_shiftl0	theorem mem_shiftl0 {d : ℕ} {M : TrioSeq} {x : ℕ × ℕ × ℕ} : x ∈ shiftl0 d M ↔ ∃ p ∈ M, ((p.1 - d, p.2.1, p.2.2) : ℕ × ℕ × ℕ) = x
Core.lean:3368	theorem shiftl0_shiftr01	theorem shiftl0_shiftr01 (d : ℕ) : ∀ (M : TrioSeq), shiftl0 d (shiftr01 d 0 M) = M | [] => rfl | p :: M' => by
Core.lean:3376	theorem shiftr01_shiftl0	theorem shiftr01_shiftl0 {d : ℕ} : ∀ {M : TrioSeq}, (∀ x ∈ M, d ≤ x.1) → shiftr01 d 0 (shiftl0 d M) = M | [], _ => rfl | p :: M', h => by
Core.lean:3387	theorem shiftr01_getD	theorem shiftr01_getD {d0 d1 : ℕ} {W : TrioSeq} {p : ℕ} (hp : p < W.length) : (shiftr01 d0 d1 W).getD p (0, 0, 0) = (((W.getD p (0, 0, 0)).1 + d0, (W.getD p (0, 0, 0)).2.1 + d1, (W.getD p (0, 0, 0)).2.2) : ℕ × ℕ × ℕ)
Core.lean:3396	theorem getD_out	theorem getD_out {L : TrioSeq} {p : ℕ} (hp : L.length ≤ p) : L.getD p (0, 0, 0) = (0, 0, 0)
Core.lean:3401	theorem entry0_shiftr01	theorem entry0_shiftr01 {d0 d1 : ℕ} {W : TrioSeq} {p : ℕ} (hp : p < W.length) : entry (shiftr01 d0 d1 W) 0 p = entry W 0 p + d0
Core.lean:3407	theorem entry1_shiftr01	theorem entry1_shiftr01 {d0 : ℕ} (W : TrioSeq) (p : ℕ) : entry (shiftr01 d0 0 W) 1 p = entry W 1 p
Core.lean:3416	theorem entry2_shiftr01	theorem entry2_shiftr01 {d0 d1 : ℕ} (W : TrioSeq) (p : ℕ) : entry (shiftr01 d0 d1 W) 2 p = entry W 2 p
Core.lean:3424	theorem nextrel0_shiftr01	theorem nextrel0_shiftr01 {d0 : ℕ} {W : TrioSeq} {a b : ℕ} : nextrel0 (shiftr01 d0 0 W) a b ↔ nextrel0 W a b
Core.lean:3446	theorem rtg0_shiftr01	theorem rtg0_shiftr01 {d0 : ℕ} {W : TrioSeq} {a b : ℕ} : Relation.ReflTransGen (nextrel0 (shiftr01 d0 0 W)) a b ↔ Relation.ReflTransGen (nextrel0 W) a b
Core.lean:3459	theorem le0_shiftr01	theorem le0_shiftr01 {d0 : ℕ} {W : TrioSeq} {a b : ℕ} : le0 (shiftr01 d0 0 W) a b ↔ le0 W a b
Core.lean:3464	theorem nextrel1_shiftr01	theorem nextrel1_shiftr01 {d0 : ℕ} {W : TrioSeq} {a b : ℕ} : nextrel1 (shiftr01 d0 0 W) a b ↔ nextrel1 W a b
Core.lean:3470	theorem le1_shiftr01	theorem le1_shiftr01 {d0 : ℕ} {W : TrioSeq} {a b : ℕ} : le1 (shiftr01 d0 0 W) a b ↔ le1 W a b
Core.lean:3487	theorem argDomCoreOn_shift	theorem argDomCoreOn_shift {W : TrioSeq} (d : ℕ) (H : ArgDomCoreOn W) : ArgDomCoreOn (shiftr01 d 0 W)
Core.lean:3646	theorem gcopy_succ_shift	theorem gcopy_succ_shift {M : TrioSeq} {r L d0 k : ℕ} : gcopy M r L d0 0 (k + 1) = shiftr01 d0 0 (gcopy M r L d0 0 k)
Core.lean:3658	theorem gcopies_succ_shift	theorem gcopies_succ_shift {M : TrioSeq} {r L d0 n : ℕ} : gcopies M r L d0 0 (n + 1) = gcopy M r L d0 0 0 ++ shiftr01 d0 0 (gcopies M r L d0 0 n)
Core.lean:3674	theorem argDomCoreOn_bad_uni_A1	theorem argDomCoreOn_bad_uni_A1 {M : TrioSeq} {j0 Lb d0 n : ℕ} (hlen : j0 + Lb + 1 = M.length) (hLbpos : 0 < Lb) (hIH : ∀ m, 1 ≤ m → m < n → ArgDomCoreOn (gexp M j0 Lb d0 0 m)) {X A1 B A2 Z : TrioSeq} {u w1 z e f : ℕ} (heq : gexp M j0 Lb d0 0 n = (X ++ (u, w1, z) :: (A1 ++ (u + e, w1 + f, z) :: (B + …
Core.lean:3724	theorem argDomCoreOn_bad_uni_inner	theorem argDomCoreOn_bad_uni_inner {M : TrioSeq} {j0 Lb d0 n : ℕ} (hlen : j0 + Lb + 1 = M.length) (hLbpos : 0 < Lb) (hwin0 : ∀ l, j0 < l → l ≤ j0 + Lb → entry M 0 j0 < entry M 0 l) (hdisj : d0 = 0 ∨ (0 < d0 ∧ entry M 0 (j0 + Lb) = entry M 0 j0 + d0 ∧ nextrel1 M j0 (j0 + Lb))) {X A1 B A2 Z : TrioSeq} …
Core.lean:3871	theorem argDomCoreOn_bad_uni_root	theorem argDomCoreOn_bad_uni_root {M : TrioSeq} {j0 Lb d0 n : ℕ} (hlen : j0 + Lb + 1 = M.length) (hLbpos : 0 < Lb) {X A1 B A2 Z : TrioSeq} {u w1 z e f : ℕ} (heq : gexp M j0 Lb d0 0 n = (X ++ (u, w1, z) :: (A1 ++ (u + e, w1 + f, z) :: (B ++ A2))) ++ Z) (he : 0 < e) (h1 : ∀ x ∈ A1, u < x.1) (h2 : ∀ x  …
Core.lean:3979	theorem argDomCoreOn_bad_uni_desc	theorem argDomCoreOn_bad_uni_desc {M : TrioSeq} {j0 Lb d0 n : ℕ} (hlen : j0 + Lb + 1 = M.length) (hLbpos : 0 < Lb) (hwin0 : ∀ l, j0 < l → l ≤ j0 + Lb → entry M 0 j0 < entry M 0 l) (hIH : ∀ m, 1 ≤ m → m < n → ArgDomCoreOn (gexp M j0 Lb d0 0 m)) {X A1 B A2 Z : TrioSeq} {u w1 z e f : ℕ} (heq : gexp M j …
Core.lean:4360	theorem argDomCoreOn_bad_uni_A2	theorem argDomCoreOn_bad_uni_A2 {M : TrioSeq} {j0 Lb d0 n : ℕ} (hlen : j0 + Lb + 1 = M.length) (hLbpos : 0 < Lb) (hwin0 : ∀ l, j0 < l → l ≤ j0 + Lb → entry M 0 j0 < entry M 0 l) (hdisj : d0 = 0 ∨ (0 < d0 ∧ entry M 0 (j0 + Lb) = entry M 0 j0 + d0 ∧ nextrel1 M j0 (j0 + Lb))) (hIH : ∀ m, 1 ≤ m → m < n  …
Core.lean:4389	theorem argDomCoreOn_bad_uni	theorem argDomCoreOn_bad_uni {M G R : TrioSeq} {v0 w10 z0 d0 : ℕ} {lp : ℕ × ℕ × ℕ} (hMon : ArgDomCoreOn M) (hMeq : M = G ++ ((v0, w10, z0) :: R) ++ [lp]) (hqlt : collt (v0 + d0, w10 + 0, z0) lp) (hwin0 : ∀ l, G.length < l → l ≤ G.length + (R.length + 1) →
Core.lean:4434	theorem argDomCoreOn_oper	theorem argDomCoreOn_oper {M : TrioSeq} (hM : ST_TS M) (hMon : ArgDomCoreOn M) {n : ℕ} (hn : 1 ≤ n) : ArgDomCoreOn (M⟦n⟧)
Core.lean:4592	theorem argDomCoreOn_ST_TS	theorem argDomCoreOn_ST_TS {N : TrioSeq} (hN : ST_TS N) : ArgDomCoreOn N
Core.lean:4598	theorem argDomCore_holds	theorem argDomCore_holds : ArgDomCore
Core.lean:4602	theorem trio_cofinality	theorem trio_cofinality {M N : TrioSeq} (hM : ST_TS M) (hN : ST_TS N) (h : translate N <o translate M) : ∃ n, 1 ≤ n ∧ translate N ≤o translate (M⟦n⟧)
Croot.lean:40	theorem gexp_root_shallow_root	theorem gexp_root_shallow_root (hlen : 0 + Lb + 1 = M.length) (hLb : 0 < Lb) (hn : 0 < n) (hup : ∀ l, 0 < l → l ≤ 0 + Lb → entry M 0 0 < entry M 0 l) (hd0pos : 0 < d0) : ∀ l, 0 < l → l < (gexp M 0 Lb d0 d1 n).length → entry (gexp M 0 Lb d0 d1 n) 0 0 < entry (gexp M 0 Lb d0 d1 n) 0 l
Croot.lean:86	theorem gexp_cone_mir_root	theorem gexp_cone_mir_root {k q : ℕ} (hlen : 0 + Lb + 1 = M.length) (hLb : 0 < Lb) (hk : k < n) (hq : q < Lb) (hup : ∀ l, 0 < l → l ≤ 0 + Lb → entry M 0 0 < entry M 0 l) (hd0pos : 0 < d0) (hd0e : entry M 0 (0 + Lb) = entry M 0 0 + d0) (hd1pos : 0 < d1) (hlp : le1 M 0 (0 + Lb)) : le1 (gexp M 0 Lb d0  …
Croot.lean:168	theorem le1_seg_root	theorem le1_seg_root {R : TrioSeq} {p L q : ℕ} (hlen : p + (L + 1) ≤ R.length) (hq : q < L + 1) : le1 (seg R p (L + 1)) 0 q ↔ le1 R p (p + q)
Croot.lean:186	theorem le1_shiftl0	theorem le1_shiftl0 {c : ℕ} {Z : TrioSeq} (h : ∀ x ∈ Z, c ≤ x.1) {a b : ℕ} : le1 (shiftl0 c Z) a b ↔ le1 Z a b
Croot.lean:194	theorem range_map_shift	theorem range_map_shift (f : ℕ → ℕ × ℕ × ℕ) (a : ℕ) : ∀ L b, (List.range' (a + b) L).map f = (List.range' b L).map (fun j => f (a + j))
Croot.lean:206	theorem range_map_shift0	theorem range_map_shift0 (f : ℕ → ℕ × ℕ × ℕ) (a L : ℕ) : (List.range' a L).map f = (List.range' 0 L).map (fun j => f (a + j))
Croot.lean:213	theorem entry_seg	theorem entry_seg {N : TrioSeq} {a l i j : ℕ} (hj : j < l) : entry (seg N a l) i j = entry N i (a + j)
Croot.lean:222	theorem gcopies_seg	theorem gcopies_seg (R : TrioSeq) {p L d0 d1 : ℕ} (n : ℕ) (hlen : p + (L + 1) ≤ R.length) : gcopies R p L d0 d1 n = gcopies (seg R p (L + 1)) 0 L d0 d1 n
Croot.lean:243	theorem gexp_zero_eq_gcopies	theorem gexp_zero_eq_gcopies (B : TrioSeq) (L d0 d1 n : ℕ) : gexp B 0 L d0 d1 n = gcopies B 0 L d0 d1 n
Croot.lean:250	theorem le1_gcopies_root	theorem le1_gcopies_root {B : TrioSeq} {L d0 d1 n k q : ℕ} (hlen : L + 1 = B.length) (hLb : 0 < L) (hk : k < n) (hq : q < L) (hup : ∀ l, 0 < l → l ≤ L → entry B 0 0 < entry B 0 l) (hd0pos : 0 < d0) (hd0e : entry B 0 L = entry B 0 0 + d0) (hd1pos : 0 < d1) (hlp : le1 B 0 L) : le1 (gcopies B 0 L d0 d1 …
Croot.lean:272	theorem gcopies_succ_graft_lift	theorem gcopies_succ_graft_lift {B : TrioSeq} {L d0 d1 n : ℕ} (hlen : L + 1 = B.length) (hLb : 0 < L) (hup : ∀ l, 0 < l → l ≤ L → entry B 0 0 < entry B 0 l) (hd0pos : 0 < d0) (hbase : entry B 0 0 = 0) (hd0e : entry B 0 L = d0) (hd1pos : 0 < d1) (hlp : le1 B 0 L) : gcopies B 0 L d0 d1 (n + 1)
Croot.lean:357	theorem getD_shiftl0	theorem getD_shiftl0 {c : ℕ} {S : TrioSeq} {j : ℕ} : (shiftl0 c S).getD j ((0, 0, 0) : ℕ × ℕ × ℕ) = (((S.getD j ((0, 0, 0) : ℕ × ℕ × ℕ)).1 - c, (S.getD j ((0, 0, 0) : ℕ × ℕ × ℕ)).2.1, (S.getD j ((0, 0, 0) : ℕ × ℕ × ℕ)).2.2) : ℕ × ℕ × ℕ)
Croot.lean:371	theorem entry0_shiftl0'	theorem entry0_shiftl0' {c : ℕ} {S : TrioSeq} {j : ℕ} : entry (shiftl0 c S) 0 j = entry S 0 j - c
Croot.lean:377	theorem entry1_shiftl0	theorem entry1_shiftl0 {c : ℕ} {S : TrioSeq} {j : ℕ} : entry (shiftl0 c S) 1 j = entry S 1 j
Croot.lean:383	theorem entry2_shiftl0	theorem entry2_shiftl0 {c : ℕ} {S : TrioSeq} {j : ℕ} : entry (shiftl0 c S) 2 j = entry S 2 j
Croot.lean:389	theorem le_of_mem_seg	theorem le_of_mem_seg {R : TrioSeq} {p l c : ℕ} (h : ∀ j, p ≤ j → j < p + l → c ≤ entry R 0 j) : ∀ x ∈ seg R p l, c ≤ x.1
Croot.lean:399	theorem shiftl0_flatMap	theorem shiftl0_flatMap {c : ℕ} {α : Type} (l : List α) (f : α → TrioSeq) : shiftl0 c (l.flatMap f) = l.flatMap (fun x => shiftl0 c (f x))
Croot.lean:404	theorem shiftl0_map	theorem shiftl0_map {c : ℕ} {α : Type} (l : List α) (f : α → ℕ × ℕ × ℕ) : shiftl0 c (l.map f) = l.map (fun x => (((f x).1 - c, (f x).2.1, (f x).2.2) : ℕ × ℕ × ℕ))
Croot.lean:412	theorem shiftl0_gcopies_block	theorem shiftl0_gcopies_block {S : TrioSeq} {L d0 d1 c n : ℕ} (hc : ∀ x ∈ S, c ≤ x.1) (hL : L ≤ S.length) : shiftl0 c (gcopies S 0 L d0 d1 n) = gcopies (shiftl0 c S) 0 L d0 d1 n
Croot.lean:441	theorem shiftl0_gcopies_seg	theorem shiftl0_gcopies_seg {R : TrioSeq} {p L d0 d1 c n : ℕ} (hlen : p + (L + 1) ≤ R.length) (hc : ∀ j, p ≤ j → j < p + (L + 1) → c ≤ entry R 0 j) : shiftl0 c (gcopies R p L d0 d1 n) = gcopies (shiftl0 c (seg R p (L + 1))) 0 L d0 d1 n
Croot.lean:469	theorem nextrel0_shiftl0	theorem nextrel0_shiftl0 {c : ℕ} {Z : TrioSeq} (h : ∀ x ∈ Z, c ≤ x.1) {a b : ℕ} : nextrel0 (shiftl0 c Z) a b ↔ nextrel0 Z a b
Croot.lean:476	theorem rtg0_shiftl0	theorem rtg0_shiftl0 {c : ℕ} {Z : TrioSeq} (h : ∀ x ∈ Z, c ≤ x.1) {a b : ℕ} : Relation.ReflTransGen (nextrel0 (shiftl0 c Z)) a b ↔ Relation.ReflTransGen (nextrel0 Z) a b
Croot.lean:484	theorem coneV_shiftl0	theorem coneV_shiftl0 {c : ℕ} {Z : TrioSeq} (h : ∀ x ∈ Z, c ≤ x.1) {v j : ℕ} : coneV (shiftl0 c Z) v j ↔ coneV Z v j
Croot.lean:496	theorem shiftl0_mlift	theorem shiftl0_mlift {c : ℕ} {Z : TrioSeq} (h : ∀ x ∈ Z, c ≤ x.1) (v t : ℕ) : shiftl0 c (mlift Z v t) = mlift (shiftl0 c Z) v t
Croot.lean:512	theorem le0_seg_iff	theorem le0_seg_iff {R : TrioSeq} {p k a b : ℕ} (hlen : p + (k + 1) ≤ R.length) (hb : b < k + 1) : le0 (seg R p (k + 1)) a b ↔ le0 R (p + a) (p + b)
Croot.lean:529	theorem amin_seg	theorem amin_seg {R : TrioSeq} {p k q : ℕ} (hlen : p + (k + 1) ≤ R.length) (hq : q < k + 1) (hchain : Relation.ReflTransGen (nextrel0 R) p (p + q)) : amin R (p + q) = min (amin (seg R p (k + 1)) q) (amin R p)
Croot.lean:568	theorem coneV_seg	theorem coneV_seg {R : TrioSeq} {p k q v : ℕ} (hlen : p + (k + 1) ≤ R.length) (hq : q < k + 1) (hchain : Relation.ReflTransGen (nextrel0 R) p (p + q)) : coneV R v (p + q) ↔ (coneV (seg R p (k + 1)) v q ∧ coneV R v p)
Croot.lean:578	theorem seg_mlift	theorem seg_mlift {R : TrioSeq} {p k v t : ℕ} (hlen : p + (k + 1) ≤ R.length) (hwin : ∀ q, q < k + 1 → Relation.ReflTransGen (nextrel0 R) p (p + q)) : seg (mlift R v t) p (k + 1) = if coneV R v p then mlift (seg R p (k + 1)) v t else seg R p (k + 1)
Croot.lean:603	theorem amin_shiftl0	theorem amin_shiftl0 {c : ℕ} {Z : TrioSeq} (h : ∀ x ∈ Z, c ≤ x.1) (j : ℕ) : amin (shiftl0 c Z) j = amin Z j
Croot.lean:615	theorem shiftl0_slift	theorem shiftl0_slift {c : ℕ} {Z : TrioSeq} (h : ∀ x ∈ Z, c ≤ x.1) (φ : ℕ → ℕ) : shiftl0 c (slift Z φ) = slift (shiftl0 c Z) φ
Croot.lean:628	theorem seg_slift	theorem seg_slift {R : TrioSeq} {p k : ℕ} {φ : ℕ → ℕ} (hφ : Stair φ) (hlen : p + (k + 1) ≤ R.length) (hwin : ∀ q, q < k + 1 → Relation.ReflTransGen (nextrel0 R) p (p + q)) : seg (slift R φ) p (k + 1) = slift (seg R p (k + 1)) (fun m => m + (φ (min (amin R p) m) - min (amin R p) m))
Croot.lean:654	theorem shiftl0_seg_slift	theorem shiftl0_seg_slift {R : TrioSeq} {p k c : ℕ} {φ : ℕ → ℕ} (hφ : Stair φ) (hlen : p + (k + 1) ≤ R.length) (hwin : ∀ q, q < k + 1 → Relation.ReflTransGen (nextrel0 R) p (p + q)) (hc : ∀ x ∈ seg R p (k + 1), c ≤ x.1) : shiftl0 c (seg (slift R φ) p (k + 1)) = slift (shiftl0 c (seg R p (k + 1)))
Croot.lean:664	theorem ltail_eq_mlift	theorem ltail_eq_mlift {v z t : ℕ} {R : TrioSeq} (hR : argOK R) : Wset.ltail v z R t = mlift R v t
Croot.lean:673	theorem shiftl0_seg_mlift	theorem shiftl0_seg_mlift {R : TrioSeq} {p k v t c : ℕ} (hlen : p + (k + 1) ≤ R.length) (hwin : ∀ q, q < k + 1 → Relation.ReflTransGen (nextrel0 R) p (p + q)) (hc : ∀ x ∈ seg R p (k + 1), c ≤ x.1) : shiftl0 c (seg (mlift R v t) p (k + 1)) = if coneV R v p then mlift (shiftl0 c (seg R p (k + 1))) v t
Croot.lean:687	theorem shiftl0_seg_ltail	theorem shiftl0_seg_ltail {R : TrioSeq} {p k v z t c : ℕ} (hR : argOK R) (hlen : p + (k + 1) ≤ R.length) (hwin : ∀ q, q < k + 1 → Relation.ReflTransGen (nextrel0 R) p (p + q)) (hc : ∀ x ∈ seg R p (k + 1), c ≤ x.1) : shiftl0 c (seg (Wset.ltail v z R t) p (k + 1)) = if coneV R v p then mlift (shiftl0  …
Croot.lean:699	theorem seg_graft_low	theorem seg_graft_low {E A : TrioSeq} {p k : ℕ} (hk : p + k < E.length - 1) : seg (graft E A) p (k + 1) = seg E p (k + 1)
Croot.lean:708	theorem shiftl0_seg_graft_high	theorem shiftl0_seg_graft_high {E A : TrioSeq} {j0 k : ℕ} (hk : j0 + k < A.length) : shiftl0 (entry (graft E A) 0 (E.length - 1 + j0)) (seg (graft E A) (E.length - 1 + j0) (k + 1)) = shiftl0 (entry A 0 j0) (seg A j0 (k + 1))
Dbms.lean:109	def dcol	def dcol (j : ℕ) : ℕ × ℕ
Dbms.lean:112	def ddiagSeq	def ddiagSeq (v : ℕ) : PairSeq
Dbms.lean:131	def readD	def readD (l : PairSeq) (first : Bool) (plev : ℕ) : Three
Dbms.lean:156	def ladOf	def ladOf (s d plev : ℕ) (first force : Bool) : Bool
Dbms.lean:160	def ddOf	def ddOf (s d plev : ℕ) (first force : Bool) : ℕ
Dbms.lean:165	def convD	def convD : PairSeq → ℕ → ℕ → Bool → Bool → PairSeq | [], _, _, _, _ => [] | p :: r, d, plev, first, force => (if ladOf p.2 d plev first force then [(d, plev), (d + 1, p.2)] else [(ddOf p.2 d plev first force, p.2)]) ++ convD (r.takeWhile fun q => p.1 < q.1)
Dbms.lean:180	def conv	def conv (M : PairSeq) : PairSeq
Dbms.lean:205	def colOK	def colOK (M : PairSeq) : Prop
Dbms.lean:208	def descOK	def descOK : PairSeq → Prop | [] => True | p :: r => ((r.dropWhile fun q => p.1 < q.1) ≠ [] → ((r.dropWhile fun q => p.1 < q.1).headI).2 ≤ p.2) ∧ descOK (r.takeWhile fun q => p.1 < q.1) ∧
Dbms.lean:220	theorem descOK_nil	theorem descOK_nil : descOK []
Dbms.lean:222	theorem descOK_cons	theorem descOK_cons {p : ℕ × ℕ} {r : PairSeq} : descOK (p :: r) ↔ ((r.dropWhile fun q => p.1 < q.1) ≠ [] → ((r.dropWhile fun q => p.1 < q.1).headI).2 ≤ p.2) ∧ descOK (r.takeWhile fun q => p.1 < q.1) ∧ descOK (r.dropWhile fun q => p.1 < q.1)
Dbms.lean:230	theorem colOK_sublist	theorem colOK_sublist {M N : PairSeq} (h : N.Sublist M) (hc : colOK M) : colOK N
Dbms.lean:235	theorem le_ddOf	theorem le_ddOf (s d plev : ℕ) (first force : Bool) : d ≤ ddOf s d plev first force
Dbms.lean:246	theorem convD_cons	theorem convD_cons (p : ℕ × ℕ) (r : PairSeq) (d plev : ℕ) (first force : Bool) : convD (p :: r) d plev first force = (if ladOf p.2 d plev first force then [(d, plev), (d + 1, p.2)] else [(ddOf p.2 d plev first force, p.2)]) ++ convD (r.takeWhile fun q => p.1 < q.1) (ddOf p.2 d plev first force + 1)  …
Dbms.lean:257	theorem convD_ge	theorem convD_ge : ∀ (n : ℕ) (M : PairSeq), M.length ≤ n → ∀ (d plev : ℕ) (first force : Bool), ∀ c ∈ convD M d plev first force, d ≤ c.1
Dbms.lean:295	theorem convD_eq_nil_iff	theorem convD_eq_nil_iff (M : PairSeq) (d plev : ℕ) (first force : Bool) : convD M d plev first force = [] ↔ M = []
Dbms.lean:307	theorem convD_headI	theorem convD_headI (p : ℕ × ℕ) (r : PairSeq) (d plev : ℕ) (first force : Bool) : (convD (p :: r) d plev first force).headI = (if ladOf p.2 d plev first force then (d, plev) else (ddOf p.2 d plev first force, p.2))
Dbms.lean:315	theorem convD_head_le	theorem convD_head_le (p : ℕ × ℕ) (r : PairSeq) (d plev : ℕ) (first force : Bool) : ((convD (p :: r) d plev first force).headI).1 ≤ ddOf p.2 d plev first force
Dbms.lean:324	theorem convD_ge'	theorem convD_ge' (M : PairSeq) (d plev : ℕ) (first force : Bool) : ∀ c ∈ convD M d plev first force, d ≤ c.1
Dbms.lean:329	theorem ddOf_cases	theorem ddOf_cases (s d plev : ℕ) (first force : Bool) (hs : s ≤ d) : ddOf s d plev first force = d + 1 ∨ ¬ (0 < s ∧ d ≤ s)
Dbms.lean:338	theorem split_append	theorem split_append {X Y : PairSeq} {dd : ℕ} (hX : ∀ c ∈ X, dd < c.1) (hY : Y = [] ∨ ¬ (dd < (Y.headI).1)) : ((X ++ Y).takeWhile fun q => dd < q.1) = X ∧ ((X ++ Y).dropWhile fun q => dd < q.1) = Y
Dbms.lean:355	theorem dropWhile_head_neg	theorem dropWhile_head_neg {a : ℕ} : ∀ (l : PairSeq), (l.dropWhile fun q => a < q.1) = [] ∨ ¬ (a < ((l.dropWhile fun q => a < q.1).headI).1)
Dbms.lean:366	theorem split_append_gen	theorem split_append_gen {Y : PairSeq} {dd : ℕ} (hY : Y = [] ∨ ¬ (dd < (Y.headI).1)) : ∀ X : PairSeq, ((X ++ Y).takeWhile fun q => dd < q.1) = (X.takeWhile fun q => dd < q.1) ∧ ((X ++ Y).dropWhile fun q => dd < q.1) = (X.dropWhile fun q => dd < q.1) ++ Y
Dbms.lean:399	def translateK	def translateK : PairSeq → Three → Three | [], t => t | p :: rest, t => P p.2 (translateK (rest.takeWhile fun q => p.1 < q.1) Z) (translateK (rest.dropWhile fun q => p.1 < q.1) t) termination_by M => M.length
Dbms.lean:410	theorem translateK_Z	theorem translateK_Z (L : PairSeq) : translateK L Z = translate L
Dbms.lean:418	theorem translateK_appendK	theorem translateK_appendK (a : ℕ) (L : PairSeq) (hL : L = [] ∨ ¬ (a < (L.headI).1)) : ∀ (n : ℕ) (U : PairSeq), U.length ≤ n → (∀ c ∈ U, a ≤ c.1) → (U = [] ∨ (U.headI).1 ≤ a) → ∀ t : Three, translateK (U ++ L) t = translateK U (translateK L t)
Dbms.lean:456	theorem translateK_append	theorem translateK_append (a : ℕ) (L : PairSeq) (hL : L = [] ∨ ¬ (a < (L.headI).1)) : ∀ (n : ℕ) (U : PairSeq), U.length ≤ n → (∀ c ∈ U, a ≤ c.1) → (U = [] ∨ (U.headI).1 ≤ a) → translate (U ++ L) = translateK U (translate L)
Dbms.lean:470	theorem readD_lad	theorem readD_lad {X Y : PairSeq} {d plev s : ℕ} (hs : s = plev + 1) (hXge : ∀ c ∈ X, d + 1 < c.1) (hYhead : Y = [] ∨ ¬ (d + 1 < (Y.headI).1)) : readD ((d, plev) :: (d + 1, s) :: (X ++ Y)) true plev = P s (readD X true s) (readD Y false s)
Dbms.lean:483	theorem readD_dir	theorem readD_dir {X Y : PairSeq} {dd plev s : ℕ} {first : Bool} (hne : ¬ (first = true ∧ s = plev ∧ (X ++ Y).headI = (dd + 1, s + 1))) (hXge : ∀ c ∈ X, dd < c.1) (hYhead : Y = [] ∨ ¬ (dd < (Y.headI).1)) : readD ((dd, s) :: (X ++ Y)) first plev = P s (readD X true s) (readD Y false s)
Dbms.lean:493	theorem convD_tail_head_le	theorem convD_tail_head_le {B : PairSeq} {d s dd : ℕ} (hs : s ≤ d) (hddd : d ≤ dd) (hd1 : dd = d + 1 ∨ ¬ (0 < s ∧ d ≤ s)) (hq : B ≠ [] → (B.headI).2 ≤ s) : convD B d s false false = [] ∨ ¬ (dd < ((convD B d s false false).headI).1)
Dbms.lean:517	theorem head_ne_shadow	theorem head_ne_shadow (A Y : PairSeq) (dd s : ℕ) (hY : Y = [] ∨ ¬ (dd < ((Y.headI).1))) : (convD A (dd + 1) s true true ++ Y).headI ≠ (dd + 1, s + 1)
Dbms.lean:552	theorem readD_convD_step	theorem readD_convD_step {p : ℕ × ℕ} {r : PairSeq} {d plev : ℕ} {first force : Bool} (hyd : p.2 ≤ d) (hArg : readD (convD (r.takeWhile fun q => p.1 < q.1) (ddOf p.2 d plev first force + 1) p.2 true (!ladOf p.2 d plev first force && first && (p.2 == plev))) true p.2 = translate (r.takeWhile fun q =>  …
Dbms.lean:598	theorem readD_convD	theorem readD_convD : ∀ (n : ℕ) (M : PairSeq), M.length ≤ n → ∀ (bd d plev : ℕ) (first force : Bool), blockok bd M → bd ≤ d → colOK M → descOK M → readD (convD M d plev first force) first plev = translate M
Dbms.lean:643	theorem readD_conv	theorem readD_conv {M : PairSeq} (hb : blockok 0 M) (hc : colOK M) (hd : descOK M) : readD (conv M) true 0 = translate M
Dbms.lean:662	def shift1	def shift1 (B : PairSeq) : PairSeq
Dbms.lean:672	def unitsLen	def unitsLen (p : ℕ × ℕ) : PairSeq → ℕ | [] => 0 | q :: r => if q = p then (r.takeWhile fun x => p.1 < x.1).length + 1 + unitsLen p (r.dropWhile fun x => p.1 < x.1)
Dbms.lean:685	theorem unitsLen_le	theorem unitsLen_le (p : ℕ × ℕ) : ∀ (n : ℕ) (l : PairSeq), l.length ≤ n → unitsLen p l ≤ l.length
Dbms.lean:709	theorem unitsLen_cons_pos	theorem unitsLen_cons_pos {top : ℕ × ℕ} {r : PairSeq} : unitsLen top (top :: r) = (r.takeWhile fun x => top.1 < x.1).length + 1 + unitsLen top (r.dropWhile fun x => top.1 < x.1)
Dbms.lean:715	theorem unitsLen_cons_neg	theorem unitsLen_cons_neg {top q : ℕ × ℕ} {r : PairSeq} (h : ¬ (q = top)) : unitsLen top (q :: r) = 0
Dbms.lean:719	theorem drop_unitsLen_cons	theorem drop_unitsLen_cons {top : ℕ × ℕ} {X Y : PairSeq} (hX : ∀ c ∈ X, top.1 < c.1) (hY : Y = [] ∨ ¬ (top.1 < (Y.headI).1)) : (top :: (X ++ Y)).drop (unitsLen top (top :: (X ++ Y))) = Y.drop (unitsLen top Y)
Dbms.lean:729	theorem take_unitsLen_cons	theorem take_unitsLen_cons {top : ℕ × ℕ} {X Y : PairSeq} (hX : ∀ c ∈ X, top.1 < c.1) (hY : Y = [] ∨ ¬ (top.1 < (Y.headI).1)) : (top :: (X ++ Y)).take (unitsLen top (top :: (X ++ Y))) = top :: (X ++ Y.take (unitsLen top Y))
Dbms.lean:739	def contrPre	def contrPre (p : ℕ × ℕ) (U A : PairSeq) : PairSeq
Dbms.lean:744	def contrLen	def contrLen (p : ℕ × ℕ) (B : PairSeq) (k : ℕ) (A : PairSeq) : Option (PairSeq × PairSeq)
Dbms.lean:758	theorem contrLen_spec	theorem contrLen_spec {p : ℕ × ℕ} {B A rest2 Bq : PairSeq} {k : ℕ} (h : contrLen p B k A = some (rest2, Bq)) : ∃ q r2, B.drop k = q :: r2 ∧ q.2 + 1 = p.2 ∧ q.1 = p.1 ∧ (r2.takeWhile fun x => q.1 < x.1) = contrPre p (B.take k) A ++ rest2 ∧ (r2.dropWhile fun x => q.1 < x.1) = Bq ∧ rest2 ≠ [] ∧ (rest2. …
Dbms.lean:782	theorem contrLen_lt	theorem contrLen_lt {p : ℕ × ℕ} {B A rest2 Bq : PairSeq} {k : ℕ} (h : contrLen p B k A = some (rest2, Bq)) : rest2.length < B.length ∧ Bq.length < B.length
Dbms.lean:801	def convC	def convC (M : PairSeq) (d plev : ℕ) (first force : Bool) : PairSeq
Dbms.lean:844	def conC	def conC (M : PairSeq) : PairSeq
Dbms.lean:853	def argLen	def argLen (a : ℕ) : PairSeq → ℕ | [] => 0 | q :: r => if a < q.1 then argLen a r + 1 else 0 /-- 深さが `a` 以上で続く先頭部分の長さ。 -/ def deepLen (a : ℕ) : PairSeq → ℕ
Dbms.lean:858	def deepLen	def deepLen (a : ℕ) : PairSeq → ℕ | [] => 0 | q :: r => if a ≤ q.1 then deepLen a r + 1 else 0 open Three in /-- 同じ段のノードを `n` 個、後続の向きに重ねる。 -/
Dbms.lean:864	def wrapN	def wrapN : ℕ → ℕ → Three → Three | 0, _, t => t | Nat.succ n, s, t => P s Z (wrapN n s t) open Three in /-- 縮約つきの読み（継続つき）。`readD` に「梯子が二役を兼ねている枝」を足したもの。
Dbms.lean:873	def readK	def readK (l : PairSeq) (first : Bool) (plev : ℕ) (k : Three) : Three
Dbms.lean:941	def readC	def readC (l : PairSeq) (first : Bool) (plev : ℕ) : Three
Dbms.lean:944	def readCon	def readCon (l : PairSeq) : Three
Dbms.lean:978	theorem convC_cons_nolad	theorem convC_cons_nolad (p : ℕ × ℕ) (r : PairSeq) (d plev : ℕ) (first force : Bool) (hl : ladOf p.2 d plev first force = false) : convC (p :: r) d plev first force = (ddOf p.2 d plev first force, p.2) :: (convC (r.takeWhile fun q => p.1 < q.1) (ddOf p.2 d plev first force + 1) p.2 true (first && (p …
Dbms.lean:988	theorem convC_cons_lad_none	theorem convC_cons_lad_none (p : ℕ × ℕ) (r : PairSeq) (d plev : ℕ) (first force : Bool) (hl : ladOf p.2 d plev first force = true) (hc : contrLen p (r.dropWhile fun q => p.1 < q.1) (unitsLen p (r.dropWhile fun q => p.1 < q.1)) (r.takeWhile fun q => p.1 < q.1) = none) : convC (p :: r) d plev first fo …
Dbms.lean:1004	theorem convC_cons_lad_some	theorem convC_cons_lad_some (p : ℕ × ℕ) (r : PairSeq) (d plev : ℕ) (first force : Bool) {rest2 Bq : PairSeq} (hl : ladOf p.2 d plev first force = true) (hc : contrLen p (r.dropWhile fun q => p.1 < q.1) (unitsLen p (r.dropWhile fun q => p.1 < q.1)) (r.takeWhile fun q => p.1 < q.1) = some (rest2, Bq)) …
Dbms.lean:1030	theorem convC_ge	theorem convC_ge : ∀ (n : ℕ) (M : PairSeq), M.length ≤ n → ∀ (d plev : ℕ) (first force : Bool), ∀ c ∈ convC M d plev first force, d ≤ c.1
Dbms.lean:1094	theorem convC_ge'	theorem convC_ge' (M : PairSeq) (d plev : ℕ) (first force : Bool) : ∀ c ∈ convC M d plev first force, d ≤ c.1
Dbms.lean:1098	theorem convC_eq_nil_iff	theorem convC_eq_nil_iff (M : PairSeq) (d plev : ℕ) (first force : Bool) : convC M d plev first force = [] ↔ M = []
Dbms.lean:1115	theorem convC_headI	theorem convC_headI (p : ℕ × ℕ) (r : PairSeq) (d plev : ℕ) (first force : Bool) : (convC (p :: r) d plev first force).headI = (if ladOf p.2 d plev first force then (d, plev) else (ddOf p.2 d plev first force, p.2))
Dbms.lean:1128	theorem convC_head_le	theorem convC_head_le (p : ℕ × ℕ) (r : PairSeq) (d plev : ℕ) (first force : Bool) : ((convC (p :: r) d plev first force).headI).1 ≤ ddOf p.2 d plev first force
Dbms.lean:1143	theorem shift1_takeWhile	theorem shift1_takeWhile (a : ℕ) (l : PairSeq) : ((shift1 l).takeWhile fun q => a + 1 < q.1) = shift1 (l.takeWhile fun q => a < q.1)
Dbms.lean:1155	theorem shift1_dropWhile	theorem shift1_dropWhile (a : ℕ) (l : PairSeq) : ((shift1 l).dropWhile fun q => a + 1 < q.1) = shift1 (l.dropWhile fun q => a < q.1)
Dbms.lean:1167	theorem translate_shift1	theorem translate_shift1 : ∀ (n : ℕ) (B : PairSeq), B.length ≤ n → translate (shift1 B) = translate B
Dbms.lean:1193	theorem translateK_shift1	theorem translateK_shift1 : ∀ (n : ℕ) (B : PairSeq), B.length ≤ n → ∀ t : Three, translateK (shift1 B) t = translateK B t
Dbms.lean:1222	theorem readK_plain	theorem readK_plain {p : ℕ × ℕ} {rest : PairSeq} {first : Bool} {plev : ℕ} {k : Three} (h : ¬ (first = true ∧ p.2 = plev ∧ rest.headI = (p.1 + 1, p.2 + 1))) : readK (p :: rest) first plev k = P p.2 (readK (rest.takeWhile fun q => p.1 < q.1) true p.2 Z) (readK (rest.dropWhile fun q => p.1 < q.1) fals …
Dbms.lean:1232	theorem readC_plain	theorem readC_plain {p : ℕ × ℕ} {rest : PairSeq} {first : Bool} {plev : ℕ} (h : ¬ (first = true ∧ p.2 = plev ∧ rest.headI = (p.1 + 1, p.2 + 1))) : readC (p :: rest) first plev = P p.2 (readC (rest.takeWhile fun q => p.1 < q.1) true p.2) (readC (rest.dropWhile fun q => p.1 < q.1) false p.2)
Dbms.lean:1241	theorem readK_shadow_eq	theorem readK_shadow_eq {p top : ℕ × ℕ} {tail : PairSeq} {first : Bool} {plev : ℕ} {k : Three} (hf : first = true) (hp : p.2 = plev) (htop : top = (p.1 + 1, p.2 + 1)) : readK (p :: top :: tail) first plev k = (let arg
Dbms.lean:1262	theorem readK_shadow	theorem readK_shadow {p top : ℕ × ℕ} {tail : PairSeq} {first : Bool} {plev : ℕ} {k : Three} (hf : first = true) (hp : p.2 = plev) (htop : top = (p.1 + 1, p.2 + 1)) (hd : ¬ ((((tail.dropWhile fun q => top.1 < q.1).drop (unitsLen top (tail.dropWhile fun q => top.1 < q.1)))) ≠ [] ∧ ((((tail.dropWhile f …
Dbms.lean:1279	theorem readK_dual	theorem readK_dual {p top : ℕ × ℕ} {tail : PairSeq} {first : Bool} {plev : ℕ} {k : Three} (hf : first = true) (hp : p.2 = plev) (htop : top = (p.1 + 1, p.2 + 1)) (hd : (((tail.dropWhile fun q => top.1 < q.1).drop (unitsLen top (tail.dropWhile fun q => top.1 < q.1)))) ≠ [] ∧ ((((tail.dropWhile fun q  …
Dbms.lean:1302	theorem head_stop	theorem head_stop {a : ℕ} {L : PairSeq} (h : L = [] ∨ ¬ (a < (L.headI).1)) : (L.takeWhile fun q => a < q.1) = [] ∧ (L.dropWhile fun q => a < q.1) = L
Dbms.lean:1314	theorem units_split	theorem units_split (p : ℕ × ℕ) (B : PairSeq) : B = B.take (unitsLen p B) ++ B.drop (unitsLen p B)
Dbms.lean:1319	theorem units_ge	theorem units_ge (p : ℕ × ℕ) : ∀ (n : ℕ) (B : PairSeq), B.length ≤ n → ∀ c ∈ B.take (unitsLen p B), p.1 ≤ c.1
Dbms.lean:1369	theorem translate_replicate	theorem translate_replicate (c : ℕ × ℕ) (L : PairSeq) (hL : L = [] ∨ ¬ (c.1 < (L.headI).1)) : ∀ k, translate (List.replicate k c ++ L) = wrapN k c.2 (translate L)
Dbms.lean:1384	theorem readK_plev	theorem readK_plev (l : PairSeq) (plev plev' : ℕ) (k : Three) : readK l false plev k = readK l false plev' k
Dbms.lean:1393	theorem readC_plev	theorem readC_plev (l : PairSeq) (plev plev' : ℕ) : readC l false plev = readC l false plev'
Dbms.lean:1397	theorem convC_replicate	theorem convC_replicate (c : ℕ × ℕ) (L : PairSeq) (d : ℕ) (hdd : ddOf c.2 d c.2 false false = d) (hL : L = [] ∨ ¬ (c.1 < (L.headI).1)) : ∀ k, convC (List.replicate k c ++ L) d c.2 false false = List.replicate k ((d, c.2) : ℕ × ℕ) ++ convC L d c.2 false false
Dbms.lean:1417	theorem descOK_replicate	theorem descOK_replicate (c : ℕ × ℕ) (L : PairSeq) (hL : L = [] ∨ ¬ (c.1 < (L.headI).1)) : ∀ k, descOK (List.replicate k c ++ L) → descOK L
Dbms.lean:1436	theorem blockok_replicate	theorem blockok_replicate (d y : ℕ) (L : PairSeq) (hL : L = [] ∨ ¬ (d < (L.headI).1)) : ∀ k, blockok d (List.replicate k ((d, y) : ℕ × ℕ) ++ L) → blockok d L
Dbms.lean:1455	theorem steps1_drop	theorem steps1_drop : ∀ (n : ℕ) {L : PairSeq}, steps1 L → steps1 (L.drop n)
Dbms.lean:1465	theorem blockok_drop	theorem blockok_drop {d n : ℕ} {L : PairSeq} (h : blockok d L) (hh : L.drop n ≠ [] → ((L.drop n).headI).1 = d) : blockok d (L.drop n)
Dbms.lean:1471	theorem translate_contrPre	theorem translate_contrPre (p : ℕ × ℕ) (U A rest2 : PairSeq) (hA : ∀ c ∈ A, p.1 < c.1) (hU : ∀ c ∈ U, p.1 ≤ c.1) (hUh : U = [] ∨ (U.headI).1 ≤ p.1) (hr : rest2 = [] ∨ ¬ (p.1 + 1 < (rest2.headI).1)) : translate (contrPre p U A ++ rest2) = P p.2 (translate A) (translateK U (translate rest2))
Dbms.lean:1533	def dipAt	def dipAt (d plev : ℕ) (W : PairSeq) : Prop
Dbms.lean:1536	theorem headI_mem'	theorem headI_mem' {l : PairSeq} (h : l ≠ []) : l.headI ∈ l
Dbms.lean:1542	theorem dropWhile_stop	theorem dropWhile_stop {top : ℕ × ℕ} {W : PairSeq} (hne : W ≠ []) (h : W.headI ≠ top) : (W.dropWhile fun q => q = top) = W
Dbms.lean:1549	theorem nodip_of_deep	theorem nodip_of_deep {d plev : ℕ} {X Y : PairSeq} (hne : X ≠ []) (hdeep : d + 1 < (X.headI).1) : ¬ dipAt d plev ((X ++ Y).dropWhile fun q => q = (d + 1, plev))
Dbms.lean:1566	theorem convC_nodip	theorem convC_nodip : ∀ (n : ℕ) (L : PairSeq), L.length ≤ n → ∀ (d plev : ℕ), plev ≤ d → descOK L → (L ≠ [] → (L.headI).2 ≤ plev) → ¬ dipAt d plev ((convC L d plev false false).drop (unitsLen ((d + 1, plev) : ℕ × ℕ) (convC L d plev false false)))
Dbms.lean:1645	theorem takeDrop_replicate	theorem takeDrop_replicate (c : ℕ × ℕ) (L : PairSeq) (hL : L.headI ≠ c) : ∀ k, ((List.replicate k c ++ L).takeWhile fun x => x = c) = List.replicate k c ∧ ((List.replicate k c ++ L).dropWhile fun x => x = c) = L
Dbms.lean:1665	theorem split_append_le	theorem split_append_le {X Y : PairSeq} {dd : ℕ} (hX : ∀ c ∈ X, dd ≤ c.1) (hY : Y = [] ∨ ¬ (dd ≤ (Y.headI).1)) : ((X ++ Y).takeWhile fun q => dd ≤ q.1) = X ∧ ((X ++ Y).dropWhile fun q => dd ≤ q.1) = Y
Dbms.lean:1682	theorem contrLen_sublists	theorem contrLen_sublists {p : ℕ × ℕ} {B A rest2 Bq : PairSeq} {k : ℕ} (h : contrLen p B k A = some (rest2, Bq)) : rest2.Sublist B ∧ Bq.Sublist B
Dbms.lean:1702	theorem convC_head_ne_shadow	theorem convC_head_ne_shadow {A B : PairSeq} {dd d plev v : ℕ} {force : Bool} (hdd : d ≤ dd) (hB : B = [] ∨ ¬ ((B.headI).2 = v + 1)) : (convC A (dd + 1) v true true ++ convC B d plev force false).headI ≠ (dd + 1, v + 1)
Dbms.lean:1740	theorem steps1_take	theorem steps1_take : ∀ (n : ℕ) {L : PairSeq}, steps1 L → steps1 (L.take n)
Dbms.lean:1759	theorem blockok_take	theorem blockok_take {d n : ℕ} {L : PairSeq} (h : blockok d L) : blockok d (L.take n)
Dbms.lean:1768	theorem headI_take	theorem headI_take {L : PairSeq} {m : ℕ} (h : L.take m ≠ []) : (L.take m).headI = L.headI
Dbms.lean:1774	theorem descOK_take	theorem descOK_take : ∀ (m : ℕ) (L : PairSeq), L.length ≤ m → ∀ n, descOK L → descOK (L.take n)
Dbms.lean:1849	theorem descOK_units	theorem descOK_units (a : ℕ) (L : PairSeq) (hL : L = [] ∨ ¬ (a < (L.headI).1)) : ∀ (n : ℕ) (V : PairSeq), V.length ≤ n → (∀ c ∈ V, a ≤ c.1) → (V = [] ∨ (V.headI).1 ≤ a) → descOK (V ++ L) → descOK L
Dbms.lean:1893	theorem Units	theorem Units.head_eq {p : ℕ × ℕ} {U : PairSeq} (h : Units p U) : U = [] ∨ U.headI = p
Dbms.lean:1899	theorem Units	theorem Units.ge {p : ℕ × ℕ} : ∀ {U : PairSeq}, Units p U → ∀ c ∈ U, p.1 ≤ c.1
Dbms.lean:1912	theorem units_take	theorem units_take (p : ℕ × ℕ) : ∀ (n : ℕ) (B : PairSeq), B.length ≤ n → Units p (B.take (unitsLen p B))
Dbms.lean:1955	theorem unitsLen_append_units	theorem unitsLen_append_units {top : ℕ × ℕ} {V L : PairSeq} (hV : Units top V) (hL : L = [] ∨ (¬ (top.1 < (L.headI).1) ∧ L.headI ≠ top)) : unitsLen top (V ++ L) = V.length
Dbms.lean:1991	theorem readK_append	theorem readK_append (a : ℕ) (L : PairSeq) (hL : L = [] ∨ ¬ (a < (L.headI).1)) : ∀ (n : ℕ) (V : PairSeq), V.length ≤ n → (∀ c ∈ V, a ≤ c.1) → (V = [] ∨ (V.headI).1 ≤ a) → ∀ (plev plev' : ℕ) (u : Three), readK (V ++ L) false plev u = readK V false plev (readK L false plev' u)
Dbms.lean:2038	theorem units_convC	theorem units_convC {p : ℕ × ℕ} {d : ℕ} (hpd : p.2 ≤ d) : ∀ {U : PairSeq}, Units p U → Units ((d + 1, p.2) : ℕ × ℕ) (convC U (d + 1) p.2 false false)
Dbms.lean:2062	theorem readK_convC	theorem readK_convC : ∀ (n : ℕ) (M : PairSeq), M.length ≤ n → ∀ (bd d plev : ℕ) (first force : Bool) (t : Three), blockok bd M → bd ≤ d → colOK M → descOK M → readK (convC M d plev first force) first plev t = translateK M t
Dbms.lean:2509	theorem readC_convC	theorem readC_convC : ∀ (n : ℕ) (M : PairSeq), M.length ≤ n → ∀ (bd d plev : ℕ) (first force : Bool), blockok bd M → bd ≤ d → colOK M → descOK M → readC (convC M d plev first force) first plev = translate M
Dbms.lean:2526	def ddiagSeg	def ddiagSeg (a b : ℕ) : PairSeq
Dbms.lean:2528	theorem ddiagSeq_eq_seg	theorem ddiagSeq_eq_seg (v : ℕ) : ddiagSeq v = ddiagSeg 0 v
Dbms.lean:2531	theorem ddiagSeg_cons	theorem ddiagSeg_cons {u v : ℕ} (h : u ≤ v) : ddiagSeg u v = dcol u :: ddiagSeg (u + 1) v
Dbms.lean:2536	theorem ddiagSeg_nil	theorem ddiagSeg_nil {u v : ℕ} (h : v < u) : ddiagSeg u v = []
Dbms.lean:2541	theorem diagSeq_nil	theorem diagSeq_nil {u v : ℕ} (h : v < u) : diagSeq u v = []
Dbms.lean:2547	theorem diagSeq_deep	theorem diagSeq_deep {u v a : ℕ} (h : a < u) : ∀ c ∈ diagSeq u v, a < c.1
Dbms.lean:2552	theorem diagSeq_split	theorem diagSeq_split {u v a : ℕ} (h : a < u) : (diagSeq u v).takeWhile (fun q => a < q.1) = diagSeq u v ∧ (diagSeq u v).dropWhile (fun q => a < q.1) = []
Dbms.lean:2559	theorem ddiagSeq_three	theorem ddiagSeq_three {v : ℕ} (h : 1 ≤ v) : ddiagSeq (v + 1) = ((0, 0) : ℕ × ℕ) :: ((1, 0) : ℕ × ℕ) :: ((2, 1) : ℕ × ℕ) :: ddiagSeg 3 (v + 1)
Dbms.lean:2568	theorem convC_diag_tail	theorem convC_diag_tail : ∀ (k u v : ℕ), v + 1 - u ≤ k → 1 ≤ u → convC (diagSeq u v) (u + 1) (u - 1) true false = ddiagSeg (u + 1) (v + 1)
Dbms.lean:2607	theorem conC_diagSeq	theorem conC_diagSeq (v : ℕ) : conC (diagSeq 0 v) = if v = 0 then ddiagSeq 0 else ddiagSeq (v + 1)
Dbms.lean:2646	theorem ST_D_conC_diagSeq	theorem ST_D_conC_diagSeq (v : ℕ) : ST_D (conC (diagSeq 0 v))
Dbms.lean:2658	theorem colOK_entry	theorem colOK_entry {M : PairSeq} (h : colOK M) (j : ℕ) : entry M 1 j ≤ entry M 0 j
Dbms.lean:2670	theorem colOK_sub	theorem colOK_sub {M N : PairSeq} (h : N.Sublist M) (hc : colOK M) : colOK N
Dbms.lean:2673	theorem colOK_diagSeq	theorem colOK_diagSeq (v : ℕ) : colOK (diagSeq 0 v)
Dbms.lean:2680	theorem colOK_oper	theorem colOK_oper {M : PairSeq} {n : ℕ} (h : colOK M) : colOK (M⟦n⟧)
Dbms.lean:2700	theorem colOK_ST_PS	theorem colOK_ST_PS {M : PairSeq} (hM : ST_PS M) : colOK M
Dbms.lean:2706	theorem descOK_of_cnf	theorem descOK_of_cnf : ∀ (n : ℕ) (M : PairSeq), M.length ≤ n → cnf (translate M) → descOK M
Dbms.lean:2750	theorem descOK_ST_PS	theorem descOK_ST_PS {M : PairSeq} (hM : ST_PS M) : descOK M
Dbms.lean:2754	theorem readD_conv_ST	theorem readD_conv_ST {M : PairSeq} (hM : ST_PS M) : readD (conv M) true 0 = translate M
Dbms.lean:2758	theorem readC_conC	theorem readC_conC {M : PairSeq} (hb : blockok 0 M) (hc : colOK M) (hd : descOK M) : readCon (conC M) = translate M
Dbms.lean:2763	theorem readC_conC_ST	theorem readC_conC_ST {M : PairSeq} (hM : ST_PS M) : readCon (conC M) = translate M
Dbms.lean:2770	theorem conv_olt_iff_seqlex	theorem conv_olt_iff_seqlex {M N : PairSeq} (hM : ST_PS M) (hN : ST_PS N) (hne : M ≠ N) : (readD (conv M) true 0 <o readD (conv N) true 0 ↔ seqlex M N)
Dbms.lean:2777	theorem conv_injective	theorem conv_injective {M N : PairSeq} (hM : ST_PS M) (hN : ST_PS N) (h : conv M = conv N) : M = N
Dbms.lean:2791	theorem conC_olt_iff_seqlex	theorem conC_olt_iff_seqlex {M N : PairSeq} (hM : ST_PS M) (hN : ST_PS N) (hne : M ≠ N) : (readCon (conC M) <o readCon (conC N) ↔ seqlex M N)
Dbms.lean:2798	theorem conC_injective	theorem conC_injective {M N : PairSeq} (hM : ST_PS M) (hN : ST_PS N) (h : conC M = conC N) : M = N
Dbms3.lean:76	theorem ole_refl	theorem ole_refl (x : Three) : x ≤o x
Dbms3.lean:78	theorem ole_trans	theorem ole_trans {x y z : Three} (hxy : x ≤o y) (hyz : y ≤o z) : x ≤o z
Dbms3.lean:83	theorem ole_olt_trans	theorem ole_olt_trans {x y z : Three} (hxy : x ≤o y) (hyz : y <o z) : x <o z
Dbms3.lean:92	def ddcolT	def ddcolT (j : ℕ) : ℕ × ℕ × ℕ
Dbms3.lean:95	def ddiagSeqT	def ddiagSeqT (v : ℕ) : TrioSeq
Dbms3.lean:120	def r21D	def r21D (M : TrioSeq) : Prop
Dbms3.lean:123	theorem r21D_ddiagSeqT	theorem r21D_ddiagSeqT (v : ℕ) : r21D (ddiagSeqT v)
Dbms3.lean:133	theorem r21D_oper	theorem r21D_oper {B : TrioSeq} {n : ℕ} (h : r21D B) : r21D (B⟦n⟧)
Dbms3.lean:170	theorem r21D_ST_D3	theorem r21D_ST_D3 {M : TrioSeq} (h : ST_D3 M) : r21D M
Dbms3.lean:176	theorem no_permanent_orphan_ST_D3	theorem no_permanent_orphan_ST_D3 {M : TrioSeq} (h : ST_D3 M) : ∀ p ∈ M, p.2.1 = 0 → p.2.2 = 0
Dbms3.lean:191	def ConvDiagT3	def ConvDiagT3 (conv3 : TrioSeq → TrioSeq) : Prop
Dbms3.lean:212	def ReindexT1	def ReindexT1 (conv3 : TrioSeq → TrioSeq) : Prop
Dbms3.lean:220	theorem ST_D3_conv3_diag	theorem ST_D3_conv3_diag {conv3 : TrioSeq → TrioSeq} (hd : ConvDiagT3 conv3) (v : ℕ) : ST_D3 (conv3 (diagSeqT 0 v))
Dbms3.lean:230	theorem not_olt_len_one_T	theorem not_olt_len_one_T {M A : TrioSeq} (hM : ST_TS M) (hA : A.length ≤ 1) (hAst : ST_TS A) (h : translate M <o translate A) : False
Dbms3.lean:248	theorem diag_cofinal_T	theorem diag_cofinal_T {M : TrioSeq} (hM : ST_TS M) : ∃ v, translate M ≤o translate (diagSeqT 0 v)
Dbms3.lean:271	theorem ST_D3_descend	theorem ST_D3_descend (wf : WellFounded (fun a b : TrioSeq => ST_TS a ∧ ST_TS b ∧ translate a <o translate b)) {conv3 : TrioSeq → TrioSeq} (H : ReindexT1 conv3) : ∀ A : TrioSeq, ST_TS A → ST_D3 (conv3 A) → ∀ M : TrioSeq, ST_TS M → translate M ≤o translate A → ST_D3 (conv3 M)
Dbms3.lean:322	def RD3	def RD3 : TrioSeq → TrioSeq → Prop
Dbms3.lean:327	def ReindexT1D	def ReindexT1D (conv3 : TrioSeq → TrioSeq) : Prop
Dbms3.lean:335	theorem ST_D3_descend_D	theorem ST_D3_descend_D (wfD : WellFounded RD3) {conv3 : TrioSeq → TrioSeq} (H : ReindexT1D conv3) : ∀ A : TrioSeq, ST_TS A → ST_D3 (conv3 A) → ∀ M : TrioSeq, ST_TS M → translate M ≤o translate A → ST_D3 (conv3 M)
Dbms3.lean:361	theorem ST_D3_conv3_D	theorem ST_D3_conv3_D (wfD : WellFounded RD3) {conv3 : TrioSeq → TrioSeq} (H : ReindexT1D conv3) (hd : ConvDiagT3 conv3) {M : TrioSeq} (hM : ST_TS M) : ST_D3 (conv3 M)
Dbms3.lean:383	theorem acc_olt_of_accD	theorem acc_olt_of_accD {conv3 : TrioSeq → TrioSeq} (H : ReindexT1D conv3) : ∀ C : TrioSeq, Acc RD3 C → ∀ A : TrioSeq, ST_TS A → ST_D3 (conv3 A) → conv3 A = C → Acc (fun a b : TrioSeq => ST_TS a ∧ ST_TS b ∧ translate a <o translate b) A
Dbms3.lean:419	theorem wf_olt_ST_TS_of_dbms	theorem wf_olt_ST_TS_of_dbms (wfD : WellFounded RD3) {conv3 : TrioSeq → TrioSeq} (H : ReindexT1D conv3) (hd : ConvDiagT3 conv3) : WellFounded (fun a b : TrioSeq => ST_TS a ∧ ST_TS b ∧ translate a <o translate b)
Dbms3.lean:433	theorem TRIO_terminates_of_dbms_wf	theorem TRIO_terminates_of_dbms_wf (wfD : WellFounded RD3) {conv3 : TrioSeq → TrioSeq} (H : ReindexT1D conv3) (hd : ConvDiagT3 conv3) : WellFounded stepRel
Dbms3.lean:439	theorem no_infinite_expansion_of_dbms_wf	theorem no_infinite_expansion_of_dbms_wf (wfD : WellFounded RD3) {conv3 : TrioSeq → TrioSeq} (H : ReindexT1D conv3) (hd : ConvDiagT3 conv3) : ¬ ∃ S : ℕ → TrioSeq, (∀ i, ST_TS (S i)) ∧ ∀ i, step (S i) (S (i + 1))
Dbms3.lean:463	def RD3img	def RD3img (conv3 : TrioSeq → TrioSeq) : TrioSeq → TrioSeq → Prop
Dbms3.lean:468	theorem acc_olt_of_accImg	theorem acc_olt_of_accImg {conv3 : TrioSeq → TrioSeq} (H : ReindexT1D conv3) : ∀ C : TrioSeq, Acc (RD3img conv3) C → ∀ A : TrioSeq, ST_TS A → conv3 A = C → Acc (fun a b : TrioSeq => ST_TS a ∧ ST_TS b ∧ translate a <o translate b) A
Dbms3.lean:498	theorem wf_olt_ST_TS_of_img	theorem wf_olt_ST_TS_of_img {conv3 : TrioSeq → TrioSeq} (wf : WellFounded (RD3img conv3)) (H : ReindexT1D conv3) : WellFounded (fun a b : TrioSeq => ST_TS a ∧ ST_TS b ∧ translate a <o translate b)
Dbms3.lean:509	theorem TRIO_terminates_of_img_wf	theorem TRIO_terminates_of_img_wf {conv3 : TrioSeq → TrioSeq} (wf : WellFounded (RD3img conv3)) (H : ReindexT1D conv3) : WellFounded stepRel
Dbms3.lean:514	theorem no_infinite_expansion_of_img_wf	theorem no_infinite_expansion_of_img_wf {conv3 : TrioSeq → TrioSeq} (wf : WellFounded (RD3img conv3)) (H : ReindexT1D conv3) : ¬ ∃ S : ℕ → TrioSeq, (∀ i, ST_TS (S i)) ∧ ∀ i, step (S i) (S (i + 1))
Dbms3.lean:521	theorem wf_img_of_wfD	theorem wf_img_of_wfD (wfD : WellFounded RD3) {conv3 : TrioSeq → TrioSeq} (H : ReindexT1D conv3) (hd : ConvDiagT3 conv3) : WellFounded (RD3img conv3)
Dbms3.lean:535	theorem ST_D3_conv3	theorem ST_D3_conv3 (wf : WellFounded (fun a b : TrioSeq => ST_TS a ∧ ST_TS b ∧ translate a <o translate b)) {conv3 : TrioSeq → TrioSeq} (H : ReindexT1 conv3) (hd : ConvDiagT3 conv3) {M : TrioSeq} (hM : ST_TS M) : ST_D3 (conv3 M)
Dbms3.lean:555	theorem ST_D3_conv3_holds	theorem ST_D3_conv3_holds (h2 : Wset.TowerGraft2) (he : Wset.TowerExp) {conv3 : TrioSeq → TrioSeq} (H : ReindexT1 conv3) (hd : ConvDiagT3 conv3) {M : TrioSeq} (hM : ST_TS M) : ST_D3 (conv3 M)
Dbms3.lean:595	abbrev Col	abbrev Col
Dbms3.lean:604	abbrev Lent	abbrev Lent
Dbms3.lean:608	def lentTrunc	def lentTrunc (t : Lent) : Lent
Dbms3.lean:631	def Lat	def Lat (L : List Lent) (k : ℕ) : Lent
Dbms3.lean:642	def padL	def padL (L : List Lent) (v : ℕ) : List Lent
Dbms3.lean:646	def okPlace	def okPlace (ST : List (ℕ × ℕ)) (x w : ℕ) : Bool
Dbms3.lean:655	def fitAux	def fitAux (ST : List (ℕ × ℕ)) (w : ℕ) : ℕ → ℕ → Option ℕ | _, 0 => none | x, (k + 1) => if okPlace ST x w then some x else fitAux ST w (x + 1) k /-- 深さ `d` 以上で行 1 が `w` になれる最小の深さ。 -/ def fit (ST : List (ℕ × ℕ)) (d w : ℕ) : Option ℕ
Dbms3.lean:660	def fit	def fit (ST : List (ℕ × ℕ)) (d w : ℕ) : Option ℕ
Dbms3.lean:664	def isBranch	def isBranch (c : Col) : Bool
Dbms3.lean:667	def closesUnit	def closesUnit : Option Col → Bool | none => true | some c => decide (c.1 ≤ 1) && c.2.2 == 0 /-- 「x w」の柱 `(k,0,0)`（`k ≥ 1`）。 -/ def isWCol : Option Col → Bool
Dbms3.lean:672	def isWCol	def isWCol : Option Col → Bool | none => false | some c => c.2.1 == 0 && decide (1 ≤ c.1) /-- `par0` の本体（`q = x-1` から下へ）。 -/ def par0Aux (m : TrioSeq) (w : ℕ) : ℕ → Option ℕ
Dbms3.lean:677	def par0Aux	def par0Aux (m : TrioSeq) (w : ℕ) : ℕ → Option ℕ | 0 => none | (q + 1) => if (m.getD q (0,0,0)).1 < w then some q else par0Aux m w q /-- 柱 `x` の行 0 の親の添字。 -/ def par0 (m : TrioSeq) (x : ℕ) : Option ℕ
Dbms3.lean:682	def par0	def par0 (m : TrioSeq) (x : ℕ) : Option ℕ
Dbms3.lean:685	def hiB	def hiB (m : TrioSeq) : ℕ → ℕ | 0 => 0 | (q + 1) => let c
Dbms3.lean:692	def hiBlock	def hiBlock (m : TrioSeq) (x : ℕ) : Bool
Dbms3.lean:708	def termTopAux	def termTopAux (Mo : TrioSeq) : ℕ → ℕ → Bool | _, 0 => false | j, (f + 1) => let c
Dbms3.lean:727	def termTop	def termTop (Mo : TrioSeq) (j : ℕ) : Bool
Dbms3.lean:731	def copyHead	def copyHead (Mo : TrioSeq) (j : ℕ) : Bool
Dbms3.lean:740	def topLevel	def topLevel (Mo : TrioSeq) (j : ℕ) : Bool
Dbms3.lean:746	def anchBefore	def anchBefore (Mo : TrioSeq) (off : ℕ) : Bool
Dbms3.lean:752	def closesTop	def closesTop (Mo : TrioSeq) (off : ℕ) : Option Col → Bool | none => true | some c => if c.2.2 ≠ 0 then false else if c.1 ≤ 1 then true else
Dbms3.lean:763	def hiB2	def hiB2 (m : TrioSeq) (x : ℕ) : ℕ
Dbms3.lean:767	def hiBlock2	def hiBlock2 (m : TrioSeq) (x : ℕ) : Bool
Dbms3.lean:777	def p0deepOk	def p0deepOk (Mo : TrioSeq) (off : ℕ) (p : Col) : Option Col → Bool | none => false | some c => decide (p.1 ≤ c.1) || (decide (1 ≤ c.2.1) && !anchBefore Mo off) /-- `isRepeat` の本体（周期 `L = k+1` を下へ）。 -/ def isRepeatAux (m : TrioSeq) (x : ℕ) : ℕ → Bool
Dbms3.lean:782	def isRepeatAux	def isRepeatAux (m : TrioSeq) (x : ℕ) : ℕ → Bool | 0 => false | (k + 1) => let l
Dbms3.lean:790	def isRepeat	def isRepeat (m : TrioSeq) (x : ℕ) : Bool
Dbms3.lean:794	def closesHiUnit	def closesHiUnit (c : Col) (nxt pv pv2 : Option Col) (hi rep : Bool) : Bool
Dbms3.lean:799	def wchainHeadAux	def wchainHeadAux (m : TrioSeq) (off : ℕ) : ℕ → Option ℕ | 0 => none | (j + 1) => let c
Dbms3.lean:818	def wchainHead	def wchainHead (m : TrioSeq) (off : ℕ) : Option ℕ
Dbms3.lean:824	def sibOk	def sibOk (m : TrioSeq) (off : ℕ) : Bool
Dbms3.lean:830	def recAt	def recAt (rc : List (ℕ × ℕ)) (i : ℕ) : ℕ
Dbms3.lean:851	def leavesMark	def leavesMark (Mo : TrioSeq) (ob code : ℕ) : Bool
Dbms3.lean:860	def ANCHOR	def ANCHOR : Col
Dbms3.lean:863	def NOTLAST	def NOTLAST : Col
Dbms3.lean:866	def deepLen	def deepLen (a : ℕ) : TrioSeq → ℕ | [] => 0 | q :: r => if a < q.1 then deepLen a r + 1 else 0 /-- `units_split` の切れ目（燃料つき）。 -/ def unitsLenAux (p0 : ℕ) (qlab : ℕ × ℕ) (B : TrioSeq) : ℕ → ℕ → ℕ
Dbms3.lean:871	def unitsLenAux	def unitsLenAux (p0 : ℕ) (qlab : ℕ × ℕ) (B : TrioSeq) : ℕ → ℕ → ℕ | k, 0 => k | k, (f + 1) => if k < B.length then let c
Dbms3.lean:883	def unitsLen	def unitsLen (p0 : ℕ) (qlab : ℕ × ℕ) (B : TrioSeq) : ℕ
Dbms3.lean:888	def copyShift	def copyShift : TrioSeq → ℕ → ℕ → ℕ → Option Col → TrioSeq | [], _, _, _, _ => [] | c :: rest, e, ps0, prev0, nxtAfter => let nxt : Option Col
Dbms3.lean:901	def contrPre	def contrPre (p : Col) (U A : TrioSeq) (e ps0 prev0 : ℕ) (nxtAfter : Option Col) : TrioSeq
Dbms3.lean:905	def dmapAt	def dmapAt (dm : List ℕ) (k : ℕ) : ℕ
Dbms3.lean:912	def lexGe	def lexGe (a b : ℕ × ℕ) : Bool
Dbms3.lean:915	def deepGe	def deepGe (a : ℕ) : TrioSeq → ℕ | [] => 0 | q :: r => if a ≤ q.1 then deepGe a r + 1 else 0 /-- 縮約の候補を 1 つの `e` について探す。見つかれば `(kU, kpre, na)` （写しの長さ、写しの先頭の長さ、写しの「次の列」）。`rows3.py` の `lad0` の枝。 -/
Dbms3.lean:921	def contrOne	def contrOne (p : Col) (A B : TrioSeq) (ps : ℕ × ℕ) (v s2 prev0 e : ℕ) : Option (ℕ × ℕ × Col)
Dbms3.lean:952	def contrFind	def contrFind (p : Col) (A B : TrioSeq) (ps : ℕ × ℕ) (v s2 prev0 : ℕ) : Option (ℕ × ℕ × ℕ × Col)
Dbms3.lean:981	def conv3	def conv3 (M : TrioSeq) (d : ℕ) (L : List Lent) (F : List Bool) (ps pw : ℕ × ℕ) (first force : Bool) (st : St) (nx : Option Col) (off : ℕ) : TrioSeq × St
Dbms3.lean:1151	def convResid	def convResid (rest : TrioSeq) (rd : ℕ) (Lr : List Lent) (ps pw : ℕ × ℕ) (st : St) (nx : Option Col) (off : ℕ) : TrioSeq × St
Dbms3.lean:1174	def b2d3	def b2d3 (M : TrioSeq) : TrioSeq
Dbms3.lean:1690	def Dt	def Dt (a m : ℕ) : TrioSeq
Dbms3.lean:1693	def Ot	def Ot (a m : ℕ) : TrioSeq
Dbms3.lean:1698	theorem Dt_succ	theorem Dt_succ (a m : ℕ) : Dt a (m + 1) = (a, a, 1) :: Dt (a + 1) m
Dbms3.lean:1701	theorem Ot_succ	theorem Ot_succ (a m : ℕ) : Ot a (m + 1) = (a, a - 1, 1) :: Ot (a + 1) m
Dbms3.lean:1705	def STd	def STd : ℕ → List (ℕ × ℕ) | 0 => [(0, 0), (0, 0), (1, 0), (2, 1)] | (k + 1) => STd k ++ [(k + 3, 1)] /-- 尾の第 `k+2` 列を読む直前の段の表。長さは `k+2`。 -/ def Ld : ℕ → List Lent
Dbms3.lean:1710	def Ld	def Ld : ℕ → List Lent | 0 => [(1, 0, false, 0, 1), (2, 1, false, 2, 2)] | (k + 1) => Ld k ++ [(k + 3, 1, true, k + 3, k + 3)] theorem STd_len (k : ℕ) : (STd k).length = k + 4
Dbms3.lean:1714	theorem STd_len	theorem STd_len (k : ℕ) : (STd k).length = k + 4
Dbms3.lean:1719	theorem Ld_len	theorem Ld_len (k : ℕ) : (Ld k).length = k + 2
Dbms3.lean:1726	theorem Ld_trunc	theorem Ld_trunc (k : ℕ) : (Ld k).map lentTrunc = Ld k
Dbms3.lean:1731	theorem STd_take	theorem STd_take (k : ℕ) : (STd k).take (k + 4) = STd k
Dbms3.lean:1735	theorem Ld_take	theorem Ld_take (k : ℕ) : (Ld k).take (k + 2) = Ld k
Dbms3.lean:1739	theorem STd_rev	theorem STd_rev (k : ℕ) : ∃ R, (STd k).reverse = (k + 2, 1) :: R
Dbms3.lean:1745	theorem okPlace_STd	theorem okPlace_STd (k : ℕ) : okPlace (STd k) (k + 4) (k + 3) = true
Dbms3.lean:1751	theorem fit_STd	theorem fit_STd (k : ℕ) : fit (STd k) (k + 4) (k + 3) = some (k + 4)
Dbms3.lean:1760	def bLd	def bLd (k : ℕ) : Bool
Dbms3.lean:1762	theorem Lat_Ld	theorem Lat_Ld (k : ℕ) : Lat (Ld k) (k + 1) = (k + 2, 1, bLd k, k + 2, k + 2)
Dbms3.lean:1777	theorem padL_Ld	theorem padL_Ld (k : ℕ) : padL (Ld k) (k + 2) = Ld k
Dbms3.lean:1781	theorem getD_rep	theorem getD_rep (n : ℕ) : (List.replicate n false).getD n true = true
Dbms3.lean:1784	theorem take_rep	theorem take_rep (n : ℕ) : (List.replicate n false).take n ++ [false] = List.replicate (n + 1) false
Dbms3.lean:1789	theorem rep_app	theorem rep_app (n : ℕ) : List.replicate n false ++ [false] = List.replicate (n + 1) false
Dbms3.lean:1794	theorem Dt_takeWhile	theorem Dt_takeWhile : ∀ (m a b : ℕ), a < b → (Dt b m).takeWhile (fun q : ℕ × ℕ × ℕ => decide (a < q.1)) = Dt b m
Dbms3.lean:1803	theorem Dt_dropWhile	theorem Dt_dropWhile : ∀ (m a b : ℕ), a < b → (Dt b m).dropWhile (fun q : ℕ × ℕ × ℕ => decide (a < q.1)) = []
Dbms3.lean:1818	theorem STd_succ	theorem STd_succ (k : ℕ) : STd (k + 1) = STd k ++ [(k + 3, 1)]
Dbms3.lean:1820	theorem Ld_succ	theorem Ld_succ (k : ℕ) : Ld (k + 1) = Ld k ++ [(k + 3, 1, true, k + 3, k + 3)]
Dbms3.lean:1826	theorem conv3_tail_step	theorem conv3_tail_step (m k : ℕ) (st : St) (nx : Option Col) (off : ℕ) (h : st.ST = STd k) : conv3 (Dt (k + 2) (m + 1)) (k + 4) (Ld k) (List.replicate (k + 2) false) (k + 1, 1) (k + 2, 1) true false st nx off = ((k + 4, k + 3, 1) :: (conv3 (Dt (k + 3) m) (k + 5) (Ld (k + 1)) (List.replicate (k + 3) …
Dbms3.lean:1854	theorem conv3_tail	theorem conv3_tail (m : ℕ) : ∀ (k : ℕ) (st : St) (nx : Option Col) (off : ℕ), st.ST = STd k → (conv3 (Dt (k + 2) m) (k + 4) (Ld k) (List.replicate (k + 2) false) (k + 1, 1) (k + 2, 1) true false st nx off).1 = Ot (k + 4) m
Dbms3.lean:1875	theorem conv3_lvl0	theorem conv3_lvl0 (v : ℕ) (st : St) (nx : Option Col) (off : ℕ) (h : st.ST = []) : (conv3 ((0, 0, 0) :: Dt 1 v) 0 [] [] (0, 0) (0, 0) true false st nx off).1 = (0, 0, 0) :: (conv3 (Dt 1 v) 1 [(0, 0, true, 0, 0)] [false] (0, 0) (0, 0) true true ⟨[(0, 0)], 2, st.dmap.take 0 ++ [0], st.Mo, st.nc, st.r …
Dbms3.lean:1885	theorem conv3_lvl1	theorem conv3_lvl1 (m : ℕ) (st : St) (nx : Option Col) (off : ℕ) (h : st.ST = [(0, 0)]) : (conv3 (Dt 1 (m + 1)) 1 [(0, 0, true, 0, 0)] [false] (0, 0) (0, 0) true true st nx off).1 = (1, 0, 0) :: (2, 1, 0) :: (3, 2, 1) :: (conv3 (Dt 2 m) 4 (Ld 0) (List.replicate 2 false) (1, 1) (2, 1) true false ⟨STd …
Dbms3.lean:1895	theorem conv3_tail0	theorem conv3_tail0 (m : ℕ) (st : St) (nx : Option Col) (off : ℕ) (h : st.ST = STd 0) : (conv3 (Dt 2 m) 4 (Ld 0) (List.replicate 2 false) (1, 1) (2, 1) true false st nx off).1 = Ot 4 m
Dbms3.lean:1900	theorem mapDiag	theorem mapDiag : ∀ (n a : ℕ), 1 ≤ a → (List.range' a n).map (fun j : ℕ => (j, j, min j 1)) = Dt a n
Dbms3.lean:1910	theorem mapDD	theorem mapDD : ∀ (n a : ℕ), 3 ≤ a → (List.range' a n).map ddcolT = Ot a n
Dbms3.lean:1919	theorem diagSeqT_cons	theorem diagSeqT_cons (v : ℕ) : diagSeqT 0 v = (0, 0, 0) :: Dt 1 v
Dbms3.lean:1922	theorem ddiagSeqT_split	theorem ddiagSeqT_split (n : ℕ) : ddiagSeqT (n + 3) = (0, 0, 0) :: (1, 0, 0) :: (2, 1, 0) :: (3, 2, 1) :: Ot 4 n
Dbms3.lean:1928	theorem b2d3_diagSeqT	theorem b2d3_diagSeqT (v : ℕ) : b2d3 (diagSeqT 0 v) = if v = 0 then ddiagSeqT 0 else ddiagSeqT (v + 2)
Dbms3.lean:1944	theorem ConvDiagT3_b2d3	theorem ConvDiagT3_b2d3 : ConvDiagT3 Conv3.b2d3
Dbms3.lean:1952	theorem ST_D3_b2d3	theorem ST_D3_b2d3 (h2 : Wset.TowerGraft2) (he : Wset.TowerExp) (H : ReindexT1 Conv3.b2d3) {M : TrioSeq} (hM : ST_TS M) : ST_D3 (Conv3.b2d3 M)
Dbms3.lean:1994	def sle3	def sle3 (M N : TrioSeq) : Prop
Dbms3.lean:1996	theorem seqlex_irrefl	theorem seqlex_irrefl (M : TrioSeq) : ¬ seqlex M M
Dbms3.lean:2005	theorem ne_of_seqlex	theorem ne_of_seqlex {M N : TrioSeq} (h : seqlex M N) : M ≠ N
Dbms3.lean:2012	theorem seqlex_oper	theorem seqlex_oper {C : TrioSeq} {m : ℕ} (hb : blockok 0 C) (hL : 1 < C.length) (hm : 1 ≤ m) : seqlex (C⟦m⟧) C
Dbms3.lean:2030	def ImgClosedT3	def ImgClosedT3 (conv3 : TrioSeq → TrioSeq) : Prop
Dbms3.lean:2044	def OrderT3	def OrderT3 (conv3 : TrioSeq → TrioSeq) : Prop
Dbms3.lean:2058	def SandwichUT3	def SandwichUT3 (conv3 : TrioSeq → TrioSeq) : Prop
Dbms3.lean:2065	def SandwichLT3	def SandwichLT3 (conv3 : TrioSeq → TrioSeq) : Prop
Dbms3.lean:2070	def SandwichT3	def SandwichT3 (conv3 : TrioSeq → TrioSeq) : Prop
Dbms3.lean:2075	def ImgBlockT3	def ImgBlockT3 (conv3 : TrioSeq → TrioSeq) : Prop
Dbms3.lean:2080	def ImgLenT3	def ImgLenT3 (conv3 : TrioSeq → TrioSeq) : Prop
Dbms3.lean:2087	theorem ole_of_sle3	theorem ole_of_sle3 {conv3 : TrioSeq → TrioSeq} (hO : OrderT3 conv3) {M N : TrioSeq} (hM : ST_TS M) (hN : ST_TS N) (h : sle3 (conv3 M) (conv3 N)) : translate M ≤o translate N
Dbms3.lean:2102	theorem conv3_injective	theorem conv3_injective {conv3 : TrioSeq → TrioSeq} (hO : OrderT3 conv3) {M N : TrioSeq} (hM : ST_TS M) (hN : ST_TS N) (h : conv3 M = conv3 N) : M = N
Dbms3.lean:2124	def ImgCofinalT3	def ImgCofinalT3 (conv3 : TrioSeq → TrioSeq) : Prop
Dbms3.lean:2129	theorem ImgCofinalT3_of_ImgClosedT3	theorem ImgCofinalT3_of_ImgClosedT3 {conv3 : TrioSeq → TrioSeq} (h : ImgClosedT3 conv3) : ImgCofinalT3 conv3
Dbms3.lean:2156	def Inj3	def Inj3 (conv3 : TrioSeq → TrioSeq) : Prop
Dbms3.lean:2159	theorem inj3_of_orderT3	theorem inj3_of_orderT3 {conv3 : TrioSeq → TrioSeq} (hO : OrderT3 conv3) : Inj3 conv3
Dbms3.lean:2169	def OrderBackT3	def OrderBackT3 (conv3 : TrioSeq → TrioSeq) : Prop
Dbms3.lean:2175	theorem orderT3_of_orderBackT3	theorem orderT3_of_orderBackT3 {conv3 : TrioSeq → TrioSeq} (hj : Inj3 conv3) (hb : OrderBackT3 conv3) : OrderT3 conv3
Dbms3.lean:2189	def OrderReindexT3	def OrderReindexT3 (conv3 : TrioSeq → TrioSeq) : Prop
Dbms3.lean:2196	theorem orderReindexT3_of_orderT3	theorem orderReindexT3_of_orderT3 {conv3 : TrioSeq → TrioSeq} (hO : OrderT3 conv3) : OrderReindexT3 conv3
Dbms3.lean:2202	theorem ole_of_sle3'	theorem ole_of_sle3' {conv3 : TrioSeq → TrioSeq} {M N : TrioSeq} (hinj : conv3 M = conv3 N → M = N) (hrefl : seqlex (conv3 M) (conv3 N) → translate M <o translate N) (h : sle3 (conv3 M) (conv3 N)) : translate M ≤o translate N
Dbms3.lean:2216	def SandwichUReindexT3	def SandwichUReindexT3 (conv3 : TrioSeq → TrioSeq) : Prop
Dbms3.lean:2222	theorem sandwichUReindexT3_of_sandwichUT3	theorem sandwichUReindexT3_of_sandwichUT3 {conv3 : TrioSeq → TrioSeq} (hU : SandwichUT3 conv3) : SandwichUReindexT3 conv3
Dbms3.lean:2238	theorem ReindexT1_of_cofinal''	theorem ReindexT1_of_cofinal'' {conv3 : TrioSeq → TrioSeq} (hI : ImgCofinalT3 conv3) (hj : Inj3 conv3) (hO : OrderReindexT3 conv3) (hU : SandwichUReindexT3 conv3) (hb : ImgBlockT3 conv3) (hlen2 : ImgLenT3 conv3) : ReindexT1 conv3
Dbms3.lean:2253	theorem ReindexT1_of_cofinal'	theorem ReindexT1_of_cofinal' {conv3 : TrioSeq → TrioSeq} (hI : ImgCofinalT3 conv3) (hj : Inj3 conv3) (hO : OrderReindexT3 conv3) (hU : SandwichUT3 conv3) (hb : ImgBlockT3 conv3) (hlen2 : ImgLenT3 conv3) : ReindexT1 conv3
Dbms3.lean:2283	theorem ReindexT1_of_cofinal	theorem ReindexT1_of_cofinal {conv3 : TrioSeq → TrioSeq} (hI : ImgCofinalT3 conv3) (hO : OrderT3 conv3) (hU : SandwichUT3 conv3) (hb : ImgBlockT3 conv3) (hlen2 : ImgLenT3 conv3) : ReindexT1 conv3
Dbms3.lean:2318	theorem ReindexT1_of_sandwich	theorem ReindexT1_of_sandwich {conv3 : TrioSeq → TrioSeq} (hI : ImgClosedT3 conv3) (hO : OrderT3 conv3) (hS : SandwichT3 conv3) : ReindexT1 conv3
Dbms3.lean:2344	theorem ReindexT1_of_block	theorem ReindexT1_of_block {conv3 : TrioSeq → TrioSeq} (hI : ImgClosedT3 conv3) (hO : OrderT3 conv3) (hU : SandwichUT3 conv3) (hb : ImgBlockT3 conv3) (hlen2 : ImgLenT3 conv3) : ReindexT1 conv3
Dbms3.lean:2363	theorem ST_D3_conv3_of_parts	theorem ST_D3_conv3_of_parts (h2 : Wset.TowerGraft2) (he : Wset.TowerExp) {conv3 : TrioSeq → TrioSeq} (hI : ImgCofinalT3 conv3) (hO : OrderT3 conv3) (hU : SandwichUT3 conv3) (hb : ImgBlockT3 conv3) (hlen2 : ImgLenT3 conv3) (hd : ConvDiagT3 conv3) {M : TrioSeq} (hM : ST_TS M) : ST_D3 (conv3 M)
Dbms3.lean:2371	theorem ST_D3_conv3_of_parts'	theorem ST_D3_conv3_of_parts' (h2 : Wset.TowerGraft2) (he : Wset.TowerExp) {conv3 : TrioSeq → TrioSeq} (hI : ImgClosedT3 conv3) (hO : OrderT3 conv3) (hU : SandwichUT3 conv3) (hb : ImgBlockT3 conv3) (hlen2 : ImgLenT3 conv3) (hd : ConvDiagT3 conv3) {M : TrioSeq} (hM : ST_TS M) : ST_D3 (conv3 M)
Dbms3.lean:2384	theorem ST_D3_conv3_of_parts''	theorem ST_D3_conv3_of_parts'' (h2 : Wset.TowerGraft2) (he : Wset.TowerExp) {conv3 : TrioSeq → TrioSeq} (hI : ImgCofinalT3 conv3) (hj : Inj3 conv3) (hO : OrderReindexT3 conv3) (hU : SandwichUT3 conv3) (hb : ImgBlockT3 conv3) (hlen2 : ImgLenT3 conv3) (hd : ConvDiagT3 conv3) {M : TrioSeq} (hM : ST_TS  …
Dbms3.lean:2400	theorem ST_D3_conv3_of_parts'''	theorem ST_D3_conv3_of_parts''' (h2 : Wset.TowerGraft2) (he : Wset.TowerExp) {conv3 : TrioSeq → TrioSeq} (hI : ImgCofinalT3 conv3) (hj : Inj3 conv3) (hO : OrderReindexT3 conv3) (hU : SandwichUReindexT3 conv3) (hb : ImgBlockT3 conv3) (hlen2 : ImgLenT3 conv3) (hd : ConvDiagT3 conv3) {M : TrioSeq} (hM  …
Dbms3.lean:2409	def OrderReindexT3'	def OrderReindexT3' (conv3 : TrioSeq → TrioSeq) : Prop
Dbms3.lean:2414	theorem orderReindexT3'_of_orderReindexT3	theorem orderReindexT3'_of_orderReindexT3 {conv3 : TrioSeq → TrioSeq} (h : OrderReindexT3 conv3) : OrderReindexT3' conv3
Dbms3.lean:2420	theorem ReindexT1D_of_cofinal	theorem ReindexT1D_of_cofinal {conv3 : TrioSeq → TrioSeq} (hI : ImgCofinalT3 conv3) (hj : Inj3 conv3) (hO : OrderReindexT3' conv3) (hU : SandwichUReindexT3 conv3) (hb : ImgBlockT3 conv3) (hlen2 : ImgLenT3 conv3) : ReindexT1D conv3
Dbms3.lean:2433	theorem ST_D3_conv3_of_parts_D	theorem ST_D3_conv3_of_parts_D (wfD : WellFounded RD3) {conv3 : TrioSeq → TrioSeq} (hI : ImgCofinalT3 conv3) (hj : Inj3 conv3) (hO : OrderReindexT3' conv3) (hU : SandwichUReindexT3 conv3) (hb : ImgBlockT3 conv3) (hlen2 : ImgLenT3 conv3) (hd : ConvDiagT3 conv3) {M : TrioSeq} (hM : ST_TS M) : ST_D3 (c …
Dbms3.lean:2454	theorem TRIO_terminates_of_dbms_wf_parts	theorem TRIO_terminates_of_dbms_wf_parts (wfD : WellFounded RD3) {conv3 : TrioSeq → TrioSeq} (hI : ImgCofinalT3 conv3) (hj : Inj3 conv3) (hO : OrderReindexT3' conv3) (hU : SandwichUReindexT3 conv3) (hb : ImgBlockT3 conv3) (hlen2 : ImgLenT3 conv3) (hd : ConvDiagT3 conv3) : WellFounded stepRel
Dbms3.lean:2468	theorem conv3_ne_nil	theorem conv3_ne_nil (p : Col) (r : TrioSeq) (d : ℕ) (L : List Lent) (F : List Bool) (ps pw : ℕ × ℕ) (first force : Bool) (st : St) (nx : Option Col) (off : ℕ) : (conv3 (p :: r) d L F ps pw first force st nx off).1 ≠ []
Dbms3.lean:2477	theorem conv3_ne_nil'	theorem conv3_ne_nil' {M : TrioSeq} (hM : M ≠ []) (d : ℕ) (L : List Lent) (F : List Bool) (ps pw : ℕ × ℕ) (first force : Bool) (st : St) (nx : Option Col) (off : ℕ) : (conv3 M d L F ps pw first force st nx off).1 ≠ []
Dbms3.lean:2484	theorem two_le_app	theorem two_le_app (u v : TrioSeq) (z : Col) (w w' : TrioSeq) (h : w ≠ [] ∨ w' ≠ []) : 1 < ((u ++ v ++ [z]) ++ w ++ w').length
Dbms3.lean:2498	theorem eq_true_of_ite_some	theorem eq_true_of_ite_some {α : Type} {X : Bool} {Y : Option α} {Z : α} (h : (if X = true then Y else none) = some Z) : X = true
Dbms3.lean:2506	theorem conv3_len_two	theorem conv3_len_two (p : Col) (r : TrioSeq) (hr : r ≠ []) (d : ℕ) (L : List Lent) (F : List Bool) (ps pw : ℕ × ℕ) (first force : Bool) (st : St) (nx : Option Col) (off : ℕ) : 1 < (conv3 (p :: r) d L F ps pw first force st nx off).1.length
Dbms3.lean:2541	theorem ImgLenT3_b2d3	theorem ImgLenT3_b2d3 : ImgLenT3 Conv3.b2d3
Dbms3.lean:2561	theorem fitAux_bounds	theorem fitAux_bounds {ST : List (ℕ × ℕ)} {w : ℕ} : ∀ {k x y : ℕ}, fitAux ST w x k = some y → x ≤ y ∧ y < x + k
Dbms3.lean:2576	theorem fit_bounds	theorem fit_bounds {ST : List (ℕ × ℕ)} {d w y : ℕ} (hd : d ≤ ST.length) (h : fit ST d w = some y) : d ≤ y ∧ y ≤ ST.length
Dbms3.lean:2583	theorem fit_getD_bounds	theorem fit_getD_bounds {ST : List (ℕ × ℕ)} {d w e : ℕ} (hd : d ≤ ST.length) (he1 : d ≤ e) (he2 : e ≤ ST.length) : d ≤ (fit ST d w).getD e ∧ (fit ST d w).getD e ≤ ST.length
Dbms3.lean:2593	theorem len_take_app	theorem len_take_app {ST : List (ℕ × ℕ)} {d : ℕ} (hd : d ≤ ST.length) (x : ℕ × ℕ) : (ST.take d ++ [x]).length = d + 1
Dbms3.lean:2610	theorem depths_ok	theorem depths_ok {ST ST1 ST2 : List (ℕ × ℕ)} {d h1 e1 e2 base pl2 dd0 dd1 dd2 : ℕ} {pw : ℕ × ℕ} {lad0 lad1 : Bool} {cols : TrioSeq} (hd : d ≤ ST.length) (hST1 : ST1 = if lad0 then ST.take d ++ [(pw.1, pw.2)] else ST) (hdd0 : dd0 = if lad0 then d + 1 else (fit ST d h1).getD (max d ST.length)) (hST2  …
Dbms3.lean:2706	def BlkOK	def BlkOK (d : ℕ) (st : St) (res : TrioSeq × St) : Prop
Dbms3.lean:2723	theorem steps1_prefixT	theorem steps1_prefixT {A B : TrioSeq} (h : steps1 B) (hp : A <+: B) : steps1 A
Dbms3.lean:2727	theorem steps1_suffixT	theorem steps1_suffixT {A B : TrioSeq} (h : steps1 B) (hs : A <:+ B) : steps1 A
Dbms3.lean:2731	theorem steps1_takeT	theorem steps1_takeT {B : TrioSeq} (h : steps1 B) (n : ℕ) : steps1 (B.take n)
Dbms3.lean:2734	theorem steps1_dropT	theorem steps1_dropT {B : TrioSeq} (h : steps1 B) (n : ℕ) : steps1 (B.drop n)
Dbms3.lean:2737	theorem steps1_takeWhileT	theorem steps1_takeWhileT {B : TrioSeq} (h : steps1 B) (f : Col → Bool) : steps1 (B.takeWhile f)
Dbms3.lean:2741	theorem steps1_dropWhileT	theorem steps1_dropWhileT {B : TrioSeq} (h : steps1 B) (f : Col → Bool) : steps1 (B.dropWhile f)
Dbms3.lean:2745	theorem steps1_tailT	theorem steps1_tailT {B : TrioSeq} (h : steps1 B) : steps1 B.tail
Dbms3.lean:2766	def Dm10	def Dm10 (d m : ℕ) (st : St) : Prop
Dbms3.lean:2782	def Dm12	def Dm12 (m : ℕ) (st : St) (res : TrioSeq × St) : Prop
Dbms3.lean:2787	theorem getD_snoc_len	theorem getD_snoc_len {l : List ℕ} {x : ℕ} : (l ++ [x]).getD l.length 0 = x
Dbms3.lean:2792	theorem getD_snoc_lt	theorem getD_snoc_lt {l : List ℕ} {x k : ℕ} (hk : k < l.length) : (l ++ [x]).getD k 0 = l.getD k 0
Dbms3.lean:2800	theorem Dm10_of_take	theorem Dm10_of_take {d m dd2 : ℕ} {dmo : List ℕ} {st : St} (hres : st.dmap = dmo.take m ++ [dd2]) (hdd : d ≤ dd2) : Dm10 d m st
Dbms3.lean:2815	theorem Dm12_of_take	theorem Dm12_of_take {m dd2 : ℕ} {dmo : List ℕ} {st : St} {res : TrioSeq × St} (hst : st.dmap = dmo) (hres : res.2.dmap = dmo.take m ++ [dd2]) : Dm12 m st res
Dbms3.lean:2829	theorem Dm10_nil	theorem Dm10_nil {d m : ℕ} {st : St} (h : ∀ j, m ≤ j → j < st.dmap.length → d + (j - m) ≤ st.dmap.getD j 0) : Dm10 d m st
Dbms3.lean:2832	theorem Dm12_refl	theorem Dm12_refl {m : ℕ} {st : St} : Dm12 m st ([], st)
Dbms3.lean:2850	def Dm11	def Dm11 (d m : ℕ) (st : St) : Prop
Dbms3.lean:2858	theorem Dm10_mono_m	theorem Dm10_mono_m {d m m' : ℕ} {st : St} (hle : m' ≤ m) (h : Dm10 d m' st) : Dm10 d m st
Dbms3.lean:2868	theorem Dm10_shift	theorem Dm10_shift {d d' m m' : ℕ} {st : St} (hmm : d + m' ≤ d' + m) (h : Dm10 d' m' st) (hmid : ∀ j, m ≤ j → j < m' → j < st.dmap.length → d + (j - m) ≤ st.dmap.getD j 0) : Dm10 d m st
Dbms3.lean:2880	theorem Dm10_of_child'	theorem Dm10_of_child' {d dd2 m : ℕ} {st1 : St} {res : TrioSeq × St} (hdd : d ≤ dd2) (h : Dm10 (dd2 + 1) (m + 1) res.2) (h12 : Dm12 (m + 1) st1 res) (hst1 : st1.dmap.getD m 0 = dd2) (hlen1 : m < st1.dmap.length) : Dm10 d m res.2
Dbms3.lean:2901	theorem Dm10_of_child	theorem Dm10_of_child {d dd2 m : ℕ} {st1 : St} {res : TrioSeq × St} (hdd : d + 1 ≤ dd2) (h : Dm10 (dd2 + 1) (m + 1) res.2) (h12 : Dm12 (m + 1) st1 res) (hst1 : st1.dmap.getD m 0 = dd2) (hlen1 : m < st1.dmap.length) : Dm10 (d + 1) m res.2
Dbms3.lean:2914	theorem Dm12_app	theorem Dm12_app {m m' : ℕ} {st stm st' : St} {X Y : TrioSeq} (hle : m ≤ m') (hstm : m ≤ stm.dmap.length) (hX : Dm12 m st (X, stm)) (hY : Dm12 m' stm (Y, st')) : Dm12 m st (X ++ Y, st')
Dbms3.lean:2930	def DmOK	def DmOK (st : St) : Prop
Dbms3.lean:2933	theorem BlkOK_nil	theorem BlkOK_nil {d : ℕ} {st : St} (hd : d ≤ st.ST.length) (hdm : DmOK st) : BlkOK d st ([], st)
Dbms3.lean:2939	theorem getLastD_indep	theorem getLastD_indep {Y : TrioSeq} (hy : Y ≠ []) (a b : Col) : Y.getLastD a = Y.getLastD b
Dbms3.lean:2946	theorem getLastD_app	theorem getLastD_app {Y : TrioSeq} (hy : Y ≠ []) : ∀ (X : TrioSeq) (dd : Col), (X ++ Y).getLastD dd = Y.getLastD dd
Dbms3.lean:2959	theorem BlkOK_app	theorem BlkOK_app {d d' : ℕ} {st stm st' : St} {X Y : TrioSeq} (hdd : d ≤ d') (hX : BlkOK d st (X, stm)) (hY : BlkOK d' stm (Y, st')) : BlkOK d st (X ++ Y, st')
Dbms3.lean:3002	theorem BlkOK_mono	theorem BlkOK_mono {d d' : ℕ} {st : St} {res : TrioSeq × St} (h : d' ≤ d) (hb : BlkOK d st res) : BlkOK d' st res
Dbms3.lean:3008	theorem getLastD_snoc	theorem getLastD_snoc {α : Type} : ∀ (l : List α) (x dflt : α), (l ++ [x]).getLastD dflt = x | [], _, _ => rfl | a :: t, x, _ => by rw [List.cons_append, List.getLastD_cons]; exact getLastD_snoc t x a /-- 空でないリストの `getLastD` はそのリストの元。 -/
Dbms3.lean:3014	theorem getLastD_memT	theorem getLastD_memT {l : TrioSeq} (h : l ≠ []) (dflt : Col) : l.getLastD dflt ∈ l
Dbms3.lean:3020	theorem BlkOK_ST_ge	theorem BlkOK_ST_ge {d k : ℕ} {st : St} {res : TrioSeq × St} (h : BlkOK d st res) (hst : k ≤ st.ST.length) (hk : k ≤ d + 1) : k ≤ res.2.ST.length
Dbms3.lean:3035	theorem BlkOK_app'	theorem BlkOK_app' {d d' : ℕ} {st stm st' : St} {X Y : TrioSeq} (hfin : d ≤ st'.ST.length) (hlowY : ∀ c ∈ Y, d ≤ c.1) (hX : BlkOK d st (X, stm)) (hY : BlkOK d' stm (Y, st')) : BlkOK d st (X ++ Y, st')
Dbms3.lean:3079	theorem cols_blk	theorem cols_blk {ST ST1 ST2 : List (ℕ × ℕ)} {d h1 e1 e2 base pl2 dd0 dd1 dd2 prv nc : ℕ} {pw : ℕ × ℕ} {lad0 lad1 : Bool} {cols : TrioSeq} {st : St} {dm : List ℕ} {Mo : TrioSeq} {rcl : List (ℕ × ℕ)} (hd : d ≤ st.ST.length) (hSTe : ST = st.ST) (hST1 : ST1 = if lad0 then ST.take d ++ [(pw.1, pw.2)] el …
Dbms3.lean:3110	theorem depths_le	theorem depths_le {ST ST1 ST2 : List (ℕ × ℕ)} {d h1 e1 base pl2 dd0 dd1 dd2 : ℕ} {pw : ℕ × ℕ} {lad0 lad1 : Bool} (hd : d ≤ ST.length) (hST1 : ST1 = if lad0 then ST.take d ++ [(pw.1, pw.2)] else ST) (hdd0 : dd0 = if lad0 then d + 1 else (fit ST d h1).getD (max d ST.length)) (hST2 : ST2 = if lad1 then …
Dbms3.lean:3123	theorem fit_getD_ge	theorem fit_getD_ge {ST : List (ℕ × ℕ)} (d w : ℕ) : d ≤ (fit ST d w).getD d
Dbms3.lean:3134	theorem depths_le_lad0	theorem depths_le_lad0 {ST ST2 : List (ℕ × ℕ)} {d h1 e1 dd0 dd1 dd2 : ℕ} {lad0 lad1 : Bool} (hl0 : lad0 = true) (hdd0 : dd0 = if lad0 then d + 1 else (fit ST d h1).getD (max d ST.length)) (hdd1 : dd1 = if lad1 then dd0 + 1 else dd0) (hdd2 : dd2 = if okPlace ST2 dd1 e1 then dd1 else (fit ST2 dd1 e1). …
Dbms3.lean:3149	theorem getD_last	theorem getD_last {dm : List ℕ} : dm.getD (dm.length - 1) 0 = dm.getLastD 0
Dbms3.lean:3163	theorem dmapAt_bounds	theorem dmapAt_bounds {dm : List ℕ} {k n d : ℕ} (hne : dm ≠ []) (hlast : dm.getLastD 0 + 1 = n) (hd : d + 1 ≤ n) (hk : k ≤ dm.length) (hin : k + 1 < dm.length → d ≤ dm.getD k 0 ∧ dm.getD k 0 ≤ n) : d ≤ dmapAt dm k ∧ dmapAt dm k ≤ n
Dbms3.lean:3206	theorem contrOne_q_eq	theorem contrOne_q_eq {p : Col} {A B : TrioSeq} {ps : ℕ × ℕ} {v s2 prev0 e kU kp : ℕ} {na : Col} (h : contrOne p A B ps v s2 prev0 e = some (kU, kp, na)) : ((B.drop kU).headD (0, 0, 0)).1 = p.1
Dbms3.lean:3230	theorem contrFind_q_eq	theorem contrFind_q_eq {p : Col} {A B : TrioSeq} {ps : ℕ × ℕ} {v s2 prev0 e kU kp : ℕ} {na : Col} (h : contrFind p A B ps v s2 prev0 = some (e, kU, kp, na)) : ((B.drop kU).headD (0, 0, 0)).1 = p.1
Dbms3.lean:3252	theorem contrFind_e_le	theorem contrFind_e_le {p : Col} {A B : TrioSeq} {ps : ℕ × ℕ} {v s2 prev0 e kU kp : ℕ} {na : Col} (h : contrFind p A B ps v s2 prev0 = some (e, kU, kp, na)) : e ≤ 1
Dbms3.lean:3264	theorem cond_of_ite_some	theorem cond_of_ite_some {α : Type} {b : Bool} {X : Option α} {w : α} (h : (if b = true then X else none) = some w) : b = true
Dbms3.lean:3271	theorem ite_some_pair	theorem ite_some_pair {α : Type} {b : Bool} {X : Option α} {u w : α} (h : (if b = true then X else some u) = some w) : X = some w ∨ u = w
Dbms3.lean:3278	theorem ite_some_none	theorem ite_some_none {α : Type} {b : Bool} {u w : α} (h : (if b = true then some u else none) = some w) : u = w
Dbms3.lean:3289	theorem rd_bounds	theorem rd_bounds {d e k n : ℕ} {dm : List ℕ} {c : Prop} [Decidable c] (he : e ≤ 1) (hn2 : d + 2 ≤ n) (hne : dm ≠ []) (hlast : dm.getLastD 0 + 1 = n) (hk : ¬ c → k ≤ dm.length) (hin : ¬ c → k + 1 < dm.length → d ≤ dm.getD k 0 ∧ dm.getD k 0 ≤ n) : d ≤ (if c then d + 1 + e else dmapAt dm k) ∧ (if c th …
Dbms3.lean:3302	theorem blk_contr	theorem blk_contr {d dd2 nc' : ℕ} {st st1 stA stU stR stB : St} {cols A1 U1 R1 B1 : TrioSeq} (hddd : d + 1 ≤ dd2) (hst1 : dd2 + 1 ≤ st1.ST.length) (hst1ne : st1.dmap ≠ []) (hcols : BlkOK d st (cols, st1)) (hA : BlkOK (dd2 + 1) st1 (A1, stA)) (hU : d + 1 ≤ stA.ST.length → DmOK stA → BlkOK (d + 1) stA …
Dbms3.lean:3337	def BlkLo	def BlkLo (M : TrioSeq) : Prop
Dbms3.lean:3342	theorem headI_takeWhile	theorem headI_takeWhile {f : Col → Bool} {l : TrioSeq} (h : l.takeWhile f ≠ []) : (l.takeWhile f).headI = l.headI
Dbms3.lean:3353	theorem takeWhile_head_true	theorem takeWhile_head_true {f : Col → Bool} {l : TrioSeq} (h : l.takeWhile f ≠ []) : f l.headI = true
Dbms3.lean:3364	theorem takeWhile_head_eq	theorem takeWhile_head_eq {p : Col} {r : TrioSeq} (hs : steps1 (p :: r)) (h : r.takeWhile (fun q => decide (p.1 < q.1)) ≠ []) : ((r.takeWhile (fun q => decide (p.1 < q.1))).headI).1 = p.1 + 1
Dbms3.lean:3380	theorem headI_eq_headD	theorem headI_eq_headD (l : TrioSeq) : l.headI = l.headD (0, 0, 0)
Dbms3.lean:3384	theorem takeWhile_blkLo	theorem takeWhile_blkLo {p : Col} {r : TrioSeq} (hs : steps1 (p :: r)) : BlkLo (r.takeWhile (fun q => decide (p.1 < q.1)))
Dbms3.lean:3394	theorem headD_memT	theorem headD_memT {l : TrioSeq} (h : l ≠ []) (x : Col) : l.headD x ∈ l
Dbms3.lean:3401	theorem dropWhile_headD_false	theorem dropWhile_headD_false {f : Col → Bool} : ∀ (l : TrioSeq) (x : Col), l.dropWhile f ≠ [] → f ((l.dropWhile f).headD x) = false
Dbms3.lean:3417	theorem dropWhile_headD_le	theorem dropWhile_headD_le {r : TrioSeq} {a : ℕ} {x : Col} (h : (r.dropWhile (fun q => decide (a < q.1))) ≠ []) : ((r.dropWhile (fun q => decide (a < q.1))).headD x).1 ≤ a
Dbms3.lean:3425	theorem dropWhile_head_eq	theorem dropWhile_head_eq {p : Col} {r : TrioSeq} (hlo : BlkLo (p :: r)) (h : r.dropWhile (fun q => decide (p.1 < q.1)) ≠ []) : ((r.dropWhile (fun q => decide (p.1 < q.1))).headI).1 = p.1
Dbms3.lean:3441	theorem dropWhile_blkLo	theorem dropWhile_blkLo {p : Col} {r : TrioSeq} (hlo : BlkLo (p :: r)) : BlkLo (r.dropWhile (fun q => decide (p.1 < q.1)))
Dbms3.lean:3453	theorem blkLo_take	theorem blkLo_take {l : TrioSeq} (h : BlkLo l) (k : ℕ) : BlkLo (l.take k)
Dbms3.lean:3470	theorem deepGe_take_ge	theorem deepGe_take_ge {a : ℕ} : ∀ (rs : TrioSeq), ∀ x ∈ rs.take (deepGe a rs), a ≤ x.1 | [], x, hx => by simp [deepGe] at hx | (q :: r), x, hx => by
Dbms3.lean:3484	theorem blkLo_take_deepGe	theorem blkLo_take_deepGe {c : Col} {rs : TrioSeq} : BlkLo ((c :: rs).take (1 + deepGe c.1 rs))
Dbms3.lean:3496	theorem head_eq_of_le_of_ge	theorem head_eq_of_le_of_ge {L : TrioSeq} {a : ℕ} {x : Col} (hall : ∀ c ∈ L, a ≤ c.1) (hne : L ≠ []) (hle : (L.headD x).1 ≤ a) : (L.headD x).1 = a
Dbms3.lean:3503	theorem blkLo_of_le	theorem blkLo_of_le {L : TrioSeq} {a : ℕ} (hall : ∀ c ∈ L, a ≤ c.1) (hhd : L ≠ [] → (L.headI).1 ≤ a) : BlkLo L
Dbms3.lean:3510	theorem deepGe_head_lt	theorem deepGe_head_lt {a : ℕ} : ∀ (rs : TrioSeq) (x : Col), rs.drop (deepGe a rs) ≠ [] → ((rs.drop (deepGe a rs)).headD x).1 < a | [], _, h => by simp [deepGe] at h | q :: r, x, h => by
Dbms3.lean:3537	theorem resid_blk	theorem resid_blk {NN d : ℕ} (IH : ∀ (M' : TrioSeq), M'.length ≤ NN → steps1 M' → BlkLo M' → ∀ (d' : ℕ) (L' : List Lent) (F' : List Bool) (ps' pw' : ℕ × ℕ) (f1 f2 : Bool) (st' : St) (nx' : Option Col) (off' : ℕ), d' ≤ st'.ST.length → DmOK st' → BlkOK d' st' (conv3 M' d' L' F' ps' pw' f1 f2 st' nx' o …
Dbms3.lean:3612	theorem blk_step	theorem blk_step (p : Col) (r : TrioSeq) (d : ℕ) (L : List Lent) (F : List Bool) (ps pw : ℕ × ℕ) (first force : Bool) (st : St) (nx : Option Col) (off : ℕ) (hd : d ≤ st.ST.length) (hst1s : steps1 (p :: r)) (hblo : BlkLo (p :: r)) (IH : ∀ (M' : TrioSeq), M'.length ≤ r.length → steps1 M' → BlkLo M' →  …
Dbms3.lean:3759	def DmKeep	def DmKeep (m : ℕ) (st st' : St) : Prop
Dbms3.lean:3763	theorem DmKeep_refl	theorem DmKeep_refl {m : ℕ} {st : St} : DmKeep m st st
Dbms3.lean:3767	theorem DmKeep_trans	theorem DmKeep_trans {m : ℕ} {a b c : St} (h1 : DmKeep m a b) (h2 : DmKeep m b c) : DmKeep m a c
Dbms3.lean:3775	theorem DmKeep_take	theorem DmKeep_take {m j : ℕ} {st st1 : St} (hst1 : ∃ dd2, st1.dmap = st.dmap.take j ++ [dd2]) (hj : m ≤ j) : DmKeep m st st1
Dbms3.lean:3788	theorem Dm12_of_DmKeep	theorem Dm12_of_DmKeep {m : ℕ} {st : St} {res : TrioSeq × St} (h : DmKeep m st res.2) : Dm12 m st res
Dbms3.lean:3792	theorem mem_le_of_sublist	theorem mem_le_of_sublist {m : ℕ} {X Y : TrioSeq} (hX : X.Sublist Y) (h : ∀ c ∈ Y, m ≤ c.1) : ∀ c ∈ X, m ≤ c.1
Dbms3.lean:3810	theorem dmKeep_step	theorem dmKeep_step (p : Col) (r : TrioSeq) (m d : ℕ) (L : List Lent) (F : List Bool) (ps pw : ℕ × ℕ) (first force : Bool) (st : St) (nx : Option Col) (off : ℕ) (hm : ∀ c ∈ p :: r, m ≤ c.1) (IH : ∀ (M' : TrioSeq), M'.length ≤ r.length → (∀ c ∈ M', m ≤ c.1) → ∀ (d' : ℕ) (L' : List Lent) (F' : List Bo …
Dbms3.lean:3849	theorem dmKeep_resid	theorem dmKeep_resid {NN m : ℕ} (IH : ∀ (M' : TrioSeq), M'.length ≤ NN → (∀ c ∈ M', m ≤ c.1) → ∀ (d' : ℕ) (L' : List Lent) (F' : List Bool) (ps' pw' : ℕ × ℕ) (f1 f2 : Bool) (st' : St) (nx' : Option Col) (off' : ℕ), DmKeep m st' (conv3 M' d' L' F' ps' pw' f1 f2 st' nx' off').2) : ∀ (n : ℕ) (rest : Tr …
Dbms3.lean:3885	theorem dmKeep_aux	theorem dmKeep_aux (m : ℕ) : ∀ (n : ℕ) (M : TrioSeq), M.length ≤ n → (∀ c ∈ M, m ≤ c.1) → ∀ (d : ℕ) (L : List Lent) (F : List Bool) (ps pw : ℕ × ℕ) (first force : Bool) (st : St) (nx : Option Col) (off : ℕ), DmKeep m st (conv3 M d L F ps pw first force st nx off).2
Dbms3.lean:3911	theorem dmKeep_holds	theorem dmKeep_holds {m : ℕ} (M : TrioSeq) (hmm : ∀ c ∈ M, m ≤ c.1) (d : ℕ) (L : List Lent) (F : List Bool) (ps pw : ℕ × ℕ) (first force : Bool) (st : St) (nx : Option Col) (off : ℕ) : DmKeep m st (conv3 M d L F ps pw first force st nx off).2
Dbms3.lean:3942	theorem depths_le_lo	theorem depths_le_lo {ST ST2 : List (ℕ × ℕ)} {d h1 e1 dd0 dd1 dd2 : ℕ} {lad0 lad1 : Bool} (hdd0 : dd0 = if lad0 then d + 1 else (fit ST d h1).getD (max d ST.length)) (hdd1 : dd1 = if lad1 then dd0 + 1 else dd0) (hdd2 : dd2 = if okPlace ST2 dd1 e1 then dd1 else (fit ST2 dd1 e1).getD dd1) : d ≤ dd2
Dbms3.lean:3966	theorem getD_take_snoc	theorem getD_take_snoc {dm : List ℕ} {j x : ℕ} (hj : j ≤ dm.length) : (dm.take j ++ [x]).getD j 0 = x
Dbms3.lean:3972	theorem len_take_snoc	theorem len_take_snoc {dm : List ℕ} {j x : ℕ} (hj : j ≤ dm.length) : (dm.take j ++ [x]).length = j + 1
Dbms3.lean:3977	theorem dmKeep_lt	theorem dmKeep_lt {m k : ℕ} {st st' : St} (h : DmKeep m st st') (hk : k < m) (hkl : k < st.dmap.length) : k < st'.dmap.length
Dbms3.lean:3980	theorem dmKeep_le	theorem dmKeep_le {m : ℕ} {st st' : St} (h : DmKeep m st st') (hm : m ≤ st.dmap.length) : m ≤ st'.dmap.length
Dbms3.lean:3987	theorem headI_take	theorem headI_take {l : TrioSeq} {n : ℕ} (h : l.take n ≠ []) : (l.take n).headI = l.headI
Dbms3.lean:3997	theorem dm10_vac	theorem dm10_vac {d j : ℕ} {st : St} (h : st.dmap.length ≤ j) : Dm10 d j st
Dbms3.lean:4001	theorem dmKeep_resid_holds	theorem dmKeep_resid_holds {m : ℕ} (rest : TrioSeq) (hmm : ∀ c ∈ rest, m ≤ c.1) (rd : ℕ) (Lr : List Lent) (ps pw : ℕ × ℕ) (st : St) (nx : Option Col) (off : ℕ) : DmKeep m st (convResid rest rd Lr ps pw st nx off).2
Dbms3.lean:4008	theorem dm10_congr	theorem dm10_congr {d j : ℕ} {st st' : St} (h : Dm10 d j st) (hd : st'.dmap = st.dmap) : Dm10 d j st'
Dbms3.lean:4015	theorem dm10_step	theorem dm10_step (p : Col) (r : TrioSeq) (d : ℕ) (L : List Lent) (F : List Bool) (ps pw : ℕ × ℕ) (first force : Bool) (st : St) (nx : Option Col) (off : ℕ) (hs1 : steps1 (p :: r)) (hblo : BlkLo (p :: r)) (hlen : p.1 ≤ st.dmap.length) (IH : ∀ (M' : TrioSeq), M'.length ≤ r.length → steps1 M' → ∀ (m'  …
Dbms3.lean:4183	theorem dm10_resid	theorem dm10_resid {NN : ℕ} (IH : ∀ (M' : TrioSeq), M'.length ≤ NN → steps1 M' → ∀ (m' d' : ℕ), (∀ c ∈ M', m' ≤ c.1) → (M' ≠ [] → (M'.headI).1 = m') → ∀ (L' : List Lent) (F' : List Bool) (ps' pw' : ℕ × ℕ) (f1 f2 : Bool) (st' : St) (nx' : Option Col) (off' : ℕ), m' ≤ st'.dmap.length → (M' = [] → Dm10 …
Dbms3.lean:4290	theorem dm10_weak	theorem dm10_weak {d m : ℕ} {st : St} (h : Dm10 (d + 1) m st) : Dm10 d m st
Dbms3.lean:4295	theorem resid_rd_lb	theorem resid_rd_lb {rest : TrioSeq} {st' : St} {m d rd e : ℕ} (hne : rest ≠ []) (hmem : ∀ c ∈ rest, m + 1 ≤ c.1) (hhd : (rest.headI).1 ≤ st'.dmap.length) (hpre : Dm10 (d + 1) m st') (hrd : rd = if rest = [] ∨ (rest.headD (0, 0, 0)).1 = m + 1 then d + 1 + e else dmapAt st'.dmap ((rest.headD (0, 0, 0 …
Dbms3.lean:4346	theorem resid_rd_lb'	theorem resid_rd_lb' {rest : TrioSeq} {st' : St} {m d rd e : ℕ} (hne : rest ≠ []) (hmem : ∀ c ∈ rest, m + 1 ≤ c.1) (hhd : (rest.headI).1 ≤ st'.dmap.length + 1) (hpre : Dm10 (d + 1) m st') (hrd : rd = if rest = [] ∨ (rest.headD (0, 0, 0)).1 = m + 1 then d + 1 + e else dmapAt st'.dmap ((rest.headD (0, …
Dbms3.lean:4430	def ResidHeadT	def ResidHeadT : Prop
Dbms3.lean:4435	theorem dm10_aux	theorem dm10_aux (hhdT : ResidHeadT) : ∀ (n : ℕ) (M : TrioSeq), M.length ≤ n → steps1 M → ∀ (m d : ℕ), (∀ c ∈ M, m ≤ c.1) → (M ≠ [] → (M.headI).1 = m) → ∀ (L : List Lent) (F : List Bool) (ps pw : ℕ × ℕ) (first force : Bool) (st : St) (nx : Option Col) (off : ℕ), m ≤ st.dmap.length → (M = [] → Dm10 d …
Dbms3.lean:4473	theorem dm10_holds	theorem dm10_holds (hhdT : ResidHeadT) {m d : ℕ} (M : TrioSeq) (hs1 : steps1 M) (hmem : ∀ c ∈ M, m ≤ c.1) (hhd : M ≠ [] → (M.headI).1 = m) (L : List Lent) (F : List Bool) (ps pw : ℕ × ℕ) (first force : Bool) (st : St) (nx : Option Col) (off : ℕ) (hlen : m ≤ st.dmap.length) (hpre : M = [] → Dm10 d m  …
Dbms3.lean:4520	def BlkInv	def BlkInv : Prop
Dbms3.lean:4547	def DmapInT	def DmapInT : Prop
Dbms3.lean:4562	def ResidSideT	def ResidSideT : Prop
Dbms3.lean:4572	theorem dm10_at_U	theorem dm10_at_U (hhdT : ResidHeadT) {p : Col} {A U : TrioSeq} {d dd2 : ℕ} {st st1 : St} {LA LU : List Lent} {FA FU : List Bool} {psA pwA psU pwU : ℕ × ℕ} {f1A f2A f1U f2U : Bool} {nxA nxU : Option Col} {oa ou : ℕ} (hst1 : st1.dmap = st.dmap.take p.1 ++ [dd2]) (hdd : d + 1 ≤ dd2) (hlen : p.1 ≤ st.d …
Dbms3.lean:4606	theorem conv3_via_st1	theorem conv3_via_st1 (p : Col) (r : TrioSeq) (d : ℕ) (L : List Lent) (F : List Bool) (ps pw : ℕ × ℕ) (first force : Bool) (st : St) (nx : Option Col) (off : ℕ) (hmr : ∀ c ∈ r, p.1 ≤ c.1) : ∃ (dd2 : ℕ) (st1 : St), st1.dmap = st.dmap.take p.1 ++ [dd2] ∧ d ≤ dd2 ∧ DmKeep p.1 st1 (conv3 (p :: r) d L F  …
Dbms3.lean:4630	theorem dmFirst_of	theorem dmFirst_of {p : Col} {r : TrioSeq} {d : ℕ} {L : List Lent} {F : List Bool} {ps pw : ℕ × ℕ} {first force : Bool} {st : St} {nx : Option Col} {off : ℕ} (hmr : ∀ c ∈ r, p.1 ≤ c.1) (hout : st.dmap.length < p.1) (hin : st.dmap.length < (conv3 (p :: r) d L F ps pw first force st nx off).2.dmap.len …
Dbms3.lean:4660	def DmST	def DmST (st : St) : Prop
Dbms3.lean:4664	def ResidSideR	def ResidSideR : Prop
Dbms3.lean:4675	theorem residSideR_holds	theorem residSideR_holds : ResidSideR
Dbms3.lean:4687	def DmapInR	def DmapInR : Prop
Dbms3.lean:4700	theorem dmapInR_holds	theorem dmapInR_holds : DmapInR
Dbms3.lean:4742	def StOK	def StOK (d : ℕ) (st : St) : Prop
Dbms3.lean:4744	theorem StOK_mono	theorem StOK_mono {d d' : ℕ} {st : St} (h : d ≤ d') (hs : StOK d' st) : StOK d st
Dbms3.lean:4747	theorem dm11_mono	theorem dm11_mono {d d' m : ℕ} {st : St} (h : d ≤ d') (hs : Dm11 d m st) : Dm11 d' m st
Dbms3.lean:4750	theorem getD_take_lt	theorem getD_take_lt {l : List ℕ} {j k : ℕ} (hk : k < j) : (l.take j).getD k 0 = l.getD k 0
Dbms3.lean:4759	theorem dm11_keep	theorem dm11_keep {d m : ℕ} {st st' : St} (hm : m ≤ st.dmap.length) (h : Dm11 d m st) (hk : DmKeep m st st') : Dm11 d m st'
Dbms3.lean:4767	theorem dmST_st1	theorem dmST_st1 {d dd2 j : ℕ} {st st1 : St} {ST2 : List (ℕ × ℕ)} {x : ℕ × ℕ} (hdmap : st1.dmap = st.dmap.take j ++ [dd2]) (hST : st1.ST = ST2.take dd2 ++ [x]) (hdd2 : dd2 ≤ ST2.length) (hd : d ≤ dd2) (hj : j ≤ st.dmap.length) (h11 : Dm11 d j st) : StOK (dd2 + 1) st1
Dbms3.lean:4788	theorem dm11_st1	theorem dm11_st1 {d dd2 j : ℕ} {st st1 : St} (hdmap : st1.dmap = st.dmap.take j ++ [dd2]) (hd : d ≤ dd2) (hj : j ≤ st.dmap.length) (h11 : Dm11 d j st) : Dm11 (dd2 + 1) (j + 1) st1
Dbms3.lean:4805	theorem dm11_st1'	theorem dm11_st1' {d dd2 j : ℕ} {st st1 : St} (hdmap : st1.dmap = st.dmap.take j ++ [dd2]) (hj : j ≤ st.dmap.length) (h11 : Dm11 d j st) : Dm11 d j st1
Dbms3.lean:4816	theorem dmST_step	theorem dmST_step (p : Col) (r : TrioSeq) (d : ℕ) (L : List Lent) (F : List Bool) (ps pw : ℕ × ℕ) (first force : Bool) (st : St) (nx : Option Col) (off : ℕ) (hs1 : steps1 (p :: r)) (hblo : BlkLo (p :: r)) (hlen : p.1 ≤ st.dmap.length) (hst : StOK d st) (h11 : Dm11 d p.1 st) (IH : ∀ (M' : TrioSeq), M …
Dbms3.lean:5028	theorem blkInv_aux	theorem blkInv_aux (h2 : DmapInT) (h3 : ResidSideT) : ∀ (n : ℕ) (M : TrioSeq), M.length ≤ n → steps1 M → BlkLo M → ∀ (d : ℕ) (L : List Lent) (F : List Bool) (ps pw : ℕ × ℕ) (first force : Bool) (st : St) (nx : Option Col) (off : ℕ), d ≤ st.ST.length → DmOK st → BlkOK d st (conv3 M d L F ps pw first  …
Dbms3.lean:5059	theorem blkInv_of	theorem blkInv_of (h2 : DmapInT) (h3 : ResidSideT) : BlkInv
Dbms3.lean:5071	theorem ImgBlockT3_of_BlkInv	theorem ImgBlockT3_of_BlkInv (h : Conv3.BlkInv) : ImgBlockT3 Conv3.b2d3
Dbms3.lean:5095	theorem ImgBlockT3_of_resid	theorem ImgBlockT3_of_resid (h2 : Conv3.DmapInT) (h3 : Conv3.ResidSideT) : ImgBlockT3 Conv3.b2d3
Dbms3.lean:5131	def ReadT3	def ReadT3 (read3 : TrioSeq → Three) (conv3 : TrioSeq → TrioSeq) : Prop
Dbms3.lean:5135	def ImgDokT3	def ImgDokT3 (dok : TrioSeq → Prop) (conv3 : TrioSeq → TrioSeq) : Prop
Dbms3.lean:5139	def ReadLexT3	def ReadLexT3 (read3 : TrioSeq → Three) (dok : TrioSeq → Prop) : Prop
Dbms3.lean:5145	theorem OrderT3_of_read	theorem OrderT3_of_read {read3 : TrioSeq → Three} {dok : TrioSeq → Prop} {conv3 : TrioSeq → TrioSeq} (hr : ReadT3 read3 conv3) (hk : ImgDokT3 dok conv3) (hx : ReadLexT3 read3 dok) : OrderT3 conv3
Dbms3.lean:5247	def SeqEmbT3	def SeqEmbT3 (conv3 : TrioSeq → TrioSeq) : Prop
Dbms3.lean:5251	theorem OrderT3_iff_seqemb	theorem OrderT3_iff_seqemb {conv3 : TrioSeq → TrioSeq} : OrderT3 conv3 ↔ SeqEmbT3 conv3
DbmsSheet.lean:38	def runLen	def runLen (p : ℕ × ℕ) : PairSeq → ℕ | [] => 0 | q :: r => if q.1 = p.1 + 1 ∧ q.2 = p.2 + 1 then runLen q r + 1 else 0 /-- 連の頂上。 -/ def runTop (p : ℕ × ℕ) : PairSeq → ℕ × ℕ
DbmsSheet.lean:43	def runTop	def runTop (p : ℕ × ℕ) : PairSeq → ℕ × ℕ | [] => p | q :: r => if q.1 = p.1 + 1 ∧ q.2 = p.2 + 1 then runTop q r else p /-- 連は先頭からの**接頭辞**である。あとで `seqlex` との整合を示すときに効く。 -/ theorem runLen_le (p : ℕ × ℕ) (l : PairSeq) : runLen p l ≤ l.length
DbmsSheet.lean:48	theorem runLen_le	theorem runLen_le (p : ℕ × ℕ) (l : PairSeq) : runLen p l ≤ l.length
DbmsSheet.lean:66	def sibLen	def sibLen (t : ℕ × ℕ) : PairSeq → ℕ | [] => 0 | q :: r => if q.1 = t.1 ∧ q.2 = t.2 then sibLen t r + 1 else 0 /-- 長さの上界（停止性に使う）。 -/ theorem argLen_le (a : ℕ) (l : PairSeq) : argLen a l ≤ l.length
DbmsSheet.lean:71	theorem argLen_le	theorem argLen_le (a : ℕ) (l : PairSeq) : argLen a l ≤ l.length
DbmsSheet.lean:79	theorem sibLen_le	theorem sibLen_le (t : ℕ × ℕ) (l : PairSeq) : sibLen t l ≤ l.length
DbmsSheet.lean:87	theorem deepLen_le	theorem deepLen_le (a : ℕ) (l : PairSeq) : deepLen a l ≤ l.length
DbmsSheet.lean:96	def runList	def runList (p : ℕ × ℕ) : PairSeq → PairSeq | [] => [] | q :: r => if q.1 = p.1 + 1 ∧ q.2 = p.2 + 1 then q :: runList q r else [] theorem runList_length (p : ℕ × ℕ) (l : PairSeq) : (runList p l).length ≤ l.length
DbmsSheet.lean:100	theorem runList_length	theorem runList_length (p : ℕ × ℕ) (l : PairSeq) : (runList p l).length ≤ l.length
DbmsSheet.lean:116	def transDF	def transDF : ℕ → PairSeq → Bool → ℕ → Three | _, [], _, _ => Z | 0, _, _, _ => Z | Nat.succ fuel, p :: rest, first, plev => let k
DbmsSheet.lean:145	def chainDF	def chainDF : ℕ → PairSeq → Three → PairSeq → ℕ → Three | _, [], node, _, _ => node | 0, _, node, _, _ => node | Nat.succ fuel, [c], node, rest, plev => P c.2 node (transDF fuel rest false plev) | Nat.succ fuel, c :: cs, node, rest, plev =>
DbmsSheet.lean:158	def transD	def transD (l : PairSeq) : Three
DbmsStd.lean:53	theorem ole_refl	theorem ole_refl (x : Three) : x ≤o x
DbmsStd.lean:55	theorem ole_trans	theorem ole_trans {x y z : Three} (hxy : x ≤o y) (hyz : y ≤o z) : x ≤o z
DbmsStd.lean:60	theorem ole_olt_trans	theorem ole_olt_trans {x y z : Three} (hxy : x ≤o y) (hyz : y <o z) : x <o z
DbmsStd.lean:68	theorem not_olt_len_one	theorem not_olt_len_one {M A : PairSeq} (hM : ST_PS M) (hA : A.length ≤ 1) (hAst : ST_PS A) (h : translate M <o translate A) : False
DbmsStd.lean:87	theorem diag_cofinal	theorem diag_cofinal {M : PairSeq} (hM : ST_PS M) : ∃ v, translate M ≤o translate (diagSeq 0 v)
DbmsStd.lean:101	theorem unitsLen_snoc	theorem unitsLen_snoc {p c : ℕ × ℕ} (hc : ¬ (p.1 < c.1)) (hcp : ¬ (c = p)) : ∀ (n : ℕ) (B : PairSeq), B.length ≤ n → unitsLen p (B ++ [c]) = unitsLen p B
DbmsStd.lean:129	theorem contrLen_snoc	theorem contrLen_snoc {p : ℕ × ℕ} {B A : PairSeq} {k : ℕ} (hk : k = unitsLen p B) (hkle : k ≤ B.length) (hp1 : 0 < p.2) (hpc : p.2 ≤ p.1) : (contrLen p (B ++ [((0, 0) : ℕ × ℕ)]) k A = match contrLen p B k A with | none => none | some (rest2, Bq) => some (rest2, Bq ++ [((0, 0) : ℕ × ℕ)]))
DbmsStd.lean:173	theorem convC_snoc_zero	theorem convC_snoc_zero : ∀ (n : ℕ) (M : PairSeq), M.length ≤ n → colOK M → ∀ (d plev : ℕ) (first force : Bool), convC (M ++ [((0, 0) : ℕ × ℕ)]) d plev first force = convC M d plev first force ++ [((d, 0) : ℕ × ℕ)]
DbmsStd.lean:260	theorem oper_snoc_zero	theorem oper_snoc_zero {M : PairSeq} (hM : M ≠ []) (n : ℕ) : (M ++ [((0, 0) : ℕ × ℕ)])⟦n⟧ = M
DbmsStd.lean:279	theorem reindexD_succ	theorem reindexD_succ {M : PairSeq} (hM : M ≠ []) (hc : colOK M) (m n : ℕ) : (conC (M ++ [((0, 0) : ℕ × ℕ)]))⟦m⟧ = conC ((M ++ [((0, 0) : ℕ × ℕ)])⟦n⟧)
DbmsStd.lean:290	theorem reindexD_succ_shape	theorem reindexD_succ_shape {M : PairSeq} (hM : M ≠ []) (hc : colOK M) (n : ℕ) : ∃ m n' : ℕ, 1 ≤ m ∧ n ≤ n' ∧ (conC (M ++ [((0, 0) : ℕ × ℕ)]))⟦m⟧ = conC ((M ++ [((0, 0) : ℕ × ℕ)])⟦n'⟧)
DbmsStd.lean:298	theorem getLastD_append_cases	theorem getLastD_append_cases {A B : PairSeq} (dflt : ℕ × ℕ) : (A ++ B).getLastD dflt = if B = [] then A.getLastD dflt else B.getLastD dflt
DbmsStd.lean:305	theorem convC_getLast_level	theorem convC_getLast_level : ∀ (n : ℕ) (M : PairSeq), M.length ≤ n → ∀ (d plev : ℕ) (first force : Bool), ((convC M d plev first force).getLastD (0, 0)).2 = (M.getLastD (0, 0)).2
DbmsStd.lean:416	theorem conC_getLast_level	theorem conC_getLast_level (M : PairSeq) : ((conC M).getLastD (0, 0)).2 = (M.getLastD (0, 0)).2
DbmsStd.lean:421	theorem entry_last	theorem entry_last {M : PairSeq} : entry M 1 (M.length - 1) = (M.getLastD (0, 0)).2
DbmsStd.lean:424	theorem entry_last0	theorem entry_last0 {M : PairSeq} : entry M 0 (M.length - 1) = (M.getLastD (0, 0)).1
DbmsStd.lean:427	theorem entry_zero0	theorem entry_zero0 {M : PairSeq} : entry M 0 0 = (M.headI).1
DbmsStd.lean:434	theorem idx1_conC	theorem idx1_conC (M : PairSeq) : idx1 (conC M) ((conC M).length - 1) = idx1 M (M.length - 1)
DbmsStd.lean:440	theorem getLastD_mem	theorem getLastD_mem {l : PairSeq} (h : l ≠ []) (dflt : ℕ × ℕ) : l.getLastD dflt ∈ l
DbmsStd.lean:445	theorem convC_length_ge_two	theorem convC_length_ge_two {M : PairSeq} (h : 1 < M.length) (d plev : ℕ) (first force : Bool) : 1 < (convC M d plev first force).length
DbmsStd.lean:478	theorem conC_length_ge_two	theorem conC_length_ge_two {M : PairSeq} (h : 1 < M.length) : 1 < (conC M).length
DbmsStd.lean:484	theorem convC_plev	theorem convC_plev : ∀ (n : ℕ) (L : PairSeq), L.length ≤ n → ∀ (d plev plev' : ℕ) (force force' : Bool), convC L d plev false force = convC L d plev' false force'
DbmsStd.lean:509	theorem convC_run	theorem convC_run (p : ℕ × ℕ) (R rest : PairSeq) (hR : ∀ c ∈ R, p.1 < c.1) (hrest : rest = [] ∨ ¬ (p.1 < (rest.headI).1)) (d plev : ℕ) : ∀ n : ℕ, convC ((List.replicate n (p :: R)).flatten ++ rest) d plev false false = (List.replicate n ((ddOf p.2 d plev false false, p.2) :: convC R (ddOf p.2 d plev …
DbmsStd.lean:539	theorem flatMap_const	theorem flatMap_const (L : PairSeq) : ∀ n : ℕ, (List.range n).flatMap (fun _ => L) = (List.replicate n L).flatten
DbmsStd.lean:549	theorem oper_repeat	theorem oper_repeat {M : PairSeq} (n : ℕ) (hL : M.length - 1 ≠ 0) (hz : ¬ (entry M 0 (M.length - 1) = 0 ∧ entry M 1 (M.length - 1) = 0)) (hp : hasParent M (idx1 M (M.length - 1)) (M.length - 1)) (h0 : idx1 M (M.length - 1) = 0) : M⟦n⟧ = M.take (parent M (idx1 M (M.length - 1)) (M.length - 1)) ++ (Li …
DbmsStd.lean:563	theorem convC_force	theorem convC_force {L : PairSeq} {d plev : ℕ} (h : d ≤ plev + 1) (force force' : Bool) : convC L d plev true force = convC L d plev true force'
DbmsStd.lean:590	theorem conC_run_top	theorem conC_run_top (R : PairSeq) (hR : ∀ c ∈ R, 0 < c.1) : ∀ n : ℕ, conC ((List.replicate n (((0, 0) : ℕ × ℕ) :: R)).flatten) = (List.replicate n (((0, 0) : ℕ × ℕ) :: convC R 1 0 true false)).flatten
DbmsStd.lean:623	theorem range_append_range'	theorem range_append_range' (j0 m : ℕ) : List.range j0 ++ List.range' j0 m = List.range (j0 + m)
DbmsStd.lean:628	theorem range'_map_entry	theorem range'_map_entry (M : PairSeq) {j0 j1 : ℕ} (h0 : j0 ≤ j1) (h1 : j1 ≤ M.length) : (List.range' j0 (j1 - j0)).map (fun j => ((entry M 0 j : ℕ), (entry M 1 j : ℕ))) = (M.take j1).drop j0
DbmsStd.lean:639	theorem oper_one	theorem oper_one {M : PairSeq} (hL : 1 < M.length) : M⟦1⟧ = M.dropLast
DbmsStd.lean:666	theorem convC_getLast_ge	theorem convC_getLast_ge {M : PairSeq} (hM : M ≠ []) (d plev : ℕ) (first force : Bool) : d ≤ ((convC M d plev first force).getLastD (0, 0)).1
DbmsStd.lean:673	theorem convC_getLast_depth	theorem convC_getLast_depth : ∀ (n : ℕ) (M : PairSeq), M.length ≤ n → ∀ (bd d plev : ℕ) (first force : Bool), blockok bd M → bd < (M.getLastD (0, 0)).1 → d < ((convC M d plev first force).getLastD (0, 0)).1
DbmsStd.lean:809	theorem hasParent_append_of_parent_ge	theorem hasParent_append_of_parent_ge (A T : PairSeq) {i j1 : ℕ} (hp : hasParent (A ++ T) i (A.length + j1)) (hge : A.length ≤ parent (A ++ T) i (A.length + j1)) : hasParent T i j1 ∧ parent (A ++ T) i (A.length + j1) = A.length + parent T i j1
DbmsStd.lean:833	theorem nextrel0_ge	theorem nextrel0_ge {N : PairSeq} {j0 j1 k : ℕ} (h : nextrel0 N j0 j1) (hk : k < j1) (hlt : entry N 0 k < entry N 0 j1) : k ≤ j0
DbmsStd.lean:841	theorem nextrel1_ge	theorem nextrel1_ge {N : PairSeq} {j0 j1 k : ℕ} (h : nextrel1 N j0 j1) (hk : le0 N k j1) (hlt : entry N 1 k < entry N 1 j1) : k ≤ j0
DbmsStd.lean:850	theorem parent_ge_of_shallow	theorem parent_ge_of_shallow {N : PairSeq} {i j1 k : ℕ} (hp : hasParent N i j1) (hk0 : i = 0 → k < j1 ∧ entry N 0 k < entry N 0 j1) (hk1 : i ≠ 0 → le0 N k j1 ∧ entry N 1 k < entry N 1 j1) : k ≤ parent N i j1
DbmsStd.lean:866	theorem parent_ge_of_witness	theorem parent_ge_of_witness (A T : PairSeq) {i j1 j0' : ℕ} (hp : hasParent (A ++ T) i (A.length + j1)) (hw : nextR T i j0' j1) : A.length ≤ parent (A ++ T) i (A.length + j1)
DbmsStd.lean:876	theorem oper_append_of_parent_ge	theorem oper_append_of_parent_ge (A T : PairSeq) (n : ℕ) (hT : 2 ≤ T.length) (hz : ¬ (entry T 0 (T.length - 1) = 0 ∧ entry T 1 (T.length - 1) = 0)) (hp : hasParent (A ++ T) (idx1 T (T.length - 1)) (A.length + (T.length - 1))) (hge : A.length ≤ parent (A ++ T) (idx1 T (T.length - 1)) (A.length + (T.l …
DbmsStd.lean:909	theorem oper_append_of_witness	theorem oper_append_of_witness (A T : PairSeq) (n : ℕ) (hT : 2 ≤ T.length) (hz : ¬ (entry T 0 (T.length - 1) = 0 ∧ entry T 1 (T.length - 1) = 0)) (hp : hasParent (A ++ T) (idx1 T (T.length - 1)) (A.length + (T.length - 1))) {j0' : ℕ} (hw : nextR T (idx1 T (T.length - 1)) j0' (T.length - 1)) : (A ++  …
DbmsStd.lean:919	theorem exists_greatest_lt	theorem exists_greatest_lt {P : ℕ → Prop} : ∀ (j : ℕ), (∃ i, i < j ∧ P i) → ∃ i, i < j ∧ P i ∧ ∀ i', i < i' → i' < j → ¬ P i'
DbmsStd.lean:942	theorem entry_cons_succ	theorem entry_cons_succ (c : ℕ × ℕ) (R : PairSeq) (i j : ℕ) : entry (c :: R) i (j + 1) = entry R i j
DbmsStd.lean:948	theorem le0_head	theorem le0_head {c : ℕ × ℕ} {R : PairSeq} (hR : ∀ x ∈ R, c.1 < x.1) : ∀ (j : ℕ), j < (c :: R).length → le0 (c :: R) 0 j
DbmsStd.lean:977	theorem oper_append_of_shallow0	theorem oper_append_of_shallow0 (A T : PairSeq) (n : ℕ) (hT : 2 ≤ T.length) (hz : ¬ (entry T 0 (T.length - 1) = 0 ∧ entry T 1 (T.length - 1) = 0)) (hi : idx1 T (T.length - 1) = 0) (hp : hasParent (A ++ T) (idx1 T (T.length - 1)) (A.length + (T.length - 1))) {k : ℕ} (hk : k < T.length - 1) (hlt : ent …
DbmsStd.lean:992	theorem oper_append_of_shallow1	theorem oper_append_of_shallow1 (A T : PairSeq) (n : ℕ) (hT : 2 ≤ T.length) (hz : ¬ (entry T 0 (T.length - 1) = 0 ∧ entry T 1 (T.length - 1) = 0)) (hi : idx1 T (T.length - 1) ≠ 0) (hp : hasParent (A ++ T) (idx1 T (T.length - 1)) (A.length + (T.length - 1))) {k : ℕ} (hk : le0 T k (T.length - 1)) (hlt …
DbmsStd.lean:1008	theorem convC_head_shallow	theorem convC_head_shallow {B : PairSeq} (hB : B ≠ []) {bd d plev : ℕ} (hb : blockok bd B) (hbd : bd < (B.getLastD (0, 0)).1) (hhd : ((convC B d plev false false).headI).1 = d) : entry (convC B d plev false false) 0 0 < entry (convC B d plev false false) 0 ((convC B d plev false false).length - 1)
DbmsStd.lean:1018	theorem convC_exists_shallow	theorem convC_exists_shallow : ∀ (n : ℕ) (B : PairSeq), B.length ≤ n → ∀ (bd d plev : ℕ), blockok bd B → colOK B → descOK B → bd ≤ d → bd < (B.getLastD (0, 0)).1 → ∃ k, k < (convC B d plev false false).length - 1 ∧ entry (convC B d plev false false) 0 k < entry (convC B d plev false false) 0 ((convC …
DbmsStd.lean:1148	theorem oper_append_convC	theorem oper_append_convC (A B : PairSeq) (n : ℕ) {bd d plev : ℕ} (hb : blockok bd B) (hc : colOK B) (hdo : descOK B) (hbd : bd ≤ d) (hlast : bd < (B.getLastD (0, 0)).1) (hT : 2 ≤ (convC B d plev false false).length) (hz : ¬ (entry (convC B d plev false false) 0 ((convC B d plev false false).length  …
DbmsStd.lean:1166	theorem hasParent0_of_exists	theorem hasParent0_of_exists {M : PairSeq} {j1 : ℕ} (hj : j1 < M.length) (h : ∃ i, i < j1 ∧ entry M 0 i < entry M 0 j1) : hasParent M 0 j1
DbmsStd.lean:1193	theorem convC_single	theorem convC_single (c : ℕ × ℕ) (d plev : ℕ) : convC [c] d plev false false = [(ddOf c.2 d plev false false, c.2)]
DbmsStd.lean:1199	theorem convC_dropLast_singleton	theorem convC_dropLast_singleton (p c : ℕ × ℕ) (A : PairSeq) (d plev : ℕ) (first force : Bool) (hA : ∀ x ∈ A, p.1 < x.1) (hc : ¬ (p.1 < c.1)) : convC (p :: (A ++ [c])) d plev first force = convC (p :: A) d plev first force ++ [(ddOf c.2 d p.2 false false, c.2)]
DbmsStd.lean:1236	theorem dropLast_cons_ne	theorem dropLast_cons_ne {α : Type*} {a : α} {l : List α} (h : l ≠ []) : (a :: l).dropLast = a :: l.dropLast
DbmsStd.lean:1243	theorem convC_dropLast_arg	theorem convC_dropLast_arg (p : ℕ × ℕ) (A : PairSeq) (d plev : ℕ) (first force : Bool) (hA : ∀ x ∈ A, p.1 < x.1) (hAne : A ≠ []) (ih : ∀ (dA : ℕ) (fo : Bool), convC (A.dropLast) dA p.2 true fo = (convC A dA p.2 true fo).dropLast) : convC (p :: A.dropLast) d plev first force = (convC (p :: A) d plev  …
DbmsStd.lean:1273	theorem convC_dropLast_tail	theorem convC_dropLast_tail (p : ℕ × ℕ) (A B : PairSeq) (d plev : ℕ) (first force : Bool) (hA : ∀ x ∈ A, p.1 < x.1) (hBne : B ≠ []) (hBd : B.dropLast ≠ []) (hBh : ¬ (p.1 < (B.headI).1)) (hnl : ladOf p.2 d plev first force = false) (ih : convC (B.dropLast) d p.2 false false = (convC B d p.2 false fal …
DbmsStd.lean:1301	theorem convC_dropLast_contr	theorem convC_dropLast_contr (p : ℕ × ℕ) (A B : PairSeq) (d plev : ℕ) (first force : Bool) (hA : ∀ x ∈ A, p.1 < x.1) (hBh : B = [] ∨ ¬ (p.1 < (B.headI).1)) (hl : ladOf p.2 d plev first force = true) {rest2 Bq : PairSeq} (hcc : contrLen p B (unitsLen p B) A = some (rest2, Bq)) (hBqne : Bq ≠ [])
DbmsStd.lean:1398	theorem convC_dropLast_lad_none	theorem convC_dropLast_lad_none (p : ℕ × ℕ) (A B : PairSeq) (d plev : ℕ) (first force : Bool) (hA : ∀ x ∈ A, p.1 < x.1) (hBne : B ≠ []) (hBd : B.dropLast ≠ []) (hBh : ¬ (p.1 < (B.headI).1)) (hl : ladOf p.2 d plev first force = true) (hc1 : contrLen p B (unitsLen p B) A = none) (hc2 : contrLen p (B.d …
DbmsStd.lean:1428	theorem convC_dropLast_contr2	theorem convC_dropLast_contr2 (p : ℕ × ℕ) (A B : PairSeq) (d plev : ℕ) (first force : Bool) (hA : ∀ x ∈ A, p.1 < x.1) (hBh : B = [] ∨ ¬ (p.1 < (B.headI).1)) (hl : ladOf p.2 d plev first force = true) {rest2 : PairSeq} (hcc : contrLen p B (unitsLen p B) A = some (rest2, [])) (hrd : rest2.dropLast ≠ [ …
DbmsStd.lean:1522	theorem translate_append_le	theorem translate_append_le (C : PairSeq) : ∀ D : PairSeq, translate C ≤o translate (C ++ D)
DbmsStd.lean:1532	theorem oper_mono	theorem oper_mono {M : PairSeq} {n n' : ℕ} (h : n ≤ n') : translate (M⟦n⟧) ≤o translate (M⟦n'⟧)
DbmsStd.lean:1568	def ReindexD	def ReindexD : Prop
DbmsStd.lean:1578	theorem ST_D_descend	theorem ST_D_descend (H : ReindexD) : ∀ A : PairSeq, ST_PS A → ST_D (conC A) → ∀ M : PairSeq, ST_PS M → translate M ≤o translate A → ST_D (conC M)
DbmsStd.lean:1611	theorem ST_D_conC	theorem ST_D_conC (H : ReindexD) {M : PairSeq} (hM : ST_PS M) : ST_D (conC M)
DbmsStd.lean:1630	theorem hasParent_last_append	theorem hasParent_last_append (G T : PairSeq) (hT : T ≠ []) (h : hasParent T (idx1 T (T.length - 1)) (T.length - 1)) : hasParent (G ++ T) (idx1 (G ++ T) ((G ++ T).length - 1)) ((G ++ T).length - 1)
DbmsStd.lean:1656	theorem noParent_suffix	theorem noParent_suffix {M T : PairSeq} (hT : T ≠ []) (hs : T <:+ M) (h : ¬ hasParent M (idx1 M (M.length - 1)) (M.length - 1)) : ¬ hasParent T (idx1 T (T.length - 1)) (T.length - 1)
DbmsStd.lean:1665	def contrOK	def contrOK (M : PairSeq) : Prop
DbmsStd.lean:1671	theorem drop_append_len	theorem drop_append_len (T : PairSeq) : ∀ (G : PairSeq) (t : ℕ), (G ++ T).drop (t + G.length) = T.drop t
DbmsStd.lean:1682	theorem contrOK_suffix	theorem contrOK_suffix {M T : PairSeq} (hs : T <:+ M) (h : contrOK M) : contrOK T
DbmsStd.lean:1691	theorem convC_single_ne	theorem convC_single_ne (c : ℕ × ℕ) (d plev : ℕ) (first force : Bool) (h : ¬ (c.2 = plev + 1)) : convC [c] d plev first force = [(ddOf c.2 d plev first force, c.2)]
DbmsStd.lean:1700	theorem convC_dropLast_arg_single	theorem convC_dropLast_arg_single (p c : ℕ × ℕ) (d plev : ℕ) (first force : Bool) (hpc : p.1 < c.1) (hne : ¬ (c.2 = p.2 + 1)) : convC [p] d plev first force = (convC (p :: [c]) d plev first force).dropLast
DbmsStd.lean:1725	theorem convC_dropLast_arg'	theorem convC_dropLast_arg' (p : ℕ × ℕ) (A : PairSeq) (d plev : ℕ) (first force : Bool) (hA : ∀ x ∈ A, p.1 < x.1) (hAne : A ≠ []) (ih1 : convC (A.dropLast) (d + 2) p.2 true false = (convC A (d + 2) p.2 true false).dropLast) (ih2 : convC (A.dropLast) (ddOf p.2 d plev first force + 1) p.2 true (first  …
DbmsStd.lean:1760	theorem contrLen_dropLast_none	theorem contrLen_dropLast_none (p : ℕ × ℕ) (A B : PairSeq) (h : contrLen p B (unitsLen p B) A = none) : contrLen p (B.dropLast) (unitsLen p (B.dropLast)) A = none
DbmsStd.lean:1862	theorem getLastD_snoc	theorem getLastD_snoc (G : PairSeq) (x dflt : ℕ × ℕ) : (G ++ [x]).getLastD dflt = x
DbmsStd.lean:1866	theorem split_takeWhile	theorem split_takeWhile (p : ℕ × ℕ) (r : PairSeq) : ∃ A B : PairSeq, A ++ B = r ∧ (∀ x ∈ A, p.1 < x.1) ∧ (B = [] ∨ ¬ (p.1 < (B.headI).1))
DbmsStd.lean:1877	theorem convC_dropLast_noParent_aux	theorem convC_dropLast_noParent_aux : ∀ (n : ℕ) (M : PairSeq), M.length ≤ n → 1 < M.length → ∀ (d plev : ℕ) (first force : Bool), contrOK M → ¬ hasParent M (idx1 M (M.length - 1)) (M.length - 1) → convC (M.dropLast) d plev first force = (convC M d plev first force).dropLast
DbmsStd.lean:2053	theorem convC_dropLast_noParent	theorem convC_dropLast_noParent : ∀ (n : ℕ) (M : PairSeq), M.length ≤ n → 1 < M.length → ∀ (bd d plev : ℕ) (first force : Bool), blockok bd M → colOK M → descOK M → bd ≤ d → contrOK M → ¬ hasParent M (idx1 M (M.length - 1)) (M.length - 1) → convC (M.dropLast) d plev first force = (convC M d plev fir …
DbmsStd.lean:2062	theorem reindexD_noParent	theorem reindexD_noParent {M : PairSeq} (n : ℕ) (hL : 1 < M.length) (hco : contrOK M) (hz : ¬ (entry M 0 (M.length - 1) = 0 ∧ entry M 1 (M.length - 1) = 0)) (hnp : ¬ hasParent M (idx1 M (M.length - 1)) (M.length - 1)) : ∃ m n' : ℕ, 1 ≤ m ∧ n ≤ n' ∧ (conC M)⟦m⟧ = conC (M⟦n'⟧)
DbmsStd.lean:2085	theorem rtg_lt_of_floor	theorem rtg_lt_of_floor {M : PairSeq} {g bd : ℕ} (hlow : ∀ i, i < g → bd ≤ entry M 0 i) (hpiv : entry M 0 g = bd) : ∀ {b c}, Relation.ReflTransGen (nextrel0 M) b c → b < g → c < g
DbmsStd.lean:2105	theorem le0_ge_of_append	theorem le0_ge_of_append {G T : PairSeq} {bd : ℕ} (hTne : T ≠ []) (hlowG : ∀ c ∈ G, bd ≤ c.1) (hhead : (T.headI).1 = bd) {k j : ℕ} (h : le0 (G ++ T) k j) (hj : G.length ≤ j) : G.length ≤ k
DbmsStd.lean:2122	theorem convC_entry_last	theorem convC_entry_last (M : PairSeq) (d plev : ℕ) (first force : Bool) : entry (convC M d plev first force) 1 ((convC M d plev first force).length - 1) = entry M 1 (M.length - 1)
DbmsStd.lean:2128	theorem shallow1_step	theorem shallow1_step {G T C Y : PairSeq} (hT : T ≠ []) (hY : Y ≠ []) {k : ℕ} (hkge : G.length ≤ k) (hk1 : le0 (G ++ T) k ((G ++ T).length - 1)) (hk2 : entry (G ++ T) 1 k < entry (G ++ T) 1 ((G ++ T).length - 1)) (hrec : ∀ k0, le0 T k0 (T.length - 1) → entry T 1 k0 < entry T 1 (T.length - 1) → ∃ k', …
DbmsStd.lean:2151	theorem shallow1_headw	theorem shallow1_headw {cols X : PairSeq} (hne : cols ≠ []) (hdeep : ∀ x ∈ cols.tail ++ X, (cols.headI).1 < x.1) (hlt : (cols.headI).2 < entry (cols ++ X) 1 ((cols ++ X).length - 1)) : ∃ k', le0 (cols ++ X) k' ((cols ++ X).length - 1) ∧ entry (cols ++ X) 1 k' < entry (cols ++ X) 1 ((cols ++ X).lengt …
DbmsStd.lean:2168	theorem shallow1_nil	theorem shallow1_nil {p : ℕ × ℕ} {A cols X : PairSeq} (hne : cols ≠ []) (hlv : (cols.headI).2 ≤ p.2) (hdeep : ∀ x ∈ cols.tail ++ X, (cols.headI).1 < x.1) (hlast : entry (cols ++ X) 1 ((cols ++ X).length - 1) = entry (p :: A) 1 ((p :: A).length - 1)) (hXne : A ≠ [] → X ≠ [])
DbmsStd.lean:2199	theorem convC_exists_shallow1	theorem convC_exists_shallow1 : ∀ (n : ℕ) (B : PairSeq), B.length ≤ n → ∀ (bd d plev : ℕ) (first force : Bool), blockok bd B → (∃ k, le0 B k (B.length - 1) ∧ entry B 1 k < entry B 1 (B.length - 1)) → ∃ k', le0 (convC B d plev first force) k' ((convC B d plev first force).length - 1) ∧ entry (convC B …
DbmsStd.lean:2528	theorem exists_shallow1_of_hasParent	theorem exists_shallow1_of_hasParent {B : PairSeq} (h : hasParent B 1 (B.length - 1)) : ∃ k, le0 B k (B.length - 1) ∧ entry B 1 k < entry B 1 (B.length - 1)
DbmsStd.lean:2540	theorem oper_append_convC1	theorem oper_append_convC1 (A B : PairSeq) (n : ℕ) {bd d plev : ℕ} {first force : Bool} (hb : blockok bd B) (hw : ∃ k, le0 B k (B.length - 1) ∧ entry B 1 k < entry B 1 (B.length - 1)) (hT : 2 ≤ (convC B d plev first force).length) (hz : ¬ (entry (convC B d plev first force) 0 ((convC B d plev first  …
DbmsStd.lean:2559	theorem oper_append_convC1'	theorem oper_append_convC1' (A B : PairSeq) (n : ℕ) {bd d plev : ℕ} {first force : Bool} (hb : blockok bd B) (hpB : hasParent B 1 (B.length - 1)) (hT : 2 ≤ (convC B d plev first force).length) (hz : ¬ (entry (convC B d plev first force) 0 ((convC B d plev first force).length - 1) = 0 ∧ entry (convC  …
DbmsStd.lean:2588	theorem entry_of_mem	theorem entry_of_mem {L : PairSeq} {c : ℕ × ℕ} (h : c ∈ L) : ∃ i, i < L.length ∧ entry L 0 i = c.1
DbmsStd.lean:2597	theorem getLastD_cons_ne	theorem getLastD_cons_ne (a : ℕ × ℕ) {l : PairSeq} (h : l ≠ []) (dflt : ℕ × ℕ) : (a :: l).getLastD dflt = l.getLastD dflt
DbmsStd.lean:2606	theorem convC_getLast_min	theorem convC_getLast_min : ∀ (n : ℕ) (M : PairSeq), M.length ≤ n → M ≠ [] → (∀ c ∈ M, (M.getLastD (0, 0)).1 ≤ c.1) → (M.getLastD (0, 0)).2 = 0 → ∀ (d plev : ℕ) (first force : Bool), ((convC M d plev first force).getLastD (0, 0)).1 = d
DbmsStd.lean:2738	theorem oper_repeat_root	theorem oper_repeat_root {M : PairSeq} (n : ℕ) (hL : 1 < M.length) (hlev : entry M 1 (M.length - 1) = 0) (hnr : nextrel0 M 0 (M.length - 1)) : M⟦n⟧ = (List.replicate n M.dropLast).flatten
DbmsStd.lean:2763	theorem conC_cons_zero	theorem conC_cons_zero {L : PairSeq} (hL : ∀ c ∈ L, 0 < c.1) : conC (((0, 0) : ℕ × ℕ) :: L) = ((0, 0) : ℕ × ℕ) :: convC L 1 0 true false
DbmsStd.lean:2779	theorem reindexD_node0	theorem reindexD_node0 {M : PairSeq} (n : ℕ) (hL : 1 < M.length) (hco : contrOK M) (hhd : M.headI = ((0, 0) : ℕ × ℕ)) (hlev : entry M 1 (M.length - 1) = 0) (hnr : nextrel0 M 0 (M.length - 1)) : (conC M)⟦n⟧ = conC (M⟦n⟧)
DbmsStd.lean:2894	theorem reindexD_node0_shape	theorem reindexD_node0_shape {M : PairSeq} (n : ℕ) (hn : 1 ≤ n) (hL : 1 < M.length) (hco : contrOK M) (hhd : M.headI = ((0, 0) : ℕ × ℕ)) (hlev : entry M 1 (M.length - 1) = 0) (hnr : nextrel0 M 0 (M.length - 1)) : ∃ m n' : ℕ, 1 ≤ m ∧ n ≤ n' ∧ (conC M)⟦m⟧ = conC (M⟦n'⟧)
DbmsStd.lean:2911	theorem noParent_arg_node1	theorem noParent_arg_node1 {M A : PairSeq} (hMA : M = ((0, 0) : ℕ × ℕ) :: A) (hAne : A ≠ []) (hlev : 0 < entry M 1 (M.length - 1)) (hnr : nextrel1 M 0 (M.length - 1)) : ¬ hasParent A (idx1 A (A.length - 1)) (A.length - 1)
DbmsStd.lean:2948	theorem convC_dropLast_node1	theorem convC_dropLast_node1 {M A : PairSeq} (hMA : M = ((0, 0) : ℕ × ℕ) :: A) (hA2 : 1 < A.length) (hco : contrOK M) (hlev : 0 < entry M 1 (M.length - 1)) (hnr : nextrel1 M 0 (M.length - 1)) : convC (A.dropLast) 1 0 true false = (convC A 1 0 true false).dropLast
DbmsStd.lean:2958	theorem conC_dropLast_node1	theorem conC_dropLast_node1 {M A : PairSeq} (hMA : M = ((0, 0) : ℕ × ℕ) :: A) (hA2 : 1 < A.length) (hco : contrOK M) (hA0 : ∀ c ∈ A, 0 < c.1) (hlev : 0 < entry M 1 (M.length - 1)) (hnr : nextrel1 M 0 (M.length - 1)) : conC (M.dropLast) = (conC M).dropLast
DbmsStd.lean:2983	theorem getLastD_of_drop_snoc	theorem getLastD_of_drop_snoc {M : PairSeq} {t : ℕ} {x dflt : ℕ × ℕ} (h : ∃ Z : PairSeq, M.drop t = Z ++ [x]) : M.getLastD dflt = x
DbmsStd.lean:2993	theorem snoc_of_drop	theorem snoc_of_drop {p q x : ℕ × ℕ} {A B pre : PairSeq} {k : ℕ} (hB : B.drop k = q :: (pre ++ [x])) : p :: (A ++ B) = (p :: (A ++ (B.take k ++ (q :: pre)))) ++ [x]
DbmsStd.lean:3000	theorem contr_single_getLast	theorem contr_single_getLast {M : PairSeq} {t : ℕ} {p x : ℕ × ℕ} {r : PairSeq} (ht : M.drop t = p :: r) (hc : contrLen p (r.dropWhile fun q => p.1 < q.1) (unitsLen p (r.dropWhile fun q => p.1 < q.1)) (r.takeWhile fun q => p.1 < q.1) = some ([x], [])) : M.getLastD (0, 0) = x
DbmsStd.lean:3027	theorem contrOK_of_last_zero	theorem contrOK_of_last_zero {M : PairSeq} (h : entry M 1 (M.length - 1) = 0) : contrOK M
DbmsStd.lean:3034	theorem headI_zero_of_ST	theorem headI_zero_of_ST {M : PairSeq} (hM : ST_PS M) (hne : M ≠ []) : M.headI = ((0, 0) : ℕ × ℕ)
DbmsStd.lean:3050	theorem reindexD_last_zero	theorem reindexD_last_zero {M : PairSeq} (hM : ST_PS M) (hL : 1 < M.length) (n : ℕ) (hz : M.getLastD (0, 0) = ((0, 0) : ℕ × ℕ)) : ∃ m n' : ℕ, 1 ≤ m ∧ n ≤ n' ∧ (conC M)⟦m⟧ = conC (M⟦n'⟧)
DbmsStd.lean:3071	theorem reindexD_root_zero	theorem reindexD_root_zero {M : PairSeq} (hM : ST_PS M) (hL : 1 < M.length) (n : ℕ) (hn : 1 ≤ n) (hlev : entry M 1 (M.length - 1) = 0) (hnr : nextrel0 M 0 (M.length - 1)) : ∃ m n' : ℕ, 1 ≤ m ∧ n ≤ n' ∧ (conC M)⟦m⟧ = conC (M⟦n'⟧)
DbmsStd.lean:3085	def ReindexD_mid	def ReindexD_mid : Prop
DbmsStd.lean:3093	theorem reindexD_holds_of	theorem reindexD_holds_of (H : ReindexD_mid) : ReindexD
DbmsStd.lean:3102	theorem ST_D_conC_holds_of	theorem ST_D_conC_holds_of (H : ReindexD_mid) {M : PairSeq} (hM : ST_PS M) : ST_D (conC M)
DbmsStd.lean:3115	theorem oper_headI	theorem oper_headI {T : PairSeq} (hL : 1 < T.length) {n : ℕ} (hn : 1 ≤ n) : (T⟦n⟧).headI = T.headI
DbmsStd.lean:3128	theorem oper_head_depth	theorem oper_head_depth {T : PairSeq} (hL : 1 < T.length) {n : ℕ} (hn : 1 ≤ n) : ((T⟦n⟧).headI).1 = (T.headI).1
DbmsStd.lean:3133	theorem hasParent1_of_exists	theorem hasParent1_of_exists {M : PairSeq} {j1 : ℕ} (hj : j1 < M.length) (h : ∃ k, le0 M k j1 ∧ entry M 1 k < entry M 1 j1) : hasParent M 1 j1
DbmsStd.lean:3168	theorem idx1_convC	theorem idx1_convC (M : PairSeq) (d plev : ℕ) (first force : Bool) : idx1 (convC M d plev first force) ((convC M d plev first force).length - 1) = idx1 M (M.length - 1)
DbmsStd.lean:3175	theorem convC_factor_sib	theorem convC_factor_sib (p : ℕ × ℕ) (Arg T : PairSeq) (d plev : ℕ) (first force : Bool) (hArg : ∀ x ∈ Arg, p.1 < x.1) (hT : T = [] ∨ ¬ (p.1 < (T.headI).1)) (hlad : ladOf p.2 d plev first force = false) : convC (p :: (Arg ++ T)) d plev first force = ((ddOf p.2 d plev first force, p.2)
DbmsStd.lean:3188	theorem convC_factor_arg	theorem convC_factor_arg (p : ℕ × ℕ) (Arg : PairSeq) (d plev : ℕ) (first force : Bool) (hArg : ∀ x ∈ Arg, p.1 < x.1) (hlad : ladOf p.2 d plev first force = false) : convC (p :: Arg) d plev first force = [(ddOf p.2 d plev first force, p.2)] ++ convC Arg (ddOf p.2 d plev first force + 1) p.2 true (fir …
DbmsStd.lean:3198	theorem oper_append_convC_auto	theorem oper_append_convC_auto (A B : PairSeq) (n : ℕ) {bd d plev : ℕ} (hb : blockok bd B) (hc : colOK B) (hdo : descOK B) (hbd : bd ≤ d) (hlast : bd < (B.getLastD (0, 0)).1) (hT : 2 ≤ (convC B d plev false false).length) (hz : ¬ (entry (convC B d plev false false) 0 ((convC B d plev false false).le …
DbmsStd.lean:3220	theorem oper_append_convC1_auto	theorem oper_append_convC1_auto (A B : PairSeq) (n : ℕ) {bd d plev : ℕ} {first force : Bool} (hb : blockok bd B) (hpB : hasParent B 1 (B.length - 1)) (hT : 2 ≤ (convC B d plev first force).length) (hz : ¬ (entry (convC B d plev first force) 0 ((convC B d plev first force).length - 1) = 0 ∧ entry (co …
DbmsStd.lean:3245	theorem reindexD_descend	theorem reindexD_descend {M T G C : PairSeq} {d plev d' plev' : ℕ} {first force first' force' : Bool} (hconv : convC M d plev first force = C ++ convC T d' plev' first' force') (hconv' : ∀ n : ℕ, 1 ≤ n → convC (G ++ T⟦n⟧) d plev first force = C ++ convC (T⟦n⟧) d' plev' first' force') (hBMS : ∀ n : ℕ …
DbmsStd.lean:3269	theorem reindexD_sib_step	theorem reindexD_sib_step {p : ℕ × ℕ} {Arg T : PairSeq} {d plev : ℕ} {first force : Bool} (hArg : ∀ x ∈ Arg, p.1 < x.1) (hTh : ¬ (p.1 < (T.headI).1)) (hlad : ladOf p.2 d plev first force = false) (hb : blockok p.1 T) (hcT : colOK T) (hdT : descOK T) (hbd : p.1 ≤ d) (hzT : ¬ (entry T 0 (T.length - 1) …
DbmsStd.lean:3354	theorem convC_exists_shallow_gen	theorem convC_exists_shallow_gen : ∀ (n : ℕ) (B : PairSeq), B.length ≤ n → ∀ (bd d plev : ℕ) (first force : Bool), blockok bd B → colOK B → descOK B → bd ≤ d → bd < (B.getLastD (0, 0)).1 → ∃ k, k < (convC B d plev first force).length - 1 ∧ entry (convC B d plev first force) 0 k
DbmsStd.lean:3484	theorem oper_append_convC_gen	theorem oper_append_convC_gen (A B : PairSeq) (n : ℕ) {bd d plev : ℕ} {first force : Bool} (hb : blockok bd B) (hc : colOK B) (hdo : descOK B) (hbd : bd ≤ d) (hlast : bd < (B.getLastD (0, 0)).1) (hT : 2 ≤ (convC B d plev first force).length) (hz : ¬ (entry (convC B d plev first force) 0 ((convC B d  …
DbmsStd.lean:3508	theorem oper_depth_gt	theorem oper_depth_gt {M : PairSeq} {a : ℕ} (h : ∀ x ∈ M, a < x.1) (n : ℕ) : ∀ x ∈ M⟦n⟧, a < x.1
DbmsStd.lean:3541	theorem reindexD_arg_step	theorem reindexD_arg_step {p : ℕ × ℕ} {Arg : PairSeq} {d plev : ℕ} {first force : Bool} (hArg : ∀ x ∈ Arg, p.1 < x.1) (hlad : ladOf p.2 d plev first force = false) (hb : blockok (p.1 + 1) Arg) (hcA : colOK Arg) (hdA : descOK Arg) (hbd : p.1 ≤ d) (hpB : hasParent ([p] ++ Arg) (idx1 Arg (Arg.length -  …
DbmsStd.lean:3647	theorem reindexD_step_gen	theorem reindexD_step_gen {G T C : PairSeq} {bd d plev d' plev' : ℕ} {first force first' force' : Bool} {P : PairSeq → Prop} (hfac : ∀ L : PairSeq, P L → convC (G ++ L) d plev first force = C ++ convC L d' plev' first' force') (hPT : P T) (hPop : 1 < T.length → ∀ n : ℕ, 1 ≤ n → P (T⟦n⟧)) (hb : block …
DbmsStd.lean:3719	theorem contrLen_nil	theorem contrLen_nil (p : ℕ × ℕ) (k : ℕ) (A : PairSeq) : contrLen p [] k A = none
DbmsStd.lean:3724	theorem convC_factor_arg_lad	theorem convC_factor_arg_lad (p : ℕ × ℕ) (Arg : PairSeq) (d plev : ℕ) (first force : Bool) (hArg : ∀ x ∈ Arg, p.1 < x.1) (hlad : ladOf p.2 d plev first force = true) : convC (p :: Arg) d plev first force = [(d, plev), (d + 1, p.2)] ++ convC Arg (d + 2) p.2 true false
DbmsStd.lean:3737	theorem convC_factor_sib_lad	theorem convC_factor_sib_lad (p : ℕ × ℕ) (Arg T : PairSeq) (d plev : ℕ) (first force : Bool) (hArg : ∀ x ∈ Arg, p.1 < x.1) (hT : T = [] ∨ ¬ (p.1 < (T.headI).1)) (hlad : ladOf p.2 d plev first force = true) (hnc : contrLen p T (unitsLen p T) Arg = none) : convC (p :: (Arg ++ T)) d plev first force
DbmsStd.lean:3756	theorem reindexD_arg_nolad	theorem reindexD_arg_nolad {p : ℕ × ℕ} {Arg : PairSeq} {d plev : ℕ} {first force : Bool} (hArg : ∀ x ∈ Arg, p.1 < x.1) (hlad : ladOf p.2 d plev first force = false) (hb : blockok (p.1 + 1) Arg) (hcA : colOK Arg) (hdA : descOK Arg) (hbd : p.1 ≤ d) (hzA : ¬ (entry Arg 0 (Arg.length - 1) = 0 ∧ entry Ar …
DbmsStd.lean:3778	theorem reindexD_arg_lad	theorem reindexD_arg_lad {p : ℕ × ℕ} {Arg : PairSeq} {d plev : ℕ} {first force : Bool} (hArg : ∀ x ∈ Arg, p.1 < x.1) (hlad : ladOf p.2 d plev first force = true) (hb : blockok (p.1 + 1) Arg) (hcA : colOK Arg) (hdA : descOK Arg) (hbd : p.1 ≤ d) (hzA : ¬ (entry Arg 0 (Arg.length - 1) = 0 ∧ entry Arg 1 …
DbmsStd.lean:3798	theorem reindexD_sib_nolad	theorem reindexD_sib_nolad {p : ℕ × ℕ} {Arg T : PairSeq} {d plev : ℕ} {first force : Bool} (hArg : ∀ x ∈ Arg, p.1 < x.1) (hTh : ¬ (p.1 < (T.headI).1)) (hlad : ladOf p.2 d plev first force = false) (hb : blockok p.1 T) (hcT : colOK T) (hdT : descOK T) (hbd : p.1 ≤ d) (hzT : ¬ (entry T 0 (T.length - 1 …
DbmsStd.lean:3823	theorem reindexD_sib_lad	theorem reindexD_sib_lad {p : ℕ × ℕ} {Arg T : PairSeq} {d plev : ℕ} {first force : Bool} (hArg : ∀ x ∈ Arg, p.1 < x.1) (hTh : ¬ (p.1 < (T.headI).1)) (hlad : ladOf p.2 d plev first force = true) (hnc : ∀ L : PairSeq, contrLen p L (unitsLen p L) Arg = none) (hb : blockok p.1 T) (hcT : colOK T) (hdT :  …
DbmsStd.lean:3855	theorem reindexD_succ_gen	theorem reindexD_succ_gen {B : PairSeq} (plev : ℕ) (first force : Bool) (hB : B ≠ []) (hc : colOK B) : ∀ n : ℕ, 1 ≤ n → ∃ m n' : ℕ, 1 ≤ m ∧ n ≤ n' ∧ (convC (B ++ [((0, 0) : ℕ × ℕ)]) 0 plev first force)⟦m⟧ = convC ((B ++ [((0, 0) : ℕ × ℕ)])⟦n'⟧) 0 plev first force
DbmsStd.lean:3870	theorem reindexD_noParent_gen	theorem reindexD_noParent_gen {B : PairSeq} (d plev : ℕ) (first force : Bool) (hL : 1 < B.length) (hco : contrOK B) (hz : ¬ (entry B 0 (B.length - 1) = 0 ∧ entry B 1 (B.length - 1) = 0)) (hnp : ¬ hasParent B (idx1 B (B.length - 1)) (B.length - 1)) : ∀ n : ℕ, 1 ≤ n → ∃ m n' : ℕ, 1 ≤ m ∧ n ≤ n' ∧ (con …
DbmsStd.lean:3884	theorem reindexD_noParent_zero	theorem reindexD_noParent_zero {B : PairSeq} (d plev : ℕ) (first force : Bool) (hL : 1 < B.length) (hlev : entry B 1 (B.length - 1) = 0) (hz : ¬ (entry B 0 (B.length - 1) = 0 ∧ entry B 1 (B.length - 1) = 0)) (hnp : ¬ hasParent B (idx1 B (B.length - 1)) (B.length - 1)) : ∀ n : ℕ, 1 ≤ n → ∃ m n' : ℕ,  …
DbmsStd.lean:3909	theorem convC_run_first	theorem convC_run_first (p : ℕ × ℕ) (R : PairSeq) (hR : ∀ c ∈ R, p.1 < c.1) (d plev : ℕ) (first force : Bool) (hnl : ladOf p.2 d plev first force = false) (hfr : (first && (p.2 == plev)) = false) : ∀ n : ℕ, convC ((List.replicate n (p :: R)).flatten) d plev first force = (List.replicate n ((ddOf p.2 …
DbmsStd.lean:3943	theorem reindexD_node0_gen	theorem reindexD_node0_gen {p : ℕ × ℕ} {A : PairSeq} (hAne : A ≠ []) (hA : ∀ c ∈ A, p.1 < c.1) (hmin : ∀ c ∈ A, (A.getLastD (0, 0)).1 ≤ c.1) (hlev : (A.getLastD (0, 0)).2 = 0) (d plev : ℕ) (first force : Bool) (hnl : ladOf p.2 d plev first force = false)
DbmsStd.lean:4067	theorem reindexD_node0_gen_shape	theorem reindexD_node0_gen_shape {p : ℕ × ℕ} {A : PairSeq} (hAne : A ≠ []) (hA : ∀ c ∈ A, p.1 < c.1) (hmin : ∀ c ∈ A, (A.getLastD (0, 0)).1 ≤ c.1) (hlev : (A.getLastD (0, 0)).2 = 0) (d plev : ℕ) (first force : Bool) (hnl : ladOf p.2 d plev first force = false)
DbmsStd.lean:4096	theorem oper_repeat_at	theorem oper_repeat_at {M : PairSeq} (j0 n : ℕ) (hL : 1 < M.length) (hlev : entry M 1 (M.length - 1) = 0) (hnr : nextrel0 M j0 (M.length - 1)) : M⟦n⟧ = M.take j0 ++ (List.replicate n (M.dropLast.drop j0)).flatten
DbmsStd.lean:4120	theorem unitsLen_replicate	theorem unitsLen_replicate (p : ℕ × ℕ) (R : PairSeq) (hR : ∀ c ∈ R, p.1 < c.1) : ∀ k : ℕ, unitsLen p ((List.replicate k (p :: R)).flatten) = ((List.replicate k (p :: R)).flatten).length
DbmsStd.lean:4144	theorem contrLen_of_drop_nil	theorem contrLen_of_drop_nil (p : ℕ × ℕ) (B : PairSeq) (k : ℕ) (A : PairSeq) (h : B.drop k = []) : contrLen p B k A = none
DbmsStd.lean:4149	theorem convC_dropLast_min	theorem convC_dropLast_min {A : PairSeq} (hAne : A ≠ []) (hmin : ∀ c ∈ A, (A.getLastD (0, 0)).1 ≤ c.1) (hlev : (A.getLastD (0, 0)).2 = 0) (d plev : ℕ) (first force : Bool) : (convC A d plev first force).dropLast = convC (A.dropLast) d plev first force
DbmsStd.lean:4184	theorem convC_run_lad	theorem convC_run_lad (p : ℕ × ℕ) (R : PairSeq) (hR : ∀ c ∈ R, p.1 < c.1) (d plev : ℕ) (first force : Bool) (hlad : ladOf p.2 d plev first force = true) (hdp : d = p.2) : ∀ k : ℕ, convC ((List.replicate (k + 1) (p :: R)).flatten) d plev first force = (d, plev) :: (List.replicate (k + 1) ((d + 1, p.2 …
DbmsStd.lean:4222	theorem reindexD_node0_lad	theorem reindexD_node0_lad {p : ℕ × ℕ} {A : PairSeq} (hAne : A ≠ []) (hA : ∀ c ∈ A, p.1 < c.1) (hmin : ∀ c ∈ A, (A.getLastD (0, 0)).1 ≤ c.1) (hlev : (A.getLastD (0, 0)).2 = 0) (d plev : ℕ) (first force : Bool) (hlad : ladOf p.2 d plev first force = true) (hdp : d = p.2) (n : ℕ) (hn : 1 ≤ n) :
DbmsStd.lean:4315	theorem reindexD_node0_lad_shape	theorem reindexD_node0_lad_shape {p : ℕ × ℕ} {A : PairSeq} (hAne : A ≠ []) (hA : ∀ c ∈ A, p.1 < c.1) (hmin : ∀ c ∈ A, (A.getLastD (0, 0)).1 ≤ c.1) (hlev : (A.getLastD (0, 0)).2 = 0) (d plev : ℕ) (first force : Bool) (hlad : ladOf p.2 d plev first force = true) (hdp : d = p.2) :
DbmsStd.lean:4340	theorem dropWhile_head_not	theorem dropWhile_head_not (a : ℕ) (r : PairSeq) : (r.dropWhile fun q => a < q.1) = [] ∨ ¬ (a < (((r.dropWhile fun q => a < q.1)).headI).1)
DbmsStd.lean:4352	def RDzeroRes	def RDzeroRes : Prop
DbmsStd.lean:4366	theorem reindexD_zero_block	theorem reindexD_zero_block (H : RDzeroRes) : ∀ (N : ℕ) (B : PairSeq), B.length ≤ N → ∀ (bd d plev : ℕ) (first force : Bool), blockok bd B → colOK B → descOK B → bd ≤ d → (bd = 0 → d = 0) → entry B 1 (B.length - 1) = 0 → ∀ n : ℕ, 1 ≤ n → ∃ m n' : ℕ, 1 ≤ m ∧ n ≤ n' ∧ (convC B d plev first force)⟦m⟧ = …
DbmsStd.lean:4709	theorem reindexD_zero	theorem reindexD_zero (H : RDzeroRes) {M : PairSeq} (hM : ST_PS M) (hlev : entry M 1 (M.length - 1) = 0) : ∀ n : ℕ, 1 ≤ n → ∃ m n' : ℕ, 1 ≤ m ∧ n ≤ n' ∧ (conC M)⟦m⟧ = conC (M⟦n'⟧)
DbmsStd.lean:4720	def ReindexD_pos	def ReindexD_pos : Prop
DbmsStd.lean:4728	theorem reindexD_holds_of_zero	theorem reindexD_holds_of_zero (H : RDzeroRes) (Hp : ReindexD_pos) : ReindexD
DbmsStd.lean:4735	theorem ST_D_conC_holds_of_zero	theorem ST_D_conC_holds_of_zero (H : RDzeroRes) (Hp : ReindexD_pos) {M : PairSeq} (hM : ST_PS M) : ST_D (conC M)
DbmsStd.lean:4753	def RDposRes	def RDposRes : Prop
DbmsStd.lean:4768	theorem reindexD_pos_block	theorem reindexD_pos_block (H : RDposRes) : ∀ (N : ℕ) (B : PairSeq), B.length ≤ N → ∀ (bd d plev : ℕ) (first force : Bool), blockok bd B → colOK B → descOK B → bd ≤ d → 2 ≤ B.length → 0 < entry B 1 (B.length - 1) → ∀ n : ℕ, 1 ≤ n → ∃ m n' : ℕ, 1 ≤ m ∧ n ≤ n' ∧ (convC B d plev first force)⟦m⟧ = convC …
DbmsStd.lean:4952	theorem reindexD_pos_of	theorem reindexD_pos_of (H : RDposRes) : ReindexD_pos
DbmsStd.lean:4961	theorem reindexD_holds_of_res	theorem reindexD_holds_of_res (H0 : RDzeroRes) (H1 : RDposRes) : ReindexD
DbmsStd.lean:4965	theorem ST_D_conC_holds_of_res	theorem ST_D_conC_holds_of_res (H0 : RDzeroRes) (H1 : RDposRes) {M : PairSeq} (hM : ST_PS M) : ST_D (conC M)
DbmsStd.lean:4991	def adj3	def adj3 (M : PairSeq) (i : ℕ) : Prop
DbmsStd.lean:4998	def noAdj3	def noAdj3 (M : PairSeq) : Prop
DbmsStd.lean:5001	theorem noAdj3_of_agree	theorem noAdj3_of_agree {M N : PairSeq} (hlen : N.length ≤ M.length) (hag : ∀ i, i < N.length → N.getD i (0, 0) = M.getD i (0, 0)) (hM : noAdj3 M) : noAdj3 N
DbmsStd.lean:5014	theorem noAdj3_take	theorem noAdj3_take {M : PairSeq} (k : ℕ) (hM : noAdj3 M) : noAdj3 (M.take k)
DbmsStd.lean:5020	theorem noAdj3_diagSeq	theorem noAdj3_diagSeq (v : ℕ) : noAdj3 (diagSeq 0 v)
DbmsStd.lean:5030	theorem entry1_last_le_of_lt	theorem entry1_last_le_of_lt {M : PairSeq} {j0 j1 : ℕ} (h1 : nextrel1 M j0 j1) (hj : j0 < j1 - 1) (hlt : entry M 0 (j1 - 1) < entry M 0 j1) : entry M 1 j1 ≤ entry M 1 (j1 - 1)
DbmsStd.lean:5042	theorem noAdj3_ST_PS	theorem noAdj3_ST_PS {M : PairSeq} (hM : ST_PS M) : noAdj3 M
DbmsStd.lean:5260	theorem noAdj3_infix	theorem noAdj3_infix {L M : PairSeq} (h : L.IsInfix M) (hM : noAdj3 M) : noAdj3 L
DbmsStd.lean:5277	def headPatOK	def headPatOK (B : PairSeq) (plev : ℕ) : Prop
DbmsStd.lean:5283	def argPatOK	def argPatOK : PairSeq → Prop | [] => True | p :: r => headPatOK (r.takeWhile fun q => p.1 < q.1) p.2 ∧ argPatOK (r.takeWhile fun q => p.1 < q.1) ∧ argPatOK (r.dropWhile fun q => p.1 < q.1)
DbmsStd.lean:5294	theorem argPatOK_nil	theorem argPatOK_nil : argPatOK []
DbmsStd.lean:5296	theorem argPatOK_cons	theorem argPatOK_cons {p : ℕ × ℕ} {r : PairSeq} : argPatOK (p :: r) ↔ headPatOK (r.takeWhile fun q => p.1 < q.1) p.2 ∧ argPatOK (r.takeWhile fun q => p.1 < q.1) ∧ argPatOK (r.dropWhile fun q => p.1 < q.1)
DbmsStd.lean:5303	theorem takeWhile_infix_cons	theorem takeWhile_infix_cons (p : ℕ × ℕ) (r : PairSeq) : ((r.takeWhile fun q => p.1 < q.1)).IsInfix (p :: r)
DbmsStd.lean:5309	theorem dropWhile_infix_cons	theorem dropWhile_infix_cons (p : ℕ × ℕ) (r : PairSeq) : ((r.dropWhile fun q => p.1 < q.1)).IsInfix (p :: r)
DbmsStd.lean:5316	theorem argPatOK_of_noAdj3	theorem argPatOK_of_noAdj3 : ∀ (N : ℕ) (M : PairSeq), M.length ≤ N → noAdj3 M → argPatOK M
DbmsStd.lean:5372	theorem argPatOK_ST_PS	theorem argPatOK_ST_PS {M : PairSeq} (hM : ST_PS M) : argPatOK M
DbmsStd.lean:5376	theorem convC_force_head	theorem convC_force_head {L : PairSeq} {d plev : ℕ} (h : ∀ p r, L = p :: r → p.2 = plev + 1 → d ≤ p.2) (force force' : Bool) : convC L d plev true force = convC L d plev true force'
DbmsStd.lean:5404	theorem convC_arg_force_eq	theorem convC_arg_force_eq {p : ℕ × ℕ} {r : PairSeq} {plev dd : ℕ} (hhd : headPatOK (p :: r) plev) (hp : p.2 = plev) (b b' : Bool) : convC (r.takeWhile fun q => p.1 < q.1) dd p.2 true b = convC (r.takeWhile fun q => p.1 < q.1) dd p.2 true b'
DbmsStd.lean:5418	theorem ladOf_false_of_ne	theorem ladOf_false_of_ne {s d plev : ℕ} (first force : Bool) (h : s ≠ plev + 1) : ladOf s d plev first force = false
DbmsStd.lean:5426	theorem convC_force_ne	theorem convC_force_ne {L : PairSeq} {d plev : ℕ} (first force force' : Bool) (h : ∀ p r, L = p :: r → p.2 ≠ plev + 1) : convC L d plev first force = convC L d plev first force'
DbmsStd.lean:5443	theorem convC_force_arg_ne	theorem convC_force_arg_ne {p : ℕ × ℕ} {r : PairSeq} {plev dd : ℕ} (hhd : headPatOK (p :: r) plev) (hp : p.2 = plev) (first force force' : Bool) : convC (r.takeWhile fun q => p.1 < q.1) dd p.2 first force = convC (r.takeWhile fun q => p.1 < q.1) dd p.2 first force'
DbmsStd.lean:5471	def fOK	def fOK (B : PairSeq) (d plev : ℕ) (force : Bool) : Prop
DbmsStd.lean:5475	def hpOK	def hpOK (B : PairSeq) (d plev : ℕ) (first force : Bool) : Prop
DbmsStd.lean:5479	theorem headI_of_dropLast	theorem headI_of_dropLast {A : PairSeq} {a : ℕ × ℕ} {s : PairSeq} (h : A.dropLast = a :: s) : A.headI = a
DbmsStd.lean:5487	theorem z0ok_of_colOK	theorem z0ok_of_colOK {M : PairSeq} (h : colOK M) : z0ok M
DbmsStd.lean:5496	theorem convC_run_first2	theorem convC_run_first2 (p : ℕ × ℕ) (R : PairSeq) (hR : ∀ c ∈ R, p.1 < c.1) (d plev : ℕ) (first force : Bool) (hnl : ladOf p.2 d plev first force = false) (hne : ∀ a s, R = a :: s → a.2 ≠ p.2 + 1) : ∀ n : ℕ, convC ((List.replicate n (p :: R)).flatten) d plev first force = (List.replicate n ((ddOf p …
DbmsStd.lean:5533	theorem reindexD_node0_gen2	theorem reindexD_node0_gen2 {p : ℕ × ℕ} {A : PairSeq} (hAne : A ≠ []) (hA : ∀ c ∈ A, p.1 < c.1) (hmin : ∀ c ∈ A, (A.getLastD (0, 0)).1 ≤ c.1) (hlev : (A.getLastD (0, 0)).2 = 0) (d plev : ℕ) (first force : Bool) (hnl : ladOf p.2 d plev first force = false)
DbmsStd.lean:5669	theorem reindexD_node0_gen2_shape	theorem reindexD_node0_gen2_shape {p : ℕ × ℕ} {A : PairSeq} (hAne : A ≠ []) (hA : ∀ c ∈ A, p.1 < c.1) (hmin : ∀ c ∈ A, (A.getLastD (0, 0)).1 ≤ c.1) (hlev : (A.getLastD (0, 0)).2 = 0) (d plev : ℕ) (first force : Bool) (hnl : ladOf p.2 d plev first force = false)
DbmsStd.lean:5683	theorem hpOK_false	theorem hpOK_false {B : PairSeq} {d plev : ℕ} {force : Bool} : hpOK B d plev false force
DbmsStd.lean:5687	theorem fOK_false	theorem fOK_false {B : PairSeq} {d plev : ℕ} : fOK B d plev false
DbmsStd.lean:5691	theorem hpOK_of_headPatOK	theorem hpOK_of_headPatOK {B : PairSeq} {d plev : ℕ} {first force : Bool} (h : headPatOK B plev) : hpOK B d plev first force
DbmsStd.lean:5695	def RDzeroRes2	def RDzeroRes2 : Prop
DbmsStd.lean:5711	theorem reindexD_zero_block2	theorem reindexD_zero_block2 (H : RDzeroRes2) : ∀ (N : ℕ) (B : PairSeq), B.length ≤ N → ∀ (bd d plev : ℕ) (first force : Bool), blockok bd B → colOK B → descOK B → bd ≤ d → (bd = 0 → d = 0) → entry B 1 (B.length - 1) = 0 → argPatOK B → hpOK B d plev first force → fOK B d plev force → ∀ n : ℕ, 1 ≤ n  …
DbmsStd.lean:6119	theorem reindexD_zero2	theorem reindexD_zero2 (H : RDzeroRes2) {M : PairSeq} (hM : ST_PS M) (hlev : entry M 1 (M.length - 1) = 0) : ∀ n : ℕ, 1 ≤ n → ∃ m n' : ℕ, 1 ≤ m ∧ n ≤ n' ∧ (conC M)⟦m⟧ = conC (M⟦n'⟧)
DbmsStd.lean:6149	def adjLev	def adjLev (M : PairSeq) : Prop
DbmsStd.lean:6155	theorem adjLev_of_r1ok	theorem adjLev_of_r1ok {M : PairSeq} (h : r1ok M) : adjLev M
DbmsStd.lean:6167	theorem adjLev_ST_PS	theorem adjLev_ST_PS {M : PairSeq} (hM : ST_PS M) : adjLev M
DbmsStd.lean:6171	theorem adjLev_infix	theorem adjLev_infix {L M : PairSeq} (h : L.IsInfix M) (hM : adjLev M) : adjLev L
DbmsStd.lean:6188	def dpOK	def dpOK (bd d plev : ℕ) (first : Bool) : Prop
DbmsStd.lean:6191	theorem dpOK_false	theorem dpOK_false {bd d plev : ℕ} : dpOK bd d plev false
DbmsStd.lean:6195	theorem dpOK_arg	theorem dpOK_arg {p : ℕ × ℕ} {bd d plev : ℕ} {first force : Bool} (hp1 : p.1 = bd) (hbd : bd ≤ d) (hcol : p.2 ≤ p.1) : dpOK (bd + 1) (ddOf p.2 d plev first force + 1) p.2 true
DbmsStd.lean:6215	def contrLen'	def contrLen' (p : ℕ × ℕ) (B : PairSeq) (k : ℕ) (A : PairSeq) : Option (PairSeq × PairSeq)
DbmsStd.lean:6230	def ctrHeadOK	def ctrHeadOK (B : PairSeq) (plev : ℕ) : Prop
DbmsStd.lean:6238	def argCtrOK	def argCtrOK : PairSeq → Prop | [] => True | p :: r => ctrHeadOK (r.takeWhile fun q => p.1 < q.1) p.2 ∧ argCtrOK (r.takeWhile fun q => p.1 < q.1) ∧ argCtrOK (r.dropWhile fun q => p.1 < q.1)
DbmsStd.lean:6249	theorem argCtrOK_nil	theorem argCtrOK_nil : argCtrOK []
DbmsStd.lean:6251	theorem argCtrOK_cons	theorem argCtrOK_cons {p : ℕ × ℕ} {r : PairSeq} : argCtrOK (p :: r) ↔ ctrHeadOK (r.takeWhile fun q => p.1 < q.1) p.2 ∧ argCtrOK (r.takeWhile fun q => p.1 < q.1) ∧ argCtrOK (r.dropWhile fun q => p.1 < q.1)
DbmsStd.lean:6259	def hcOK	def hcOK (B : PairSeq) (plev : ℕ) (first : Bool) : Prop
DbmsStd.lean:6262	theorem hcOK_false	theorem hcOK_false {B : PairSeq} {plev : ℕ} : hcOK B plev false
DbmsStd.lean:6266	theorem ctrHeadOK_root	theorem ctrHeadOK_root {M : PairSeq} (hb : blockok 0 M) (hcol : colOK M) : ctrHeadOK M 0
DbmsStd.lean:6277	def CtrRes	def CtrRes : Prop
DbmsStd.lean:6288	def RDlad2	def RDlad2 : Prop
DbmsStd.lean:6305	def RDnopar	def RDnopar : Prop
DbmsStd.lean:6320	def RDnode	def RDnode : Prop
DbmsStd.lean:6335	theorem reindexD_pos_block2	theorem reindexD_pos_block2 (Hl : RDlad2) (Hn : RDnopar) (Hd : RDnode) : ∀ (N : ℕ) (B : PairSeq), B.length ≤ N → ∀ (bd d plev : ℕ) (first force : Bool), blockok bd B → colOK B → descOK B → bd ≤ d → 2 ≤ B.length → 0 < entry B 1 (B.length - 1) → argPatOK B → argCtrOK B → adjLev B → hpOK B d plev first …
DbmsStd.lean:6559	theorem reindexD_pos_of2	theorem reindexD_pos_of2 (Hc : CtrRes) (Hl : RDlad2) (Hn : RDnopar) (Hd : RDnode) : ReindexD_pos
DbmsStd.lean:6571	def RDposRes2	def RDposRes2 : Prop
DbmsStd.lean:6578	theorem reindexD_holds_of_res2	theorem reindexD_holds_of_res2 (Hc : CtrRes) (H0 : RDzeroRes2) (H1 : RDposRes2) : ReindexD
DbmsStd.lean:6586	theorem ST_D_conC_holds_of_res2	theorem ST_D_conC_holds_of_res2 (Hc : CtrRes) (H0 : RDzeroRes2) (H1 : RDposRes2) {M : PairSeq} (hM : ST_PS M) : ST_D (conC M)
DbmsStd.lean:6596	theorem contrPre_eq_shiftr0	theorem contrPre_eq_shiftr0 (p : ℕ × ℕ) (U A : PairSeq) : contrPre p U A = shiftr0 1 (p :: (A ++ U))
DbmsStd.lean:6614	theorem contrLen_of_shape	theorem contrLen_of_shape {p q : ℕ × ℕ} {Arg U pre rest2 L : PairSeq} (hU : Units p U) (hq2 : q.2 + 1 = p.2) (hq1 : q.1 = p.1) (hpre : pre = contrPre p U Arg) (hpd : ∀ x ∈ pre, p.1 < x.1) (hrd : ∀ x ∈ rest2, p.1 < x.1)
DbmsStd.lean:6647	theorem convC_factor_contr	theorem convC_factor_contr {p q : ℕ × ℕ} {Arg U pre rest2 L : PairSeq} {d plev : ℕ} {first force : Bool} (hArg : ∀ x ∈ Arg, p.1 < x.1) (hU : Units p U) (hq2 : q.2 + 1 = p.2) (hq1 : q.1 = p.1) (hpre : pre = contrPre p U Arg)
DbmsStd.lean:6683	theorem reindexD_sib_contr	theorem reindexD_sib_contr {p q : ℕ × ℕ} {Arg U pre rest2 T : PairSeq} {d plev : ℕ} {first force : Bool} (hArg : ∀ x ∈ Arg, p.1 < x.1) (hU : Units p U) (hq2 : q.2 + 1 = p.2) (hq1 : q.1 = p.1) (hpre : pre = contrPre p U Arg) (hpd : ∀ x ∈ pre, p.1 < x.1) (hrd : ∀ x ∈ rest2, p.1 < x.1)
DbmsStd.lean:6724	theorem reindexD_rest_contr	theorem reindexD_rest_contr {p q : ℕ × ℕ} {Arg U pre T : PairSeq} {d plev : ℕ} {first force : Bool} (hArg : ∀ x ∈ Arg, p.1 < x.1) (hU : Units p U) (hq2 : q.2 + 1 = p.2) (hq1 : q.1 = p.1) (hpre : pre = contrPre p U Arg) (hpd : ∀ x ∈ pre, p.1 < x.1) (hrd : ∀ x ∈ T, p.1 < x.1)
DbmsStd.lean:6778	theorem reindexD_sib_lad2	theorem reindexD_sib_lad2 {p : ℕ × ℕ} {Arg T : PairSeq} {d plev : ℕ} {first force : Bool} (hArg : ∀ x ∈ Arg, p.1 < x.1) (hTh : ¬ (p.1 < (T.headI).1)) (hlad : ladOf p.2 d plev first force = true) (hncT : contrLen p T (unitsLen p T) Arg = none) (hncE : ∀ n : ℕ, 1 ≤ n → contrLen p (T⟦n⟧) (unitsLen p (T …
DbmsStd.lean:6809	theorem argPatOK_drop	theorem argPatOK_drop (a : ℕ) (L : PairSeq) (hL : L = [] ∨ ¬ (a < (L.headI).1)) : ∀ (n : ℕ) (V : PairSeq), V.length ≤ n → (∀ c ∈ V, a ≤ c.1) → (V = [] ∨ (V.headI).1 ≤ a) → argPatOK (V ++ L) → argPatOK L
DbmsStd.lean:6849	theorem Units	theorem Units.head_le {p : ℕ × ℕ} {U : PairSeq} (h : Units p U) : U = [] ∨ (U.headI).1 ≤ p.1
DbmsStd.lean:6856	theorem contrLen_shape	theorem contrLen_shape {p : ℕ × ℕ} {T Arg rest2 Bq : PairSeq} (h : contrLen p T (unitsLen p T) Arg = some (rest2, Bq)) : ∃ (q : ℕ × ℕ) (U pre : PairSeq), Units p U ∧ T = U ++ q :: ((pre ++ rest2) ++ Bq) ∧ q.2 + 1 = p.2 ∧ q.1 = p.1 ∧ pre = contrPre p U Arg ∧ (∀ x ∈ pre, p.1 < x.1) ∧ (∀ x ∈ rest2, p.1 …
DbmsStd.lean:6885	theorem headI_mem	theorem headI_mem {l : PairSeq} (h : l ≠ []) : l.headI ∈ l
DbmsStd.lean:6893	def RDzeroStop	def RDzeroStop : Prop
DbmsStd.lean:6915	theorem reindexD_zero_fire	theorem reindexD_zero_fire (Hs : RDzeroStop) (N : ℕ) (ih : ∀ (B : PairSeq), B.length ≤ N → ∀ (bd d plev : ℕ) (first force : Bool), blockok bd B → colOK B → descOK B → bd ≤ d → (bd = 0 → d = 0) → entry B 1 (B.length - 1) = 0 → argPatOK B → hpOK B d plev first force → fOK B d plev force → ∀ n : ℕ, 1 ≤ …
DbmsStd.lean:7137	def CtrPres	def CtrPres : Prop
DbmsStd.lean:7145	theorem reindexD_zero_block3	theorem reindexD_zero_block3 (Hp : CtrPres) (Hs : RDzeroStop) : ∀ (N : ℕ) (B : PairSeq), B.length ≤ N → ∀ (bd d plev : ℕ) (first force : Bool), blockok bd B → colOK B → descOK B → bd ≤ d → (bd = 0 → d = 0) → entry B 1 (B.length - 1) = 0 → argPatOK B → hpOK B d plev first force → fOK B d plev force → …
DbmsStd.lean:7552	theorem reindexD_zero3	theorem reindexD_zero3 (Hp : CtrPres) (Hs : RDzeroStop) {M : PairSeq} (hM : ST_PS M) (hlev : entry M 1 (M.length - 1) = 0) : ∀ n : ℕ, 1 ≤ n → ∃ m n' : ℕ, 1 ≤ m ∧ n ≤ n' ∧ (conC M)⟦m⟧ = conC (M⟦n'⟧)
DbmsStd.lean:7565	theorem reindexD_holds_of_res3	theorem reindexD_holds_of_res3 (Hc : CtrRes) (Hp : CtrPres) (Hs : RDzeroStop) (H1 : RDposRes2) : ReindexD
DbmsStd.lean:7573	theorem ST_D_conC_holds_of_res3	theorem ST_D_conC_holds_of_res3 (Hc : CtrRes) (Hp : CtrPres) (Hs : RDzeroStop) (H1 : RDposRes2) {M : PairSeq} (hM : ST_PS M) : ST_D (conC M)
DbmsStd.lean:7579	theorem argCtrOK_drop	theorem argCtrOK_drop (a : ℕ) (L : PairSeq) (hL : L = [] ∨ ¬ (a < (L.headI).1)) : ∀ (n : ℕ) (V : PairSeq), V.length ≤ n → (∀ c ∈ V, a ≤ c.1) → (V = [] ∨ (V.headI).1 ≤ a) → argCtrOK (V ++ L) → argCtrOK L
DbmsStd.lean:7621	def CtrPres2	def CtrPres2 : Prop
DbmsStd.lean:7630	def RDzeroStop2	def RDzeroStop2 : Prop
DbmsStd.lean:7653	theorem reindexD_zero_fire2	theorem reindexD_zero_fire2 (Hs : RDzeroStop2) (N : ℕ) (ih : ∀ (B : PairSeq), B.length ≤ N → ∀ (bd d plev : ℕ) (first force : Bool), blockok bd B → colOK B → descOK B → bd ≤ d → (bd = 0 → d = 0) → entry B 1 (B.length - 1) = 0 → argPatOK B → hpOK B d plev first force → fOK B d plev force → argCtrOK B …
DbmsStd.lean:7892	theorem reindexD_zero_block4	theorem reindexD_zero_block4 (Hp : CtrPres2) (Hs : RDzeroStop2) : ∀ (N : ℕ) (B : PairSeq), B.length ≤ N → ∀ (bd d plev : ℕ) (first force : Bool), blockok bd B → colOK B → descOK B → bd ≤ d → (bd = 0 → d = 0) → entry B 1 (B.length - 1) = 0 → argPatOK B → hpOK B d plev first force → fOK B d plev force …
DbmsStd.lean:8309	theorem reindexD_zero4	theorem reindexD_zero4 (Hc : CtrRes) (Hp : CtrPres2) (Hs : RDzeroStop2) {M : PairSeq} (hM : ST_PS M) (hlev : entry M 1 (M.length - 1) = 0) : ∀ n : ℕ, 1 ≤ n → ∃ m n' : ℕ, 1 ≤ m ∧ n ≤ n' ∧ (conC M)⟦m⟧ = conC (M⟦n'⟧)
DbmsStd.lean:8322	theorem reindexD_holds_of_res4	theorem reindexD_holds_of_res4 (Hc : CtrRes) (Hp : CtrPres2) (Hs : RDzeroStop2) (H1 : RDposRes2) : ReindexD
DbmsStd.lean:8330	theorem ST_D_conC_holds_of_res4	theorem ST_D_conC_holds_of_res4 (Hc : CtrRes) (Hp : CtrPres2) (Hs : RDzeroStop2) (H1 : RDposRes2) {M : PairSeq} (hM : ST_PS M) : ST_D (conC M)
DbmsStd.lean:8335	def RDposStop	def RDposStop : Prop
DbmsStd.lean:8359	theorem reindexD_pos_fire	theorem reindexD_pos_fire (Hs : RDposStop) (N : ℕ) (ih : ∀ (B : PairSeq), B.length ≤ N → ∀ (bd d plev : ℕ) (first force : Bool), blockok bd B → colOK B → descOK B → bd ≤ d → 2 ≤ B.length → 0 < entry B 1 (B.length - 1) → argPatOK B → argCtrOK B → adjLev B → hpOK B d plev first force → fOK B d plev fo …
DbmsStd.lean:8584	theorem reindexD_pos_block3	theorem reindexD_pos_block3 (Hp : CtrPres2) (Hs : RDposStop) (Hn : RDnopar) (Hd : RDnode) : ∀ (N : ℕ) (B : PairSeq), B.length ≤ N → ∀ (bd d plev : ℕ) (first force : Bool), blockok bd B → colOK B → descOK B → bd ≤ d → 2 ≤ B.length → 0 < entry B 1 (B.length - 1) → argPatOK B → argCtrOK B → adjLev B →  …
DbmsStd.lean:8828	theorem reindexD_pos_of3	theorem reindexD_pos_of3 (Hc : CtrRes) (Hp : CtrPres2) (Hs : RDposStop) (Hn : RDnopar) (Hd : RDnode) : ReindexD_pos
DbmsStd.lean:8846	theorem reindexD_holds_of_res5	theorem reindexD_holds_of_res5 (Hc : CtrRes) (Hp : CtrPres2) (H0 : RDzeroStop2) (Hs : RDposStop) (Hn : RDnopar) (Hd : RDnode) : ReindexD
DbmsStd.lean:8854	theorem ST_D_conC_holds_of_res5	theorem ST_D_conC_holds_of_res5 (Hc : CtrRes) (Hp : CtrPres2) (H0 : RDzeroStop2) (Hs : RDposStop) (Hn : RDnopar) (Hd : RDnode) {M : PairSeq} (hM : ST_PS M) : ST_D (conC M)
DbmsStd.lean:8859	theorem entry_zero1	theorem entry_zero1 {M : PairSeq} : entry M 1 0 = (M.headI).2
DbmsStd.lean:8867	theorem descOK_level_le_head	theorem descOK_level_le_head : ∀ (N a : ℕ) (L : PairSeq), L.length ≤ N → blockok a L → descOK L → ∀ j, j < L.length → entry L 0 j = a → entry L 1 j ≤ (L.headI).2
DbmsStd.lean:8934	def RDposStop2	def RDposStop2 : Prop
DbmsStd.lean:8963	theorem rdPosStop2	theorem rdPosStop2 : RDposStop2
DbmsStd.lean:9118	theorem reindexD_pos_fire2	theorem reindexD_pos_fire2 (N : ℕ) (ih : ∀ (B : PairSeq), B.length ≤ N → ∀ (bd d plev : ℕ) (first force : Bool), blockok bd B → colOK B → descOK B → bd ≤ d → 2 ≤ B.length → 0 < entry B 1 (B.length - 1) → argPatOK B → argCtrOK B → adjLev B → hpOK B d plev first force → fOK B d plev force →
DbmsStd.lean:9344	theorem reindexD_pos_block4	theorem reindexD_pos_block4 (Hp : CtrPres2) (Hn : RDnopar) (Hd : RDnode) : ∀ (N : ℕ) (B : PairSeq), B.length ≤ N → ∀ (bd d plev : ℕ) (first force : Bool), blockok bd B → colOK B → descOK B → bd ≤ d → 2 ≤ B.length → 0 < entry B 1 (B.length - 1) → argPatOK B → argCtrOK B → adjLev B → hpOK B d plev fir …
DbmsStd.lean:9588	theorem reindexD_pos_of4	theorem reindexD_pos_of4 (Hc : CtrRes) (Hp : CtrPres2) (Hn : RDnopar) (Hd : RDnode) : ReindexD_pos
DbmsStd.lean:9602	theorem reindexD_holds_of_res6	theorem reindexD_holds_of_res6 (Hc : CtrRes) (Hp : CtrPres2) (H0 : RDzeroStop2) (Hn : RDnopar) (Hd : RDnode) : ReindexD
DbmsStd.lean:9610	theorem ST_D_conC_holds_of_res6	theorem ST_D_conC_holds_of_res6 (Hc : CtrRes) (Hp : CtrPres2) (H0 : RDzeroStop2) (Hn : RDnopar) (Hd : RDnode) {M : PairSeq} (hM : ST_PS M) : ST_D (conC M)
DbmsStd.lean:9617	theorem zeroStop_shape	theorem zeroStop_shape {p q : ℕ × ℕ} {A U pre rest2 : PairSeq} {bd : ℕ} (hb : blockok bd (p :: (A ++ (U ++ q :: (pre ++ rest2))))) (hp1 : p.1 = bd) (hq1 : q.1 = p.1) (hpd : ∀ x ∈ pre, p.1 < x.1) (hrd : ∀ x ∈ rest2, p.1 < x.1) (hrne : rest2 ≠ []) (hrh1 : (rest2.headI).1 = p.1 + 1) (hlev : entry (p :: …
DbmsStd.lean:9713	theorem convC_first_false	theorem convC_first_false (M : PairSeq) (d plev plev' : ℕ) (force force' : Bool) : convC M d plev false force = convC M d plev' false force'
DbmsStd.lean:9730	theorem shift1_append	theorem shift1_append (X Y : PairSeq) : shift1 (X ++ Y) = shift1 X ++ shift1 Y
DbmsStd.lean:9733	theorem shift1_take	theorem shift1_take (k : ℕ) (X : PairSeq) : (shift1 X).take k = shift1 (X.take k)
DbmsStd.lean:9736	theorem shift1_drop	theorem shift1_drop (k : ℕ) (X : PairSeq) : (shift1 X).drop k = shift1 (X.drop k)
DbmsStd.lean:9744	theorem shift1_headI	theorem shift1_headI (X : PairSeq) (h : X ≠ []) : (shift1 X).headI = ((X.headI).1 + 1, (X.headI).2)
DbmsStd.lean:9750	theorem shift1_inj	theorem shift1_inj : ∀ {X Y : PairSeq}, shift1 X = shift1 Y → X = Y
DbmsStd.lean:9770	theorem unitsLen_shift1	theorem unitsLen_shift1 : ∀ (n : ℕ) (p : ℕ × ℕ) (B : PairSeq), B.length ≤ n → unitsLen ((p.1 + 1, p.2) : ℕ × ℕ) (shift1 B) = unitsLen p B
DbmsStd.lean:9796	theorem contrPre_shift1	theorem contrPre_shift1 (p : ℕ × ℕ) (U A : PairSeq) : contrPre ((p.1 + 1, p.2) : ℕ × ℕ) (shift1 U) (shift1 A) = shift1 (contrPre p U A)
DbmsStd.lean:9802	theorem contrLen_shift1	theorem contrLen_shift1 (p : ℕ × ℕ) (B A : PairSeq) (k : ℕ) : contrLen ((p.1 + 1, p.2) : ℕ × ℕ) (shift1 B) k (shift1 A) = (contrLen p B k A).map (fun x => (shift1 x.1, shift1 x.2))
DbmsStd.lean:9828	theorem convC_shift1	theorem convC_shift1 : ∀ (n : ℕ) (M : PairSeq), M.length ≤ n → ∀ (d plev : ℕ) (first force : Bool), convC (shift1 M) d plev first force = convC M d plev first force
DbmsStd.lean:9903	theorem convC_units_append	theorem convC_units_append {t : ℕ × ℕ} : ∀ {V : PairSeq}, Units t V → ∀ (L : PairSeq), (L = [] ∨ ¬ (t.1 < (L.headI).1)) → ∀ (D plev plev' : ℕ), convC (V ++ L) D plev false false = convC V D plev false false ++ convC L D plev' false false
DbmsStd.lean:9941	theorem Units_shift1	theorem Units_shift1 {p : ℕ × ℕ} : ∀ {U : PairSeq}, Units p U → Units ((p.1 + 1, p.2) : ℕ × ℕ) (shift1 U)
DbmsStd.lean:9957	theorem convC_contrPre	theorem convC_contrPre {p : ℕ × ℕ} {A U r0 : PairSeq} {d : ℕ} (hA : ∀ c ∈ A, p.1 < c.1) (hU : Units p U) (hp2 : 1 ≤ p.2) (hdp : p.2 ≤ d) (hr0 : r0 = [] ∨ ¬ ((p.1 + 1) < (r0.headI).1)) : convC (contrPre p U A ++ r0) (d + 1) (p.2 - 1) true false = (d + 1, p.2) :: (convC A (d + 2) p.2 true false ++ con …
DbmsStd.lean:10006	theorem convC_run_contr	theorem convC_run_contr {p q : ℕ × ℕ} {A U r0 : PairSeq} {d : ℕ} (hA : ∀ c ∈ A, p.1 < c.1) (hU : Units p U) (hq1 : q.1 = p.1) (hq2 : q.2 + 1 = p.2) (hdp : p.2 ≤ d) (hr0 : r0 = [] ∨ (r0.headI).1 = p.1 + 1) (hr0d : ∀ c ∈ r0, p.1 < c.1) : ∀ (k plev₀ : ℕ),
DbmsStd.lean:10065	theorem contrLen_of_shape_nil	theorem contrLen_of_shape_nil {p q : ℕ × ℕ} {Arg U pre L : PairSeq} (hU : Units p U) (hpre : pre = contrPre p U Arg) (hpd : ∀ x ∈ pre, p.1 < x.1) (hq1 : q.1 = p.1) (hq2 : q.2 + 1 = p.2) (hL : L = [] ∨ ¬ (p.1 < (L.headI).1)) : contrLen p (U ++ q :: (pre ++ L)) (unitsLen p (U ++ q :: (pre ++ L))) Arg  …
DbmsStd.lean:10085	theorem convC_units_depth	theorem convC_units_depth {p : ℕ × ℕ} (hp2 : 0 < p.2) : ∀ {U : PairSeq}, Units p U → ∀ d : ℕ, d = p.2 → convC U d p.2 false false = convC U (d + 1) p.2 false false
DbmsStd.lean:10119	theorem rdZeroStop	theorem rdZeroStop {p q : ℕ × ℕ} {A U pre rest2 : PairSeq} {bd d plev : ℕ} {first force : Bool} (hb : blockok bd (p :: (A ++ (U ++ q :: (pre ++ rest2))))) (hc : colOK (p :: (A ++ (U ++ q :: (pre ++ rest2))))) (hbd : bd ≤ d) (hdle : d ≤ p.2) (hp1 : p.1 = bd) (hAdeep : ∀ x ∈ A, p.1 < x.1)
DbmsStd.lean:10395	theorem reindexD_zero_fire3	theorem reindexD_zero_fire3 (N : ℕ) (ih : ∀ (B : PairSeq), B.length ≤ N → ∀ (bd d plev : ℕ) (first force : Bool), blockok bd B → colOK B → descOK B → bd ≤ d → (bd = 0 → d = 0) → entry B 1 (B.length - 1) = 0 → argPatOK B → hpOK B d plev first force → fOK B d plev force → argCtrOK B → hcOK B plev firs …
DbmsStd.lean:10636	theorem reindexD_zero_block5	theorem reindexD_zero_block5 (Hp : CtrPres2) : ∀ (N : ℕ) (B : PairSeq), B.length ≤ N → ∀ (bd d plev : ℕ) (first force : Bool), blockok bd B → colOK B → descOK B → bd ≤ d → (bd = 0 → d = 0) → entry B 1 (B.length - 1) = 0 → argPatOK B → hpOK B d plev first force → fOK B d plev force → argCtrOK B → hcO …
DbmsStd.lean:11052	theorem reindexD_zero5	theorem reindexD_zero5 (Hc : CtrRes) (Hp : CtrPres2) {M : PairSeq} (hM : ST_PS M) (hlev : entry M 1 (M.length - 1) = 0) : ∀ n : ℕ, 1 ≤ n → ∃ m n' : ℕ, 1 ≤ m ∧ n ≤ n' ∧ (conC M)⟦m⟧ = conC (M⟦n'⟧)
DbmsStd.lean:11067	theorem reindexD_holds_of_res7	theorem reindexD_holds_of_res7 (Hc : CtrRes) (Hp : CtrPres2) (Hn : RDnopar) (Hd : RDnode) : ReindexD
DbmsStd.lean:11075	theorem ST_D_conC_holds_of_res7	theorem ST_D_conC_holds_of_res7 (Hc : CtrRes) (Hp : CtrPres2) (Hn : RDnopar) (Hd : RDnode) {M : PairSeq} (hM : ST_PS M) : ST_D (conC M)
DbmsStd.lean:11102	theorem contrLen'_spec	theorem contrLen'_spec {p : ℕ × ℕ} {B A rest2 Bq : PairSeq} {k : ℕ} (h : contrLen' p B k A = some (rest2, Bq)) : ∃ q r2, B.drop k = q :: r2 ∧ q.2 + 1 = p.2 ∧ q.1 = p.1 ∧ (r2.takeWhile fun x => q.1 < x.1) = contrPre p (B.take k) A ++ rest2 ∧ (r2.dropWhile fun x => q.1 < x.1) = Bq ∧ rest2 ≠ [] ∧ (rest …
DbmsStd.lean:11126	theorem contrLen_eq_of_head_lt	theorem contrLen_eq_of_head_lt (p : ℕ × ℕ) (B A : PairSeq) (k : ℕ) (h : ∀ rest2 Bq : PairSeq, contrLen' p B k A = some (rest2, Bq) → (rest2.headI).2 < p.2) : contrLen' p B k A = contrLen p B k A
DbmsStd.lean:11149	theorem ctrHead_lt_core	theorem ctrHead_lt_core {M X A U Bq Z : PairSeq} {c p q : ℕ × ℕ} {rest2 : PairSeq} (hM : ST_PS M) (hMform : M = (X ++ c :: ((p :: (A ++ U)) ++ q :: ((contrPre p U A ++ rest2) ++ Bq))) ++ Z) (hArgd : ∀ x ∈ ((p :: (A ++ U)) ++ q :: ((contrPre p U A ++ rest2) ++ Bq)), c.1 < x.1) (hp1 : p.1 = c.1 + 1) ( …
DbmsStd.lean:11221	theorem ctrHeadOK_arg_of_ST	theorem ctrHeadOK_arg_of_ST {M X r : PairSeq} {c : ℕ × ℕ} (hM : ST_PS M) (heq : M = X ++ c :: r) : ctrHeadOK (r.takeWhile fun x => c.1 < x.1) c.2
DbmsStd.lean:11275	theorem argCtrOK_of_nodes	theorem argCtrOK_of_nodes : ∀ (N : ℕ) (M : PairSeq), M.length ≤ N → (∀ (X r : PairSeq) (c : ℕ × ℕ), M = X ++ c :: r → ctrHeadOK (r.takeWhile fun x => c.1 < x.1) c.2) → argCtrOK M
DbmsStd.lean:11323	theorem ctrRes_holds	theorem ctrRes_holds : CtrRes
DbmsStd.lean:11329	theorem reindexD_holds_of_res8	theorem reindexD_holds_of_res8 (Hp : CtrPres2) (Hn : RDnopar) (Hd : RDnode) : ReindexD
DbmsStd.lean:11333	theorem ST_D_conC_holds_of_res8	theorem ST_D_conC_holds_of_res8 (Hp : CtrPres2) (Hn : RDnopar) (Hd : RDnode) {M : PairSeq} (hM : ST_PS M) : ST_D (conC M)
DbmsStd.lean:11354	theorem lad_lev_le_one	theorem lad_lev_le_one {p : ℕ × ℕ} {r : PairSeq} {bd d plev : ℕ} {first force : Bool} (hp1 : p.1 = bd) (hcol : p.2 ≤ p.1) (hbd : bd ≤ d) (hdp : dpOK bd d plev first) (hf : fOK (p :: r) d plev force) (hlad : ladOf p.2 d plev first force = true) : p.2 ≤ 1
DbmsStd.lean:11371	theorem blockok_arg'	theorem blockok_arg' {p : ℕ × ℕ} {A B : PairSeq} {bd : ℕ} (hb : blockok bd (p :: (A ++ B))) (hp1 : p.1 = bd) (hAd : ∀ x ∈ A, p.1 < x.1) : blockok (bd + 1) A
DbmsStd.lean:11390	theorem blockok_sib'	theorem blockok_sib' {p : ℕ × ℕ} {A B : PairSeq} {bd : ℕ} (hb : blockok bd (p :: (A ++ B))) (hp1 : p.1 = bd) (hBh : B = [] ∨ ¬ (p.1 < (B.headI).1)) : blockok bd B
DbmsStd.lean:11403	theorem steps1_suffix	theorem steps1_suffix {L M : PairSeq} (h : L <:+ M) (hs : steps1 M) : steps1 L
DbmsStd.lean:11408	theorem colOK_of_suffix	theorem colOK_of_suffix {L M : PairSeq} (h : L <:+ M) (hc : colOK M) : colOK L
DbmsStd.lean:11412	theorem convC_dropLast_noParent_aux2	theorem convC_dropLast_noParent_aux2 : ∀ (n : ℕ) (M : PairSeq), M.length ≤ n → 1 < M.length → ∀ (bd d plev : ℕ) (first force : Bool), blockok bd M → colOK M → bd ≤ d → argPatOK M → dpOK bd d plev first → hpOK M d plev first force → fOK M d plev force → ¬ hasParent M (idx1 M (M.length - 1)) (M.length …
DbmsStd.lean:11705	theorem rdNopar	theorem rdNopar : RDnopar
DbmsStd.lean:11723	theorem reindexD_holds_of_res9	theorem reindexD_holds_of_res9 (Hp : CtrPres2) (Hd : RDnode) : ReindexD
DbmsStd.lean:11727	theorem ST_D_conC_holds_of_res9	theorem ST_D_conC_holds_of_res9 (Hp : CtrPres2) (Hd : RDnode) {M : PairSeq} (hM : ST_PS M) : ST_D (conC M)
DbmsStd.lean:11737	theorem lad_diag	theorem lad_diag {p : ℕ × ℕ} {r : PairSeq} {bd d plev : ℕ} {first force : Bool} (hp1 : p.1 = bd) (hcol : p.2 ≤ p.1) (hbd : bd ≤ d) (hf : fOK (p :: r) d plev force) (hlad : ladOf p.2 d plev first force = true) : first = true ∧ d = p.2 ∧ p.2 = p.1 ∧ p.1 = bd ∧ p.2 = plev + 1
DbmsStd.lean:11763	theorem shiftr0_succ	theorem shiftr0_succ (e : ℕ) (M : PairSeq) : shiftr0 (e + 1) M = shift1 (shiftr0 e M)
DbmsStd.lean:11769	theorem convC_shiftr0	theorem convC_shiftr0 (e : ℕ) (M : PairSeq) (d plev : ℕ) (first force : Bool) : convC (shiftr0 e M) d plev first force = convC M d plev first force
DbmsStd.lean:11789	theorem range'_map_entry_shift	theorem range'_map_entry_shift (M : PairSeq) {j0 j1 : ℕ} (h0 : j0 ≤ j1) (h1 : j1 ≤ M.length) (c : ℕ) : (List.range' j0 (j1 - j0)).map (fun j => ((entry M 0 j + c : ℕ), (entry M 1 j : ℕ))) = shiftr0 c ((M.take j1).drop j0)
DbmsStd.lean:11799	theorem oper_tower	theorem oper_tower {M : PairSeq} (n : ℕ) (hL : 1 < M.length) (hlev : 0 < entry M 1 (M.length - 1)) (hp : hasParent M 1 (M.length - 1)) (hj0 : parent M 1 (M.length - 1) = 0) : M⟦n⟧ = copies (entry M 0 (M.length - 1) - entry M 0 0) M.dropLast n
DbmsStd.lean:11819	theorem rdNode_bms_shape	theorem rdNode_bms_shape {p : ℕ × ℕ} {A : PairSeq} (hAne : A ≠ []) (hlev : 0 < entry (p :: A) 1 ((p :: A).length - 1)) (hp : hasParent (p :: A) 1 ((p :: A).length - 1)) (hj0 : parent (p :: A) 1 ((p :: A).length - 1) = 0) (n : ℕ) : (p :: A)⟦n⟧ = copies ((A.getLastD (0, 0)).1 - p.1) (p :: A.dropLast)  …
DbmsStd.lean:11848	theorem lad_false_of_two_le	theorem lad_false_of_two_le {p : ℕ × ℕ} {r : PairSeq} {bd d plev : ℕ} {first force : Bool} (hb : blockok bd (p :: r)) (hcol : colOK (p :: r)) (hbd : bd ≤ d) (hdp : dpOK bd d plev first) (hf : fOK (p :: r) d plev force) (h2 : 2 ≤ bd) : ladOf p.2 d plev first force = false
DbmsStd.lean:11864	theorem convC_append_tail	theorem convC_append_tail : ∀ (N : ℕ) (M : PairSeq), M.length ≤ N → ∀ (ν bd d plev : ℕ) (first force : Bool), blockok bd M → colOK M → bd ≤ d → 1 ≤ bd → argPatOK M → dpOK bd d plev first → hpOK M d plev first force → fOK M d plev force → (2 ≤ bd ∨ ladOf ((M.headI).2) d plev first force = false) → ∃  …
DbmsStd.lean:11986	theorem takeWhile_append_head	theorem takeWhile_append_head {dd : ℕ} (X Y : PairSeq) (h : (X.takeWhile fun q => dd < q.1) ≠ []) : ((X ++ Y).takeWhile fun q => dd < q.1) ≠ [] ∧ (((X ++ Y).takeWhile fun q => dd < q.1)).headI = ((X.takeWhile fun q => dd < q.1)).headI
DbmsStd.lean:12001	theorem headPatOK_prefix	theorem headPatOK_prefix {X Y : PairSeq} {plev : ℕ} (h : headPatOK (X ++ Y) plev) : headPatOK X plev
DbmsStd.lean:12011	theorem blockok_prefix	theorem blockok_prefix {X Y : PairSeq} {bd : ℕ} (h : blockok bd (X ++ Y)) : blockok bd X
DbmsStd.lean:12024	theorem argPatOK_prefix	theorem argPatOK_prefix : ∀ (N : ℕ) (M : PairSeq), M.length ≤ N → ∀ X Y : PairSeq, M = X ++ Y → argPatOK M → argPatOK X
DbmsStd.lean:12113	def levLt	def levLt (M : PairSeq) (d : ℕ) : Prop
DbmsStd.lean:12115	theorem levLt_nil	theorem levLt_nil (d : ℕ) : levLt [] d
DbmsStd.lean:12118	theorem lad_false_of_levLt	theorem lad_false_of_levLt {c : ℕ × ℕ} {r : PairSeq} {d plev D : ℕ} {first force : Bool} (hlev : c.2 < d) (hf : fOK (c :: r) d plev force) (hD : d ≤ D) : ladOf c.2 D plev first force = false
DbmsStd.lean:12135	theorem ddOf_of_levLt	theorem ddOf_of_levLt {c : ℕ × ℕ} {r : PairSeq} {d plev D : ℕ} {first force : Bool} (hlev : c.2 < d) (hf : fOK (c :: r) d plev force) (hD : d ≤ D) : ddOf c.2 D plev first force = D
DbmsStd.lean:12143	theorem convC_depth_shift	theorem convC_depth_shift : ∀ (N : ℕ) (M : PairSeq), M.length ≤ N → ∀ (bd d e plev : ℕ) (first force : Bool), blockok bd M → colOK M → adjLev M → descOK M → levLt M d → argPatOK M → hpOK M d plev first force → fOK M d plev force → convC M (d + e) plev first force = shiftr0 e (convC M d plev first fo …
DbmsStd.lean:12242	theorem oper_tower_at	theorem oper_tower_at {M : PairSeq} (j0 n : ℕ) (hL : 1 < M.length) (hlev : 0 < entry M 1 (M.length - 1)) (hnr : nextrel1 M j0 (M.length - 1)) : M⟦n⟧ = M.take j0 ++ copies (entry M 0 (M.length - 1) - entry M 0 j0) (M.dropLast.drop j0) n
DbmsStd.lean:12273	theorem convC_append_tail_shift	theorem convC_append_tail_shift : ∀ (N : ℕ) (M : PairSeq), M.length ≤ N → ∀ (ν bd d plev : ℕ) (first force : Bool), blockok bd M → colOK M → adjLev M → descOK M → levLt M d → argPatOK M → hpOK M d plev first force → fOK M d plev force → ∃ (d' plev' : ℕ) (first' force' : Bool), ∀ (E : ℕ) (Z : PairSeq …
DbmsStd.lean:12425	def slackOK	def slackOK (e : ℕ) (M : PairSeq) : Prop
DbmsStd.lean:12427	theorem slackOK_nil	theorem slackOK_nil (e : ℕ) : slackOK e []
DbmsStd.lean:12430	theorem slackOK_of_one_le	theorem slackOK_of_one_le {M : PairSeq} {e : ℕ} (he : 1 ≤ e) (hc : colOK M) : slackOK e M
DbmsStd.lean:12434	theorem slackOK_of_head	theorem slackOK_of_head : ∀ (N : ℕ) (M : PairSeq), M.length ≤ N → ∀ (bd e : ℕ), blockok bd M → colOK M → adjLev M → descOK M → (M ≠ [] → (M.headI).2 < bd + e) → slackOK e M
DbmsStd.lean:12506	theorem noAdj3_append_sep	theorem noAdj3_append_sep {A B : PairSeq} {dd : ℕ} (hAd : ∀ x ∈ A, dd < x.1) (hBh : B = [] ∨ ¬ (dd < (B.headI).1)) (hA : noAdj3 A) (hB : noAdj3 B) : noAdj3 (A ++ B)
DbmsStd.lean:12561	theorem noAdj3_of_argPatOK	theorem noAdj3_of_argPatOK : ∀ (N : ℕ) (M : PairSeq), M.length ≤ N → argPatOK M → noAdj3 M
DbmsStd.lean:12638	theorem convC_eq_shift	theorem convC_eq_shift : ∀ (N : ℕ) (M : PairSeq), M.length ≤ N → ∀ (bd e plev : ℕ) (first force : Bool), blockok bd M → slackOK e M → noAdj3 M → hpOK M (bd + e) plev first force → fOK M (bd + e) plev force → convC M (bd + e) plev first force = shiftr0 e M
DbmsStd.lean:12714	theorem getD_shiftr0	theorem getD_shiftr0 {t : ℕ} {M : PairSeq} {j : ℕ} (hj : j < M.length) : (shiftr0 t M).getD j (0, 0) = ((M.getD j (0, 0)).1 + t, (M.getD j (0, 0)).2)
DbmsStd.lean:12721	theorem entry_shiftr0_zero	theorem entry_shiftr0_zero {t : ℕ} {M : PairSeq} {j : ℕ} (hj : j < M.length) : entry (shiftr0 t M) 0 j = entry M 0 j + t
DbmsStd.lean:12741	theorem nextrel0_shiftr0	theorem nextrel0_shiftr0 (t : ℕ) (M : PairSeq) (j0 j1 : ℕ) : nextrel0 (shiftr0 t M) j0 j1 ↔ nextrel0 M j0 j1
DbmsStd.lean:12762	theorem le0_shiftr0	theorem le0_shiftr0 (t : ℕ) (M : PairSeq) (j0 j1 : ℕ) : le0 (shiftr0 t M) j0 j1 ↔ le0 M j0 j1
DbmsStd.lean:12774	theorem nextrel1_shiftr0	theorem nextrel1_shiftr0 (t : ℕ) (M : PairSeq) (j0 j1 : ℕ) : nextrel1 (shiftr0 t M) j0 j1 ↔ nextrel1 M j0 j1
DbmsStd.lean:12787	theorem nextR_shiftr0	theorem nextR_shiftr0 (t : ℕ) (M : PairSeq) (i j0 j1 : ℕ) : nextR (shiftr0 t M) i j0 j1 ↔ nextR M i j0 j1
DbmsStd.lean:12794	theorem idx1_shiftr0	theorem idx1_shiftr0 (t : ℕ) (M : PairSeq) (j1 : ℕ) : idx1 (shiftr0 t M) j1 = idx1 M j1
DbmsStd.lean:12798	theorem hasParent_shiftr0	theorem hasParent_shiftr0 (t : ℕ) (M : PairSeq) (i j1 : ℕ) : hasParent (shiftr0 t M) i j1 ↔ hasParent M i j1
DbmsStd.lean:12809	theorem parent_shiftr0	theorem parent_shiftr0 (t : ℕ) (M : PairSeq) (i j1 : ℕ) : parent (shiftr0 t M) i j1 = parent M i j1
DbmsStd.lean:12816	theorem take_shiftr0	theorem take_shiftr0 (t : ℕ) (M : PairSeq) (k : ℕ) : (shiftr0 t M).take k = shiftr0 t (M.take k)
DbmsStd.lean:12821	theorem Pred_shiftr0	theorem Pred_shiftr0 (t : ℕ) (M : PairSeq) : Pred (shiftr0 t M) = shiftr0 t (Pred M)
DbmsStd.lean:12830	theorem oper_bad_unfold1	theorem oper_bad_unfold1 {M : PairSeq} (n : ℕ) (hL : M.length - 1 ≠ 0) (hlev : 0 < entry M 1 (M.length - 1)) (hp : hasParent M 1 (M.length - 1)) : M⟦n⟧ = M.take (parent M 1 (M.length - 1)) ++ (List.range n).flatMap fun k => (List.range' (parent M 1 (M.length - 1))
DbmsStd.lean:12847	theorem shiftr0_oper_body	theorem shiftr0_oper_body (t : ℕ) (M : PairSeq) (n j0 L D : ℕ) : shiftr0 t ((List.range n).flatMap fun k => (List.range' j0 L).map fun j => (entry M 0 j + k * D, entry M 1 j)) = (List.range n).flatMap fun k => (List.range' j0 L).map fun j => (entry M 0 j + k * D + t, entry M 1 j)
DbmsStd.lean:12860	theorem oper_shiftr0	theorem oper_shiftr0 (t : ℕ) (M : PairSeq) (n : ℕ) (hlev : 0 < entry M 1 (M.length - 1)) : (shiftr0 t M)⟦n⟧ = shiftr0 t (M⟦n⟧)
DbmsStd.lean:12916	theorem noAdj3_oper	theorem noAdj3_oper {M0 : PairSeq} (ih : noAdj3 M0) (n : ℕ) (hn : 1 ≤ n) : noAdj3 (M0⟦n⟧)
DbmsStd.lean:13118	def shiftl0	def shiftl0 (t : ℕ) : PairSeq → PairSeq
DbmsStd.lean:13123	theorem getD_shiftl0	theorem getD_shiftl0 {t : ℕ} {M : PairSeq} {j : ℕ} (hj : j < M.length) : (shiftl0 t M).getD j (0, 0) = ((M.getD j (0, 0)).1 - t, (M.getD j (0, 0)).2)
DbmsStd.lean:13145	theorem shiftr0_shiftl0	theorem shiftr0_shiftl0 {t : ℕ} {M : PairSeq} (h : ∀ c ∈ M, t ≤ c.1) : shiftr0 t (shiftl0 t M) = M
DbmsStd.lean:13157	theorem blockok_shiftl0	theorem blockok_shiftl0 {bd : ℕ} {M : PairSeq} (hb : blockok bd M) : blockok 0 (shiftl0 bd M)
DbmsStd.lean:13181	theorem blockok_shiftr0	theorem blockok_shiftr0 {b t : ℕ} {X : PairSeq} (h : blockok b X) : blockok (b + t) (shiftr0 t X)
DbmsStd.lean:13210	theorem blockok_oper_gen	theorem blockok_oper_gen {bd : ℕ} {M : PairSeq} {n : ℕ} (hb : blockok bd M) (hn : 1 ≤ n) (hlev : 0 < entry M 1 (M.length - 1)) : blockok bd (M⟦n⟧)
DbmsStd.lean:13224	theorem mem_copies	theorem mem_copies {d : ℕ} {W : PairSeq} {n : ℕ} {x : ℕ × ℕ} (hx : x ∈ copies d W n) : ∃ c ∈ W, ∃ k : ℕ, x = (c.1 + k * d, c.2)
DbmsStd.lean:13232	theorem slackOK_tower	theorem slackOK_tower {E d0 : ℕ} {p : ℕ × ℕ} {R : PairSeq} (hd0 : 1 ≤ d0) (hp : p.2 ≤ p.1) (hR : slackOK E R) (m : ℕ) : slackOK E (shiftr0 d0 (copies d0 (p :: R) m))
DbmsStd.lean:13245	theorem deep_tower	theorem deep_tower {d0 : ℕ} {p : ℕ × ℕ} {R : PairSeq} (hd0 : 1 ≤ d0) (hR : ∀ x ∈ R, p.1 < x.1) (m : ℕ) : ∀ x ∈ shiftr0 d0 (copies d0 (p :: R) m), p.1 < x.1
DbmsStd.lean:13258	theorem rdshift	theorem rdshift {p : ℕ × ℕ} {A : PairSeq} {bd d plev E : ℕ} {first force : Bool} (hb : blockok bd (p :: A)) (hAd : ∀ x ∈ A, p.1 < x.1) (hna : noAdj3 (p :: A)) (hsl : slackOK E A) (hp1 : p.1 = bd) (hHP : hpOK (p :: A) d plev first force) (hlad : ladOf p.2 d plev first force = false) (hE : ddOf p.2 d  …
DbmsStd.lean:13307	theorem headI_shiftr0	theorem headI_shiftr0 {t : ℕ} {L : PairSeq} (h : L ≠ []) : (shiftr0 t L).headI = ((L.headI).1 + t, (L.headI).2)
DbmsStd.lean:13313	theorem headI_copies	theorem headI_copies {d : ℕ} {W : PairSeq} {m : ℕ} (hW : W ≠ []) (hm : 1 ≤ m) : (copies d W m).headI = W.headI
DbmsStd.lean:13321	theorem headPatOK_of_deep	theorem headPatOK_of_deep {p : ℕ × ℕ} {A' : PairSeq} {plev : ℕ} (hAd : ∀ x ∈ A', p.1 < x.1) (h : p.2 = plev → A' ≠ [] → ((A'.headI).2 ≠ p.2 + 1)) : headPatOK (p :: A') plev
DbmsStd.lean:13332	theorem deep_of_headPatOK	theorem deep_of_headPatOK {p : ℕ × ℕ} {A' : PairSeq} {plev : ℕ} (hAd : ∀ x ∈ A', p.1 < x.1) (h : headPatOK (p :: A') plev) (hpl : p.2 = plev) (hne : A' ≠ []) : ((A'.headI).2 ≠ p.2 + 1)
DbmsStd.lean:13343	theorem rdNode_reg	theorem rdNode_reg {p : ℕ × ℕ} {A : PairSeq} {bd d plev E : ℕ} {first force : Bool} (hAne : A ≠ []) (hb : blockok bd (p :: A)) (hcol : colOK (p :: A)) (hAd : ∀ x ∈ A, p.1 < x.1) (hna : noAdj3 (p :: A)) (hp1 : p.1 = bd) (hlev : 0 < entry (p :: A) 1 ((p :: A).length - 1)) (hHP : hpOK (p :: A) d plev f …
DbmsStd.lean:13432	def RDnodeExc	def RDnodeExc : Prop
DbmsStd.lean:13448	theorem rdNode_of_exc	theorem rdNode_of_exc (H : RDnodeExc) : RDnode
DbmsStd.lean:13508	def diagOK	def diagOK (bd : ℕ) (M : PairSeq) : Prop
DbmsStd.lean:13511	theorem convC_eq_shift1	theorem convC_eq_shift1 : ∀ (N : ℕ) (M : PairSeq), M.length ≤ N → ∀ (bd plev : ℕ), blockok bd M → colOK M → noAdj3 M → diagOK bd M → 1 ≤ bd → convC M bd plev false false = shiftr0 1 M
DbmsStd.lean:13562	theorem contrLen_none_of_diag	theorem contrLen_none_of_diag {p : ℕ × ℕ} {T A : PairSeq} {bd : ℕ} (hdg : ∀ c ∈ T, c.1 = bd → c.2 = bd) (hp1 : p.1 = bd) (hp2 : p.2 = bd) : contrLen p T (unitsLen p T) A = none
DbmsStd.lean:13578	theorem convC_lad_shift	theorem convC_lad_shift {p : ℕ × ℕ} {A T : PairSeq} {bd plev : ℕ} {first force : Bool} (hb : blockok bd (p :: (A ++ T))) (hcol : colOK (p :: (A ++ T))) (hna : noAdj3 (p :: (A ++ T))) (hdg : diagOK bd (p :: (A ++ T))) (hbd1 : 1 ≤ bd) (hAd : ∀ x ∈ A, p.1 < x.1) (hTh : T = [] ∨ ¬ (p.1 < (T.headI).1)) ( …
DbmsStd.lean:13621	theorem anc_of_low	theorem anc_of_low : ∀ (N : ℕ) (X : PairSeq), X.length ≤ N → ∀ (bd w : ℕ), blockok bd X → descOK X → X ≠ [] → ((X.headI).2 < w) → ∃ k, le0 X k (X.length - 1) ∧ entry X 1 k < w
DbmsStd.lean:13672	theorem diagOK_of_min	theorem diagOK_of_min : ∀ (N : ℕ) (X : PairSeq), X.length ≤ N → ∀ (bd w : ℕ), blockok bd X → colOK X → descOK X → (X ≠ [] → (X.headI).2 = bd) → bd ≤ w → (∀ k, le0 X k (X.length - 1) → w ≤ entry X 1 k) → diagOK bd X
DbmsStd.lean:13740	theorem oper_cons_shallow	theorem oper_cons_shallow {x : ℕ × ℕ} {X : PairSeq} (n : ℕ) (hX2 : 2 ≤ X.length) (hXd : ∀ y ∈ X, x.1 < y.1) (hlev : 0 < entry X 1 (X.length - 1)) (hxlt : x.2 < entry X 1 (X.length - 1)) (hk : le0 X 0 (X.length - 1))
DbmsStd.lean:13770	theorem colOK_copies	theorem colOK_copies {d : ℕ} {W : PairSeq} (h : colOK W) (n : ℕ) : colOK (copies d W n)
DbmsStd.lean:13779	theorem rdNode_shift1	theorem rdNode_shift1 {p : ℕ × ℕ} {A : PairSeq} {x : ℕ × ℕ} {d plev : ℕ} {first force : Bool} (n : ℕ) (hAne : A ≠ []) (hb : ∀ c ∈ (p :: A), p.1 ≤ c.1) (hlev : 0 < entry (p :: A) 1 ((p :: A).length - 1)) (hnr : nextrel1 (p :: A) 0 ((p :: A).length - 1))
DbmsStd.lean:13814	theorem nextrel1_of_parent_zero	theorem nextrel1_of_parent_zero {M : PairSeq} (hp : hasParent M 1 (M.length - 1)) (hj0 : parent M 1 (M.length - 1) = 0) : nextrel1 M 0 (M.length - 1)
DbmsStd.lean:13823	theorem rdNode_lad	theorem rdNode_lad {p : ℕ × ℕ} {A : PairSeq} {d plev : ℕ} {first force : Bool} (hAne : A ≠ []) (hb : blockok d (p :: A)) (hcol : colOK (p :: A)) (hAd : ∀ x ∈ A, p.1 < x.1) (hna : noAdj3 (p :: A)) (hp1 : p.1 = d) (hbd1 : 1 ≤ d) (hp2 : p.2 = d) (hlev : 0 < entry (p :: A) 1 ((p :: A).length - 1))
DbmsStd.lean:13914	theorem convC_root_shift	theorem convC_root_shift {A : PairSeq} {plev : ℕ} {first force : Bool} (hAne : A ≠ []) (hb : blockok 0 (((0, 0) : ℕ × ℕ) :: A)) (hcol : colOK (((0, 0) : ℕ × ℕ) :: A)) (hna : noAdj3 (((0, 0) : ℕ × ℕ) :: A)) (hAd : ∀ x ∈ A, 0 < x.1) (hdg : diagOK 1 A) (hhd : (A.headI).2 = 1) :
DbmsStd.lean:13958	theorem rdNode_jmp	theorem rdNode_jmp {A : PairSeq} {plev : ℕ} {first force : Bool} (hAne : A ≠ []) (hb : blockok 0 (((0, 0) : ℕ × ℕ) :: A)) (hcol : colOK (((0, 0) : ℕ × ℕ) :: A)) (hdesc : descOK (((0, 0) : ℕ × ℕ) :: A)) (hna : noAdj3 (((0, 0) : ℕ × ℕ) :: A)) (hAd : ∀ x ∈ A, 0 < x.1) (hhd : (A.headI).2 = 1)
DbmsStd.lean:14116	def RDnodeCtr	def RDnodeCtr : Prop
DbmsStd.lean:14134	theorem rdNodeExc_of_ctr	theorem rdNodeExc_of_ctr (H : RDnodeCtr) : RDnodeExc
DbmsStd.lean:14203	theorem rdNode_of_ctr	theorem rdNode_of_ctr (H : RDnodeCtr) : RDnode
DbmsStd.lean:14206	theorem reindexD_holds_of_res10	theorem reindexD_holds_of_res10 (Hp : CtrPres2) (Hc : RDnodeCtr) : ReindexD
DbmsStd.lean:14209	theorem ST_D_conC_holds_of_res10	theorem ST_D_conC_holds_of_res10 (Hp : CtrPres2) (Hc : RDnodeCtr) {M : PairSeq} (hM : ST_PS M) : ST_D (conC M)
DbmsStd.lean:14218	theorem shiftr0_shiftr0	theorem shiftr0_shiftr0 (s t : ℕ) (M : PairSeq) : shiftr0 s (shiftr0 t M) = shiftr0 (s + t) M
DbmsStd.lean:14227	theorem shiftr0_copies	theorem shiftr0_copies (t d : ℕ) (V : PairSeq) (m : ℕ) : shiftr0 t (copies d V m) = copies d (shiftr0 t V) m
DbmsStd.lean:14239	theorem dropLast_shiftr0	theorem dropLast_shiftr0 (t : ℕ) (M : PairSeq) : (shiftr0 t M).dropLast = shiftr0 t M.dropLast
DbmsStd.lean:14243	theorem nextrel0_cons_succ	theorem nextrel0_cons_succ {x : ℕ × ℕ} {X : PairSeq} {a b : ℕ} : nextrel0 (x :: X) (a + 1) (b + 1) ↔ nextrel0 X a b
DbmsStd.lean:14261	theorem rtg_cons_succ	theorem rtg_cons_succ {x : ℕ × ℕ} {X : PairSeq} {a : ℕ} : ∀ {c : ℕ}, Relation.ReflTransGen (nextrel0 (x :: X)) (a + 1) c → ∃ c', c = c' + 1 ∧ Relation.ReflTransGen (nextrel0 X) a c'
DbmsStd.lean:14274	theorem le0_cons_succ	theorem le0_cons_succ {x : ℕ × ℕ} {X : PairSeq} {a b : ℕ} (h : le0 (x :: X) (a + 1) (b + 1)) : le0 X a b
DbmsStd.lean:14283	theorem nextrel1_cons_one	theorem nextrel1_cons_one {x : ℕ × ℕ} {X : PairSeq} (hX2 : 2 ≤ X.length) (hXd : ∀ y ∈ X, x.1 < y.1) (hnr : nextrel1 X 0 (X.length - 1)) : nextrel1 (x :: X) 1 ((x :: X).length - 1)
DbmsStd.lean:14319	theorem oper_cons_tower	theorem oper_cons_tower {x : ℕ × ℕ} {X : PairSeq} (m : ℕ) (hX2 : 2 ≤ X.length) (hXd : ∀ y ∈ X, x.1 < y.1) (hlev : 0 < entry X 1 (X.length - 1)) (hnrX : nextrel1 X 0 (X.length - 1)) : (x :: X)⟦m⟧
DbmsStd.lean:14364	theorem shift1_eq_shiftr0	theorem shift1_eq_shiftr0 (M : PairSeq) : shift1 M = shiftr0 1 M
DbmsStd.lean:14370	theorem Units_of_diag	theorem Units_of_diag : ∀ (N : ℕ) (T : PairSeq), T.length ≤ N → ∀ (a : ℕ × ℕ), blockok a.1 T → (∀ c ∈ T, c.1 = a.1 → c = a) → Units a T
DbmsStd.lean:14395	theorem convC_tower_ctr	theorem convC_tower_ctr {R : PairSeq} {j : ℕ} {φ : Bool} (hRne : R ≠ []) (hbR : blockok 1 R) (hcolR : colOK R) (hnaR : noAdj3 R) (hdgR : ∀ c ∈ R, c.1 = 1 → c = ((1, 1) : ℕ × ℕ)) (hbCj : blockok 0 (copies 1 (((0, 0) : ℕ × ℕ) :: R) (j + 1))) (hcolCj : colOK (copies 1 (((0, 0) : ℕ × ℕ) :: R) (j + 1)))
DbmsStd.lean:14563	theorem noAdj3_shiftr0	theorem noAdj3_shiftr0 (t : ℕ) (M : PairSeq) (h : noAdj3 M) : noAdj3 (shiftr0 t M)
DbmsStd.lean:14573	theorem rdNodeCtr_holds	theorem rdNodeCtr_holds : RDnodeCtr
DbmsStd.lean:14763	theorem rdNode	theorem rdNode : RDnode
DbmsStd.lean:14766	theorem reindexD_holds_of_res11	theorem reindexD_holds_of_res11 (Hp : CtrPres2) : ReindexD
DbmsStd.lean:14770	theorem ST_D_conC_holds_of_res11	theorem ST_D_conC_holds_of_res11 (Hp : CtrPres2) {M : PairSeq} (hM : ST_PS M) : ST_D (conC M)
DbmsStd.lean:14789	theorem Units	theorem Units.eq_of_depth {p : ℕ × ℕ} {U : PairSeq} (h : Units p U) : ∀ u ∈ U, u.1 = p.1 → u = p
DbmsStd.lean:14802	theorem contrPre_level	theorem contrPre_level {p : ℕ × ℕ} {U A : PairSeq} (hU : Units p U) (hA : ∀ x ∈ A, p.1 < x.1) : ∀ x ∈ contrPre p U A, x.1 = p.1 + 1 → x.2 = p.2
DbmsStd.lean:14822	theorem contrLen'_of_shape	theorem contrLen'_of_shape {p q : ℕ × ℕ} {Arg U pre rest2 L : PairSeq} (hU : Units p U) (hq2 : q.2 + 1 = p.2) (hq1 : q.1 = p.1) (hpre : pre = contrPre p U Arg) (hpd : ∀ x ∈ pre, p.1 < x.1) (hrd : ∀ x ∈ rest2, p.1 < x.1)
DbmsStd.lean:14854	theorem contrLen'_ne_none_gen	theorem contrLen'_ne_none_gen {p q : ℕ × ℕ} {Arg U pre Z : PairSeq} {z : ℕ × ℕ} (hU : Units p U) (hq2 : q.2 + 1 = p.2) (hq1 : q.1 = p.1) (hpre : pre = contrPre p U Arg) (hpd : ∀ x ∈ pre, p.1 < x.1) (hz1 : z.1 = p.1 + 1) : contrLen' p (U ++ q :: (pre ++ z :: Z)) (unitsLen p (U ++ q :: (pre ++ z :: Z) …
DbmsStd.lean:14881	theorem ctrPres_prefix	theorem ctrPres_prefix {p q : ℕ × ℕ} {A U pre T : PairSeq} {z : ℕ × ℕ} (hU : Units p U) (hq2 : q.2 + 1 = p.2) (hq1 : q.1 = p.1) (hpre : pre = contrPre p U A) (hpd : ∀ x ∈ pre, p.1 < x.1) (hz1 : z.1 = p.1 + 1) (hT : T.take (U.length + 1 + pre.length + 1) = U ++ q :: (pre ++ [z])) : contrLen' p T (uni …
DbmsStd.lean:14894	theorem contr_ev_take	theorem contr_ev_take {q z : ℕ × ℕ} {U pre Z S : PairSeq} (hS : S = U ++ q :: (pre ++ z :: Z)) : S.length = U.length + 1 + pre.length + 1 + Z.length ∧ S.take (U.length + 1 + pre.length + 1) = U ++ q :: (pre ++ [z]) ∧ S.getD U.length (0, 0) = q ∧ S.getD (U.length + 1 + pre.length) (0, 0) = z ∧
DbmsStd.lean:14929	theorem contr_ev_take2	theorem contr_ev_take2 {q z : ℕ × ℕ} {U pre Z S : PairSeq} (hS : S = U ++ q :: (pre ++ z :: Z)) : S.take (U.length + 1 + pre.length) = U ++ q :: pre
DbmsStd.lean:14944	theorem ctrPres2_holds	theorem ctrPres2_holds : CtrPres2
DbmsStd.lean:15189	theorem reindexD_holds	theorem reindexD_holds : ReindexD
DbmsStd.lean:15192	theorem ST_D_conC_final	theorem ST_D_conC_final {M : PairSeq} (hM : ST_PS M) : ST_D (conC M)
Decrease.lean:23	theorem oper_eq_self_of_short	theorem oper_eq_self_of_short {M : TrioSeq} (n : ℕ) (h : M.length - 1 = 0) : M⟦n⟧ = M
Decrease.lean:29	theorem oper_eq_pred_of_zero	theorem oper_eq_pred_of_zero {M : TrioSeq} (n : ℕ) (hL : M.length - 1 ≠ 0) (hz : entry M 0 (M.length - 1) = 0 ∧ entry M 1 (M.length - 1) = 0 ∧ entry M 2 (M.length - 1) = 0) : M⟦n⟧ = Pred M
Decrease.lean:37	theorem oper_eq_pred_of_noParent	theorem oper_eq_pred_of_noParent {M : TrioSeq} (n : ℕ) (hL : M.length - 1 ≠ 0) (hz : ¬ (entry M 0 (M.length - 1) = 0 ∧ entry M 1 (M.length - 1) = 0 ∧ entry M 2 (M.length - 1) = 0)) (hp : ¬ hasParent M (srow M (M.length - 1)) (M.length - 1)) : M⟦n⟧ = Pred M
Decrease.lean:46	theorem oper_bad_unfold	theorem oper_bad_unfold {M : TrioSeq} (n : ℕ) (hL : M.length - 1 ≠ 0) (hz : ¬ (entry M 0 (M.length - 1) = 0 ∧ entry M 1 (M.length - 1) = 0 ∧ entry M 2 (M.length - 1) = 0)) (hp : hasParent M (srow M (M.length - 1)) (M.length - 1)) : M⟦n⟧ = M.take (parent M (srow M (M.length - 1)) (M.length - 1)) ++ ( …
Decrease.lean:75	theorem translate_snoc_increase	theorem translate_snoc_increase (C : TrioSeq) (m : ℕ × ℕ × ℕ) : translate C <o translate (C ++ [m])
Decrease.lean:141	theorem translate_dropLast_decrease	theorem translate_dropLast_decrease {C : TrioSeq} (h : C ≠ []) : translate C.dropLast <o translate C
Decrease.lean:149	theorem core_i0	theorem core_i0 {v0 w1 w2 : ℕ} {R T : TrioSeq} {lp : ℕ × ℕ × ℕ} (hR : ∀ x ∈ R, v0 < x.1) (vl : v0 < lp.1) (hT : T = [] ∨ ¬ v0 < (T.headI).1) : translate (((v0, w1, w2) :: R) ++ T) <o translate (((v0, w1, w2) :: R) ++ [lp])
Decrease.lean:174	theorem core_asc	theorem core_asc {v0 w1 w2 : ℕ} {R : TrioSeq} {c : ℕ × ℕ × ℕ} {C' : TrioSeq} {lp : ℕ × ℕ × ℕ} (hR : ∀ x ∈ R, v0 < x.1) (Cge : ∀ x ∈ C', c.1 ≤ x.1) (Croot : c.1 = lp.1) (lpv : v0 < lp.1)
Decrease.lean:220	theorem translate_oper_pred	theorem translate_oper_pred {M : TrioSeq} (n : ℕ) (L : 1 < M.length) (br : (entry M 0 (M.length - 1) = 0 ∧ entry M 1 (M.length - 1) = 0 ∧ entry M 2 (M.length - 1) = 0) ∨ ¬ hasParent M (srow M (M.length - 1)) (M.length - 1)) : translate (M⟦n⟧) <o translate M
Decrease.lean:244	theorem parent_nextR	theorem parent_nextR {M : TrioSeq} {i j1 : ℕ} (hp : hasParent M i j1) : nextR M i (parent M i j1) j1
Decrease.lean:248	theorem nextR_index_lt	theorem nextR_index_lt {M : TrioSeq} {i j0 j1 : ℕ} (h : nextR M i j0 j1) : j0 < j1
Decrease.lean:257	theorem nextR_chain0	theorem nextR_chain0 {M : TrioSeq} {i j0 j1 : ℕ} (h : nextR M i j0 j1) : Relation.ReflTransGen (nextrel0 M) j0 j1
Decrease.lean:271	theorem oper_bad_uniform	theorem oper_bad_uniform {M : TrioSeq} (n : ℕ) {i1 j0 d0 d1 : ℕ} (hL : M.length - 1 ≠ 0) (hz : ¬ (entry M 0 (M.length - 1) = 0 ∧ entry M 1 (M.length - 1) = 0 ∧ entry M 2 (M.length - 1) = 0)) (hp : hasParent M (srow M (M.length - 1)) (M.length - 1)) (hi1 : i1 = srow M (M.length - 1))
Decrease.lean:310	theorem translate_oper_bad	theorem translate_oper_bad {M : TrioSeq} {n : ℕ} (L : 1 < M.length) (hz : ¬ (entry M 0 (M.length - 1) = 0 ∧ entry M 1 (M.length - 1) = 0 ∧ entry M 2 (M.length - 1) = 0)) (hp : hasParent M (srow M (M.length - 1)) (M.length - 1)) (hn : 1 ≤ n) : translate (M⟦n⟧) <o translate M
Decrease.lean:578	theorem m_step_decreases	theorem m_step_decreases {M : TrioSeq} {n : ℕ} (L : 1 < M.length) (hn : 1 ≤ n) : translate (M⟦n⟧) <o translate M
Final.lean:21	theorem acc_Rnf_of_acc_TS	theorem acc_Rnf_of_acc_TS : ∀ {M : TrioSeq}, Acc (fun a b : TrioSeq => ST_TS a ∧ ST_TS b ∧ translate a <o translate b) M → ST_TS M → Acc Rnf (translate M)
Final.lean:34	theorem wf_Rnf_of_wf_TS	theorem wf_Rnf_of_wf_TS (h : WellFounded (fun a b : TrioSeq => ST_TS a ∧ ST_TS b ∧ translate a <o translate b)) : WellFounded Rnf
Final.lean:45	theorem wf_olt_ST_TS_holds	theorem wf_olt_ST_TS_holds (h2 : Wset.TowerGraft2) (he : Wset.TowerExp) : WellFounded (fun a b : TrioSeq => ST_TS a ∧ ST_TS b ∧ translate a <o translate b)
Final.lean:53	theorem wf_Rnf_holds	theorem wf_Rnf_holds (h2 : Wset.TowerGraft2) (he : Wset.TowerExp) : WellFounded Rnf
Final.lean:59	theorem TRIO_terminates	theorem TRIO_terminates (h2 : Wset.TowerGraft2) (he : Wset.TowerExp) : WellFounded stepRel
Final.lean:64	theorem no_infinite_expansion_holds	theorem no_infinite_expansion_holds (h2 : Wset.TowerGraft2) (he : Wset.TowerExp) : ¬ ∃ S : ℕ → TrioSeq, (∀ i, ST_TS (S i)) ∧ ∀ i, step (S i) (S (i + 1))
Final.lean:102	theorem wf_olt_ST_TS_of_towerOK	theorem wf_olt_ST_TS_of_towerOK (htow : Wset.TowerOK) : WellFounded (fun a b : TrioSeq => ST_TS a ∧ ST_TS b ∧ translate a <o translate b)
Final.lean:110	theorem TRIO_terminates_of_towerOK	theorem TRIO_terminates_of_towerOK (htow : Wset.TowerOK) : WellFounded stepRel
Final.lean:114	theorem no_infinite_expansion_of_towerOK	theorem no_infinite_expansion_of_towerOK (htow : Wset.TowerOK) : ¬ ∃ S : ℕ → TrioSeq, (∀ i, ST_TS (S i)) ∧ ∀ i, step (S i) (S (i + 1))
Final.lean:120	theorem TRIO_terminates_of_liftStage	theorem TRIO_terminates_of_liftStage (hWL : LiftStage) (he : Wset.TowerExp) : WellFounded stepRel
Final.lean:125	theorem no_infinite_expansion_of_liftStage	theorem no_infinite_expansion_of_liftStage (hWL : LiftStage) (he : Wset.TowerExp) : ¬ ∃ S : ℕ → TrioSeq, (∀ i, ST_TS (S i)) ∧ ∀ i, step (S i) (S (i + 1))
Final.lean:136	theorem TRIO_terminates_of_row1mono	theorem TRIO_terminates_of_row1mono (hM : Row1Mono) (he : Wset.TowerExp) : WellFounded stepRel
Final.lean:141	theorem no_infinite_expansion_of_row1mono	theorem no_infinite_expansion_of_row1mono (hM : Row1Mono) (he : Wset.TowerExp) : ¬ ∃ S : ℕ → TrioSeq, (∀ i, ST_TS (S i)) ∧ ∀ i, step (S i) (S (i + 1))
Final.lean:187	theorem TRIO_terminates_of_liftTie	theorem TRIO_terminates_of_liftTie (hlt : L53.LiftTie) (he : Wset.TowerExp) : WellFounded stepRel
Final.lean:192	theorem no_infinite_expansion_of_liftTie	theorem no_infinite_expansion_of_liftTie (hlt : L53.LiftTie) (he : Wset.TowerExp) : ¬ ∃ S : ℕ → TrioSeq, (∀ i, ST_TS (S i)) ∧ ∀ i, step (S i) (S (i + 1))
Final.lean:213	theorem TRIO_terminates_of_liftTieSelf	theorem TRIO_terminates_of_liftTieSelf (hlt : L105.LiftTieSelf) (he : Wset.TowerExp) : WellFounded stepRel
Final.lean:218	theorem no_infinite_expansion_of_liftTieSelf	theorem no_infinite_expansion_of_liftTieSelf (hlt : L105.LiftTieSelf) (he : Wset.TowerExp) : ¬ ∃ S : ℕ → TrioSeq, (∀ i, ST_TS (S i)) ∧ ∀ i, step (S i) (S (i + 1))
Final.lean:224	theorem TRIO_terminates_of_liftTie'	theorem TRIO_terminates_of_liftTie' (hlt : L53.LiftTie) (he : Wset.TowerExp) : WellFounded stepRel
Final.lean:250	theorem TRIO_terminates_of_liftTieCore	theorem TRIO_terminates_of_liftTieCore (h : L105.LiftTieCore) (he : Wset.TowerExp) : WellFounded stepRel
Final.lean:255	theorem no_infinite_expansion_of_liftTieCore	theorem no_infinite_expansion_of_liftTieCore (h : L105.LiftTieCore) (he : Wset.TowerExp) : ¬ ∃ S : ℕ → TrioSeq, (∀ i, ST_TS (S i)) ∧ ∀ i, step (S i) (S (i + 1))
Final.lean:277	theorem TRIO_terminates_of_liftTieCoreRow2	theorem TRIO_terminates_of_liftTieCoreRow2 (h : L105.LiftTieCoreRow2) (he : Wset.TowerExp) : WellFounded stepRel
Final.lean:282	theorem no_infinite_expansion_of_liftTieCoreRow2	theorem no_infinite_expansion_of_liftTieCoreRow2 (h : L105.LiftTieCoreRow2) (he : Wset.TowerExp) : ¬ ∃ S : ℕ → TrioSeq, (∀ i, ST_TS (S i)) ∧ ∀ i, step (S i) (S (i + 1))
Final.lean:306	theorem TRIO_terminates_of_convexLift1	theorem TRIO_terminates_of_convexLift1 (h : L105.WConvexLift1) (he : Wset.TowerExp) : WellFounded stepRel
Final.lean:311	theorem no_infinite_expansion_of_convexLift1	theorem no_infinite_expansion_of_convexLift1 (h : L105.WConvexLift1) (he : Wset.TowerExp) : ¬ ∃ S : ℕ → TrioSeq, (∀ i, ST_TS (S i)) ∧ ∀ i, step (S i) (S (i + 1))
Final.lean:343	theorem TRIO_terminates_of_towerExp	theorem TRIO_terminates_of_towerExp (he : Wset.TowerExp) : WellFounded stepRel
Final.lean:347	theorem no_infinite_expansion_of_towerExp	theorem no_infinite_expansion_of_towerExp (he : Wset.TowerExp) : ¬ ∃ S : ℕ → TrioSeq, (∀ i, ST_TS (S i)) ∧ ∀ i, step (S i) (S (i + 1))
Final.lean:378	theorem TRIO_terminates_of_towerExpBigRow2	theorem TRIO_terminates_of_towerExpBigRow2 (h : L105.TowerExpBigRow2) : WellFounded stepRel
Final.lean:383	theorem no_infinite_expansion_of_towerExpBigRow2	theorem no_infinite_expansion_of_towerExpBigRow2 (h : L105.TowerExpBigRow2) : ¬ ∃ S : ℕ → TrioSeq, (∀ i, ST_TS (S i)) ∧ ∀ i, step (S i) (S (i + 1))
Final.lean:408	theorem TRIO_terminates_of_row1down	theorem TRIO_terminates_of_row1down (h1 : L53.Row1DownLocal) (h0 : L53.Row1DownRoot0) (he : Wset.TowerExp) : WellFounded stepRel
Final.lean:427	theorem TRIO_terminates_of_mliftR	theorem TRIO_terminates_of_mliftR (h : L53.MliftR) (he : Wset.TowerExp) : WellFounded stepRel
Final.lean:432	theorem no_infinite_expansion_of_mliftR	theorem no_infinite_expansion_of_mliftR (h : L53.MliftR) (he : Wset.TowerExp) : ¬ ∃ S : ℕ → TrioSeq, (∀ i, ST_TS (S i)) ∧ ∀ i, step (S i) (S (i + 1))
Final.lean:439	theorem TRIO_terminates_of_mliftR_graft	theorem TRIO_terminates_of_mliftR_graft (h : L53.MliftR) (hg : L53.GraftFromExp) : WellFounded stepRel
Final.lean:450	theorem TRIO_terminates_of_wconvex	theorem TRIO_terminates_of_wconvex (hc : WConvex) (he : Wset.TowerExp) : WellFounded stepRel
Final.lean:455	theorem no_infinite_expansion_of_wconvex	theorem no_infinite_expansion_of_wconvex (hc : WConvex) (he : Wset.TowerExp) : ¬ ∃ S : ℕ → TrioSeq, (∀ i, ST_TS (S i)) ∧ ∀ i, step (S i) (S (i + 1))
Final.lean:464	theorem TRIO_terminates_of_row0free	theorem TRIO_terminates_of_row0free (h : Row0Free) : WellFounded stepRel
Final.lean:473	theorem TRIO_terminates_of_parented	theorem TRIO_terminates_of_parented (hP : LiftStageParented) (he : Wset.TowerExp) : WellFounded stepRel
Final.lean:478	theorem no_infinite_expansion_of_parented	theorem no_infinite_expansion_of_parented (hP : LiftStageParented) (he : Wset.TowerExp) : ¬ ∃ S : ℕ → TrioSeq, (∀ i, ST_TS (S i)) ∧ ∀ i, step (S i) (S (i + 1))
Final.lean:487	theorem TRIO_terminates_of_srow1	theorem TRIO_terminates_of_srow1 (hs1 : LSPOn (fun X => badPar X = 0 ∧ srow X (X.length - 1) = 1)) (he : Wset.TowerExp) : WellFounded stepRel
Final.lean:493	theorem no_infinite_expansion_of_srow1	theorem no_infinite_expansion_of_srow1 (hs1 : LSPOn (fun X => badPar X = 0 ∧ srow X (X.length - 1) = 1)) (he : Wset.TowerExp) : ¬ ∃ S : ℕ → TrioSeq, (∀ i, ST_TS (S i)) ∧ ∀ i, step (S i) (S (i + 1))
Final.lean:504	theorem TRIO_terminates_of_tower	theorem TRIO_terminates_of_tower (htow : ShiftTowerClosedS) (he : Wset.TowerExp) : WellFounded stepRel
Final.lean:509	theorem no_infinite_expansion_of_tower	theorem no_infinite_expansion_of_tower (htow : ShiftTowerClosedS) (he : Wset.TowerExp) : ¬ ∃ S : ℕ → TrioSeq, (∀ i, ST_TS (S i)) ∧ ∀ i, step (S i) (S (i + 1))
Final.lean:519	theorem TRIO_terminates_of_tow	theorem TRIO_terminates_of_tow (htow : ShiftTowerClosedS) (h2 : TowerExp2) : WellFounded stepRel
Final.lean:524	theorem no_infinite_expansion_of_tow	theorem no_infinite_expansion_of_tow (htow : ShiftTowerClosedS) (h2 : TowerExp2) : ¬ ∃ S : ℕ → TrioSeq, (∀ i, ST_TS (S i)) ∧ ∀ i, step (S i) (S (i + 1))
Final.lean:532	theorem TRIO_terminates_of_cat	theorem TRIO_terminates_of_cat (hcat : WCat) (h2 : TowerExp2) : WellFounded stepRel
Final.lean:537	theorem no_infinite_expansion_of_cat	theorem no_infinite_expansion_of_cat (hcat : WCat) (h2 : TowerExp2) : ¬ ∃ S : ℕ → TrioSeq, (∀ i, ST_TS (S i)) ∧ ∀ i, step (S i) (S (i + 1))
Final.lean:548	theorem TRIO_terminates_of_cat_low	theorem TRIO_terminates_of_cat_low (hcat : WCat) (h2 : TowerExp2Low) : WellFounded stepRel
Final.lean:553	theorem no_infinite_expansion_of_cat_low	theorem no_infinite_expansion_of_cat_low (hcat : WCat) (h2 : TowerExp2Low) : ¬ ∃ S : ℕ → TrioSeq, (∀ i, ST_TS (S i)) ∧ ∀ i, step (S i) (S (i + 1))
Final.lean:567	theorem TRIO_terminates_of_cat_root	theorem TRIO_terminates_of_cat_root (hcat : WCat) (h2 : TowerExp2Root) : WellFounded stepRel
Final.lean:572	theorem no_infinite_expansion_of_cat_root	theorem no_infinite_expansion_of_cat_root (hcat : WCat) (h2 : TowerExp2Root) : ¬ ∃ S : ℕ → TrioSeq, (∀ i, ST_TS (S i)) ∧ ∀ i, step (S i) (S (i + 1))
Final.lean:589	theorem TRIO_terminates_of_cat_subst	theorem TRIO_terminates_of_cat_subst (hcat : WCat) (hsub : SubstClosed) : WellFounded stepRel
Final.lean:597	theorem no_infinite_expansion_of_cat_subst	theorem no_infinite_expansion_of_cat_subst (hcat : WCat) (hsub : SubstClosed) : ¬ ∃ S : ℕ → TrioSeq, (∀ i, ST_TS (S i)) ∧ ∀ i, step (S i) (S (i + 1))
Final.lean:613	theorem TRIO_terminates_of_cat_subst1	theorem TRIO_terminates_of_cat_subst1 (hcat : WCat) (hs : Subst1) : WellFounded stepRel
Final.lean:618	theorem no_infinite_expansion_of_cat_subst1	theorem no_infinite_expansion_of_cat_subst1 (hcat : WCat) (hs : Subst1) : ¬ ∃ S : ℕ → TrioSeq, (∀ i, ST_TS (S i)) ∧ ∀ i, step (S i) (S (i + 1))
Final.lean:644	theorem TRIO_terminates_of_subst1g	theorem TRIO_terminates_of_subst1g (hs : Subst1g) : WellFounded stepRel
Final.lean:654	theorem no_infinite_expansion_of_subst1g	theorem no_infinite_expansion_of_subst1g (hs : Subst1g) : ¬ ∃ S : ℕ → TrioSeq, (∀ i, ST_TS (S i)) ∧ ∀ i, step (S i) (S (i + 1))
Final.lean:682	theorem TRIO_terminates_of_revive	theorem TRIO_terminates_of_revive (hrev : Subst1gRevive) : WellFounded stepRel
Final.lean:686	theorem no_infinite_expansion_of_revive	theorem no_infinite_expansion_of_revive (hrev : Subst1gRevive) : ¬ ∃ S : ℕ → TrioSeq, (∀ i, ST_TS (S i)) ∧ ∀ i, step (S i) (S (i + 1))
Final.lean:700	theorem is	theorem is a single stage-free statement: *a `Wself` member stays in `Wself` when a `Wself` block is grafted under one of its columns, in the one case where the context revives a column that is an orphan inside its own block.* -/ theorem TRIO_terminates_of_revive_self (h : Subst1gReviveSelf) : WellF …
Final.lean:703	theorem TRIO_terminates_of_revive_self	theorem TRIO_terminates_of_revive_self (h : Subst1gReviveSelf) : WellFounded stepRel
Final.lean:708	theorem no_infinite_expansion_of_revive_self	theorem no_infinite_expansion_of_revive_self (h : Subst1gReviveSelf) : ¬ ∃ S : ℕ → TrioSeq, (∀ i, ST_TS (S i)) ∧ ∀ i, step (S i) (S (i + 1))
Final.lean:757	theorem TRIO_terminates_of_snoc	theorem TRIO_terminates_of_snoc (hsn : WSnoc) : WellFounded stepRel
Final.lean:762	theorem no_infinite_expansion_of_snoc	theorem no_infinite_expansion_of_snoc (hsn : WSnoc) : ¬ ∃ S : ℕ → TrioSeq, (∀ i, ST_TS (S i)) ∧ ∀ i, step (S i) (S (i + 1))
Final.lean:776	theorem wf_olt_ST_TS_of_cores	theorem wf_olt_ST_TS_of_cores (hsl : CoreCtxSuffixLift) (hp : CorePlantCtxLift) : WellFounded (fun a b : TrioSeq => ST_TS a ∧ ST_TS b ∧ translate a <o translate b)
Final.lean:785	theorem TRIO_terminates_of_cores	theorem TRIO_terminates_of_cores (hsl : CoreCtxSuffixLift) (hp : CorePlantCtxLift) : WellFounded stepRel
Final.lean:790	theorem no_infinite_expansion_of_cores	theorem no_infinite_expansion_of_cores (hsl : CoreCtxSuffixLift) (hp : CorePlantCtxLift) : ¬ ∃ S : ℕ → TrioSeq, (∀ i, ST_TS (S i)) ∧ ∀ i, step (S i) (S (i + 1))
Final.lean:806	theorem wf_olt_ST_TS_of_core	theorem wf_olt_ST_TS_of_core (hs : CoreSingleton) : WellFounded (fun a b : TrioSeq => ST_TS a ∧ ST_TS b ∧ translate a <o translate b)
Final.lean:813	theorem TRIO_terminates_of_core	theorem TRIO_terminates_of_core (hs : CoreSingleton) : WellFounded stepRel
Final.lean:817	theorem no_infinite_expansion_of_core	theorem no_infinite_expansion_of_core (hs : CoreSingleton) : ¬ ∃ S : ℕ → TrioSeq, (∀ i, ST_TS (S i)) ∧ ∀ i, step (S i) (S (i + 1))
Final.lean:827	theorem TRIO_terminates_of_cap	theorem TRIO_terminates_of_cap (hc : CoreCap) : WellFounded stepRel
Final.lean:831	theorem no_infinite_expansion_of_cap	theorem no_infinite_expansion_of_cap (hc : CoreCap) : ¬ ∃ S : ℕ → TrioSeq, (∀ i, ST_TS (S i)) ∧ ∀ i, step (S i) (S (i + 1))
Final.lean:853	theorem wf_olt_ST_TS_of_mTowerClosedS	theorem wf_olt_ST_TS_of_mTowerClosedS (htow : L105.MTowerClosedS) : WellFounded (fun a b : TrioSeq => ST_TS a ∧ ST_TS b ∧ translate a <o translate b)
Final.lean:861	theorem TRIO_terminates_of_mTowerClosedS	theorem TRIO_terminates_of_mTowerClosedS (htow : L105.MTowerClosedS) : WellFounded stepRel
Final.lean:866	theorem no_infinite_expansion_of_mTowerClosedS	theorem no_infinite_expansion_of_mTowerClosedS (htow : L105.MTowerClosedS) : ¬ ∃ S : ℕ → TrioSeq, (∀ i, ST_TS (S i)) ∧ ∀ i, step (S i) (S (i + 1))
Final.lean:875	theorem TRIO_terminates_of_mTowerClosedRow2	theorem TRIO_terminates_of_mTowerClosedRow2 (h : L105.MTowerClosedRow2) : WellFounded stepRel
Final.lean:880	theorem no_infinite_expansion_of_mTowerClosedRow2	theorem no_infinite_expansion_of_mTowerClosedRow2 (h : L105.MTowerClosedRow2) : ¬ ∃ S : ℕ → TrioSeq, (∀ i, ST_TS (S i)) ∧ ∀ i, step (S i) (S (i + 1))
Gamma.lean:25	theorem lift_graft_inner_step	theorem lift_graft_inner_step {M y : TrioSeq} (v z t n : ℕ) (hM : M ≠ []) (hy : y ≠ []) (hyL : y.length - 1 ≠ 0) (hG : argOK (graft M y)) (hp : hasParent y (srow y (y.length - 1)) (y.length - 1)) : (Lift1 (((0, v, z) : ℕ × ℕ × ℕ) :: graft M y) t)⟦n⟧ = Lift1 (((0, v, z) : ℕ × ℕ × ℕ) :: graft M (y⟦n⟧) …
Gamma.lean:42	theorem lift_graft_blocked_step	theorem lift_graft_blocked_step {M y : TrioSeq} {p : ℕ} (v z t n : ℕ) (hM : M ≠ []) (hy : y ≠ []) (hG : argOK (graft M y)) (hL : (graft M y).length - 1 ≠ 0) (hpG : hasParent (graft M y) (srow (graft M y) ((graft M y).length - 1)) ((graft M y).length - 1))
Gamma.lean:74	theorem lift_graft_dead_step	theorem lift_graft_dead_step {M y : TrioSeq} (v z t n : ℕ) (hM : M ≠ []) (hy : y ≠ []) (hlen2 : 1 < (((0, v, z) : ℕ × ℕ × ℕ) :: graft M y).length) (hnp : ¬ hasParent (((0, v, z) : ℕ × ℕ × ℕ) :: graft M y) (srow (((0, v, z) : ℕ × ℕ × ℕ) :: graft M y) ((((0, v, z) : ℕ × ℕ × ℕ) :: graft M y).length - 1 …
Gamma.lean:117	theorem based_oper	theorem based_oper {B : TrioSeq} {n : ℕ} (hn : 1 ≤ n) (h : based B) : based (B⟦n⟧)
Gamma.lean:122	theorem based_dropLast	theorem based_dropLast {B : TrioSeq} (h : based B) : based B.dropLast
Gamma.lean:131	theorem lev_graft_last	theorem lev_graft_last {M y : TrioSeq} (hy : y ≠ []) : lev (graft M y) ((graft M y).length - 1) = lev y (y.length - 1)
Gamma.lean:153	def CtxOK	def CtxOK (M : TrioSeq) (v z : ℕ) : Prop
Gamma.lean:157	theorem ctxOK_take	theorem ctxOK_take {M : TrioSeq} {v z : ℕ} (h : CtxOK M v z) (j : ℕ) : CtxOK (M.take j) v z
Gamma.lean:169	def GX	def GX : Set TrioSeq
Gamma.lean:178	def GXs	def GXs : Set TrioSeq
Gamma.lean:180	theorem gxs_le_gx	theorem gxs_le_gx : GXs ⊆ GX
Gamma.lean:182	theorem gxs_slift	theorem gxs_slift {y : TrioSeq} (h : y ∈ GXs) {φ : ℕ → ℕ} (hφ : Stair φ) : slift y φ ∈ GXs
Gamma.lean:189	theorem gxs_mlift	theorem gxs_mlift {y : TrioSeq} (h : y ∈ GXs) (v t : ℕ) : mlift y v t ∈ GX
Gamma.lean:194	theorem GX_full	theorem GX_full {y M : TrioSeq} {v z a t : ℕ} (h : y ∈ GX) (hb : based y) (hM : argOK M) (hM2 : 1 ≤ M.length) (hctx : CtxOK M v z) (hz1 : z ≤ 1) (hva : 2 * (v + t) + z ≤ a) : Lift1 (((0, v, z) : ℕ × ℕ × ℕ) :: graft M y) t ∈ W a
Gamma.lean:202	def CoreBlocked	def CoreBlocked : Prop
Gamma.lean:226	def CoreT1L	def CoreT1L : Prop
Gamma.lean:240	def CoreT2EFam	def CoreT2EFam : Prop
Gamma.lean:258	def CoreT2E	def CoreT2E : Prop
Gamma.lean:272	theorem coreT2E_of_fam	theorem coreT2E_of_fam (hf : CoreT2EFam) : CoreT2E
Gamma.lean:285	theorem based_graft_arg	theorem based_graft_arg {Y w : TrioSeq} (hy : Y ≠ []) (hbY : based Y) (hbw : based w) : based (graft Y w)
Gamma.lean:306	theorem ctxOK_graft	theorem ctxOK_graft {M Y : TrioSeq} {v z : ℕ} (hMarg : argOK M) (hM2 : 1 ≤ M.length) (hz1 : z ≤ 1) (hctx : CtxOK M v z) (hYd : Y.dropLast ∈ GX) (hbY : based Y) : CtxOK (graft M Y) v z
Gamma.lean:325	theorem ctxOK_ltail	theorem ctxOK_ltail {M Y : TrioSeq} {v z t : ℕ} (hMarg : argOK M) (hM2 : 1 ≤ M.length) (hz1 : z ≤ 1) (hctx : CtxOK M v z) (hYd : Y.dropLast ∈ GX) (hbY : based Y) : CtxOK (Wset.ltail v z (graft M Y) t) (v + t) z
Gamma.lean:353	theorem nil_mem_GX	theorem nil_mem_GX : ([] : TrioSeq) ∈ GX
Gamma.lean:358	theorem nil_mem_GXs	theorem nil_mem_GXs : ([] : TrioSeq) ∈ GXs
Gamma.lean:365	theorem gx_take	theorem gx_take {y : TrioSeq} (h : y ∈ GX) (j : ℕ) : y.take j ∈ GX
Gamma.lean:383	theorem gxs_take	theorem gxs_take {y : TrioSeq} (h : y ∈ GXs) (j : ℕ) : y.take j ∈ GXs
Gamma.lean:391	theorem gx_graft	theorem gx_graft {E w : TrioSeq} (hEne : E ≠ []) (hbE : based E) (hEd : E.dropLast ∈ GX) (hw : w ∈ GX) (hbw : based w) : graft E w ∈ GX
Gamma.lean:416	theorem graft_tow_succ	theorem graft_tow_succ {v z : ℕ} {N R : TrioSeq} (hRne : R ≠ []) (k : ℕ) : graft N (Wset.tow v z R (k + 1)) = graft (graft N (((0, v, z) : ℕ × ℕ × ℕ) :: R)) (Wset.tow v z R k)
Gamma.lean:440	theorem graft_iter_gpow	theorem graft_iter_gpow {N E : TrioSeq} (hEne : E ≠ []) {f : ℕ → TrioSeq} (hf0 : f 0 = []) (hfs : ∀ n, f (n + 1) = graft E (f n)) : ∀ n k, graft (gpow N E k) (f n) = (gpow N E (k + n)).dropLast
Gamma.lean:453	theorem graft_tow_gpow	theorem graft_tow_gpow {v z : ℕ} {N R : TrioSeq} (hRne : R ≠ []) : ∀ k n, graft (gpow N (((0, v, z) : ℕ × ℕ × ℕ) :: R) n) (Wset.tow v z R k) = (gpow N (((0, v, z) : ℕ × ℕ × ℕ) :: R) (n + k)).dropLast
Gamma.lean:471	theorem tower1_mem2_gpow	theorem tower1_mem2_gpow {v z a : ℕ} {R : TrioSeq} (hRne : R ≠ []) (hva : 2 * v + z ≤ a) (hplant : ∀ k a' : ℕ, 2 * v + z ≤ a' → Lift1 (((0, v, z) : ℕ × ℕ × ℕ) :: (gpow R (((0, v, z) : ℕ × ℕ × ℕ) :: R) k).dropLast) 0 ∈ W a') : ∀ k, Wset.tow v z R k ∈ W a
Gamma.lean:490	theorem gpow_dropLast_eq_tow	theorem gpow_dropLast_eq_tow {v z : ℕ} {R : TrioSeq} (hRne : R ≠ []) (k : ℕ) : ((0, v, z) : ℕ × ℕ × ℕ) :: (gpow R (((0, v, z) : ℕ × ℕ × ℕ) :: R) k).dropLast = Wset.tow v z R (k + 1)
Gamma.lean:511	def CoreGpowPeel	def CoreGpowPeel : Prop
Gamma.lean:523	theorem tow_mem_GX	theorem tow_mem_GX {R : TrioSeq} {v z : ℕ} (hRne : R ≠ []) (hT : (((0, v, z) : ℕ × ℕ × ℕ) :: R.dropLast) ∈ GX) : ∀ k, Wset.tow v z R k ∈ GX
Gamma.lean:542	def CoreLiftPlant	def CoreLiftPlant : Prop
Gamma.lean:555	theorem shiftl0_shiftr01_comm	theorem shiftl0_shiftr01_comm {c d : ℕ} {X : TrioSeq} (h : ∀ q ∈ X, c ≤ q.1) : shiftl0 c (shiftr01 d 0 X) = shiftr01 d 0 (shiftl0 c X)
Gamma.lean:565	theorem gcopies_depth_ge	theorem gcopies_depth_ge {R : TrioSeq} {p L d0 d1 n c : ℕ} (h : ∀ j, p ≤ j → j < p + L → c ≤ entry R 0 j) : ∀ q ∈ gcopies R p L d0 d1 n, c ≤ q.1
Gamma.lean:584	theorem cwin_dropLast	theorem cwin_dropLast {R : TrioSeq} {p L d0 c : ℕ} : (cwin R p L d0 c).dropLast = shiftl0 c (seg R p L)
Gamma.lean:589	theorem cwin_last	theorem cwin_last {R : TrioSeq} {p L d0 c : ℕ} : entry (cwin R p L d0 c) 0 ((cwin R p L d0 c).length - 1) = d0
Gamma.lean:603	theorem shiftl0_gcopies_succ	theorem shiftl0_gcopies_succ {R : TrioSeq} {p L d0 c n : ℕ} (h : ∀ j, p ≤ j → j < p + L → c ≤ entry R 0 j) : shiftl0 c (gcopies R p L d0 0 (n + 1)) = graft (cwin R p L d0 c) (shiftl0 c (gcopies R p L d0 0 n))
Gamma.lean:615	theorem gcopies_mem_GX	theorem gcopies_mem_GX {R : TrioSeq} {p L d0 c : ℕ} (h : ∀ j, p ≤ j → j < p + L → c ≤ entry R 0 j) (hbase : entry R 0 p = c) (hL : 0 < L) (hW : shiftl0 c (seg R p L) ∈ GX) : ∀ n, shiftl0 c (gcopies R p L d0 0 n) ∈ GX
Gamma.lean:664	theorem om_Aop	theorem om_Aop {v z : ℕ} (h : ∀ w ∈ W (2 * v + z - 1), based w → w ∈ GX) : Aop W (2 * v + z) GX [((0, v, z) : ℕ × ℕ × ℕ)]
Gamma.lean:677	def CoreLift	def CoreLift : Prop
Gamma.lean:683	def CorePlantCtx	def CorePlantCtx : Prop
Gamma.lean:690	theorem plantCtx_graft	theorem plantCtx_graft {M D : TrioSeq} {v z : ℕ} (hMne : M ≠ []) (hp : (((0, v, z) : ℕ × ℕ × ℕ) :: M.dropLast) ∈ GX) (hD : D ∈ GX) (hbD : based D) : (((0, v, z) : ℕ × ℕ × ℕ) :: graft M D) ∈ GX
Gamma.lean:699	theorem coreLiftPlant_of	theorem coreLiftPlant_of (hl : CoreLift) (hp : CorePlantCtx) : CoreLiftPlant
Gamma.lean:718	def CoreMaskLift	def CoreMaskLift : Prop
Gamma.lean:723	def CorePlantCtxLift	def CorePlantCtxLift : Prop
Gamma.lean:730	theorem liftPlant_of_plant	theorem liftPlant_of_plant {M D : TrioSeq} {v z t : ℕ} (hp : Lift1 (((0, v, z) : ℕ × ℕ × ℕ) :: M.dropLast) t ∈ GX) (hMarg : argOK M) (hM2 : 1 ≤ M.length) (hD : D ∈ GX) (hbD : based D) (hm : mlift D v t ∈ GX) : Lift1 (((0, v, z) : ℕ × ℕ × ℕ) :: graft M D) t ∈ GX
Gamma.lean:768	theorem liftPlant_of_mask	theorem liftPlant_of_mask (hp : CorePlantCtxLift) {M D : TrioSeq} {v z t : ℕ} (hMarg : argOK M) (hM2 : 1 ≤ M.length) (hz1 : z ≤ 1) (hctx : CtxOK M v z) (hD : D ∈ GX) (hbD : based D) (hm : mlift D v t ∈ GX) : Lift1 (((0, v, z) : ℕ × ℕ × ℕ) :: graft M D) t ∈ GX
Gamma.lean:777	theorem coreLiftPlant_of_mask	theorem coreLiftPlant_of_mask (hp : CorePlantCtxLift) (hm : CoreMaskLift) : CoreLiftPlant
Gamma.lean:788	theorem entry_gcopies_pos	theorem entry_gcopies_pos {B : TrioSeq} {L d0 d1 n i : ℕ} (hLb : 0 < L) (hup : ∀ l, 0 < l → l ≤ L → entry B 0 0 < entry B 0 l) (hbase : entry B 0 0 = 0) (hd0pos : 0 < d0) (hi0 : 0 < i) (hi : i < (gcopies B 0 L d0 d1 n).length) : 0 < entry (gcopies B 0 L d0 d1 n) 0 i
Gamma.lean:816	theorem argOK_gcopies_tail	theorem argOK_gcopies_tail {B : TrioSeq} {L d0 d1 n : ℕ} (hLb : 0 < L) (hup : ∀ l, 0 < l → l ≤ L → entry B 0 0 < entry B 0 l) (hbase : entry B 0 0 = 0) (hd0pos : 0 < d0) : argOK (gcopies B 0 L d0 d1 n).tail
Gamma.lean:842	theorem gcopies_cons_root	theorem gcopies_cons_root {B T : TrioSeq} {L d0 d1 n v z : ℕ} (hLb : 0 < L) (hn : 0 < n) (hBcons : B = ((0, v, z) : ℕ × ℕ × ℕ) :: T) : gcopies B 0 L d0 d1 n = ((0, v, z) : ℕ × ℕ × ℕ) :: (gcopies B 0 L d0 d1 n).tail
Gamma.lean:875	theorem gcopiesLift_mem_GX	theorem gcopiesLift_mem_GX {B T : TrioSeq} {L d0 d1 v z : ℕ} (hBcons : B = ((0, v, z) : ℕ × ℕ × ℕ) :: T) (hTlen : T.length = L) (hLb : 0 < L) (hargT : argOK T) (hup : ∀ l, 0 < l → l ≤ L → entry B 0 0 < entry B 0 l) (hd0pos : 0 < d0) (hd0e : entry B 0 L = d0) (hd1pos : 0 < d1) (hlp : le1 B 0 L)
Gamma.lean:937	theorem graft_gcopies_gpow	theorem graft_gcopies_gpow {R N : TrioSeq} {p L d0 c : ℕ} (h : ∀ j, p ≤ j → j < p + L → c ≤ entry R 0 j) : ∀ n k, graft (gpow N (cwin R p L d0 c) k) (shiftl0 c (gcopies R p L d0 0 n)) = (gpow N (cwin R p L d0 c) (k + n)).dropLast
Gamma.lean:949	def CoreBlockedElt	def CoreBlockedElt : Prop
Gamma.lean:972	theorem seg_graft_eq	theorem seg_graft_eq {M Y : TrioSeq} {p : ℕ} (hy : Y ≠ []) (hM2 : 2 ≤ M.length) (hp : p < M.length - 1) : seg (graft M Y) p ((graft M Y).length - 1 - p) = seg M p (M.length - 1 - p) ++ shiftr01 (entry M 0 (M.length - 1)) 0 Y.dropLast
Gamma.lean:1002	theorem shiftl0_shiftr01_sub	theorem shiftl0_shiftr01_sub {c e : ℕ} (h : c ≤ e) (X : TrioSeq) : shiftl0 c (shiftr01 e 0 X) = shiftr01 (e - c) 0 X
Gamma.lean:1011	theorem entry0_shiftl0	theorem entry0_shiftl0 {c : ℕ} {L : TrioSeq} {j : ℕ} (hj : j < L.length) : entry (shiftl0 c L) 0 j = entry L 0 j - c
Gamma.lean:1019	theorem entry0_seg	theorem entry0_seg {M : TrioSeq} {a l i : ℕ} (hi : i < l) : entry (seg M a l) 0 i = entry M 0 (a + i)
Gamma.lean:1025	theorem shiftl0_seg_dropLast	theorem shiftl0_seg_dropLast {M : TrioSeq} {p c : ℕ} (hp : p < M.length - 1) : (shiftl0 c (seg M p (M.length - p))).dropLast = shiftl0 c (seg M p (M.length - 1 - p))
Gamma.lean:1035	theorem shiftl0_seg_graft	theorem shiftl0_seg_graft {M Y : TrioSeq} {p : ℕ} (hy : Y ≠ []) (hM2 : 2 ≤ M.length) (hp : p < M.length - 1) (hle : entry M 0 p ≤ entry M 0 (M.length - 1)) : shiftl0 (entry M 0 p) (seg (graft M Y) p ((graft M Y).length - 1 - p)) = graft (shiftl0 (entry M 0 p) (seg M p (M.length - p))) Y.dropLast
Gamma.lean:1054	theorem seg_graft_cross	theorem seg_graft_cross {M E : TrioSeq} {p k j : ℕ} (hM2 : 2 ≤ M.length) (hp : p < M.length - 1) (hj : (M.length - 1 - p) + j = k + 1) (hjE : j ≤ E.length) : seg (graft M E) p (k + 1) = seg M p (M.length - 1 - p) ++ shiftr01 (entry M 0 (M.length - 1)) 0 (E.take j)
Gamma.lean:1075	theorem shiftl0_seg_graft_cross	theorem shiftl0_seg_graft_cross {M E : TrioSeq} {p k j : ℕ} (hM2 : 2 ≤ M.length) (hp : p < M.length - 1) (hj : (M.length - 1 - p) + j = k + 1) (hjE : j ≤ E.length) (hle : entry M 0 p ≤ entry M 0 (M.length - 1)) : shiftl0 (entry M 0 p) (seg (graft M E) p (k + 1)) = graft (shiftl0 (entry M 0 p) (seg M …
Gamma.lean:1097	def CoreWindow	def CoreWindow : Prop
Gamma.lean:1114	def CoreCtxSuffix	def CoreCtxSuffix : Prop
Gamma.lean:1119	theorem le0_of_le1	theorem le0_of_le1 {X : TrioSeq} {a b : ℕ} (h : le1 X a b) : le0 X a b
Gamma.lean:1129	theorem coreWindow_of_suffix	theorem coreWindow_of_suffix (hs : CoreCtxSuffix) : CoreWindow
Gamma.lean:1182	def CoreBlockedEltHi	def CoreBlockedEltHi : Prop
Gamma.lean:1205	theorem coreBlockedElt_of_window	theorem coreBlockedElt_of_window (hw : CoreWindow) (hhi : CoreBlockedEltHi) : CoreBlockedElt
Gamma.lean:1260	def CoreWindowLift	def CoreWindowLift : Prop
Gamma.lean:1278	def CoreCtxSuffixLift	def CoreCtxSuffixLift : Prop
Gamma.lean:1290	theorem coreWindowLift_of_ctxSuffixLift	theorem coreWindowLift_of_ctxSuffixLift (hs : CoreCtxSuffixLift) : CoreWindowLift
Gamma.lean:1389	def CtxInf	def CtxInf (M : TrioSeq) : Prop
Gamma.lean:1397	theorem ctxInf_take	theorem ctxInf_take {M : TrioSeq} (h : CtxInf M) (j : ℕ) : CtxInf (M.take j)
Gamma.lean:1432	theorem ctxInf_ltail	theorem ctxInf_ltail {M : TrioSeq} (hMarg : argOK M) (h : CtxInf M) (v z t : ℕ) : CtxInf (Wset.ltail v z M t)
Gamma.lean:1488	theorem stair_id	theorem stair_id : Stair (fun m => m)
Gamma.lean:1491	theorem slift_id	theorem slift_id (A : TrioSeq) : slift A (fun m => m) = A
Gamma.lean:1499	theorem seg_take	theorem seg_take {M : TrioSeq} {a l k : ℕ} (hk : k ≤ l) : (seg M a l).take k = seg M a k
Gamma.lean:1510	theorem infEquip_at_of_ctxInf	theorem infEquip_at_of_ctxInf {M : TrioSeq} (h : CtxInf M) {p : ℕ} (hM2 : 2 ≤ M.length) (hplt : p < M.length - 1) (hwin : ∀ j, p < j → j ≤ M.length - 1 → entry M 0 p < entry M 0 j) : entry M 2 p ≤ 1 ∧ CtxOK (shiftl0 (entry M 0 p) (seg M (p + 1) (M.length - 1 - p))) (entry M 1 p) (entry M 2 p)
Gamma.lean:1552	theorem ctxInf_graft_of_cross	theorem ctxInf_graft_of_cross {M E : TrioSeq} (hMne : M ≠ []) (hEne : E ≠ []) (hM : CtxInf M) (hE : CtxInf E) (hcross : ∀ p k, p < M.length - 1 → M.length - 1 ≤ p + k → p + k < (graft M E).length - 1 → (∀ q, q < k + 1 → Relation.ReflTransGen (nextrel0 (graft M E)) p (p + q)) →
Gamma.lean:1625	def InfEquip	def InfEquip : Prop
Gamma.lean:1636	theorem coreCtxSuffixLift_of_plantctx	theorem coreCtxSuffixLift_of_plantctx (hp : CorePlantCtxLift) (hie : InfEquip) : CoreCtxSuffixLift
Gamma.lean:1670	theorem coreWindow_of_lift	theorem coreWindow_of_lift (hl : CoreWindowLift) : CoreWindow
Gamma.lean:1680	theorem coreBlockedEltHi_of_windowLift	theorem coreBlockedEltHi_of_windowLift (hl : CoreWindowLift) : CoreBlockedEltHi
Gamma.lean:1795	theorem coreBlocked_of_elt	theorem coreBlocked_of_elt (he : CoreBlockedElt) : CoreBlocked
Gamma.lean:1823	theorem coreT2EFam_of_plantctx	theorem coreT2EFam_of_plantctx (hp : CorePlantCtxLift) : CoreT2EFam
Gamma.lean:1924	theorem coreT2E_of_plantctx	theorem coreT2E_of_plantctx (hp : CorePlantCtxLift) : CoreT2E
Gamma.lean:1933	theorem coreT1L_of_plantctx	theorem coreT1L_of_plantctx (hp : CorePlantCtxLift) : CoreT1L
Gamma.lean:2017	theorem coreT1L_of_gpow	theorem coreT1L_of_gpow (hg : CoreGpowPeel) : CoreT1L
Gamma.lean:2073	theorem coreGpowPeel_of_plantctx	theorem coreGpowPeel_of_plantctx (hp : CorePlantCtxLift) : CoreGpowPeel
Gamma.lean:2107	theorem gx_of_pieces	theorem gx_of_pieces (hb : CoreBlocked) (h1 : CoreT1L) (h2 : CoreT2E) : ∀ (u : ℕ) (Y : TrioSeq), Y.dropLast ∈ GXs → (hasParent Y (srow Y (Y.length - 1)) (Y.length - 1) → ∀ n, 1 ≤ n → Y⟦n⟧ ∈ GXs) → Y ∈ GX
Gamma.lean:2218	theorem GX_closed	theorem GX_closed (hb : CoreBlocked) (h1 : CoreT1L) (h2 : CoreT2E) : ∀ (u : ℕ) (Y : TrioSeq), Aop W u GXs Y → Y ∈ GX
Gamma.lean:2249	def CoreStairOm	def CoreStairOm : Prop
Gamma.lean:2257	theorem singleton_mem_GXs	theorem singleton_mem_GXs (hb : CoreBlocked) (h1 : CoreT1L) (h2 : CoreT2E) (b c : ℕ) : [((0, b, c) : ℕ × ℕ × ℕ)] ∈ GXs
Gamma.lean:2277	def SelfSup	def SelfSup (M : TrioSeq) (v z : ℕ) : Prop
Gamma.lean:2281	theorem selfSup_take	theorem selfSup_take {M : TrioSeq} {v z : ℕ} (h : SelfSup M v z) (j : ℕ) : SelfSup (M.take j) v z
Gamma.lean:2291	theorem selfSup_graft	theorem selfSup_graft {M Y : TrioSeq} {v z : ℕ} (hMarg : argOK M) (hM2 : 1 ≤ M.length) (hz1 : z ≤ 1) (hctx : CtxOK M v z) (hself : SelfSup M v z) (hYd : Y.dropLast ∈ GXs) (hbY : based Y) : SelfSup (graft M Y) v z
Gamma.lean:2321	theorem selfSup_ltail	theorem selfSup_ltail {R : TrioSeq} {v z t : ℕ} (h : SelfSup R v z) : SelfSup (Wset.ltail v z R t) (v + t) z
Gamma.lean:2332	def EquipSelf	def EquipSelf : Prop
Gamma.lean:2337	theorem corePlantCtxLift_of_equipSelf	theorem corePlantCtxLift_of_equipSelf (h : EquipSelf) : CorePlantCtxLift
Gamma.lean:2342	theorem equipSelf_of_corePlantCtxLift	theorem equipSelf_of_corePlantCtxLift (h : CorePlantCtxLift) : EquipSelf
Gamma.lean:2360	theorem ctxOK_ltail_self	theorem ctxOK_ltail_self {M : TrioSeq} {v z t : ℕ} (h : CtxOK M v z) : CtxOK (Wset.ltail v z M t) (v + t) z
Gamma.lean:2369	def CorePlantCtx0	def CorePlantCtx0 : Prop
Gamma.lean:2376	theorem corePlantCtxLift_of_plant0	theorem corePlantCtxLift_of_plant0 (h : CorePlantCtx0) : CorePlantCtxLift
Gamma.lean:2383	theorem plant0_of_corePlantCtxLift	theorem plant0_of_corePlantCtxLift (h : CorePlantCtxLift) : CorePlantCtx0
Gamma.lean:2393	theorem corePlantCtxLift_of_self	theorem corePlantCtxLift_of_self (hs : ∀ (u : ℕ) (y : TrioSeq), y ∈ W u → based y → y ∈ GX) : CorePlantCtxLift
Gamma.lean:2409	theorem coreStairOm_holds	theorem coreStairOm_holds (hb : CoreBlocked) (h1 : CoreT1L) (h2 : CoreT2E) : CoreStairOm
Gamma.lean:2423	theorem aop_slift	theorem aop_slift {u : ℕ} {Y : TrioSeq} (AY : Aop W u GXs Y) (hY2 : 2 ≤ Y.length) {φ : ℕ → ℕ} (hφ : Stair φ) : Aop W u GXs (slift Y φ)
Gamma.lean:2451	theorem GXs_closed	theorem GXs_closed (hb : CoreBlocked) (h1 : CoreT1L) (h2 : CoreT2E) : ∀ (u : ℕ) (Y : TrioSeq), Aop W u GXs Y → Y ∈ GXs
Gamma.lean:2473	theorem W_le_GXs	theorem W_le_GXs (hb : CoreBlocked) (h1 : CoreT1L) (h2 : CoreT2E) (u : ℕ) : W u ⊆ GXs
Gamma.lean:2478	theorem W_le_GX	theorem W_le_GX (hb : CoreBlocked) (h1 : CoreT1L) (h2 : CoreT2E) (u : ℕ) : W u ⊆ GX
Gamma.lean:2486	theorem graftAll_of_GX	theorem graftAll_of_GX (hb : CoreBlocked) (h1 : CoreT1L) (h2 : CoreT2E) : Wset.GraftAll
Gamma.lean:2499	theorem GX_loop	theorem GX_loop (he : CoreBlockedElt) (hp : CorePlantCtxLift) : ∀ (u : ℕ) (Y : TrioSeq), Aop W u GXs Y → Y ∈ GXs
Gamma.lean:2508	theorem GX_loop_window	theorem GX_loop_window (hw : CoreWindow) (hhi : CoreBlockedEltHi) (hp : CorePlantCtxLift) : ∀ (u : ℕ) (Y : TrioSeq), Aop W u GXs Y → Y ∈ GXs
Gamma.lean:2520	theorem GX_loop_pieces	theorem GX_loop_pieces (hsuf : CoreCtxSuffix) (hhi : CoreBlockedEltHi) (hp : CorePlantCtxLift) : ∀ (u : ℕ) (Y : TrioSeq), Aop W u GXs Y → Y ∈ GXs
Gamma.lean:2531	theorem GX_loop_lift	theorem GX_loop_lift (hwl : CoreWindowLift) (hp : CorePlantCtxLift) : ∀ (u : ℕ) (Y : TrioSeq), Aop W u GXs Y → Y ∈ GXs
Gamma.lean:2540	theorem GX_loop_ctx	theorem GX_loop_ctx (hsl : CoreCtxSuffixLift) (hp : CorePlantCtxLift) : ∀ (u : ℕ) (Y : TrioSeq), Aop W u GXs Y → Y ∈ GXs
Gamma.lean:2546	theorem GX_loop_plant	theorem GX_loop_plant (hie : InfEquip) (hp : CorePlantCtxLift) : ∀ (u : ℕ) (Y : TrioSeq), Aop W u GXs Y → Y ∈ GXs
Gamma.lean:2561	theorem corePlantCtxLift_of_graftAll	theorem corePlantCtxLift_of_graftAll (hga : Wset.GraftAll) : CorePlantCtxLift
Gamma.lean:2619	theorem coreBlocked_of_ctxSuffixLift	theorem coreBlocked_of_ctxSuffixLift (hsl : CoreCtxSuffixLift) : CoreBlocked
Gamma.lean:2625	theorem graftAll_of_cores	theorem graftAll_of_cores (hsl : CoreCtxSuffixLift) (hp : CorePlantCtxLift) : Wset.GraftAll
Gamma.lean:2631	theorem graftAll_of_plant	theorem graftAll_of_plant (hie : InfEquip) (hp : CorePlantCtxLift) : Wset.GraftAll
Gamma.lean:2637	theorem W_le_Wstar2s_of_cores	theorem W_le_Wstar2s_of_cores (hsl : CoreCtxSuffixLift) (hp : CorePlantCtxLift) (u : ℕ) : Wset.W u ⊆ Wset.Wstar2s
Gcopy.lean:19	def seg	def seg (M : TrioSeq) (a L : ℕ) : TrioSeq
Gcopy.lean:41	theorem seg_cons	theorem seg_cons (M : TrioSeq) (a L : ℕ) : seg M a (L + 1) = (entry M 0 a, entry M 1 a, entry M 2 a) :: seg M (a + 1) L
Gcopy.lean:47	theorem gcopy_cons	theorem gcopy_cons (M : TrioSeq) (r L d0 d1 k a : ℕ) : (List.range' a (L + 1)).map (fun j => ((entry M 0 j + k * d0, entry M 1 j + (if le1 M r j then k * d1 else 0), entry M 2 j) : ℕ × ℕ × ℕ)) = (entry M 0 a + k * d0,
Gcopy.lean:65	theorem rtg0_of_window	theorem rtg0_of_window {M : TrioSeq} {a : ℕ} : ∀ {j : ℕ}, j < M.length → a ≤ j → (∀ l, a < l → l ≤ j → entry M 0 a < entry M 0 l) → Relation.ReflTransGen (nextrel0 M) a j
Gcopy.lean:101	theorem le1_of_le1_subtree	theorem le1_of_le1_subtree {M : TrioSeq} {r a j : ℕ} (hb : j < M.length) (hra : Relation.ReflTransGen (nextrel0 M) r a) (haj : a ≤ j) (hwin : ∀ l, a < l → l ≤ j → entry M 0 a < entry M 0 l) (h : le1 M r j) : le1 M r a
Gcopy.lean:115	theorem le1_step	theorem le1_step {M : TrioSeq} {r pa a : ℕ} (hpa : le1 M r pa) (hedge : nextrel0 M pa a) : le1 M r a ↔ entry M 1 r < entry M 1 a
Gcopy.lean:141	theorem range'_split_takeWhile	theorem range'_split_takeWhile (q : ℕ → Bool) : ∀ (L a : ℕ), ∃ m, m ≤ L ∧ (List.range' a L).takeWhile q = List.range' a m ∧ (List.range' a L).dropWhile q = List.range' (a + m) (L - m) ∧ (∀ j, a ≤ j → j < a + m → q j = true) ∧ (m < L → q (a + m) = false)
Gcopy.lean:183	theorem tshift1_zero	theorem tshift1_zero : ∀ t : Three, tshift1 0 t = t | Z => rfl | P a1 a2 b c => by
Gcopy.lean:194	theorem translate_gseg	theorem translate_gseg {M : TrioSeq} {r d0 d1 k : ℕ} : ∀ (L : ℕ), ∀ {a pa : ℕ}, le1 M r pa → pa < a → a + L ≤ M.length → (∀ j, a ≤ j → j < a + L → entry M 0 pa < entry M 0 j) → (∀ j, pa < j → j < a → entry M 0 a ≤ entry M 0 j) → translate ((List.range' a L).map fun j => ((entry M 0 j + k * d0,
Gcopy.lean:316	theorem le1_refl	theorem le1_refl {M : TrioSeq} {r : ℕ} (h : r < M.length) : le1 M r r
Gcopy.lean:322	theorem translate_gcopy	theorem translate_gcopy {M : TrioSeq} {r L d0 d1 k : ℕ} (hL : 1 ≤ L) (hlen : r + L ≤ M.length) (hup : ∀ j, r < j → j < r + L → entry M 0 r < entry M 0 j) : translate (gcopy M r L d0 d1 k) = P (entry M 1 r + k * d1) (entry M 2 r) (lsub (entry M 1 r) (k * d1) (translate (seg M (r + 1) (L - 1)))) Z
Gcopy.lean:349	theorem gcopiesFrom_zero	theorem gcopiesFrom_zero (M : TrioSeq) (r L d0 d1 k0 : ℕ) : gcopiesFrom M r L d0 d1 k0 0 = []
Gcopy.lean:352	theorem gcopiesFrom_succ	theorem gcopiesFrom_succ (M : TrioSeq) (r L d0 d1 k0 m : ℕ) : gcopiesFrom M r L d0 d1 k0 (m + 1) = gcopy M r L d0 d1 k0 ++ gcopiesFrom M r L d0 d1 (k0 + 1) m
Gcopy.lean:358	theorem gcopies_eq_from	theorem gcopies_eq_from (M : TrioSeq) (r L d0 d1 n : ℕ) : gcopies M r L d0 d1 n = gcopiesFrom M r L d0 d1 0 n
Gcopy.lean:364	theorem gcopy_head	theorem gcopy_head (M : TrioSeq) {r L : ℕ} (hL : 1 ≤ L) (hrb : r < M.length) (d0 d1 k : ℕ) : gcopy M r L d0 d1 k = (entry M 0 r + k * d0, entry M 1 r + k * d1, entry M 2 r) :: (List.range' (r + 1) (L - 1)).map (fun j => ((entry M 0 j + k * d0,
Gcopy.lean:377	theorem gcopy_snoc	theorem gcopy_snoc (M : TrioSeq) (r L d0 d1 k : ℕ) : gcopy M r (L + 1) d0 d1 k = gcopy M r L d0 d1 k ++ [(entry M 0 (r + L) + k * d0, entry M 1 (r + L) + (if le1 M r (r + L) then k * d1 else 0), entry M 2 (r + L))]
Gcopy.lean:389	theorem seg_snoc	theorem seg_snoc (M : TrioSeq) (a L : ℕ) : seg M a (L + 1) = seg M a L ++ [(entry M 0 (a + L), entry M 1 (a + L), entry M 2 (a + L))]
Gcopy.lean:399	theorem translate_gcopiesFrom	theorem translate_gcopiesFrom {M : TrioSeq} {r L d0 d1 : ℕ} (hL : 1 ≤ L) (hlen : r + L ≤ M.length) (hup : ∀ j, r < j → j < r + L → entry M 0 r < entry M 0 j) (d0pos : 0 < d0) (k0 m : ℕ) : translate (gcopiesFrom M r L d0 d1 k0 (m + 1)) = P (entry M 1 r + k0 * d1) (entry M 2 r)
Gcopy.lean:438	theorem cnf_gcopiesFrom	theorem cnf_gcopiesFrom {M : TrioSeq} {r L d0 d1 : ℕ} (hL : 1 ≤ L) (hlen : r + L < M.length) (hup1 : ∀ j, r < j → j ≤ r + L → entry M 0 r < entry M 0 j) (d0pos : 0 < d0) (hd0 : entry M 0 (r + L) = entry M 0 r + d0) (hglp : le1 M r (r + L) ∨ d1 = 0)
Goper.lean:17	theorem gcopy_zero	theorem gcopy_zero (M : TrioSeq) (r L d0 d1 : ℕ) : gcopy M r L d0 d1 0 = seg M r L
Goper.lean:25	theorem drop_seg	theorem drop_seg (M : TrioSeq) (a : ℕ) : M.drop a = seg M a (M.length - a)
Goper.lean:35	theorem oper_gcopies	theorem oper_gcopies {M : TrioSeq} (n : ℕ) (hL : M.length - 1 ≠ 0) (hz : ¬ (entry M 0 (M.length - 1) = 0 ∧ entry M 1 (M.length - 1) = 0 ∧ entry M 2 (M.length - 1) = 0)) (hp : hasParent M (srow M (M.length - 1)) (M.length - 1)) : M⟦n⟧ = M.take (parent M (srow M (M.length - 1)) (M.length - 1)) ++ gcop …
Goper.lean:69	theorem cnf_goper_asc	theorem cnf_goper_asc {M : TrioSeq} {r L d0 d1 : ℕ} {G : TrioSeq} {n : ℕ} (hL : 1 ≤ L) (hlen : r + L < M.length) (hup1 : ∀ j, r < j → j ≤ r + L → entry M 0 r < entry M 0 j) (d0pos : 0 < d0) (hd0 : entry M 0 (r + L) = entry M 0 r + d0) (hglp : le1 M r (r + L) ∨ d1 = 0)
Goper.lean:283	theorem cnf_oper	theorem cnf_oper {M : TrioSeq} {n : ℕ} (hn : 1 ≤ n) (cM : cnf (translate M)) : cnf (translate (M⟦n⟧))
Goper.lean:371	theorem cnf_ST_TS	theorem cnf_ST_TS {M : TrioSeq} (h : ST_TS M) : cnf (translate M)
Gtrans.lean:26	theorem gexp_length	theorem gexp_length (hlen : j0 + Lb + 1 = M.length) : (gexp M j0 Lb d0 d1 n).length = j0 + n * Lb
Gtrans.lean:32	theorem gexp_getD_low	theorem gexp_getD_low {p : ℕ} (hlen : j0 + Lb + 1 = M.length) (hp : p < j0) : (gexp M j0 Lb d0 d1 n).getD p (0, 0, 0) = M.getD p (0, 0, 0)
Gtrans.lean:37	theorem gexp_getD_mir	theorem gexp_getD_mir {k q : ℕ} (hlen : j0 + Lb + 1 = M.length) (hk : k < n) (hq : q < Lb) : (gexp M j0 Lb d0 d1 n).getD (j0 + (k * Lb + q)) (0, 0, 0) = (entry M 0 (j0 + q) + k * d0, entry M 1 (j0 + q) + (if le1 M j0 (j0 + q) then k * d1 else 0), entry M 2 (j0 + q))
Gtrans.lean:50	theorem gexp_pos_decomp	theorem gexp_pos_decomp {p : ℕ} (hLb : 0 < Lb) (hp0 : j0 ≤ p) (hp1 : p < j0 + n * Lb) : ∃ k q, k < n ∧ q < Lb ∧ p = j0 + (k * Lb + q)
Gtrans.lean:61	theorem gexp_entry_root	theorem gexp_entry_root {y : ℕ} (hlen : j0 + Lb + 1 = M.length) (hn : 0 < n) (hLb : 0 < Lb) : entry (gexp M j0 Lb d0 d1 n) y j0 = entry M y j0
Gtrans.lean:75	theorem gexp_entry0_gt	theorem gexp_entry0_gt (hlen : j0 + Lb + 1 = M.length) (hLb : 0 < Lb) (hup : ∀ l, j0 < l → l ≤ j0 + Lb → entry M 0 j0 < entry M 0 l) (hd0pos : 0 < d0) : ∀ p, j0 < p → p < j0 + n * Lb → entry M 0 j0 < entry (gexp M j0 Lb d0 d1 n) 0 p
Gtrans.lean:96	theorem gexp_rtg0_root	theorem gexp_rtg0_root (hlen : j0 + Lb + 1 = M.length) (hn : 0 < n) (hLb : 0 < Lb) (hup : ∀ l, j0 < l → l ≤ j0 + Lb → entry M 0 j0 < entry M 0 l) (hd0pos : 0 < d0) : ∀ p, j0 ≤ p → p < j0 + n * Lb → Relation.ReflTransGen (nextrel0 (gexp M j0 Lb d0 d1 n)) j0 p
Gtrans.lean:111	theorem gexp_nextrel0_mir	theorem gexp_nextrel0_mir {k qa qb : ℕ} (hlen : j0 + Lb + 1 = M.length) (hk : k < n) (hqb : qb < Lb) (h : nextrel0 M (j0 + qa) (j0 + qb)) : nextrel0 (gexp M j0 Lb d0 d1 n) (j0 + (k * Lb + qa)) (j0 + (k * Lb + qb))
Gtrans.lean:152	theorem gexp_nextrel0_root	theorem gexp_nextrel0_root {k qp : ℕ} (hlen : j0 + Lb + 1 = M.length) (hk : k < n) (hk1 : 1 ≤ k) (hqp : qp < Lb) (hd0e : entry M 0 (j0 + Lb) = entry M 0 j0 + d0) (h : nextrel0 M (j0 + qp) (j0 + Lb)) : nextrel0 (gexp M j0 Lb d0 d1 n) (j0 + ((k - 1) * Lb + qp)) (j0 + (k * Lb + 0))
Gtrans.lean:205	theorem gexp_rtg0_mir	theorem gexp_rtg0_mir {k : ℕ} (hlen : j0 + Lb + 1 = M.length) (hk : k < n) : ∀ {c : ℕ} {qa : ℕ}, Relation.ReflTransGen (nextrel0 M) (j0 + qa) c → ∀ qc, c = j0 + qc → qc < Lb → Relation.ReflTransGen (nextrel0 (gexp M j0 Lb d0 d1 n)) (j0 + (k * Lb + qa)) (j0 + (k * Lb + qc))
Gtrans.lean:230	theorem gexp_chain_inversion	theorem gexp_chain_inversion {k q : ℕ} (hlen : j0 + Lb + 1 = M.length) (hk : k < n) (hq : q < Lb) (hup : ∀ l, j0 < l → l ≤ j0 + Lb → entry M 0 j0 < entry M 0 l) (hd0e : entry M 0 (j0 + Lb) = entry M 0 j0 + d0) : ∀ x, Relation.ReflTransGen (nextrel0 (gexp M j0 Lb d0 d1 n)) x (j0 + (k * Lb + q)) →
Gtrans.lean:297	theorem gexp_le1_mir	theorem gexp_le1_mir {k q : ℕ} (hlen : j0 + Lb + 1 = M.length) (hk : k < n) (hq : q < Lb) (hup : ∀ l, j0 < l → l ≤ j0 + Lb → entry M 0 j0 < entry M 0 l) (hd0pos : 0 < d0) (hd0e : entry M 0 (j0 + Lb) = entry M 0 j0 + d0) (hd1pos : 0 < d1) (hle1lp : le1 M j0 (j0 + Lb)) (hg : le1 M j0 (j0 + q)) :
Gtrans.lean:349	theorem gexp_not_le1_mir	theorem gexp_not_le1_mir {k q : ℕ} (hlen : j0 + Lb + 1 = M.length) (hk : k < n) (hq : q < Lb) (hup : ∀ l, j0 < l → l ≤ j0 + Lb → entry M 0 j0 < entry M 0 l) (hd0pos : 0 < d0) (hg : ¬ le1 M j0 (j0 + q)) : ¬ le1 (gexp M j0 Lb d0 d1 n) j0 (j0 + (k * Lb + q))
Gtrans.lean:408	theorem gexp_guard_transport	theorem gexp_guard_transport {k q : ℕ} (hlen : j0 + Lb + 1 = M.length) (hk : k < n) (hq : q < Lb) (hup : ∀ l, j0 < l → l ≤ j0 + Lb → entry M 0 j0 < entry M 0 l) (hd0pos : 0 < d0) (hd0e : entry M 0 (j0 + Lb) = entry M 0 j0 + d0) (hd1pos : 0 < d1) (hle1lp : le1 M j0 (j0 + Lb)) : le1 (gexp M j0 Lb d0 d …
Gtrans.lean:426	theorem gexp_tail_getD	theorem gexp_tail_getD {p : ℕ} (hlen : j0 + Lb + 1 = M.length) (hLb : 0 < Lb) (hp0 : j0 + Lb ≤ p) (hp1 : p < j0 + (n + 1) * Lb) : (gexp M j0 Lb d0 d1 (n + 1)).getD p (0, 0, 0) = (((gexp M j0 Lb d0 d1 n).getD (p - Lb) (0, 0, 0)).1 + d0, ((gexp M j0 Lb d0 d1 n).getD (p - Lb) (0, 0, 0)).2.1 + (if le1 M …
Gtrans.lean:474	theorem nextrel0_tail_mirror	theorem nextrel0_tail_mirror {a b : ℕ} (hlen : j0 + Lb + 1 = M.length) (hLb : 0 < Lb) (ha : j0 + Lb ≤ a) (hb : b < j0 + (n + 1) * Lb) : (nextrel0 (gexp M j0 Lb d0 d1 (n + 1)) a b ↔ nextrel0 (gexp M j0 Lb d0 d1 n) (a - Lb) (b - Lb))
Gtrans.lean:539	theorem rtg0_tail_mirror	theorem rtg0_tail_mirror {a b : ℕ} (hlen : j0 + Lb + 1 = M.length) (hLb : 0 < Lb) (ha : j0 + Lb ≤ a) (hb : b < j0 + (n + 1) * Lb) (hab : a ≤ b) : (Relation.ReflTransGen (nextrel0 (gexp M j0 Lb d0 d1 (n + 1))) a b ↔ Relation.ReflTransGen (nextrel0 (gexp M j0 Lb d0 d1 n)) (a - Lb) (b - Lb))
Gtrans.lean:588	theorem rtg1_rtg0	theorem rtg1_rtg0 {H : TrioSeq} {a b : ℕ} (h : Relation.ReflTransGen (nextrel1 H) a b) : Relation.ReflTransGen (nextrel0 H) a b
Gtrans.lean:597	theorem gexp_e1_mir	theorem gexp_e1_mir {x k q : ℕ} (hlen : j0 + Lb + 1 = M.length) (hk : k < n) (hq : q < Lb) (hx : x = j0 + (k * Lb + q)) : entry (gexp M j0 Lb d0 d1 n) 1 x = entry M 1 (j0 + q) + (if le1 M j0 (j0 + q) then k * d1 else 0)
Gtrans.lean:605	theorem mir_decomp_unique	theorem mir_decomp_unique {k q k' q' : ℕ} (hq : q < Lb) (hq' : q' < Lb) (h : j0 + (k * Lb + q) = j0 + (k' * Lb + q')) : k = k' ∧ q = q'
Gtrans.lean:622	theorem guard_self_gt	theorem guard_self_gt {q : ℕ} (hup : ∀ l, j0 < l → l ≤ j0 + Lb → entry M 0 j0 < entry M 0 l) (hq : q ≤ Lb) (hqpos : 0 < q) (hg : le1 M j0 (j0 + q)) : entry M 1 j0 < entry M 1 (j0 + q)
Gtrans.lean:634	theorem not_guard_of_le	theorem not_guard_of_le {q : ℕ} (hup : ∀ l, j0 < l → l ≤ j0 + Lb → entry M 0 j0 < entry M 0 l) (hq : q ≤ Lb) (hqpos : 0 < q) (hle : entry M 1 (j0 + q) ≤ entry M 1 j0) : ¬ le1 M j0 (j0 + q)
Gtrans.lean:642	theorem rtg0_block	theorem rtg0_block {q : ℕ} (hlen : j0 + Lb + 1 = M.length) (hup : ∀ l, j0 < l → l ≤ j0 + Lb → entry M 0 j0 < entry M 0 l) (hq : q ≤ Lb) : Relation.ReflTransGen (nextrel0 M) j0 (j0 + q)
Gtrans.lean:653	theorem guard_of_lp_chain	theorem guard_of_lp_chain {q : ℕ} (hlen : j0 + Lb + 1 = M.length) (hup : ∀ l, j0 < l → l ≤ j0 + Lb → entry M 0 j0 < entry M 0 l) (hle1lp : le1 M j0 (j0 + Lb)) (hq : q ≤ Lb) (h : Relation.ReflTransGen (nextrel0 M) (j0 + q) (j0 + Lb)) : le1 M j0 (j0 + q)
Gtrans.lean:661	theorem guard_down	theorem guard_down {qa qb : ℕ} (hlen : j0 + Lb + 1 = M.length) (hup : ∀ l, j0 < l → l ≤ j0 + Lb → entry M 0 j0 < entry M 0 l) (hqa : qa ≤ Lb) (hab : Relation.ReflTransGen (nextrel0 M) (j0 + qa) (j0 + qb)) (hg : le1 M j0 (j0 + qb)) : le1 M j0 (j0 + qa)
Gtrans.lean:678	theorem window_transfer_T1	theorem window_transfer_T1 {i p : ℕ} (hlen : j0 + Lb + 1 = M.length) (hLb : 0 < Lb) (hup : ∀ l, j0 < l → l ≤ j0 + Lb → entry M 0 j0 < entry M 0 l) (hd0pos : 0 < d0) (hd0e : entry M 0 (j0 + Lb) = entry M 0 j0 + d0) (hd1pos : 0 < d1) (hle1lp : le1 M j0 (j0 + Lb)) (hi : j0 + Lb ≤ i) (hp : p < j0 + (n + …
Gtrans.lean:870	theorem window_transfer_T0	theorem window_transfer_T0 {i p : ℕ} (hlen : j0 + Lb + 1 = M.length) (hLb : 0 < Lb) (hup : ∀ l, j0 < l → l ≤ j0 + Lb → entry M 0 j0 < entry M 0 l) (hd0pos : 0 < d0) (hd0e : entry M 0 (j0 + Lb) = entry M 0 j0 + d0) (hd1pos : 0 < d1) (hle1lp : le1 M j0 (j0 + Lb)) (hi : j0 + Lb ≤ i) (hp : p < j0 + (n + …
Gtrans.lean:973	theorem le1_tail_equiv	theorem le1_tail_equiv {i p : ℕ} (hlen : j0 + Lb + 1 = M.length) (hLb : 0 < Lb) (hup : ∀ l, j0 < l → l ≤ j0 + Lb → entry M 0 j0 < entry M 0 l) (hd0pos : 0 < d0) (hd0e : entry M 0 (j0 + Lb) = entry M 0 j0 + d0) (hd1pos : 0 < d1) (hle1lp : le1 M j0 (j0 + Lb)) (hi : j0 + Lb ≤ i) (hp : p < j0 + (n + 1)  …
Gtrans.lean:1014	theorem nextrel0_of_agree_last	theorem nextrel0_of_agree_last {a b : ℕ} (hbX : b < X.length) (hag : ∀ x, x < b → X.getD x (0, 0, 0) = M.getD x (0, 0, 0)) (hag0 : (X.getD b (0, 0, 0)).1 = (M.getD b (0, 0, 0)).1) (h : nextrel0 M a b) : nextrel0 X a b
Gtrans.lean:1030	theorem rtg0_of_agree_last	theorem rtg0_of_agree_last {a b : ℕ} (hbX : b < X.length) (hag : ∀ x, x < b → X.getD x (0, 0, 0) = M.getD x (0, 0, 0)) (hag0 : (X.getD b (0, 0, 0)).1 = (M.getD b (0, 0, 0)).1) (h : Relation.ReflTransGen (nextrel0 M) a b) : Relation.ReflTransGen (nextrel0 X) a b
Gtrans.lean:1042	theorem le0_of_agree_last	theorem le0_of_agree_last {a b : ℕ} (hbX : b < X.length) (hag : ∀ x, x < b → X.getD x (0, 0, 0) = M.getD x (0, 0, 0)) (hag0 : (X.getD b (0, 0, 0)).1 = (M.getD b (0, 0, 0)).1) (h : le0 M a b) : le0 X a b
Gtrans.lean:1050	theorem nextrel1_of_agree_last	theorem nextrel1_of_agree_last {a b : ℕ} (hbX : b < X.length) (hbM : b < M.length) (hag : ∀ x, x < b → X.getD x (0, 0, 0) = M.getD x (0, 0, 0)) (hag0 : (X.getD b (0, 0, 0)).1 = (M.getD b (0, 0, 0)).1) (hag1 : (X.getD b (0, 0, 0)).2.1 = (M.getD b (0, 0, 0)).2.1) (h : nextrel1 M a b) : nextrel1 X a b
Gtrans.lean:1075	theorem nextrel1_of_agree	theorem nextrel1_of_agree {a b : ℕ} (hbX : b < X.length) (hbM : b < M.length) (hag : ∀ x, x ≤ b → X.getD x (0, 0, 0) = M.getD x (0, 0, 0)) (h : nextrel1 M a b) : nextrel1 X a b
Gtrans.lean:1081	theorem rtg1_of_agree	theorem rtg1_of_agree {b : ℕ} (hbX : b < X.length) (hbM : b < M.length) (hag : ∀ x, x ≤ b → X.getD x (0, 0, 0) = M.getD x (0, 0, 0)) : ∀ {a c : ℕ}, c ≤ b → Relation.ReflTransGen (nextrel1 M) a c → Relation.ReflTransGen (nextrel1 X) a c
Gtrans.lean:1097	theorem le1_of_agree_last	theorem le1_of_agree_last {r b : ℕ} (hbX : b < X.length) (hbM : b < M.length) (hag : ∀ x, x < b → X.getD x (0, 0, 0) = M.getD x (0, 0, 0)) (hag0 : (X.getD b (0, 0, 0)).1 = (M.getD b (0, 0, 0)).1) (hag1 : (X.getD b (0, 0, 0)).2.1 = (M.getD b (0, 0, 0)).2.1) (h : le1 M r b) : le1 X r b
Gtrans.lean:1114	theorem le1_of_agree	theorem le1_of_agree {r b : ℕ} (hbX : b < X.length) (hbM : b < M.length) (hag : ∀ x, x ≤ b → X.getD x (0, 0, 0) = M.getD x (0, 0, 0)) (h : le1 M r b) : le1 X r b
Infcex.lean:26	theorem lift_single	theorem lift_single (v z t : ℕ) : Lift1 [((0, v, z) : ℕ × ℕ × ℕ)] t = [((0, v + t, z) : ℕ × ℕ × ℕ)]
Infcex.lean:39	def cexM	def cexM : TrioSeq
Infcex.lean:42	def cexX	def cexX (t : ℕ) : TrioSeq
Infcex.lean:45	theorem not_le1_cexX	theorem not_le1_cexX (t : ℕ) : ¬ le1 (cexX t) 0 1
Infcex.lean:57	theorem lift_cexX	theorem lift_cexX (t : ℕ) : Lift1 [((0, (0 : ℕ), (0 : ℕ)) : ℕ × ℕ × ℕ), ((1, 0, 2) : ℕ × ℕ × ℕ)] t = cexX t
Infcex.lean:75	theorem cexX_mem_W	theorem cexX_mem_W {a t : ℕ} (ha : 2 * t ≤ a) : cexX t ∈ W a
Infcex.lean:112	theorem cexM_ctxOK	theorem cexM_ctxOK : CtxOK cexM 0 0
Infcex.lean:128	theorem not_infEquip	theorem not_infEquip : ¬ InfEquip
Invariant.lean:16	theorem mem_gcopies	theorem mem_gcopies {M : TrioSeq} {r L d0 d1 n : ℕ} {x : ℕ × ℕ × ℕ} (hx : x ∈ gcopies M r L d0 d1 n) : ∃ j k, r ≤ j ∧ j < r + L ∧ k < n ∧ x = (entry M 0 j + k * d0, entry M 1 j + (if le1 M r j then k * d1 else 0), entry M 2 j)
Invariant.lean:28	theorem getD_mem_of_lt	theorem getD_mem_of_lt {A : TrioSeq} {j : ℕ} (hj : j < A.length) : A.getD j (0, 0, 0) ∈ A
Invariant.lean:34	theorem noninc_mem	theorem noninc_mem {M : TrioSeq} (h : noninc M) {x : ℕ × ℕ × ℕ} (hx : x ∈ M) : x.2.2 ≤ x.2.1
Invariant.lean:41	theorem noninc_of_mem	theorem noninc_of_mem {M : TrioSeq} (h : ∀ x ∈ M, x.2.2 ≤ x.2.1) : noninc M
Invariant.lean:46	theorem z0ok_mem	theorem z0ok_mem {M : TrioSeq} (h : z0ok M) {x : ℕ × ℕ × ℕ} (hx : x ∈ M) (hx0 : x.1 = 0) : x.2.1 = 0 ∧ x.2.2 = 0
Invariant.lean:53	theorem z0ok_of_mem	theorem z0ok_of_mem {M : TrioSeq} (h : ∀ x ∈ M, x.1 = 0 → x.2.1 = 0 ∧ x.2.2 = 0) : z0ok M
Invariant.lean:59	theorem entry_triple_mem	theorem entry_triple_mem {M : TrioSeq} {j : ℕ} (hj : j < M.length) : ((entry M 0 j, entry M 1 j, entry M 2 j) : ℕ × ℕ × ℕ) ∈ M
Invariant.lean:65	theorem noninc_oper	theorem noninc_oper {M : TrioSeq} {n : ℕ} (h : noninc M) : noninc (M⟦n⟧)
Invariant.lean:96	theorem z0ok_oper	theorem z0ok_oper {M : TrioSeq} {n : ℕ} (h : z0ok M) : z0ok (M⟦n⟧)
Invariant.lean:165	theorem le1_of_chain_le1	theorem le1_of_chain_le1 {M : TrioSeq} {r x j1 : ℕ} (h : le1 M r j1) (hrx : Relation.ReflTransGen (nextrel0 M) r x) (hxj : Relation.ReflTransGen (nextrel0 M) x j1) : le1 M r x
Invariant.lean:178	theorem gcopy_getD	theorem gcopy_getD {M : TrioSeq} {r L d0 d1 k q : ℕ} (hq : q < L) : (gcopy M r L d0 d1 k).getD q (0, 0, 0) = (entry M 0 (r + q) + k * d0, entry M 1 (r + q) + (if le1 M r (r + q) then k * d1 else 0), entry M 2 (r + q))
Invariant.lean:189	theorem gcopiesFrom_length	theorem gcopiesFrom_length (M : TrioSeq) (r L d0 d1 k0 m : ℕ) : (gcopiesFrom M r L d0 d1 k0 m).length = m * L
Invariant.lean:197	theorem gcopiesFrom_getD	theorem gcopiesFrom_getD {M : TrioSeq} {r L d0 d1 : ℕ} : ∀ {i q k0 m : ℕ}, i < m → q < L → (gcopiesFrom M r L d0 d1 k0 m).getD (i * L + q) (0, 0, 0) = (entry M 0 (r + q) + (k0 + i) * d0, entry M 1 (r + q) + (if le1 M r (r + q) then (k0 + i) * d1 else 0),
Invariant.lean:222	theorem gcopies_length	theorem gcopies_length (M : TrioSeq) (r L d0 d1 n : ℕ) : (gcopies M r L d0 d1 n).length = n * L
Invariant.lean:226	theorem gcopies_getD	theorem gcopies_getD {M : TrioSeq} {r L d0 d1 k q n : ℕ} (hk : k < n) (hq : q < L) : (gcopies M r L d0 d1 n).getD (k * L + q) (0, 0, 0) = (entry M 0 (r + q) + k * d0, entry M 1 (r + q) + (if le1 M r (r + q) then k * d1 else 0), entry M 2 (r + q))
Invariant.lean:237	theorem witness_nextrel0	theorem witness_nextrel0 {M : TrioSeq} {j k : ℕ} (hj : j < M.length) (hk : k < j) (hlev : (M.getD k (0, 0, 0)).1 + 1 = (M.getD j (0, 0, 0)).1) (hwin : ∀ l, k < l → l < j → (M.getD j (0, 0, 0)).1 ≤ (M.getD l (0, 0, 0)).1) : nextrel0 M k j
Invariant.lean:254	theorem r1ok_oper	theorem r1ok_oper {M : TrioSeq} {n : ℕ} (h : r1ok M) : r1ok (M⟦n⟧)
Invariant.lean:584	theorem r1ok_ST_TS	theorem r1ok_ST_TS {M : TrioSeq} (h : ST_TS M) : r1ok M
Invariant.lean:589	theorem z0ok_ST_TS	theorem z0ok_ST_TS {M : TrioSeq} (h : ST_TS M) : z0ok M
Invariant.lean:594	theorem noninc_ST_TS	theorem noninc_ST_TS {M : TrioSeq} (h : ST_TS M) : noninc M
Invariant.lean:601	theorem blockok_head_zero	theorem blockok_head_zero {M : TrioSeq} (hb : blockok 0 M) (hne : 0 < M.length) : (M.getD 0 (0, 0, 0)).1 = 0
Invariant.lean:612	theorem parent0_exists	theorem parent0_exists {M : TrioSeq} (hb : blockok 0 M) {j : ℕ} (hj : j < M.length) (h0 : 0 < entry M 0 j) : ∃ k, nextrel0 M k j
Invariant.lean:641	theorem chain_to_zero	theorem chain_to_zero {M : TrioSeq} (hb : blockok 0 M) : ∀ lev j, entry M 0 j = lev → j < M.length → ∃ r, r ≤ j ∧ entry M 0 r = 0 ∧ Relation.ReflTransGen (nextrel0 M) r j
Invariant.lean:658	theorem parent1_exists	theorem parent1_exists {M : TrioSeq} (hb : blockok 0 M) (hz : z0ok M) {j : ℕ} (hj : j < M.length) (h1 : 0 < entry M 1 j) : ∃ k, nextrel1 M k j
Invariant.lean:689	theorem le1_to_row1_zero	theorem le1_to_row1_zero {M : TrioSeq} (hb : blockok 0 M) (hz : z0ok M) : ∀ lev j, entry M 1 j = lev → j < M.length → ∃ c, le1 M c j ∧ entry M 1 c = 0
Invariant.lean:703	theorem parent2_exists	theorem parent2_exists {M : TrioSeq} (hb : blockok 0 M) (hz : z0ok M) (hni : noninc M) {j : ℕ} (hj : j < M.length) (h2 : 0 < entry M 2 j) : ∃ k, nextrel2 M k j
Invariant.lean:735	theorem nextrel1_unique	theorem nextrel1_unique {M : TrioSeq} {k1 k2 j : ℕ} (h1 : nextrel1 M k1 j) (h2 : nextrel1 M k2 j) : k1 = k2
Invariant.lean:746	theorem nextrel2_unique	theorem nextrel2_unique {M : TrioSeq} {k1 k2 j : ℕ} (h1 : nextrel2 M k1 j) (h2 : nextrel2 M k2 j) : k1 = k2
Invariant.lean:758	theorem hp_last	theorem hp_last {M : TrioSeq} (hb : blockok 0 M) (hz : z0ok M) (hni : noninc M) (hlen : 0 < M.length) (hzz : ¬ M.getD (M.length - 1) (0, 0, 0) = (0, 0, 0)) : hasParent M (srow M (M.length - 1)) (M.length - 1)
Invariant.lean:824	theorem hasParent_last_ST_TS	theorem hasParent_last_ST_TS {M : TrioSeq} (hM : ST_TS M) (hlen : 0 < M.length) (hzz : ¬ (entry M 0 (M.length - 1) = 0 ∧ entry M 1 (M.length - 1) = 0 ∧ entry M 2 (M.length - 1) = 0)) : hasParent M (srow M (M.length - 1)) (M.length - 1)
Invariant.lean:842	theorem nextrel1_snd_succ	theorem nextrel1_snd_succ {M : TrioSeq} (hr : r1ok M) {j0 j1 : ℕ} (h : nextrel1 M j0 j1) : entry M 1 j1 = entry M 1 j0 + 1
Invariant.lean:870	def z2ok	def z2ok (M : TrioSeq) : Prop
Invariant.lean:873	theorem z2ok_mem	theorem z2ok_mem {M : TrioSeq} (h : z2ok M) {x : ℕ × ℕ × ℕ} (hx : x ∈ M) : x.2.2 ≤ 1
Invariant.lean:880	theorem z2ok_of_mem	theorem z2ok_of_mem {M : TrioSeq} (h : ∀ x ∈ M, x.2.2 ≤ 1) : z2ok M
Invariant.lean:884	theorem z2ok_dropLast	theorem z2ok_dropLast {M : TrioSeq} (h : z2ok M) : z2ok M.dropLast
Invariant.lean:887	theorem z2ok_diagSeqT	theorem z2ok_diagSeqT (v : ℕ) : z2ok (diagSeqT 0 v)
Invariant.lean:895	theorem z2ok_oper	theorem z2ok_oper {M : TrioSeq} {n : ℕ} (h : z2ok M) : z2ok (M⟦n⟧)
Invariant.lean:924	theorem z2ok_ST_TS	theorem z2ok_ST_TS {M : TrioSeq} (h : ST_TS M) : z2ok M
Invariant.lean:934	def zjump	def zjump (M : TrioSeq) : Prop
Invariant.lean:943	theorem zjump_take	theorem zjump_take {M : TrioSeq} (h : zjump M) (m : ℕ) : zjump (M.take m)
Invariant.lean:966	theorem zjump_dropLast	theorem zjump_dropLast {M : TrioSeq} (h : zjump M) : zjump M.dropLast
Invariant.lean:970	theorem zjump_diagSeqT	theorem zjump_diagSeqT (v : ℕ) : zjump (diagSeqT 0 v)
Invariant.lean:986	def markP1	def markP1 (M : TrioSeq) : Prop
Invariant.lean:991	theorem nextrel0_take	theorem nextrel0_take {M : TrioSeq} {m a b : ℕ} (hb : b < m) (h : nextrel0 M a b) : nextrel0 (M.take m) a b
Invariant.lean:1009	theorem rtg0_take	theorem rtg0_take {M : TrioSeq} {m a b : ℕ} (hb : b < m) (h : Relation.ReflTransGen (nextrel0 M) a b) : Relation.ReflTransGen (nextrel0 (M.take m)) a b
Invariant.lean:1020	theorem markP1_take	theorem markP1_take {M : TrioSeq} (h : markP1 M) (m : ℕ) : markP1 (M.take m)
Invariant.lean:1032	theorem markP1_dropLast	theorem markP1_dropLast {M : TrioSeq} (h : markP1 M) : markP1 M.dropLast
Invariant.lean:1036	theorem markP1_diagSeqT	theorem markP1_diagSeqT (v : ℕ) : markP1 (diagSeqT 0 v)
Invariant.lean:1063	theorem blocker_of_not_le1	theorem blocker_of_not_le1 {M : TrioSeq} {r j : ℕ} (hch : Relation.ReflTransGen (nextrel0 M) r j) (hb : j < M.length) (hne : ¬ le1 M r j) : ∃ b, Relation.ReflTransGen (nextrel0 M) r b ∧ Relation.ReflTransGen (nextrel0 M) b j ∧ b ≠ r ∧ entry M 1 b ≤ entry M 1 r
Invariant.lean:1078	theorem nextrel0_of_agree	theorem nextrel0_of_agree {M X : TrioSeq} {a b : ℕ} (hb : b < X.length) (hag : ∀ x, x ≤ b → X.getD x (0, 0, 0) = M.getD x (0, 0, 0)) (h : nextrel0 M a b) : nextrel0 X a b
Invariant.lean:1093	theorem rtg0_of_agree	theorem rtg0_of_agree {M X : TrioSeq} {b : ℕ} (hb : b < X.length) (hag : ∀ x, x ≤ b → X.getD x (0, 0, 0) = M.getD x (0, 0, 0)) : ∀ {a c : ℕ}, c ≤ b → Relation.ReflTransGen (nextrel0 M) a c → Relation.ReflTransGen (nextrel0 X) a c
Invariant.lean:1108	theorem markP1_oper	theorem markP1_oper {M : TrioSeq} {n : ℕ} (hn : 1 ≤ n) (hmp : markP1 M) : markP1 (M⟦n⟧)
Invariant.lean:1366	theorem markP1_ST_TS	theorem markP1_ST_TS {M : TrioSeq} (h : ST_TS M) : markP1 M
L105Cap.lean:26	def CoreCap	def CoreCap : Prop
L105Cap.lean:55	theorem Lift1_snoc_ne	theorem Lift1_snoc_ne {C : TrioSeq} {p : ℕ × ℕ × ℕ} {d : ℕ} : Lift1 (C ++ [p]) d ≠ []
L105Cap.lean:62	theorem entry_snoc_last	theorem entry_snoc_last (A : TrioSeq) (q : ℕ × ℕ × ℕ) (i : ℕ) : entry (A ++ [q]) i A.length = entry [q] i 0
L105Cap.lean:67	theorem Lift1_snoc	theorem Lift1_snoc (C : TrioSeq) (p : ℕ × ℕ × ℕ) (d : ℕ) : ∃ q : ℕ × ℕ × ℕ, Lift1 (C ++ [p]) d = Lift1 C d ++ [q] ∧ q.1 = p.1 ∧ q.2.2 = p.2.2
L105Cap.lean:100	theorem cons_cap_split	theorem cons_cap_split (M : TrioSeq) (v z b c : ℕ) : (((0, v, z) : ℕ × ℕ × ℕ) :: cap M b c) = ((((0, v, z) : ℕ × ℕ × ℕ) :: M.dropLast) ++ [((entry M 0 (M.length - 1), b, c) : ℕ × ℕ × ℕ)])
L105Cap.lean:108	theorem ctxOK_dropLast	theorem ctxOK_dropLast {M : TrioSeq} {v z : ℕ} (hctx : CtxOK M v z) (hM2 : 1 ≤ M.length) {a t : ℕ} (hva : 2 * (v + t) + z ≤ a) : Lift1 (((0, v, z) : ℕ × ℕ × ℕ) :: M.dropLast) t ∈ W a
L105Cap.lean:114	theorem cons_dropLast_ne	theorem cons_dropLast_ne {M : TrioSeq} {v z t : ℕ} : Lift1 (((0, v, z) : ℕ × ℕ × ℕ) :: M.dropLast) t ≠ []
L105Cap.lean:126	theorem coreCap_of_wsnoc	theorem coreCap_of_wsnoc (hsn : WSnoc) : CoreCap
L105Cap.lean:144	theorem snoc_orphan_W	theorem snoc_orphan_W {u : ℕ} {C : TrioSeq} (p : ℕ × ℕ × ℕ) (hC : C ∈ W u) (hCne : C ≠ []) (hnp : ¬ hasParent (C ++ [p]) (srow (C ++ [p]) C.length) C.length) : C ++ [p] ∈ W u
L105Cap.lean:166	theorem snoc_of_open	theorem snoc_of_open {u : ℕ} {C : TrioSeq} (p : ℕ × ℕ × ℕ) (hC : C ∈ W u) (hCne : C ≠ []) (hopen : hasParent (C ++ [p]) (srow (C ++ [p]) C.length) C.length → (∃ q ∈ C, 0 < q.2.2) → C ++ [p] ∈ W u) : C ++ [p] ∈ W u
L105Cap.lean:205	theorem capBase_ne	theorem capBase_ne (M : TrioSeq) (v z t : ℕ) : capBase M v z t ≠ []
L105Cap.lean:211	theorem capBase_mem	theorem capBase_mem {M : TrioSeq} {v z a t : ℕ} (hctx : CtxOK M v z) (hM2 : 1 ≤ M.length) (hva : 2 * (v + t) + z ≤ a) : capBase M v z t ∈ W a
L105Cap.lean:217	theorem capBase_take_mem	theorem capBase_take_mem {M : TrioSeq} {v z a t : ℕ} (hctx : CtxOK M v z) (hM2 : 1 ≤ M.length) (hva : 2 * (v + t) + z ≤ a) (j : ℕ) : (capBase M v z t).take j ∈ W a
L105Cap.lean:242	def SnocPrefixOpen	def SnocPrefixOpen : Prop
L105Cap.lean:250	theorem coreCap_of_snocPrefixOpen	theorem coreCap_of_snocPrefixOpen (h : SnocPrefixOpen) : CoreCap
L105Cap.lean:264	theorem snocPrefixOpen_of_wsnoc	theorem snocPrefixOpen_of_wsnoc (hsn : WSnoc) : SnocPrefixOpen
L105Cap.lean:271	def SnocPrefixOpen1	def SnocPrefixOpen1 : Prop
L105Cap.lean:280	theorem snocPrefixOpen_of_prefixCopies	theorem snocPrefixOpen_of_prefixCopies (hpc : L53.PrefixCopies) (h : SnocPrefixOpen1) : SnocPrefixOpen
L105Cap.lean:287	theorem coreCap_of_prefixCopies	theorem coreCap_of_prefixCopies (hpc : L53.PrefixCopies) (h : SnocPrefixOpen1) : CoreCap
L105Cap.lean:306	theorem wsnoc_of_snocPrefixOpen	theorem wsnoc_of_snocPrefixOpen (h : SnocPrefixOpen) : WSnoc
L105Cap.lean:328	theorem capBase_entry0_root	theorem capBase_entry0_root (M : TrioSeq) (v z t : ℕ) : entry (capBase M v z t) 0 0 = 0
L105Cap.lean:334	theorem capBase_entry0_succ	theorem capBase_entry0_succ {M : TrioSeq} {v z t j : ℕ} : entry (capBase M v z t) 0 (j + 1) = entry M.dropLast 0 j
L105Cap.lean:343	theorem argOK_dropLast	theorem argOK_dropLast {M : TrioSeq} (h : argOK M) : argOK M.dropLast
L105Cap.lean:347	theorem capBase_entry0_pos	theorem capBase_entry0_pos {M : TrioSeq} (hM : argOK M) {v z t j : ℕ} (hj : 0 < j) (hjlt : j < (capBase M v z t).length) : 0 < entry (capBase M v z t) 0 j
L105Cap.lean:363	theorem cap_col_entry0_pos	theorem cap_col_entry0_pos {M : TrioSeq} (hM : argOK M) (hM2 : 1 ≤ M.length) : 0 < entry M 0 (M.length - 1)
L105Cap.lean:377	def CapSnocOpen	def CapSnocOpen : Prop
L105Cap.lean:388	theorem coreCap_of_capSnocOpen	theorem coreCap_of_capSnocOpen (h : CapSnocOpen) : CoreCap
L105Cap.lean:401	theorem capSnocOpen_of_wsnoc	theorem capSnocOpen_of_wsnoc (hsn : WSnoc) : CapSnocOpen
L105Cap.lean:425	theorem nextrel0_Lift1	theorem nextrel0_Lift1 {X : TrioSeq} {d a b : ℕ} : nextrel0 (Lift1 X d) a b ↔ nextrel0 X a b
L105Cap.lean:431	theorem le0_Lift1	theorem le0_Lift1 {X : TrioSeq} {d a b : ℕ} : le0 (Lift1 X d) a b ↔ le0 X a b
L105Cap.lean:441	theorem cap_length	theorem cap_length (M : TrioSeq) (b c : ℕ) : (cap M b c).length = M.dropLast.length + 1
L105Cap.lean:446	theorem argOK_cap	theorem argOK_cap {M : TrioSeq} (hM : argOK M) (hM2 : 1 ≤ M.length) (b c : ℕ) : argOK (cap M b c)
L105Cap.lean:458	theorem cap_snoc_setup	theorem cap_snoc_setup {M : TrioSeq} (hM : argOK M) (hM2 : 1 ≤ M.length) (v z t b c : ℕ) : ∃ q : ℕ × ℕ × ℕ, Lift1 (((0, v, z) : ℕ × ℕ × ℕ) :: cap M b c) t = capBase M v z t ++ [q] ∧ q.1 = entry M 0 (M.length - 1) ∧ q.2.2 = c ∧ ∀ j, j < (capBase M v z t ++ [q]).length →
L105Cap.lean:491	def CapSnocOpen'	def CapSnocOpen' : Prop
L105Cap.lean:504	theorem coreCap_of_capSnocOpen'	theorem coreCap_of_capSnocOpen' (h : CapSnocOpen') : CoreCap
L105Cap.lean:512	theorem capSnocOpen'_of_capSnocOpen	theorem capSnocOpen'_of_capSnocOpen (h : CapSnocOpen) : CapSnocOpen'
L105Cap.lean:524	def CapSnocOpenExact	def CapSnocOpenExact : Prop
L105Cap.lean:537	theorem coreCap_of_capSnocOpenExact	theorem coreCap_of_capSnocOpenExact (h : CapSnocOpenExact) : CoreCap
L105Cap.lean:545	theorem capSnocOpenExact_of_coreCap	theorem capSnocOpenExact_of_coreCap (h : CoreCap) : CapSnocOpenExact
L105Cap.lean:552	theorem capSnocOpenExact_iff_coreCap	theorem capSnocOpenExact_iff_coreCap : CapSnocOpenExact ↔ CoreCap
L105Cap.lean:555	theorem capSnocOpenExact_of_capSnocOpen'	theorem capSnocOpenExact_of_capSnocOpen' (h : CapSnocOpen') : CapSnocOpenExact
L105Cap.lean:610	theorem not_rsum_of_root_mem	theorem not_rsum_of_root_mem {A B : TrioSeq} (hB : argOK B) (hBne : B ≠ []) (hroot : ∃ p ∈ A, p.1 = 0) : ¬ rsum A B
L105Cap.lean:623	theorem argOK_capBase_drop	theorem argOK_capBase_drop {M : TrioSeq} (hM : argOK M) {v z t j0 : ℕ} (hj0 : 1 ≤ j0) : argOK ((capBase M v z t).drop j0)
L105Cap.lean:634	theorem capBase_root_mem_take	theorem capBase_root_mem_take {M : TrioSeq} {v z t j0 : ℕ} (hj0 : 1 ≤ j0) : ∃ p ∈ (capBase M v z t).take j0, p.1 = 0
L105Cap.lean:648	theorem not_rsum_capBase_split	theorem not_rsum_capBase_split {M : TrioSeq} (hM : argOK M) {v z t j0 : ℕ} (hj0 : 1 ≤ j0) (hj0lt : j0 < (capBase M v z t).length) : ¬ rsum ((capBase M v z t).take j0) ((capBase M v z t).drop j0)
L105Cap.lean:674	theorem not_rsum_shTower	theorem not_rsum_shTower {Q : TrioSeq} (hQne : Q ≠ []) (hb : based Q) {e n : ℕ} (he : 1 ≤ e) (hn : 1 ≤ n) : ¬ rsum (shTower Q e n) (shiftr01 (n * e) 0 Q)
L105Cap.lean:696	theorem based_capBase	theorem based_capBase (M : TrioSeq) (v z t : ℕ) : based (capBase M v z t)
L105Cap.lean:719	theorem capBase_Lift1	theorem capBase_Lift1 (M : TrioSeq) (v z t e : ℕ) : Lift1 (capBase M v z t) e = capBase M v z (t + e)
L105Cap.lean:725	theorem liftStage_capBase	theorem liftStage_capBase {M : TrioSeq} {v z t e a : ℕ} (hctx : CtxOK M v z) (hM2 : 1 ≤ M.length) (hva : 2 * (v + (t + e)) + z ≤ a) : Lift1 (capBase M v z t) e ∈ W a
L105Cap.lean:732	theorem liftStage_capBase'	theorem liftStage_capBase' {M : TrioSeq} {v z t e : ℕ} (hctx : CtxOK M v z) (hM2 : 1 ≤ M.length) : Lift1 (capBase M v z t) e ∈ W ((2 * (v + t) + z) + 2 * e)
L105Cap.lean:759	theorem not_domT_of_hasParent	theorem not_domT_of_hasParent {M : TrioSeq} {m : ℕ} (h : hasParent M (srow M (M.length - 1)) (M.length - 1)) : ¬ domT M m
L105Cap.lean:764	theorem not_domT_capBase_snoc	theorem not_domT_capBase_snoc {M : TrioSeq} {v z t : ℕ} {q : ℕ × ℕ × ℕ} (h : hasParent (capBase M v z t ++ [q]) (srow (capBase M v z t ++ [q]) (capBase M v z t).length) (capBase M v z t).length) (m : ℕ) : ¬ domT (capBase M v z t ++ [q]) m
L105Cap.lean:776	theorem capBase_snoc_len	theorem capBase_snoc_len (M : TrioSeq) (v z t : ℕ) (q : ℕ × ℕ × ℕ) : 2 ≤ (capBase M v z t ++ [q]).length
L105Cap.lean:787	def CapExpOpen	def CapExpOpen : Prop
L105Cap.lean:800	theorem capSnocOpenExact_of_capExpOpen	theorem capSnocOpenExact_of_capExpOpen (h : CapExpOpen) : CapSnocOpenExact
L105Cap.lean:804	theorem capExpOpen_of_coreCap	theorem capExpOpen_of_coreCap (h : CoreCap) : CapExpOpen
L105Cap.lean:811	theorem capExpOpen_iff_coreCap	theorem capExpOpen_iff_coreCap : CapExpOpen ↔ CoreCap
L105Cap.lean:821	theorem srow_snoc_last	theorem srow_snoc_last (C : TrioSeq) (q : ℕ × ℕ × ℕ) : srow (C ++ [q]) C.length = (if 0 < q.2.2 then 2 else if 0 < q.2.1 then 1 else 0)
L105Cap.lean:829	theorem Lift1_snoc_row1	theorem Lift1_snoc_row1 {C : TrioSeq} {p q : ℕ × ℕ × ℕ} {d : ℕ} (heq : Lift1 (C ++ [p]) d = Lift1 C d ++ [q]) : p.2.1 ≤ q.2.1 ∧ q.2.1 ≤ p.2.1 + d
L105Cap.lean:846	theorem srow_cap_eq_two_iff	theorem srow_cap_eq_two_iff {C : TrioSeq} {q : ℕ × ℕ × ℕ} {c : ℕ} (hq2 : q.2.2 = c) : srow (C ++ [q]) C.length = 2 ↔ 0 < c
L105Cap.lean:856	theorem srow_cap_eq_zero	theorem srow_cap_eq_zero {C : TrioSeq} {p q : ℕ × ℕ × ℕ} {d : ℕ} (heq : Lift1 (C ++ [p]) d = Lift1 C d ++ [q]) (hq2 : q.2.2 = p.2.2) (h0 : srow (C ++ [q]) C.length = 0) : p.2.1 = 0 ∧ p.2.2 = 0
L105Cap.lean:893	def Mw	def Mw : TrioSeq
L105Cap.lean:895	def Sw	def Sw : TrioSeq
L105Cap.lean:897	theorem argOK_Mw	theorem argOK_Mw : argOK Mw
L105Cap.lean:905	theorem Mw_len	theorem Mw_len : 1 ≤ Mw.length
L105Cap.lean:907	theorem capBase_Mw	theorem capBase_Mw : capBase Mw 0 0 0 = [((0, 0, 0) : ℕ × ℕ × ℕ), (1, 1, 1)]
L105Cap.lean:912	theorem cap_Mw	theorem cap_Mw : Lift1 (((0, 0, 0) : ℕ × ℕ × ℕ) :: cap Mw 1 1) 0 = Sw
L105Cap.lean:916	theorem Sw_split	theorem Sw_split : Sw = capBase Mw 0 0 0 ++ [((2, 1, 1) : ℕ × ℕ × ℕ)]
L105Cap.lean:920	theorem srow_Sw	theorem srow_Sw : srow Sw 2 = 2
L105Cap.lean:922	theorem row2_pos_capBase_Mw	theorem row2_pos_capBase_Mw : ∃ p ∈ capBase Mw 0 0 0, 0 < p.2.2
L105Cap.lean:931	theorem le0_le'	theorem le0_le' {M : TrioSeq} {a b : ℕ} (h : le0 M a b) : a ≤ b
L105Cap.lean:933	theorem le1_le'	theorem le1_le' {M : TrioSeq} {a b : ℕ} (h : le1 M a b) : a ≤ b
L105Cap.lean:935	theorem nextrel0_Sw_01	theorem nextrel0_Sw_01 : nextrel0 Sw 0 1
L105Cap.lean:940	theorem nextrel0_Sw_12	theorem nextrel0_Sw_12 : nextrel0 Sw 1 2
L105Cap.lean:945	theorem le0_Sw_02	theorem le0_Sw_02 : le0 Sw 0 2
L105Cap.lean:949	theorem nextrel1_Sw_02	theorem nextrel1_Sw_02 : nextrel1 Sw 0 2
L105Cap.lean:960	theorem le1_Sw_02	theorem le1_Sw_02 : le1 Sw 0 2
L105Cap.lean:963	theorem nextrel2_Sw_02	theorem nextrel2_Sw_02 : nextrel2 Sw 0 2
L105Cap.lean:974	theorem nextrel2_Sw_unique	theorem nextrel2_Sw_unique {j : ℕ} (h : nextrel2 Sw j 2) : j = 0
L105Cap.lean:982	theorem nextR_Sw_02	theorem nextR_Sw_02 : nextR Sw 2 0 2
L105Cap.lean:987	theorem hasParent_Sw	theorem hasParent_Sw : hasParent Sw 2 2
L105Cap.lean:994	theorem capBase_Mw_len	theorem capBase_Mw_len : (capBase Mw 0 0 0).length = 2
L105Cap.lean:1001	theorem srow2_branch_live	theorem srow2_branch_live : argOK Mw ∧ 1 ≤ Mw.length ∧ Lift1 (((0, 0, 0) : ℕ × ℕ × ℕ) :: cap Mw 1 1) 0 = capBase Mw 0 0 0 ++ [((2, 1, 1) : ℕ × ℕ × ℕ)] ∧ srow (capBase Mw 0 0 0 ++ [((2, 1, 1) : ℕ × ℕ × ℕ)]) (capBase Mw 0 0 0).length = 2 ∧
L105Cap.lean:1034	theorem copy_mem_of_ctxOK	theorem copy_mem_of_ctxOK {M : TrioSeq} {v z t a k d0 d1 : ℕ} (hctx : CtxOK M v z) (hM2 : 1 ≤ M.length) (hva : 2 * (v + (t + k * d1)) + z ≤ a) : shiftr01 (k * d0) 0 (Lift1 (capBase M v z t) (k * d1)) ∈ W a
L105Cap.lean:1044	theorem oper_cons_tower2	theorem oper_cons_tower2 (hR : argOK R) (hRne : R ≠ []) (hd : domT R m) (hi1 : srow R (R.length - 1) = 2) (hpM : hasParent ((0,v,z) :: R) (srow R (R.length - 1)) R.length) : ((0,v,z) :: R)⟦n + 1⟧ = (0,v,z) :: graft R (Lift1 (((0,v,z) :: R)⟦n⟧) (entry R 1 (R.length-1) - v)) ```
L105Cap.lean:1070	theorem srow_cap_last	theorem srow_cap_last (M : TrioSeq) (b c : ℕ) : srow (cap M b c) ((cap M b c).length - 1) = (if 0 < c then 2 else if 0 < b then 1 else 0)
L105Cap.lean:1079	theorem srow_cap_last_eq_two	theorem srow_cap_last_eq_two {M : TrioSeq} {b c : ℕ} (hc : 0 < c) : srow (cap M b c) ((cap M b c).length - 1) = 2
L105Cap.lean:1083	theorem cap_ne	theorem cap_ne (M : TrioSeq) (b c : ℕ) : cap M b c ≠ []
L105Cap.lean:1113	theorem tower2_stage_fits_of_lt	theorem tower2_stage_fits_of_lt {v z m : ℕ} {R : TrioSeq} (hd : domT R m) (hzc : z < entry R 2 (R.length - 1)) (hvw : v ≤ entry R 1 (R.length - 1)) : 2 * (v + (entry R 1 (R.length - 1) - v)) + z ≤ m
L105Cap.lean:1123	theorem tower2_root_z_lt	theorem tower2_root_z_lt {v z : ℕ} {R : TrioSeq} (hRne : R ≠ []) (h : nextR (((0, v, z) : ℕ × ℕ × ℕ) :: R) 2 0 R.length) : z < entry R 2 (R.length - 1)
L105Cap.lean:1136	theorem tower2_stage_fits_root	theorem tower2_stage_fits_root {v z m : ℕ} {R : TrioSeq} (hRne : R ≠ []) (hd : domT R m) (hvw : v ≤ entry R 1 (R.length - 1)) (h : nextR (((0, v, z) : ℕ × ℕ × ℕ) :: R) 2 0 R.length) : 2 * (v + (entry R 1 (R.length - 1) - v)) + z ≤ m
L105Cap.lean:1146	theorem tower2_stage_fits_of_parent	theorem tower2_stage_fits_of_parent {v z m : ℕ} {R : TrioSeq} (hRne : R ≠ []) (hd : domT R m) (hvw : v ≤ entry R 1 (R.length - 1)) (hpar : hasParent (((0, v, z) : ℕ × ℕ × ℕ) :: R) 2 R.length) (hp0 : parent (((0, v, z) : ℕ × ℕ × ℕ) :: R) 2 R.length = 0) : 2 * (v + (entry R 1 (R.length - 1) - v)) + z  …
L105Cap.lean:1160	theorem tower2_root_z_zero'	theorem tower2_root_z_zero' {v z : ℕ} {R : TrioSeq} (hRne : R ≠ []) (hz' : entry R 2 (R.length - 1) = 1) (h : nextR (((0, v, z) : ℕ × ℕ × ℕ) :: R) 2 0 R.length) : z = 0
L105Cap.lean:1251	theorem rsum_of_based	theorem rsum_of_based {A Q : TrioSeq} (hb : based Q) : rsum A Q
L105Cap.lean:1257	theorem not_rsum_of_root_mem'	theorem not_rsum_of_root_mem' {A Q : TrioSeq} (hQ : 0 < entry Q 0 0) (hroot : ∃ p ∈ A, p.1 = 0) : ¬ rsum A Q
L105Cap.lean:1265	theorem rsum_iff_based_of_root_mem	theorem rsum_iff_based_of_root_mem {A Q : TrioSeq} (hroot : ∃ p ∈ A, p.1 = 0) : rsum A Q ↔ entry Q 0 0 = 0
L105Cap.lean:1273	theorem based_flatMap_copies	theorem based_flatMap_copies {Q : TrioSeq} (hb : based Q) (n : ℕ) : based ((List.range n).flatMap fun _ => Q)
L105Cap.lean:1288	theorem W_copies_of_based	theorem W_copies_of_based {u : ℕ} {Q : TrioSeq} (hQ : Q ∈ W u) (hb : based Q) (n : ℕ) : ((List.range n).flatMap fun _ => Q) ∈ W u
L105Cap.lean:1294	theorem prefixCopies_of_based	theorem prefixCopies_of_based {u n : ℕ} {A Q : TrioSeq} (hA : A ∈ W u) (hQ : Q ∈ W u) (hb : based Q) : A ++ ((List.range n).flatMap fun _ => Q) ∈ W u
L105Cap.lean:1307	def Qr	def Qr : TrioSeq
L105Cap.lean:1309	theorem based_Qr	theorem based_Qr : based Qr
L105Cap.lean:1311	theorem rsum_Qr	theorem rsum_Qr (A : TrioSeq) : rsum A Qr
L105Cap.lean:1313	theorem W_copies_Qr	theorem W_copies_Qr {u : ℕ} (hQ : Qr ∈ W u) (n : ℕ) : ((List.range n).flatMap fun _ => Qr) ∈ W u
L105Cap.lean:1319	theorem prefixCopies_split	theorem prefixCopies_split {u n : ℕ} {A Q : TrioSeq} (hA : A ∈ W u) (hQ : Q ∈ W u) (hopen : 0 < entry Q 0 0 → A ++ ((List.range n).flatMap fun _ => Q) ∈ W u) : A ++ ((List.range n).flatMap fun _ => Q) ∈ W u
L105Cap.lean:1355	def LiftTieSelf	def LiftTieSelf : Prop
L105Cap.lean:1360	theorem liftTieSelf_of_liftTie	theorem liftTieSelf_of_liftTie (h : L53.LiftTie) : LiftTieSelf
L105Cap.lean:1364	theorem liftStage_cons_self	theorem liftStage_cons_self (h : LiftTieSelf) {d v z : ℕ} {R : TrioSeq} (hargOK : argOK R) (hX : (((0, v, z) : ℕ × ℕ × ℕ) :: R) ∈ W (2 * v + z)) : Lift1 (((0, v, z) : ℕ × ℕ × ℕ) :: R) d ∈ W (2 * v + z + 2 * d)
L105Cap.lean:1374	theorem towerOK2_of_liftTieSelf	theorem towerOK2_of_liftTieSelf {v z a m : ℕ} {R : TrioSeq} (hlt : LiftTieSelf) (hR : argOK R) (hRne : R ≠ []) (hd : domT R m) (hi2 : srow R (R.length - 1) = 2) (hz1 : z ≤ 1) (hva : 2 * v + z ≤ a) (hgr : ∀ y ∈ W m, based y → graft R y ∈ Wstar) (hpM : hasParent (((0, v, z) : ℕ × ℕ × ℕ) :: R) (srow R  …
L105Cap.lean:1411	theorem towerGraft2_of_liftTieSelf	theorem towerGraft2_of_liftTieSelf (hlt : LiftTieSelf) : TowerGraft2
L105Cap.lean:1416	theorem towerOK_of_liftTieSelf	theorem towerOK_of_liftTieSelf (hlt : LiftTieSelf) (he : TowerExp) : TowerOK
L105Cap.lean:1433	theorem hasParent_tail_of_parent_ne_zero	theorem hasParent_tail_of_parent_ne_zero {v z : ℕ} {R : TrioSeq} (hRne : R ≠ []) (hlev : 1 ≤ lev R (R.length - 1)) (hpM : hasParent (((0, v, z) : ℕ × ℕ × ℕ) :: R) (srow R (R.length - 1)) R.length) (hne : parent (((0, v, z) : ℕ × ℕ × ℕ) :: R) (srow R (R.length - 1)) R.length ≠ 0) :
L105Cap.lean:1446	theorem parent_cons_ne_zero_of_hasParent	theorem parent_cons_ne_zero_of_hasParent {v z : ℕ} {R : TrioSeq} (hR : argOK R) (hRne : R ≠ []) (hp : hasParent R (srow R (R.length - 1)) (R.length - 1)) : parent (((0, v, z) : ℕ × ℕ × ℕ) :: R) (srow R (R.length - 1)) R.length ≠ 0
L105Cap.lean:1463	theorem oper_cons_of_parent_ne_zero	theorem oper_cons_of_parent_ne_zero {v z n : ℕ} {R : TrioSeq} (hR : argOK R) (hRne : R ≠ []) (hlev : 1 ≤ lev R (R.length - 1)) (hpM : hasParent (((0, v, z) : ℕ × ℕ × ℕ) :: R) (srow R (R.length - 1)) R.length) (hne : parent (((0, v, z) : ℕ × ℕ × ℕ) :: R) (srow R (R.length - 1)) R.length ≠ 0) :
L105Cap.lean:1548	theorem tower2_parent_is_root	theorem tower2_parent_is_root {v z m : ℕ} {R : TrioSeq} (hRne : R ≠ []) (hd : domT R m) (hpM : hasParent (((0, v, z) : ℕ × ℕ × ℕ) :: R) (srow R (R.length - 1)) R.length) : parent (((0, v, z) : ℕ × ℕ × ℕ) :: R) (srow R (R.length - 1)) R.length = 0
L105Cap.lean:1556	theorem tower2_not_z1_c1	theorem tower2_not_z1_c1 {v m : ℕ} {R : TrioSeq} (hRne : R ≠ []) (hd : domT R m) (hi2 : srow R (R.length - 1) = 2) (hpM : hasParent (((0, v, 1) : ℕ × ℕ × ℕ) :: R) (srow R (R.length - 1)) R.length) (hc : entry R 2 (R.length - 1) = 1) : False
L105Cap.lean:1627	theorem coreCap_of_graftAll	theorem coreCap_of_graftAll (hga : GraftAll) : CoreCap
L105Cap.lean:1642	theorem graftAll_of_coreCap	theorem graftAll_of_coreCap (hc : CoreCap) : GraftAll
L105Cap.lean:1647	theorem coreCap_iff_graftAll	theorem coreCap_iff_graftAll : CoreCap ↔ GraftAll
L105Cap.lean:1698	def LiftTieSelfOpen	def LiftTieSelfOpen : Prop
L105Cap.lean:1706	theorem liftTieSelf_of_open	theorem liftTieSelf_of_open (h : LiftTieSelfOpen) : LiftTieSelf
L105Cap.lean:1715	theorem towerOK_of_liftTieSelfOpen	theorem towerOK_of_liftTieSelfOpen (h : LiftTieSelfOpen) (he : TowerExp) : TowerOK
L105Cap.lean:1779	def LiftTieSelfUnit	def LiftTieSelfUnit : Prop
L105Cap.lean:1786	theorem liftUnit_cons_self	theorem liftUnit_cons_self (h : LiftTieSelfUnit) {v z : ℕ} {R : TrioSeq} (hargOK : argOK R) (hX : (((0, v, z) : ℕ × ℕ × ℕ) :: R) ∈ W (2 * v + z)) : Lift1 (((0, v, z) : ℕ × ℕ × ℕ) :: R) 1 ∈ W (2 * v + z + 2)
L105Cap.lean:1796	theorem liftSelf_of_unit	theorem liftSelf_of_unit (h : LiftTieSelfUnit) : ∀ (d v z : ℕ) (R : TrioSeq), argOK R → (((0, v, z) : ℕ × ℕ × ℕ) :: R) ∈ W (2 * v + z) → Lift1 (((0, v, z) : ℕ × ℕ × ℕ) :: R) d ∈ W (2 * v + z + 2 * d)
L105Cap.lean:1824	theorem liftTieSelf_of_unit	theorem liftTieSelf_of_unit (h : LiftTieSelfUnit) : LiftTieSelf
L105Cap.lean:1833	def LiftTieCore	def LiftTieCore : Prop
L105Cap.lean:1840	theorem liftTieSelfUnit_of_core	theorem liftTieSelfUnit_of_core (h : LiftTieCore) : LiftTieSelfUnit
L105Cap.lean:1849	theorem liftTieSelf_of_core	theorem liftTieSelf_of_core (h : LiftTieCore) : LiftTieSelf
L105Cap.lean:1853	theorem towerOK_of_liftTieCore	theorem towerOK_of_liftTieCore (h : LiftTieCore) (he : TowerExp) : TowerOK
L105Cap.lean:1857	theorem liftTieCore_of_liftTie	theorem liftTieCore_of_liftTie (h : L53.LiftTie) : LiftTieCore
L105Cap.lean:1874	theorem le1_root_of_rtg0	theorem le1_root_of_rtg0 {X : TrioSeq} (hr : ∀ l, 0 < l → l < X.length → entry X 0 0 < entry X 0 l) {p i : ℕ} (hi : i < X.length) (hpi : Relation.ReflTransGen (nextrel0 X) p i) (h : le1 X 0 i) : le1 X 0 p
L105Cap.lean:1887	theorem not_le1_of_tie	theorem not_le1_of_tie {X : TrioSeq} {j : ℕ} (hj : (0 : ℕ) ≠ j) (htie : entry X 1 j = entry X 1 0) : ¬ le1 X 0 j
L105Cap.lean:1894	theorem not_le1_of_tie_ancestor	theorem not_le1_of_tie_ancestor {X : TrioSeq} (hr : ∀ l, 0 < l → l < X.length → entry X 0 0 < entry X 0 l) {y i : ℕ} (hy0 : (0 : ℕ) ≠ y) (hi : i < X.length) (hyi : Relation.ReflTransGen (nextrel0 X) y i) (htie : entry X 1 y = entry X 1 0) : ¬ le1 X 0 i
L105Cap.lean:1905	theorem le1_root_at_min	theorem le1_root_at_min {X : TrioSeq} (hr : ∀ l, 0 < l → l < X.length → entry X 0 0 < entry X 0 l) {p : ℕ} (hp0 : 0 < p) (hp : p < X.length) (hmin : ∀ j, 0 < j → j < X.length → entry X 0 p ≤ entry X 0 j) : le1 X 0 p ↔ entry X 1 0 < entry X 1 p
L105Cap.lean:1939	theorem not_le1_of_tie_window	theorem not_le1_of_tie_window {X : TrioSeq} (hr : ∀ l, 0 < l → l < X.length → entry X 0 0 < entry X 0 l) {y i : ℕ} (hy0 : (0 : ℕ) ≠ y) (hyi : y ≤ i) (hi : i < X.length) (hwin : ∀ l, y < l → l ≤ i → entry X 0 y < entry X 0 l) (htie : entry X 1 y = entry X 1 0) : ¬ le1 X 0 i
L105Cap.lean:1991	theorem liftTieCore_of_liftStage	theorem liftTieCore_of_liftStage (h : LiftStage) : LiftTieCore
L105Cap.lean:1996	theorem liftTieCore_of_wconvexUnit	theorem liftTieCore_of_wconvexUnit (h : L53.WConvexUnit) : LiftTieCore
L105Cap.lean:2000	theorem liftTieCore_of_wconvex1	theorem liftTieCore_of_wconvex1 (h : L53.WConvex1) : LiftTieCore
L105Cap.lean:2004	theorem liftTieCore_of_wsnoc	theorem liftTieCore_of_wsnoc (h : WSnoc) : LiftTieCore
L105Cap.lean:2008	theorem liftTieCore_of_row1mono	theorem liftTieCore_of_row1mono (h : Row1Mono) : LiftTieCore
L105Cap.lean:2042	theorem zeroRow2_Lift1	theorem zeroRow2_Lift1 {X : TrioSeq} {d : ℕ} (h : ∀ p ∈ X, p.2.2 = 0) : ∀ p ∈ Lift1 X d, p.2.2 = 0
L105Cap.lean:2054	theorem liftStage_of_zeroRow2	theorem liftStage_of_zeroRow2 {m d : ℕ} {X : TrioSeq} (hz : ∀ p ∈ X, p.2.2 = 0) (hX : X ∈ W m) : Lift1 X d ∈ W (m + 2 * d)
L105Cap.lean:2074	def LiftTieCoreRow2	def LiftTieCoreRow2 : Prop
L105Cap.lean:2082	theorem liftTieCore_of_row2	theorem liftTieCore_of_row2 (h : LiftTieCoreRow2) : LiftTieCore
L105Cap.lean:2093	theorem towerOK_of_liftTieCoreRow2	theorem towerOK_of_liftTieCoreRow2 (h : LiftTieCoreRow2) (he : TowerExp) : TowerOK
L105Cap.lean:2142	def WConvexLift1	def WConvexLift1 : Prop
L105Cap.lean:2146	theorem convexLift1_of_wconvex1	theorem convexLift1_of_wconvex1 (h : L53.WConvex1) : WConvexLift1
L105Cap.lean:2154	theorem lift1_mem_of_convexLift1	theorem lift1_mem_of_convexLift1 (h : WConvexLift1) {m : ℕ} {Y : TrioSeq} (hop : ∀ n, 1 ≤ n → Y⟦n⟧ ∈ W m ∧ Lift1 (Y⟦n⟧) 1 ∈ W (m + 2 * 1)) : Lift1 Y 1 ∈ W (m + 2 * 1)
L105Cap.lean:2164	theorem liftStage1_of_convexLift1	theorem liftStage1_of_convexLift1 (h : WConvexLift1) : L53.LiftStage1
L105Cap.lean:2202	theorem liftTieCore_of_convexLift1	theorem liftTieCore_of_convexLift1 (h : WConvexLift1) : LiftTieCore
L105Cap.lean:2281	theorem last_not_tie	theorem last_not_tie {v z m : ℕ} {R : TrioSeq} (hRne : R ≠ []) (hd : domT R m) (hi2 : srow R (R.length - 1) = 2) (hpM : hasParent (((0, v, z) : ℕ × ℕ × ℕ) :: R) (srow R (R.length - 1)) R.length) : entry R 1 (R.length - 1) ≠ v
L105Cap.lean:2301	theorem entry1_pos_Lift1	theorem entry1_pos_Lift1 {X : TrioSeq} {d j : ℕ} (hj : (0 : ℕ) ≠ j) : 0 < entry (Lift1 X d) 1 j ↔ 0 < entry X 1 j
L105Cap.lean:2314	theorem srow_Lift1	theorem srow_Lift1 {X : TrioSeq} {d j : ℕ} (hj : (0 : ℕ) ≠ j) : srow (Lift1 X d) j = srow X j
L105Cap.lean:2326	theorem srow_Lift1_last	theorem srow_Lift1_last {X : TrioSeq} {d : ℕ} (h2 : 2 ≤ X.length) : srow (Lift1 X d) ((Lift1 X d).length - 1) = srow X (X.length - 1)
L105Cap.lean:2356	theorem Lift1_mask_ge	theorem Lift1_mask_ge {X : TrioSeq} {d a b : ℕ} (hr : ∀ l, 0 < l → l < X.length → entry X 0 0 < entry X 0 l) (hb : b < X.length) (hab : Relation.ReflTransGen (nextrel0 X) a b) : (if le1 X 0 b then d else 0) ≤ (if le1 X 0 a then d else 0)
L105Cap.lean:2366	theorem entry1_lt_of_Lift1_lt	theorem entry1_lt_of_Lift1_lt {X : TrioSeq} {d a b : ℕ} (hr : ∀ l, 0 < l → l < X.length → entry X 0 0 < entry X 0 l) (ha : a < X.length) (hb : b < X.length) (hab : Relation.ReflTransGen (nextrel0 X) a b) (h : entry (Lift1 X d) 1 a < entry (Lift1 X d) 1 b) : entry X 1 a < entry X 1 b
L105Cap.lean:2377	theorem nextrel1_lt_transfer	theorem nextrel1_lt_transfer {X : TrioSeq} {d a b : ℕ} (hr : ∀ l, 0 < l → l < X.length → entry X 0 0 < entry X 0 l) (h : nextrel1 (Lift1 X d) a b) : entry X 1 a < entry X 1 b
L105Cap.lean:2416	theorem entry1_lowerAt_ne	theorem entry1_lowerAt_ne {C : TrioSeq} {j0 j : ℕ} (h : j ≠ j0) : entry (L53.lowerAt C j0) 1 j = entry C 1 j
L105Cap.lean:2424	theorem nextrel0_lowerAt	theorem nextrel0_lowerAt {C : TrioSeq} {j0 a b : ℕ} : nextrel0 (L53.lowerAt C j0) a b ↔ nextrel0 C a b
L105Cap.lean:2429	theorem le0_lowerAt	theorem le0_lowerAt {C : TrioSeq} {j0 a b : ℕ} : le0 (L53.lowerAt C j0) a b ↔ le0 C a b
L105Cap.lean:2448	theorem srow_lowerAt	theorem srow_lowerAt {C : TrioSeq} (j0 j : ℕ) (h : ¬ (j = j0 ∧ entry C 2 j = 0 ∧ entry C 1 j = 1)) : srow (L53.lowerAt C j0) j = srow C j
L105Cap.lean:2480	theorem nextrel1_lowerAt_of_avoid	theorem nextrel1_lowerAt_of_avoid {C : TrioSeq} {j0 a b : ℕ} (ha : a ≠ j0) (hb : b ≠ j0) (hmid : ¬ (a < j0 ∧ le0 C j0 b)) : nextrel1 (L53.lowerAt C j0) a b ↔ nextrel1 C a b
L105Cap.lean:2538	def TowerGraft2Single	def TowerGraft2Single : Prop
L105Cap.lean:2547	theorem towerOK_of_exp	theorem towerOK_of_exp (he : TowerExp) (h1 : TowerGraft2Single) : TowerOK
L105Cap.lean:2579	theorem towerGraft2Single_of_towerGraft2	theorem towerGraft2Single_of_towerGraft2 (h : TowerGraft2) : TowerGraft2Single
L105Cap.lean:2598	theorem constRow2_Lift1	theorem constRow2_Lift1 {X : TrioSeq} {d k : ℕ} (h : ∀ p ∈ X, p.2.2 = k) : ∀ p ∈ Lift1 X d, p.2.2 = k
L105Cap.lean:2609	theorem graft_row2_single	theorem graft_row2_single {R : TrioSeq} (hR1 : R.length = 1) {y : TrioSeq} {k : ℕ} (hy : ∀ p ∈ y, p.2.2 = k) : ∀ p ∈ graft R y, p.2.2 = k
L105Cap.lean:2622	theorem constRow2_mem_W_aux	theorem constRow2_mem_W_aux {c : ℕ} (hc : 1 ≤ c) : ∀ (N : ℕ) (M : TrioSeq) (a : ℕ), M.length ≤ N → (∀ p ∈ M, p.2.2 = c) → lev M 0 ≤ a → M ∈ W a
L105Cap.lean:2682	theorem constRow2_mem_W	theorem constRow2_mem_W {M : TrioSeq} {c a : ℕ} (hz : ∀ p ∈ M, p.2.2 = c) (hlev : lev M 0 ≤ a) : M ∈ W a
L105Cap.lean:2690	theorem towerGraft2Single_holds	theorem towerGraft2Single_holds : TowerGraft2Single
L105Cap.lean:2723	theorem towerOK_of_towerExp	theorem towerOK_of_towerExp (he : TowerExp) : TowerOK
L105Cap.lean:2740	theorem towerExp_singleton	theorem towerExp_singleton {v z a : ℕ} {R : TrioSeq} (hR : argOK R) (hR1 : R.length = 1) (hz1 : z ≤ 1) (hva : 2 * v + z ≤ a) (hop : ∀ n, 1 ≤ n → R⟦n⟧ ∈ Wstar) : ∀ n, 1 ≤ n → (((0, v, z) : ℕ × ℕ × ℕ) :: R)⟦n⟧ ∈ W a
L105Cap.lean:2753	theorem oper_eq_dropLast_of_domT	theorem oper_eq_dropLast_of_domT {R : TrioSeq} {m : ℕ} (hd : domT R m) (hbig : 2 ≤ R.length) (n : ℕ) : R⟦n⟧ = R.dropLast
L105Cap.lean:2770	def TowerExpBig	def TowerExpBig : Prop
L105Cap.lean:2776	theorem towerExp_of_big	theorem towerExp_of_big (h : TowerExpBig) : TowerExp
L105Cap.lean:2788	theorem towerOK_of_towerExpBig	theorem towerOK_of_towerExpBig (h : TowerExpBig) : TowerOK
L105Cap.lean:2818	theorem graft_row2	theorem graft_row2 {R : TrioSeq} {k : ℕ} (hR2 : ∀ p ∈ R.dropLast, p.2.2 = k) {y : TrioSeq} (hy : ∀ p ∈ y, p.2.2 = k) : ∀ p ∈ graft R y, p.2.2 = k
L105Cap.lean:2831	theorem tower_of_row2const	theorem tower_of_row2const {v z m a : ℕ} {R : TrioSeq} (hR : argOK R) (hRne : R ≠ []) (hva : 2 * v + z ≤ a) (hd : domT R m) (hR2 : ∀ p ∈ R.dropLast, p.2.2 = z) (hpM : hasParent (((0, v, z) : ℕ × ℕ × ℕ) :: R) (srow R (R.length - 1)) R.length) : ∀ n, 1 ≤ n → (((0, v, z) : ℕ × ℕ × ℕ) :: R)⟦n⟧ ∈ W a
L105Cap.lean:2898	def TowerExpBigRow2	def TowerExpBigRow2 : Prop
L105Cap.lean:2906	theorem towerExpBig_of_row2	theorem towerExpBig_of_row2 (h : TowerExpBigRow2) : TowerExpBig
L105Cap.lean:2918	theorem towerOK_of_towerExpBigRow2	theorem towerOK_of_towerExpBigRow2 (h : TowerExpBigRow2) : TowerOK
L105Cap.lean:2942	theorem row2_pred_Lift1	theorem row2_pred_Lift1 {X : TrioSeq} {d : ℕ} {P : ℕ → Prop} (h : ∀ p ∈ X, P p.2.2) : ∀ p ∈ Lift1 X d, P p.2.2
L105Cap.lean:2956	theorem tower_row2_pred	theorem tower_row2_pred {v z m : ℕ} {R : TrioSeq} {P : ℕ → Prop} (hR : argOK R) (hRne : R ≠ []) (hd : domT R m) (hpM : hasParent (((0, v, z) : ℕ × ℕ × ℕ) :: R) (srow R (R.length - 1)) R.length) (hz : P z) (hR2 : ∀ p ∈ R.dropLast, P p.2.2) : ∀ n, ∀ p ∈ ((((0, v, z) : ℕ × ℕ × ℕ) :: R)⟦n⟧), P p.2.2
L105Cap.lean:3053	theorem graft_cons_obligation	theorem graft_cons_obligation {v z : ℕ} {R y : TrioSeq} (hRne : R ≠ []) : (((0, v, z) : ℕ × ℕ × ℕ) :: graft R y) = graft (((0, v, z) : ℕ × ℕ × ℕ) :: R) y
L105Cap.lean:3112	theorem shTower_cons	theorem shTower_cons (Q : TrioSeq) (e : ℕ) : ∀ n : ℕ, shTower Q e (n + 1) = Q ++ shiftr01 e 0 (shTower Q e n)
L105Cap.lean:3129	theorem tow_eq_shTower	theorem tow_eq_shTower (v z : ℕ) (R : TrioSeq) : ∀ n : ℕ, tow v z R n = shTower (((0, v, z) : ℕ × ℕ × ℕ) :: R.dropLast) (entry R 0 (R.length - 1)) n
L105Cap.lean:3142	theorem towerExp1_of_shiftTowerClosedS	theorem towerExp1_of_shiftTowerClosedS (hst : ShiftTowerClosedS) {v z m a : ℕ} {R : TrioSeq} (hR : argOK R) (hRne : R ≠ []) (hz1 : z ≤ 1) (hva : 2 * v + z ≤ a) (hd : domT R m) (hi1 : srow R (R.length - 1) = 1) (hdl : R.dropLast ∈ Wstar) (hpM : hasParent (((0, v, z) : ℕ × ℕ × ℕ) :: R) (srow R (R.leng …
L105Cap.lean:3247	theorem entry_shTower_root	theorem entry_shTower_root {Q : TrioSeq} (hQne : Q ≠ []) (e n i : ℕ) : entry (shTower Q e (n + 1)) i 0 = entry Q i 0
L105Cap.lean:3252	theorem lev_shTower_root	theorem lev_shTower_root {Q : TrioSeq} (hQne : Q ≠ []) (e n : ℕ) : lev (shTower Q e (n + 1)) 0 = lev Q 0
L105Cap.lean:3258	def ShTowerSelf	def ShTowerSelf : Prop
L105Cap.lean:3264	theorem shiftTowerClosedS_of_self	theorem shiftTowerClosedS_of_self (h : ShTowerSelf) : ShiftTowerClosedS
L105Cap.lean:3325	theorem lev_cons_root	theorem lev_cons_root (v z : ℕ) (L : TrioSeq) : lev (((0, v, z) : ℕ × ℕ × ℕ) :: L) 0 = 2 * v + z
L105Cap.lean:3332	theorem tower_mem_W_iff_self	theorem tower_mem_W_iff_self {v z m a : ℕ} {R : TrioSeq} (hR : argOK R) (hRne : R ≠ []) (hva : 2 * v + z ≤ a) (hd : domT R m) (hpM : hasParent (((0, v, z) : ℕ × ℕ × ℕ) :: R) (srow R (R.length - 1)) R.length) {n : ℕ} (hn : 1 ≤ n) : (((0, v, z) : ℕ × ℕ × ℕ) :: R)⟦n⟧ ∈ W a
L105Cap.lean:3431	theorem tower2_eq_operTower	theorem tower2_eq_operTower {v z m : ℕ} {R : TrioSeq} (hR : argOK R) (hRne : R ≠ []) (hd : domT R m) (hi2 : srow R (R.length - 1) = 2) (hpM : hasParent (((0, v, z) : ℕ × ℕ × ℕ) :: R) (srow R (R.length - 1)) R.length) : ∀ n, (((0, v, z) : ℕ × ℕ × ℕ) :: R)⟦n⟧ = operTower (((0, v, z) : ℕ × ℕ × ℕ) :: R. …
L105Cap.lean:3492	theorem srow_shiftr01	theorem srow_shiftr01 (d : ℕ) (W : TrioSeq) (j : ℕ) : srow (shiftr01 d 0 W) j = srow W j
L105Cap.lean:3497	theorem hasParentInBlock_shiftr01	theorem hasParentInBlock_shiftr01 {d : ℕ} {Q : TrioSeq} (h : L53.HasParentInBlock Q) : L53.HasParentInBlock (shiftr01 d 0 Q)
L105Cap.lean:3504	theorem oper_shTower	theorem oper_shTower {Q : TrioSeq} (hQne : Q ≠ []) (hQ2 : Q.length - 1 ≠ 0) (hzQ : ¬(entry Q 0 (Q.length - 1) = 0 ∧ entry Q 1 (Q.length - 1) = 0 ∧ entry Q 2 (Q.length - 1) = 0)) (hblk : L53.HasParentInBlock Q) (e n m : ℕ) : (shTower Q e (n + 1))⟦m⟧ = shTower Q e n ++ shiftr01 (n * e) 0 (Q⟦m⟧)
L105Cap.lean:3577	theorem shiftr01_comp01	theorem shiftr01_comp01 (b c : ℕ) (X : TrioSeq) : shiftr01 b 0 (shiftr01 0 c X) = shiftr01 b c X
L105Cap.lean:3588	theorem operTower_step_collapse	theorem operTower_step_collapse {Q T : TrioSeq} {d e : ℕ} (hr : ∀ l, 0 < l → l < T.length → entry T 0 0 < entry T 0 l) (hw : ∀ l, 0 < l → l < T.length → entry T 1 0 < entry T 1 l) : Q ++ shiftr01 d 0 (Lift1 T e) = Q ++ shiftr01 d e T
L105Cap.lean:3595	def shTower2	def shTower2 (Q : TrioSeq) (d e : ℕ) (n : ℕ) : TrioSeq
L105Cap.lean:3604	theorem shTower2_succ	theorem shTower2_succ (Q : TrioSeq) (d e n : ℕ) : shTower2 Q d e (n + 1) = shTower2 Q d e n ++ shiftr01 (n * d) (n * e) Q
L105Cap.lean:3611	theorem shiftr01_comp2	theorem shiftr01_comp2 (b c b' c' : ℕ) (X : TrioSeq) : shiftr01 b c (shiftr01 b' c' X) = shiftr01 (b + b') (c + c') X
L105Cap.lean:3620	theorem shiftr01_append'	theorem shiftr01_append' (d0 d1 : ℕ) (A B : TrioSeq) : shiftr01 d0 d1 (A ++ B) = shiftr01 d0 d1 A ++ shiftr01 d0 d1 B
L105Cap.lean:3625	theorem shTower2_cons	theorem shTower2_cons (Q : TrioSeq) (d e : ℕ) : ∀ n : ℕ, shTower2 Q d e (n + 1) = Q ++ shiftr01 d e (shTower2 Q d e n)
L105Cap.lean:3667	theorem entry1_shift	theorem entry1_shift {d0 d1 : ℕ} {W : TrioSeq} {p : ℕ} (hp : p < W.length) : entry (shiftr01 d0 d1 W) 1 p = entry W 1 p + d1
L105Cap.lean:3673	theorem shTower2_root_entry	theorem shTower2_root_entry {Q : TrioSeq} (hQne : Q ≠ []) (d e i n : ℕ) : entry (shTower2 Q d e (n + 1)) i 0 = entry Q i 0
L105Cap.lean:3678	theorem shTower2_length	theorem shTower2_length (Q : TrioSeq) (d e n : ℕ) : (shTower2 Q d e n).length = n * Q.length
L105Cap.lean:3686	theorem shTower2_window	theorem shTower2_window {Q : TrioSeq} (hQne : Q ≠ []) {d e v : ℕ} (hd : 1 ≤ d) (he : 1 ≤ e) (hv : entry Q 1 0 = v) (h0 : ∀ l, 1 ≤ l → l < Q.length → 0 < entry Q 0 l) (h1 : ∀ l, 1 ≤ l → l < Q.length → v < entry Q 1 l) : ∀ n, (∀ l, 1 ≤ l → l < (shTower2 Q d e n).length → 0 < entry (shTower2 Q d e n) 0 …
L105Cap.lean:3740	theorem operTower_eq_shTower2	theorem operTower_eq_shTower2 {Q : TrioSeq} (hQne : Q ≠ []) {d e v : ℕ} (hd : 1 ≤ d) (he : 1 ≤ e) (hr0 : entry Q 0 0 = 0) (hv : entry Q 1 0 = v) (h0 : ∀ l, 1 ≤ l → l < Q.length → 0 < entry Q 0 l) (h1 : ∀ l, 1 ≤ l → l < Q.length → v < entry Q 1 l) : ∀ n, operTower Q d e n = shTower2 Q d e n
L105Cap.lean:3785	theorem Lift1_iterate	theorem Lift1_iterate (X : TrioSeq) (e : ℕ) : ∀ k : ℕ, (fun Y => Lift1 Y e)^[k] X = Lift1 X (k * e)
L105Cap.lean:3801	theorem tower2_not_z1_of_zle1	theorem tower2_not_z1_of_zle1 {v m : ℕ} {R : TrioSeq} (hRne : R ≠ []) (hz : zle1 R) (hd : domT R m) (hi2 : srow R (R.length - 1) = 2) (hpM : hasParent (((0, v, 1) : ℕ × ℕ × ℕ) :: R) (srow R (R.length - 1)) R.length) : False
L105Cap.lean:3813	theorem tower2_z_zero_of_zle1	theorem tower2_z_zero_of_zle1 {v z m : ℕ} {R : TrioSeq} (hRne : R ≠ []) (hz1 : z ≤ 1) (hz : zle1 R) (hd : domT R m) (hi2 : srow R (R.length - 1) = 2) (hpM : hasParent (((0, v, z) : ℕ × ℕ × ℕ) :: R) (srow R (R.length - 1)) R.length) : z = 0
L105Cap.lean:3831	def TowerExpBigZ	def TowerExpBigZ : Prop
L105Cap.lean:3840	theorem towerExpBigZ_srow2_z_zero	theorem towerExpBigZ_srow2_z_zero {v z m : ℕ} {R : TrioSeq} (hRne : R ≠ []) (hz1 : z ≤ 1) (hz : zle1 R) (hd : domT R m) (hi2 : srow R (R.length - 1) = 2) (hpM : hasParent (((0, v, z) : ℕ × ℕ × ℕ) :: R) (srow R (R.length - 1)) R.length) : z = 0
L105Cap.lean:3873	theorem Lift1_shiftr01	theorem Lift1_shiftr01 (d e : ℕ) (X : TrioSeq) : Lift1 (shiftr01 d 0 X) e = shiftr01 d 0 (Lift1 X e)
L105Cap.lean:3900	theorem block_mem_of_liftStage	theorem block_mem_of_liftStage {B : TrioSeq} {m d e : ℕ} (h : Lift1 B e ∈ W (m + 2 * e)) : Lift1 (shiftr01 d 0 B) e ∈ W (m + 2 * e)
L105Cap.lean:3922	theorem block_mem_of_liftTieCore	theorem block_mem_of_liftTieCore (h : LiftTieCore) {v z d : ℕ} {R' : TrioSeq} (hargOK : argOK R') (hB : (((0, v, z) : ℕ × ℕ × ℕ) :: R') ∈ W (2 * v + z)) (e : ℕ) : Lift1 (shiftr01 d 0 (((0, v, z) : ℕ × ℕ × ℕ) :: R')) e ∈ W (2 * v + z + 2 * e)
L105Cap.lean:4052	theorem lev_shTower2_root	theorem lev_shTower2_root {Q : TrioSeq} (hQne : Q ≠ []) (d e n : ℕ) : lev (shTower2 Q d e (n + 1)) 0 = lev Q 0
L105Cap.lean:4059	def ShTower2Self	def ShTower2Self : Prop
L105Cap.lean:4065	theorem entry_cons_succ	theorem entry_cons_succ {p : ℕ × ℕ × ℕ} {L : TrioSeq} (i k : ℕ) : entry (p :: L) i (k + 1) = entry L i k
L105Cap.lean:4072	theorem towerExp2_of_shTower2Self	theorem towerExp2_of_shTower2Self (h : ShTower2Self) {v z m a : ℕ} {R : TrioSeq} (hR : argOK R) (hRne : R ≠ []) (hz1 : z ≤ 1) (hva : 2 * v + z ≤ a) (hd : domT R m) (hi2 : srow R (R.length - 1) = 2) (hdl : R.dropLast ∈ Wstar) (hnb : ∀ p ∈ R.dropLast, v < p.2.1) (hpM : hasParent (((0, v, z) : ℕ × ℕ ×  …
L105Cap.lean:4181	theorem mTower_eq	theorem mTower_eq (Q : TrioSeq) (d0 d1 n : ℕ) : mTower Q d0 d1 n = (List.range n).flatMap fun k => shiftr01 (d0 * k) 0 (Lift1 Q (d1 * k))
L105Cap.lean:4201	theorem lev_operTower_root	theorem lev_operTower_root {Q : TrioSeq} (hQne : Q ≠ []) (d e n : ℕ) : lev (operTower Q d e (n + 1)) 0 = lev Q 0
L105Cap.lean:4209	def OperTowerSelf	def OperTowerSelf : Prop
L105Cap.lean:4216	theorem towerExp2_of_operTowerSelf	theorem towerExp2_of_operTowerSelf (h : OperTowerSelf) {v z m a : ℕ} {R : TrioSeq} (hR : argOK R) (hRne : R ≠ []) (hz1 : z ≤ 1) (hva : 2 * v + z ≤ a) (hd : domT R m) (hi2 : srow R (R.length - 1) = 2) (hdl : R.dropLast ∈ Wstar) (hpM : hasParent (((0, v, z) : ℕ × ℕ × ℕ) :: R) (srow R (R.length - 1)) R …
L105Cap.lean:4254	theorem operTowerSelf_of_shTower2Self_noBlocker	theorem operTowerSelf_of_shTower2Self_noBlocker (h : ShTower2Self) {d e n : ℕ} {Q : TrioSeq} (hQself : Q ∈ Wself) (hQne : Q ≠ []) (hd : 1 ≤ d) (he : 1 ≤ e) (hr0 : entry Q 0 0 = 0) (h0 : ∀ l, 1 ≤ l → l < Q.length → 0 < entry Q 0 l) (h1 : ∀ l, 1 ≤ l → l < Q.length → entry Q 1 0 < entry Q 1 l) : operTo …
L105Cap.lean:4294	theorem hasParentInBlock_shiftr1	theorem hasParentInBlock_shiftr1 {d : ℕ} {Q : TrioSeq} (hlev : lev Q (Q.length - 1) ≠ 0) (h : L53.HasParentInBlock Q) : L53.HasParentInBlock (shiftr01 0 d Q)
L105Cap.lean:4302	theorem oper_shTower2	theorem oper_shTower2 {Q : TrioSeq} (hQne : Q ≠ []) (hQ2 : Q.length - 1 ≠ 0) (hlev : lev Q (Q.length - 1) ≠ 0) (hblk : L53.HasParentInBlock Q) (d e n m : ℕ) : (shTower2 Q d e (n + 1))⟦m⟧ = shTower2 Q d e n ++ shiftr01 (n * d) (n * e) (Q⟦m⟧)
L105Cap.lean:4382	theorem mTower_succ	theorem mTower_succ (Q : TrioSeq) (d0 d1 n : ℕ) : mTower Q d0 d1 (n + 1) = mTower Q d0 d1 n ++ Lift1 (shiftr01 (d0 * n) 0 Q) (d1 * n)
L105Cap.lean:4389	theorem mTower_zero	theorem mTower_zero (Q : TrioSeq) (d0 d1 : ℕ) : mTower Q d0 d1 0 = []
L105Cap.lean:4391	theorem mTower_one	theorem mTower_one (Q : TrioSeq) (d0 d1 : ℕ) : mTower Q d0 d1 1 = Q
L105Cap.lean:4441	theorem mem_W_zero_iff	theorem mem_W_zero_iff {M : TrioSeq} : M ∈ W 0 ↔ ((M.length ≤ 1 ∧ lev M 0 = 0) ∨ (∀ n : ℕ, 1 ≤ n → M⟦n⟧ ∈ W 0))
L105Cap.lean:4499	def LiftTieCoreZero	def LiftTieCoreZero : Prop
L105Cap.lean:4504	theorem liftTieCoreZero_of_core	theorem liftTieCoreZero_of_core (h : LiftTieCore) : LiftTieCoreZero
L105Cap.lean:4510	theorem liftTieCoreZero_iff_wself	theorem liftTieCoreZero_iff_wself {R : TrioSeq} : Lift1 (((0, 0, 0) : ℕ × ℕ × ℕ) :: R) 1 ∈ W 2 ↔ Lift1 (((0, 0, 0) : ℕ × ℕ × ℕ) :: R) 1 ∈ Wself
L105Cap.lean:4556	theorem le1_block	theorem le1_block {Q : TrioSeq} {d0 d1 a b : ℕ} : le1 (Lift1 (shiftr01 d0 0 Q) d1) a b ↔ le1 Q a b
L105Cap.lean:4613	def LiftTieCoreOne	def LiftTieCoreOne : Prop
L105Cap.lean:4618	theorem liftTieCoreOne_of_core	theorem liftTieCoreOne_of_core (h : LiftTieCore) : LiftTieCoreOne
L105Cap.lean:4623	theorem liftTieCoreOne_iff_wself	theorem liftTieCoreOne_iff_wself {R : TrioSeq} : Lift1 (((0, 0, 1) : ℕ × ℕ × ℕ) :: R) 1 ∈ W 3 ↔ Lift1 (((0, 0, 1) : ℕ × ℕ × ℕ) :: R) 1 ∈ Wself
L105Cap.lean:4696	def LiftFlatMapLocal	def LiftFlatMapLocal : Prop
L105Cap.lean:4702	theorem shiftr01_flatMap	theorem shiftr01_flatMap (d0 d1 : ℕ) (l : List ℕ) (f : ℕ → TrioSeq) : shiftr01 d0 d1 (l.flatMap f) = l.flatMap fun k => shiftr01 d0 d1 (f k)
L105Cap.lean:4707	theorem mTower_block_succ	theorem mTower_block_succ (Q : TrioSeq) (d e k : ℕ) : Lift1 (shiftr01 (d * (k + 1)) 0 Q) (e * (k + 1)) = shiftr01 d 0 (Lift1 (Lift1 (shiftr01 (d * k) 0 Q) (e * k)) e)
L105Cap.lean:4714	theorem mTower_cons	theorem mTower_cons (Q : TrioSeq) (d e n : ℕ) : mTower Q d e (n + 1) = Q ++ (List.range n).flatMap fun k => Lift1 (shiftr01 (d * (k + 1)) 0 Q) (e * (k + 1))
L105Cap.lean:4723	theorem operTower_eq_mTower	theorem operTower_eq_mTower (h : LiftFlatMapLocal) (Q : TrioSeq) (d e : ℕ) : ∀ n, operTower Q d e n = mTower Q d e n
L105Cap.lean:4738	theorem operTower_succ	theorem operTower_succ (h : LiftFlatMapLocal) (Q : TrioSeq) (d e n : ℕ) : operTower Q d e (n + 1) = operTower Q d e n ++ Lift1 (shiftr01 (d * n) 0 Q) (e * n)
L105Cap.lean:4789	theorem tower_anc0_not_blocker	theorem tower_anc0_not_blocker {v z m : ℕ} {R : TrioSeq} (hR : argOK R) (hRne : R ≠ []) (hd : domT R m) (hi2 : srow R (R.length - 1) = 2) (hpM : hasParent (((0, v, z) : ℕ × ℕ × ℕ) :: R) (srow R (R.length - 1)) R.length) : ∀ y, Relation.ReflTransGen (nextrel0 (((0, v, z) : ℕ × ℕ × ℕ) :: R)) y R.lengt …
L105Cap.lean:4850	theorem lev_cons_lift	theorem lev_cons_lift (v z d : ℕ) (R : TrioSeq) : lev (Lift1 (((0, v, z) : ℕ × ℕ × ℕ) :: R) d) 0 = 2 * (v + d) + z
L105Cap.lean:4858	theorem cons_mem_W_iff_self	theorem cons_mem_W_iff_self (v z : ℕ) (R : TrioSeq) : (((0, v, z) : ℕ × ℕ × ℕ) :: R) ∈ W (2 * v + z) ↔ (((0, v, z) : ℕ × ℕ × ℕ) :: R) ∈ Wself
L105Cap.lean:4865	theorem lift_cons_mem_W_iff_self	theorem lift_cons_mem_W_iff_self (v z d : ℕ) (R : TrioSeq) : Lift1 (((0, v, z) : ℕ × ℕ × ℕ) :: R) d ∈ W (2 * (v + d) + z) ↔ Lift1 (((0, v, z) : ℕ × ℕ × ℕ) :: R) d ∈ Wself
L105Cap.lean:4872	def LiftTieCoreSelf	def LiftTieCoreSelf : Prop
L105Cap.lean:4879	theorem liftTieCoreSelf_iff_core	theorem liftTieCoreSelf_iff_core : LiftTieCoreSelf ↔ LiftTieCore
L105Cap.lean:4896	def LiftTieZeroSelf	def LiftTieZeroSelf : Prop
L105Cap.lean:4901	theorem liftTieZeroSelf_of_core	theorem liftTieZeroSelf_of_core (h : LiftTieCoreSelf) : LiftTieZeroSelf
L105Cap.lean:4904	theorem liftTieCoreZero_of_zeroSelf	theorem liftTieCoreZero_of_zeroSelf (h : LiftTieZeroSelf) : LiftTieCoreZero
L105Cap.lean:4911	theorem liftTieCoreOne_of_zeroSelf	theorem liftTieCoreOne_of_zeroSelf (h : LiftTieZeroSelf) : LiftTieCoreOne
L105Cap.lean:4934	theorem noParent_of_domT_Lift1	theorem noParent_of_domT_Lift1 {X : TrioSeq} {d m : ℕ} (h2 : 2 ≤ X.length) (h : domT (Lift1 X d) m) : ¬ hasParent X (srow X (X.length - 1)) (X.length - 1)
L105Cap.lean:4944	theorem lift_oper_comm_of_domT_Lift1	theorem lift_oper_comm_of_domT_Lift1 {X : TrioSeq} {d m n : ℕ} (h2 : 2 ≤ X.length) (h : domT (Lift1 X d) m) : (Lift1 X d)⟦n⟧ = Lift1 (X⟦n⟧) d
L105Cap.lean:4963	def LiftParented0	def LiftParented0 : Prop
L105Cap.lean:4970	theorem liftStage0_of_parented0	theorem liftStage0_of_parented0 (h : LiftParented0) : ∀ X ∈ W 0, Lift1 X 1 ∈ W 2
L105Cap.lean:5007	theorem liftTieCoreZero_of_parented0	theorem liftTieCoreZero_of_parented0 (h : LiftParented0) : LiftTieCoreZero
L105Cap.lean:5062	theorem lift_oper_comm_cons_noParent	theorem lift_oper_comm_cons_noParent {v z t n : ℕ} {R : TrioSeq} (hne : R ≠ []) (hnp : ¬ hasParent (((0, v, z) : ℕ × ℕ × ℕ) :: R) (srow (((0, v, z) : ℕ × ℕ × ℕ) :: R) R.length) R.length) : (Lift1 (((0, v, z) : ℕ × ℕ × ℕ) :: R) t)⟦n⟧ = Lift1 ((((0, v, z) : ℕ × ℕ × ℕ) :: R)⟦n⟧) t
L105Cap.lean:5078	theorem lift_oper_comm_cons	theorem lift_oper_comm_cons {v z t n : ℕ} {R : TrioSeq} (hR : argOK R) (hne : R ≠ []) (h : hasParent R (srow R (R.length - 1)) (R.length - 1) ∨ ¬ hasParent (((0, v, z) : ℕ × ℕ × ℕ) :: R) (srow (((0, v, z) : ℕ × ℕ × ℕ) :: R) R.length) R.length) : (Lift1 (((0, v, z) : ℕ × ℕ × ℕ) :: R) t)⟦n⟧ = Lift1 (( …
L105Cap.lean:5090	def RootBadScene	def RootBadScene (v z : ℕ) (R : TrioSeq) : Prop
L105Cap.lean:5096	theorem lift_oper_comm_of_not_rootBad	theorem lift_oper_comm_of_not_rootBad {v z t n : ℕ} {R : TrioSeq} (hR : argOK R) (hne : R ≠ []) (h : ¬ RootBadScene v z R) : (Lift1 (((0, v, z) : ℕ × ℕ × ℕ) :: R) t)⟦n⟧ = Lift1 ((((0, v, z) : ℕ × ℕ × ℕ) :: R)⟦n⟧) t
L105Cap.lean:5115	theorem hasParent_rootBadScene	theorem hasParent_rootBadScene {v z : ℕ} {R : TrioSeq} (hne : R ≠ []) (h : RootBadScene v z R) : hasParent (((0, v, z) : ℕ × ℕ × ℕ) :: R) (srow R (R.length - 1)) R.length
L105Cap.lean:5121	theorem domT_of_rootBadScene	theorem domT_of_rootBadScene {v z m : ℕ} {R : TrioSeq} (h : RootBadScene v z R) (hlev : lev R (R.length - 1) = m + 1) : domT R m
L105Cap.lean:5127	theorem parent_eq_zero_of_rootBadScene	theorem parent_eq_zero_of_rootBadScene {v z m : ℕ} {R : TrioSeq} (hne : R ≠ []) (h : RootBadScene v z R) (hlev : lev R (R.length - 1) = m + 1) : parent (((0, v, z) : ℕ × ℕ × ℕ) :: R) (srow R (R.length - 1)) R.length = 0
L105Cap.lean:5133	theorem srow_eq_zero_of_lev_zero	theorem srow_eq_zero_of_lev_zero {R : TrioSeq} {j : ℕ} (h : lev R j = 0) : srow R j = 0
L105Cap.lean:5194	theorem gcopy_zero_eq_lift	theorem gcopy_zero_eq_lift {M : TrioSeq} {L d0 d1 k : ℕ} (hL : L ≤ M.length) : gcopy M 0 L d0 d1 k = Lift1 (shiftr01 (d0 * k) 0 (M.take L)) (d1 * k)
L105Cap.lean:5220	theorem gexp_zero_eq_mTower	theorem gexp_zero_eq_mTower {M : TrioSeq} {L d0 d1 n : ℕ} (hL : L ≤ M.length) : gexp M 0 L d0 d1 n = mTower (M.take L) d0 d1 n
L105Cap.lean:5228	theorem oper_eq_mTower	theorem oper_eq_mTower {M : TrioSeq} (n : ℕ) (hL : M.length - 1 ≠ 0) (hz : ¬ (entry M 0 (M.length - 1) = 0 ∧ entry M 1 (M.length - 1) = 0 ∧ entry M 2 (M.length - 1) = 0)) (hp : hasParent M (srow M (M.length - 1)) (M.length - 1)) (hj0 : parent M (srow M (M.length - 1)) (M.length - 1) = 0) : M⟦n⟧ = mT …
L105Cap.lean:5254	theorem operTower_eq_mTower_tower2	theorem operTower_eq_mTower_tower2 {v z m : ℕ} {R : TrioSeq} (hR : argOK R) (hRne : R ≠ []) (hd : domT R m) (hi2 : srow R (R.length - 1) = 2) (hpM : hasParent (((0, v, z) : ℕ × ℕ × ℕ) :: R) (srow R (R.length - 1)) R.length) (n : ℕ) : operTower (((0, v, z) : ℕ × ℕ × ℕ) :: R.dropLast) (entry R 0 (R.le …
L105Cap.lean:5324	theorem operTower_succ_tower2	theorem operTower_succ_tower2 {v z m : ℕ} {R : TrioSeq} (hR : argOK R) (hRne : R ≠ []) (hd : domT R m) (hi2 : srow R (R.length - 1) = 2) (hpM : hasParent (((0, v, z) : ℕ × ℕ × ℕ) :: R) (srow R (R.length - 1)) R.length) (n : ℕ) : operTower (((0, v, z) : ℕ × ℕ × ℕ) :: R.dropLast) (entry R 0 (R.length  …
L105Cap.lean:5352	theorem hasParentInBlock_Lift1	theorem hasParentInBlock_Lift1 {Q : TrioSeq} {e : ℕ} (hQ2 : Q.length - 1 ≠ 0) (h : L53.HasParentInBlock Q) : L53.HasParentInBlock (Lift1 Q e)
L105Cap.lean:5360	theorem oper_mTower	theorem oper_mTower {Q : TrioSeq} (hQne : Q ≠ []) (hQ2 : Q.length - 1 ≠ 0) (hlev : lev Q (Q.length - 1) ≠ 0) (hblk : L53.HasParentInBlock Q) (d e n m : ℕ) : (mTower Q d e (n + 1))⟦m⟧ = mTower Q d e n ++ (Lift1 (shiftr01 (d * n) 0 Q) (e * n))⟦m⟧
L105Cap.lean:5422	theorem mTower_mem_of_step	theorem mTower_mem_of_step {a : ℕ} {Q : TrioSeq} {d e : ℕ} (hQne : Q ≠ []) (hQ2 : Q.length - 1 ≠ 0) (hlev : lev Q (Q.length - 1) ≠ 0) (hblk : L53.HasParentInBlock Q) (hstep : ∀ n m : ℕ, 1 ≤ m → mTower Q d e n ++ (Lift1 (shiftr01 (d * n) 0 Q) (e * n))⟦m⟧ ∈ W a) : ∀ n, mTower Q d e n ∈ W a
L105Cap.lean:5438	theorem mTower_step_shift	theorem mTower_step_shift (Q : TrioSeq) (d e n m : ℕ) : (Lift1 (shiftr01 (d * n) 0 Q) (e * n))⟦m⟧ = shiftr01 (d * n) 0 ((Lift1 Q (e * n))⟦m⟧)
L105Cap.lean:5444	def MTowerStep	def MTowerStep (a : ℕ) (Q : TrioSeq) (d e : ℕ) : Prop
L105Cap.lean:5448	theorem mTower_mem_of_mTowerStep	theorem mTower_mem_of_mTowerStep {a : ℕ} {Q : TrioSeq} {d e : ℕ} (hQne : Q ≠ []) (hQ2 : Q.length - 1 ≠ 0) (hlev : lev Q (Q.length - 1) ≠ 0) (hblk : L53.HasParentInBlock Q) (h : MTowerStep a Q d e) : ∀ n, mTower Q d e n ∈ W a
L105Cap.lean:5544	theorem liftTower1_of_shiftTowerClosedS	theorem liftTower1_of_shiftTowerClosedS (htow : ShiftTowerClosedS) : LiftTower1
L105Cap.lean:5618	def MTowerClosedS	def MTowerClosedS : Prop
L105Cap.lean:5624	theorem shiftTowerClosedS_of_mTowerClosedS	theorem shiftTowerClosedS_of_mTowerClosedS (h : MTowerClosedS) : ShiftTowerClosedS
L105Cap.lean:5636	theorem liftTowerExp2_of_mTowerClosedS	theorem liftTowerExp2_of_mTowerClosedS (htow : MTowerClosedS) : LiftTowerExp2
L105Cap.lean:5694	theorem wstar2s_closed_of_mTowerClosedS	theorem wstar2s_closed_of_mTowerClosedS (htow : MTowerClosedS) : ∀ (u0 : ℕ) (R : TrioSeq), Aop W u0 Wstar2s R → R ∈ Wstar2s
L105Cap.lean:5701	theorem w_le_wstar2s_of_mTowerClosedS	theorem w_le_wstar2s_of_mTowerClosedS (htow : MTowerClosedS) (u : ℕ) : W u ⊆ Wstar2s
L105Cap.lean:5757	theorem zeroRow2_shiftr01	theorem zeroRow2_shiftr01 {Q : TrioSeq} {d0 d1 : ℕ} (h : ∀ p ∈ Q, p.2.2 = 0) : ∀ p ∈ shiftr01 d0 d1 Q, p.2.2 = 0
L105Cap.lean:5765	theorem zeroRow2_mTower	theorem zeroRow2_mTower {Q : TrioSeq} (h : ∀ p ∈ Q, p.2.2 = 0) (d e n : ℕ) : ∀ p ∈ mTower Q d e n, p.2.2 = 0
L105Cap.lean:5773	theorem lev_mTower_root	theorem lev_mTower_root {Q : TrioSeq} (hQne : Q ≠ []) (d e n : ℕ) : lev (mTower Q d e (n + 1)) 0 = lev Q 0
L105Cap.lean:5781	theorem mTower_mem_of_zeroRow2	theorem mTower_mem_of_zeroRow2 {u : ℕ} {Q : TrioSeq} (hz : ∀ p ∈ Q, p.2.2 = 0) (hQ : Q ∈ W u) (d e n : ℕ) : mTower Q d e n ∈ W u
L105Cap.lean:5794	def MTowerClosedRow2	def MTowerClosedRow2 : Prop
L105Cap.lean:5801	theorem mTowerClosedS_of_row2	theorem mTowerClosedS_of_row2 (h : MTowerClosedRow2) : MTowerClosedS
L105Cap.lean:5828	theorem mTower_mem_of_le_one	theorem mTower_mem_of_le_one {u : ℕ} {Q : TrioSeq} (hQ : Q ∈ W u) {d e n : ℕ} (hn : n ≤ 1) : mTower Q d e n ∈ W u
L105Cap.lean:5872	theorem hz_of_hasParentInBlock	theorem hz_of_hasParentInBlock {N : TrioSeq} (h : L53.HasParentInBlock N) : ¬ (entry N 0 (N.length - 1) = 0 ∧ entry N 1 (N.length - 1) = 0 ∧ entry N 2 (N.length - 1) = 0)
L105Cap.lean:5888	theorem not_hasParentInBlock_of_short	theorem not_hasParentInBlock_of_short {N : TrioSeq} (h1 : N.length - 1 = 0) : ¬ L53.HasParentInBlock N
L105Cap.lean:5896	theorem catBlock_step	theorem catBlock_step {u c : ℕ} {A B : TrioSeq} (hB2 : 2 ≤ B.length) (hblk : L53.HasParentInBlock (shiftr01 c 0 B)) (hop : ∀ m, 1 ≤ m → A ++ shiftr01 c 0 (B⟦m⟧) ∈ W u) : A ++ shiftr01 c 0 B ∈ W u
L105Cap.lean:5917	theorem catBlock_of_escape	theorem catBlock_of_escape {u c : ℕ} {A : TrioSeq} (hA : A ∈ W u) (hesc : ∀ B : TrioSeq, 1 ≤ B.length → ¬ L53.HasParentInBlock (shiftr01 c 0 B) → A ++ shiftr01 c 0 B ∈ W u) : ∀ B : TrioSeq, B ∈ W u → A ++ shiftr01 c 0 B ∈ W u
L105Cap.lean:5996	theorem le0_zero_of_shallow	theorem le0_zero_of_shallow {Q : TrioSeq} (hs : ∀ j, 1 ≤ j → j < Q.length → entry Q 0 0 < entry Q 0 j) {b : ℕ} (hb : b < Q.length) : le0 Q 0 b
L105Cap.lean:6002	theorem hasParentInBlock_of_srow_zero	theorem hasParentInBlock_of_srow_zero {Q : TrioSeq} (h2 : 2 ≤ Q.length) (hs : ∀ j, 1 ≤ j → j < Q.length → entry Q 0 0 < entry Q 0 j) (hsr : srow Q (Q.length - 1) = 0) : L53.HasParentInBlock Q
L105Cap.lean:6010	theorem hasParentInBlock_of_srow_one	theorem hasParentInBlock_of_srow_one {Q : TrioSeq} (h2 : 2 ≤ Q.length) (hs : ∀ j, 1 ≤ j → j < Q.length → entry Q 0 0 < entry Q 0 j) (hsr : srow Q (Q.length - 1) = 1) (hlt : entry Q 1 0 < entry Q 1 (Q.length - 1)) : L53.HasParentInBlock Q
L105Cap.lean:6021	theorem hasParentInBlock_of_srow_two	theorem hasParentInBlock_of_srow_two {Q : TrioSeq} (h2 : 2 ≤ Q.length) (hsr : srow Q (Q.length - 1) = 2) (hcone : le1 Q 0 (Q.length - 1)) (hlt : entry Q 2 0 < entry Q 2 (Q.length - 1)) : L53.HasParentInBlock Q
L105Cap.lean:6061	theorem oper_mTower'	theorem oper_mTower' {Q : TrioSeq} (h2 : 2 ≤ Q.length) (hs : ∀ j, 1 ≤ j → j < Q.length → entry Q 0 0 < entry Q 0 j) (hblk : L53.HasParentInBlock Q) (d e n m : ℕ) : (mTower Q d e (n + 1))⟦m⟧ = mTower Q d e n ++ (Lift1 (shiftr01 (d * n) 0 Q) (e * n))⟦m⟧
L105Cap.lean:6092	theorem mTower_mem_of_step'	theorem mTower_mem_of_step' {a : ℕ} {Q : TrioSeq} {d e : ℕ} (h2 : 2 ≤ Q.length) (hs : ∀ j, 1 ≤ j → j < Q.length → entry Q 0 0 < entry Q 0 j) (hblk : L53.HasParentInBlock Q) (h : MTowerStep a Q d e) : ∀ n, mTower Q d e n ∈ W a
L105Cap.lean:6105	def MTowerStepAll	def MTowerStepAll : Prop
L105Cap.lean:6111	def MTowerOrphan	def MTowerOrphan : Prop
L105Cap.lean:6117	def MTowerSingle	def MTowerSingle : Prop
L105Cap.lean:6122	theorem mTowerClosedS_of_residues	theorem mTowerClosedS_of_residues (hA : MTowerStepAll) (hB : MTowerOrphan) (hC : MTowerSingle) : MTowerClosedS
L105Cap.lean:6167	theorem row2_const_shiftr01	theorem row2_const_shiftr01 {Q : TrioSeq} {z d0 d1 : ℕ} (h : ∀ p ∈ Q, p.2.2 = z) : ∀ p ∈ shiftr01 d0 d1 Q, p.2.2 = z
L105Cap.lean:6175	theorem row2_const_Lift1	theorem row2_const_Lift1 {X : TrioSeq} {z d : ℕ} (h : ∀ p ∈ X, p.2.2 = z) : ∀ p ∈ Lift1 X d, p.2.2 = z
L105Cap.lean:6186	theorem row2_const_mTower	theorem row2_const_mTower {Q : TrioSeq} {z : ℕ} (h : ∀ p ∈ Q, p.2.2 = z) (d e n : ℕ) : ∀ p ∈ mTower Q d e n, p.2.2 = z
L105Cap.lean:6194	theorem entry2_of_const	theorem entry2_of_const {M : TrioSeq} {z j : ℕ} (h : ∀ p ∈ M, p.2.2 = z) (hj : j < M.length) : entry M 2 j = z
L105Cap.lean:6198	theorem mTower_length	theorem mTower_length (Q : TrioSeq) (d e : ℕ) : ∀ n, (mTower Q d e n).length = n * Q.length
L105Cap.lean:6207	theorem mTower_dropLast_of_single	theorem mTower_dropLast_of_single {Q : TrioSeq} (h1 : Q.length = 1) (d e n : ℕ) : (mTower Q d e (n + 1)).dropLast = mTower Q d e n
L105Cap.lean:6216	theorem not_hasParent_two_of_row2_const	theorem not_hasParent_two_of_row2_const {M : TrioSeq} {z : ℕ} (h : ∀ p ∈ M, p.2.2 = z) (hlen : 0 < M.length) : ¬ hasParent M 2 (M.length - 1)
L105Cap.lean:6229	theorem mTowerSingle_holds	theorem mTowerSingle_holds : MTowerSingle
L105Cap.lean:6311	theorem catBlock_of_escape'	theorem catBlock_of_escape' {u u' c : ℕ} {A : TrioSeq} (hA : A ∈ W u) (hesc : ∀ B : TrioSeq, 1 ≤ B.length → ¬ L53.HasParentInBlock (shiftr01 c 0 B) → A ++ shiftr01 c 0 B ∈ W u) : ∀ B : TrioSeq, B ∈ W u' → A ++ shiftr01 c 0 B ∈ W u
L105Cap.lean:6359	theorem mTowerClosed_of_escape	theorem mTowerClosed_of_escape {u : ℕ} {Q : TrioSeq} {d e : ℕ} (h2 : 2 ≤ Q.length) (hs : ∀ j, 1 ≤ j → j < Q.length → entry Q 0 0 < entry Q 0 j) (hblk : L53.HasParentInBlock Q) (hlift : ∀ s : ℕ, ∃ u' : ℕ, Lift1 Q s ∈ W u') (hesc : ∀ (n : ℕ) (B : TrioSeq), 1 ≤ B.length → ¬ L53.HasParentInBlock (shiftr …
L105Cap.lean:6396	theorem hesc_single_orphan	theorem hesc_single_orphan {u c : ℕ} {A : TrioSeq} (hA : A ∈ W u) (hAne : A ≠ []) {B : TrioSeq} (h1 : B.length = 1) (hnp : ¬ hasParent (A ++ shiftr01 c 0 B) (srow (A ++ shiftr01 c 0 B) A.length) A.length) : A ++ shiftr01 c 0 B ∈ W u
L105Cap.lean:6466	theorem gexp_root_shallow_zero	theorem gexp_root_shallow_zero {M : TrioSeq} {Lb d0 d1 n : ℕ} (hlen : 0 + Lb + 1 = M.length) (hn : 0 < n) (hLb : 0 < Lb) (hd0pos : 0 < d0) (hr0 : ∀ l, 0 < l → l < M.length → entry M 0 0 < entry M 0 l) : ∀ l, 0 < l → l < (gexp M 0 Lb d0 d1 n).length → entry (gexp M 0 Lb d0 d1 n) 0 0 < entry (gexp M 0 …
L105Cap.lean:6490	theorem gexp_cone_mir_zero	theorem gexp_cone_mir_zero {M : TrioSeq} {Lb d0 d1 n k q : ℕ} (hlen : 0 + Lb + 1 = M.length) (hLb : 0 < Lb) (hk : k < n) (hq : q < Lb) (hup : ∀ l, 0 < l → l ≤ 0 + Lb → entry M 0 0 < entry M 0 l) (hd0pos : 0 < d0) (hd1pos : 0 < d1) (hd0e : entry M 0 (0 + Lb) = entry M 0 0 + d0) (hr0 : ∀ l, 0 < l → l  …
L105Cap.lean:6574	theorem le1_mTower_block	theorem le1_mTower_block {M : TrioSeq} {d e n k q : ℕ} (hM2 : 2 ≤ M.length) (hup : ∀ l, 0 < l → l ≤ 0 + M.dropLast.length → entry M 0 0 < entry M 0 l) (hd0pos : 0 < d) (hd1pos : 0 < e) (hd0e : entry M 0 (0 + M.dropLast.length) = entry M 0 0 + d) (hr0 : ∀ l, 0 < l → l < M.length → entry M 0 0 < entry …
L105Cap.lean:6608	theorem nextrel0_gexp_no_skip	theorem nextrel0_gexp_no_skip {M : TrioSeq} {Lb d0 d1 n k q y : ℕ} (hlen : 0 + Lb + 1 = M.length) (hLb : 0 < Lb) (hk : k < n) (hq : q < Lb) (hq1 : 0 < q) (hr0 : ∀ l, 0 < l → l < M.length → entry M 0 0 < entry M 0 l) (h : nextrel0 (gexp M 0 Lb d0 d1 n) y (0 + (k * Lb + q))) : k * Lb ≤ y
L105Cap.lean:6658	theorem nextrel1_gexp_no_enter	theorem nextrel1_gexp_no_enter {M : TrioSeq} {Lb d0 d1 n k q a : ℕ} (hlen : 0 + Lb + 1 = M.length) (hLb : 0 < Lb) (hk : k < n) (hq : q < Lb) (hq1 : 0 < q) (hcone : le1 M 0 (0 + q)) (hup : ∀ l, 0 < l → l ≤ 0 + Lb → entry M 0 0 < entry M 0 l) (h : nextrel1 (gexp M 0 Lb d0 d1 n) a (0 + (k * Lb + q))) : …
L105Cap.lean:6737	theorem le1_zero_of_nextrel1	theorem le1_zero_of_nextrel1 {T : TrioSeq} {a b : ℕ} (hb : le1 T 0 b) (hne : b ≠ 0) (h : nextrel1 T a b) : le1 T 0 a
L105Cap.lean:6773	theorem catBlock_of_escape_head	theorem catBlock_of_escape_head {u u' c : ℕ} {A : TrioSeq} {p : ℕ × ℕ × ℕ} (hA : A ∈ W u) (hsnoc : A ++ [((p.1 + c, p.2.1, p.2.2) : ℕ × ℕ × ℕ)] ∈ W u) (hesc : ∀ B : TrioSeq, 2 ≤ B.length → ¬ L53.HasParentInBlock (shiftr01 c 0 B) → A ++ shiftr01 c 0 B ∈ W u) :
L105Cap.lean:6851	theorem headD_eq_getD	theorem headD_eq_getD (l : TrioSeq) : l.headD (0, 0, 0) = l.getD 0 (0, 0, 0)
L105Cap.lean:6855	theorem headD_Lift1	theorem headD_Lift1 {X : TrioSeq} {c : ℕ} (hne : X ≠ []) : (Lift1 X c).headD (0, 0, 0) = ((entry X 0 0, entry X 1 0 + c, entry X 2 0) : ℕ × ℕ × ℕ)
L105Cap.lean:6863	theorem mTowerClosed_of_escape_head	theorem mTowerClosed_of_escape_head {u : ℕ} {Q : TrioSeq} {d e : ℕ} (h2 : 2 ≤ Q.length) (hs : ∀ j, 1 ≤ j → j < Q.length → entry Q 0 0 < entry Q 0 j) (hblk : L53.HasParentInBlock Q) (hlift : ∀ s : ℕ, ∃ u' : ℕ, Lift1 Q s ∈ W u') (hbase : ∀ n : ℕ, mTower Q d e n ∈ W u → mTower Q d e n
L10Tie.lean:64	theorem entry_root_ST_TS	theorem entry_root_ST_TS {M : TrioSeq} (h : ST_TS M) (i : ℕ) : entry M i 0 = 0
L10Tie.lean:82	theorem entry1_root_ST_TS	theorem entry1_root_ST_TS {M : TrioSeq} (h : ST_TS M) : entry M 1 0 = 0
L10Tie.lean:94	theorem coneV_root_false_ST_TS	theorem coneV_root_false_ST_TS {M : TrioSeq} (h : ST_TS M) : ¬ coneV M (entry M 1 0 - 1) 0
L10Tie.lean:119	def MaskMatch	def MaskMatch (X : TrioSeq) : Prop
L10Tie.lean:128	theorem maskMatch_iff_tieFree	theorem maskMatch_iff_tieFree {X : TrioSeq} (hv : 1 ≤ entry X 1 0) (hne : 0 < X.length) : MaskMatch X ↔ TieFree X
L11Fam.lean:70	def SliftMatch	def SliftMatch (X : TrioSeq) (d : ℕ) : Prop
L11Fam.lean:74	theorem sliftMatch_of_tieFree	theorem sliftMatch_of_tieFree {X : TrioSeq} {d : ℕ} (hv : 1 ≤ entry X 1 0) (h : TieFree X) : SliftMatch X d
L11Fam.lean:87	theorem tieFree_of_sliftMatch	theorem tieFree_of_sliftMatch {X : TrioSeq} {d : ℕ} (hpos : 0 < X.length) (hd : 1 ≤ d) (hv : 1 ≤ entry X 1 0) (h : SliftMatch X d) : TieFree X
L11Fam.lean:111	theorem sliftMatch_iff_tieFree	theorem sliftMatch_iff_tieFree {X : TrioSeq} {d : ℕ} (hpos : 0 < X.length) (hd : 1 ≤ d) (hv : 1 ≤ entry X 1 0) : SliftMatch X d ↔ TieFree X
L14Read.lean:94	def survivors	def survivors : TrioSeq → Bool → ℕ × ℕ → TrioSeq | [], _, _ => [] | p :: r, first, plev => if first = true ∧ (p.2.1, p.2.2) = plev ∧ r.headI = ((p.1 + 1, p.2.1 + 1, p.2.2) : ℕ × ℕ × ℕ) then survivors r true plev
L14Read.lean:118	def climb	def climb (B : TrioSeq) (y : ℕ) (pf : ℕ → Option ℕ) (x : ℕ) : ℕ → Option ℕ → Option ℕ | 0, _ => none | _, none => none | (f + 1), some q => if entry B y q < entry B y x then some q else climb B y pf x f (pf q)
L14Read.lean:126	def parB	def parB (B : TrioSeq) : ℕ → ℕ → Option ℕ | 0, x => ((List.range x).reverse).find? (fun p => decide (entry B 0 p < entry B 0 x)) | (y + 1), x => climb B (y + 1) (parB B y) x x (parB B y x) /-- 行 `y` の木での順位（燃料つき）。 -/
L14Read.lean:132	def rankB	def rankB (B : TrioSeq) (y : ℕ) : ℕ → ℕ → ℕ | 0, _ => 0 | (f + 1), j => match parB B y j with | none => 0 | some q => rankB B y f q + 1
L14Read.lean:139	def rankify	def rankify (B : TrioSeq) : TrioSeq
L14Read.lean:145	def readMat	def readMat (B : TrioSeq) : TrioSeq
L14Read.lean:148	def read3	def read3 (B : TrioSeq) : Three
L14Read.lean:153	def dok	def dok (B : TrioSeq) : Prop
L47W.lean:40	theorem W3	theorem W3 {u : ℕ} {M : TrioSeq} (hM : M ∈ W u) (hlen : 2 ≤ M.length) : (∀ n : ℕ, 1 ≤ n → M⟦n⟧ ∈ W u) ∨ M.dropLast ∈ W u
L47W.lean:53	theorem W2	theorem W2 {u : ℕ} {M : TrioSeq} {X : Set TrioSeq} (h : ∃ m : ℕ, m < u ∧ domT M m ∧ ∀ z ∈ W m, based z → graft M z ∈ X) : M.dropLast ∈ X
L47W.lean:61	theorem W_elim	theorem W_elim {u : ℕ} {M : TrioSeq} (hM : M ∈ W u) : Aop W u (W u) M
L47W.lean:70	theorem wsnoc_clause2	theorem wsnoc_clause2 {u : ℕ} {C : TrioSeq} {p : ℕ × ℕ × ℕ} (hCne : C ≠ []) (hpar : hasParent (C ++ [p]) (srow (C ++ [p]) C.length) C.length) (h : ∀ n : ℕ, 1 ≤ n → (C ++ [p])⟦n⟧ ∈ W u) : C ++ [p] ∈ W u
L47W.lean:77	theorem wsnoc_clause2_iff	theorem wsnoc_clause2_iff {u : ℕ} {C : TrioSeq} {p : ℕ × ℕ × ℕ} (hCne : C ≠ []) (hpar : hasParent (C ++ [p]) (srow (C ++ [p]) C.length) C.length) : C ++ [p] ∈ W u ↔ ∀ n : ℕ, 1 ≤ n → (C ++ [p])⟦n⟧ ∈ W u
L47W.lean:97	theorem shTower_zeroRow2	theorem shTower_zeroRow2 {Q : TrioSeq} (hz : ∀ p ∈ Q, p.2.2 = 0) (e n : ℕ) : ∀ p ∈ shTower Q e n, p.2.2 = 0
L47W.lean:110	theorem shTower_prefix	theorem shTower_prefix (Q : TrioSeq) (e : ℕ) : ∀ n, 1 ≤ n → ∃ R, shTower Q e n = Q ++ R
L47W.lean:123	theorem lev_zero_append	theorem lev_zero_append {A R : TrioSeq} (hne : A ≠ []) : lev (A ++ R) 0 = lev A 0
L47W.lean:129	theorem lev_shTower	theorem lev_shTower {Q : TrioSeq} (hne : Q ≠ []) (e : ℕ) {n : ℕ} (hn : 1 ≤ n) : lev (shTower Q e n) 0 = lev Q 0
L47W.lean:136	theorem shiftTowerClosed_of_zeroRow2	theorem shiftTowerClosed_of_zeroRow2 {u e n : ℕ} {Q : TrioSeq} (hQ : Q ∈ W u) (hz : ∀ p ∈ Q, p.2.2 = 0) : shTower Q e n ∈ W u
L47W.lean:155	theorem shiftTowerClosed_iff_wself	theorem shiftTowerClosed_iff_wself : ShiftTowerClosed ↔ ∀ (e n : ℕ) (Q : TrioSeq), Q ∈ Wself → (∀ p ∈ Q, entry Q 0 0 ≤ p.1) → shTower Q e n ∈ Wself
L47W.lean:194	theorem shiftTowerClosed_e_zero	theorem shiftTowerClosed_e_zero {u n : ℕ} {Q : TrioSeq} (hQ : Q ∈ W u) (hQr : ∀ p ∈ Q, entry Q 0 0 ≤ p.1) : shTower Q 0 n ∈ W u
L47W.lean:214	theorem exists_stage_of_ST_TS	theorem exists_stage_of_ST_TS (h : ∀ v : ℕ, diagSeqT 0 v ∈ Wself) {M : TrioSeq} (hM : ST_TS M) : ∃ u, M ∈ W u
L47W.lean:226	theorem mem_Wself_of_diag	theorem mem_Wself_of_diag (h : ∀ v : ℕ, diagSeqT 0 v ∈ Wself) {M : TrioSeq} (hM : ST_TS M) (hne : M ≠ []) : M ∈ Wself
L51Lift.lean:46	theorem liftTower_succ	theorem liftTower_succ (Q : TrioSeq) (e n : ℕ) : liftTower Q e (n + 1) = liftTower Q e n ++ shiftr01 (e * n) n Q
L51Lift.lean:63	def LiftTowerClosed	def LiftTowerClosed : Prop
L51Lift.lean:70	def At	def At : TrioSeq
L51Lift.lean:73	def Mt	def Mt : TrioSeq
L51Lift.lean:79	theorem At_mem_Wself	theorem At_mem_Wself : At ∈ Wself
L51Lift.lean:87	theorem At_mem_W_zero	theorem At_mem_W_zero : At ∈ W 0
L51Lift.lean:94	theorem lev_Mt_zero	theorem lev_Mt_zero : lev Mt 0 = 0
L51Lift.lean:96	theorem Mt_mem_Wself_iff	theorem Mt_mem_Wself_iff : Mt ∈ Wself ↔ Mt ∈ W 0
L51Lift.lean:110	theorem entry_Mt	theorem entry_Mt : ∀ j < 3, entry Mt 0 j = j ∧ entry Mt 1 j = min j 1 ∧ entry Mt 2 j = min j 1
L51Lift.lean:119	theorem srow_Mt	theorem srow_Mt : srow Mt 2 = 2
L51Lift.lean:129	theorem le0_le	theorem le0_le {M : TrioSeq} {a b : ℕ} (h : le0 M a b) : a ≤ b
L51Lift.lean:136	theorem le1_le	theorem le1_le {M : TrioSeq} {a b : ℕ} (h : le1 M a b) : a ≤ b
L51Lift.lean:142	theorem nextrel0_Mt_01	theorem nextrel0_Mt_01 : nextrel0 Mt 0 1
L51Lift.lean:147	theorem nextrel0_Mt_12	theorem nextrel0_Mt_12 : nextrel0 Mt 1 2
L51Lift.lean:152	theorem le0_Mt_00	theorem le0_Mt_00 : le0 Mt 0 0
L51Lift.lean:154	theorem le0_Mt_01	theorem le0_Mt_01 : le0 Mt 0 1
L51Lift.lean:157	theorem le0_Mt_02	theorem le0_Mt_02 : le0 Mt 0 2
L51Lift.lean:161	theorem nextrel1_Mt_01	theorem nextrel1_Mt_01 : nextrel1 Mt 0 1
L51Lift.lean:169	theorem nextrel1_Mt_02	theorem nextrel1_Mt_02 : nextrel1 Mt 0 2
L51Lift.lean:180	theorem le1_Mt_00	theorem le1_Mt_00 : le1 Mt 0 0
L51Lift.lean:182	theorem le1_Mt_01	theorem le1_Mt_01 : le1 Mt 0 1
L51Lift.lean:185	theorem le1_Mt_02	theorem le1_Mt_02 : le1 Mt 0 2
L51Lift.lean:188	theorem nextrel2_Mt_02	theorem nextrel2_Mt_02 : nextrel2 Mt 0 2
L51Lift.lean:200	theorem nextrel2_Mt_unique	theorem nextrel2_Mt_unique {j : ℕ} (h : nextrel2 Mt j 2) : j = 0
L51Lift.lean:210	theorem nextR_Mt_02	theorem nextR_Mt_02 : nextR Mt 2 0 2
L51Lift.lean:215	theorem hasParent_Mt	theorem hasParent_Mt : hasParent Mt 2 2
L51Lift.lean:222	theorem parent_Mt	theorem parent_Mt : parent Mt 2 2 = 0
L51Lift.lean:238	theorem oper_Mt	theorem oper_Mt (n : ℕ) : Mt⟦n⟧ = liftTower At 2 n
L51Lift.lean:268	theorem Mt_mem_W_zero_of_tower	theorem Mt_mem_W_zero_of_tower (h : ∀ n : ℕ, 1 ≤ n → liftTower At 2 n ∈ W 0) : Mt ∈ W 0
L51Lift.lean:276	theorem Mt_mem_Wself_of_tower	theorem Mt_mem_Wself_of_tower (h : ∀ n : ℕ, 1 ≤ n → liftTower At 2 n ∈ W 0) : Mt ∈ Wself
L51Tower.lean:26	theorem gTower_flatMap	theorem gTower_flatMap (Q : TrioSeq) (n : ℕ) : gTower Q 0 0 n = (List.range n).flatMap fun _ => Q
L51Tower.lean:31	theorem gTower_shTower	theorem gTower_shTower (Q : TrioSeq) (e n : ℕ) : gTower Q e 0 n = shTower Q e n
L51Tower.lean:37	def GTow	def GTow : Prop
L51Tower.lean:42	theorem gTow_zero	theorem gTow_zero {u n : ℕ} {Q : TrioSeq} (hQ : Q ∈ W u) (hQr : ∀ p ∈ Q, entry Q 0 0 ≤ p.1) : gTower Q 0 0 n ∈ W u
L51Tower.lean:50	def Q0	def Q0 : TrioSeq
L51Tower.lean:53	def M275	def M275 : TrioSeq
L51Tower.lean:55	theorem Q0_mem_Wself	theorem Q0_mem_Wself : Q0 ∈ Wself
L51Tower.lean:63	theorem lev_Q0	theorem lev_Q0 : lev Q0 0 = 0
L51Tower.lean:65	theorem Q0_mem_W_zero	theorem Q0_mem_W_zero : Q0 ∈ W 0
L51Tower.lean:70	theorem Q0_root	theorem Q0_root : ∀ p ∈ Q0, entry Q0 0 0 ≤ p.1
L51Tower.lean:74	theorem lev_M275	theorem lev_M275 : lev M275 0 = 0
L51Tower.lean:85	theorem srow_M275	theorem srow_M275 : srow M275 2 = 0
L51Tower.lean:87	theorem nextrel0_M275_02	theorem nextrel0_M275_02 : nextrel0 M275 0 2
L51Tower.lean:94	theorem nextrel0_M275_unique	theorem nextrel0_M275_unique {j : ℕ} (h : nextrel0 M275 j 2) : j = 0
L51Tower.lean:104	theorem nextR_M275_02	theorem nextR_M275_02 : nextR M275 0 0 2
L51Tower.lean:109	theorem hasParent_M275	theorem hasParent_M275 : hasParent M275 0 2
L51Tower.lean:116	theorem parent_M275	theorem parent_M275 : parent M275 0 2 = 0
L51Tower.lean:124	theorem oper_M275	theorem oper_M275 (n : ℕ) : M275⟦n⟧ = gTower Q0 0 0 n
L51Tower.lean:148	theorem M275_mem_W_zero	theorem M275_mem_W_zero : M275 ∈ W 0
L51Tower.lean:155	theorem M275_mem_Wself	theorem M275_mem_Wself : M275 ∈ Wself
L51Tower.lean:162	theorem le0_le	theorem le0_le {M : TrioSeq} {a b : ℕ} (h : le0 M a b) : a ≤ b
L51Tower.lean:169	def M284	def M284 : TrioSeq
L51Tower.lean:181	theorem lev_M284	theorem lev_M284 : lev M284 0 = 0
L51Tower.lean:184	theorem srow_M284	theorem srow_M284 : srow M284 2 = 1
L51Tower.lean:186	theorem nextrel0_M284_01	theorem nextrel0_M284_01 : nextrel0 M284 0 1
L51Tower.lean:191	theorem nextrel0_M284_02	theorem nextrel0_M284_02 : nextrel0 M284 0 2
L51Tower.lean:198	theorem le0_M284_00	theorem le0_M284_00 : le0 M284 0 0
L51Tower.lean:201	theorem le0_M284_01	theorem le0_M284_01 : le0 M284 0 1
L51Tower.lean:204	theorem le0_M284_02	theorem le0_M284_02 : le0 M284 0 2
L51Tower.lean:207	theorem nextrel1_M284_02	theorem nextrel1_M284_02 : nextrel1 M284 0 2
L51Tower.lean:219	theorem nextrel1_M284_unique	theorem nextrel1_M284_unique {j : ℕ} (h : nextrel1 M284 j 2) : j = 0
L51Tower.lean:229	theorem nextR_M284_02	theorem nextR_M284_02 : nextR M284 1 0 2
L51Tower.lean:234	theorem hasParent_M284	theorem hasParent_M284 : hasParent M284 1 2
L51Tower.lean:241	theorem parent_M284	theorem parent_M284 : parent M284 1 2 = 0
L51Tower.lean:249	theorem oper_M284	theorem oper_M284 (n : ℕ) : M284⟦n⟧ = gTower Q0 1 0 n
L51Tower.lean:274	theorem M284_mem_W_zero_of_tow	theorem M284_mem_W_zero_of_tow (h : ShiftTowerClosed) : M284 ∈ W 0
L51Tower.lean:280	theorem M284_mem_Wself_of_tow	theorem M284_mem_Wself_of_tow (h : ShiftTowerClosed) : M284 ∈ Wself
L51Tower.lean:313	theorem entry_getElem	theorem entry_getElem {Q : TrioSeq} {j : ℕ} (h : j < Q.length) : entry Q 0 j = Q[j].1 ∧ entry Q 1 j = Q[j].2.1 ∧ entry Q 2 j = Q[j].2.2
L51Tower.lean:335	theorem bump_const	theorem bump_const (Q : TrioSeq) (e d k : ℕ) : bump Q (List.replicate Q.length ((e, d, 0) : ℕ × ℕ × ℕ)) k = shiftr01 (e * k) (d * k) Q
L51Tower.lean:354	theorem mTower_const	theorem mTower_const (Q : TrioSeq) (e d n : ℕ) : mTower Q (List.replicate Q.length ((e, d, 0) : ℕ × ℕ × ℕ)) n = gTower Q e d n
L51Tower.lean:370	def Tower	def Tower : Prop
L51Tower.lean:375	theorem tower_zero	theorem tower_zero {u n : ℕ} {Q : TrioSeq} (hQ : Q ∈ W u) (hQr : ∀ p ∈ Q, entry Q 0 0 ≤ p.1) : mTower Q (List.replicate Q.length ((0, 0, 0) : ℕ × ℕ × ℕ)) n ∈ W u
L51Tower.lean:384	theorem le1_le	theorem le1_le {M : TrioSeq} {a b : ℕ} (h : le1 M a b) : a ≤ b
L51Tower.lean:391	def M316	def M316 : TrioSeq
L51Tower.lean:403	theorem lev_M316	theorem lev_M316 : lev M316 0 = 0
L51Tower.lean:405	theorem srow_M316	theorem srow_M316 : srow M316 2 = 2
L51Tower.lean:407	theorem nextrel0_M316_01	theorem nextrel0_M316_01 : nextrel0 M316 0 1
L51Tower.lean:412	theorem nextrel0_M316_02	theorem nextrel0_M316_02 : nextrel0 M316 0 2
L51Tower.lean:419	theorem le0_M316_00	theorem le0_M316_00 : le0 M316 0 0
L51Tower.lean:422	theorem le0_M316_01	theorem le0_M316_01 : le0 M316 0 1
L51Tower.lean:425	theorem le0_M316_02	theorem le0_M316_02 : le0 M316 0 2
L51Tower.lean:428	theorem nextrel1_M316_01	theorem nextrel1_M316_01 : nextrel1 M316 0 1
L51Tower.lean:437	theorem nextrel1_M316_02	theorem nextrel1_M316_02 : nextrel1 M316 0 2
L51Tower.lean:449	theorem le1_M316_00	theorem le1_M316_00 : le1 M316 0 0
L51Tower.lean:452	theorem le1_M316_01	theorem le1_M316_01 : le1 M316 0 1
L51Tower.lean:455	theorem le1_M316_02	theorem le1_M316_02 : le1 M316 0 2
L51Tower.lean:458	theorem nextrel2_M316_02	theorem nextrel2_M316_02 : nextrel2 M316 0 2
L51Tower.lean:470	theorem nextrel2_M316_unique	theorem nextrel2_M316_unique {j : ℕ} (h : nextrel2 M316 j 2) : j = 0
L51Tower.lean:480	theorem nextR_M316_02	theorem nextR_M316_02 : nextR M316 2 0 2
L51Tower.lean:485	theorem hasParent_M316	theorem hasParent_M316 : hasParent M316 2 2
L51Tower.lean:492	theorem parent_M316	theorem parent_M316 : parent M316 2 2 = 0
L51Tower.lean:500	theorem oper_M316	theorem oper_M316 (n : ℕ) : M316⟦n⟧ = gTower Q0 1 1 n
L51Tower.lean:527	theorem M316_mem_W_zero_of_gtow	theorem M316_mem_W_zero_of_gtow (h : GTow) : M316 ∈ W 0
L51Tower.lean:533	theorem M316_mem_Wself_of_gtow	theorem M316_mem_Wself_of_gtow (h : GTow) : M316 ∈ Wself
L51Tower.lean:550	theorem graft_snoc	theorem graft_snoc (A : TrioSeq) (t : ℕ × ℕ × ℕ) (z : TrioSeq) : graft (A ++ [t]) z = A ++ z.map (fun p => ((p.1 + t.1, p.2.1, p.2.2) : ℕ × ℕ × ℕ))
L51Tower.lean:569	theorem wAddDeep_of_clause3	theorem wAddDeep_of_clause3 {u m : ℕ} {A : TrioSeq} {t : ℕ × ℕ × ℕ} (hgr : ∀ z ∈ W m, based z → graft (A ++ [t]) z ∈ W u) {z : TrioSeq} (hz : z ∈ W m) (hb : based z) : A ++ z.map (fun p => ((p.1 + t.1, p.2.1, p.2.2) : ℕ × ℕ × ℕ)) ∈ W u
L51Tower.lean:591	def WAddDeep	def WAddDeep : Prop
L53Subst.lean:23	def shiftBlk	def shiftBlk (t : ℕ × ℕ × ℕ) (z : TrioSeq) : TrioSeq
L53Subst.lean:43	theorem snoc_flat_root	theorem snoc_flat_root {u C p} (hC : C ∈ W u) (hCne : C ≠ []) (hsr : srow (C ++ [p]) C.length = 0) -- p はフラット (hbp : parent (C ++ [p]) (srow (C ++ [p]) C.length) C.length = 0) -- 親は**根** (hpar : hasParent (C ++ [p]) (srow (C ++ [p]) C.length) C.length) : C ++ [p] ∈ W u ```
L53Subst.lean:56	def SubstBase	def SubstBase : Prop
L53Subst.lean:61	theorem substBase_of_flat_root	theorem substBase_of_flat_root {u : ℕ} {A : TrioSeq} {x : ℕ} (hA : A ∈ W u) (hAne : A ≠ []) (hsr : srow (A ++ [((x, 0, 0) : ℕ × ℕ × ℕ)]) A.length = 0) (hbp : parent (A ++ [((x, 0, 0) : ℕ × ℕ × ℕ)]) (srow (A ++ [((x, 0, 0) : ℕ × ℕ × ℕ)]) A.length) A.length = 0) (hpar : hasParent (A ++ [((x, 0, 0) : ℕ …
L53Subst.lean:79	def SComm	def SComm : Prop
L53Subst.lean:87	def SDom	def SDom : Prop
L53Subst.lean:97	def Zgap	def Zgap : TrioSeq
L53Subst.lean:99	theorem Zgap_len	theorem Zgap_len : 1 < Zgap.length
L53Subst.lean:101	theorem Zgap_lev	theorem Zgap_lev : lev Zgap (Zgap.length - 1) = 0
L53Subst.lean:103	theorem Zgap_based	theorem Zgap_based : based Zgap
L53Subst.lean:106	theorem Zgap_orphan	theorem Zgap_orphan : ¬ hasParent Zgap (srow Zgap (Zgap.length - 1)) (Zgap.length - 1)
L53Subst.lean:118	theorem Zgap_mem	theorem Zgap_mem : Zgap ∈ Wself
L53Subst.lean:130	theorem Zgap_not_domT	theorem Zgap_not_domT (m' : ℕ) : ¬ domT Zgap m'
L53Subst.lean:163	theorem oper_unfold	theorem oper_unfold {M : TrioSeq} {j1 i1 j0 d0 d1 : ℕ} (hj1 : j1 = M.length - 1) (hj1ne : j1 ≠ 0) (hz : ¬(entry M 0 j1 = 0 ∧ entry M 1 j1 = 0 ∧ entry M 2 j1 = 0)) (hi1 : i1 = srow M j1) (hpar : hasParent M i1 j1) (hj0 : j0 = parent M i1 j1) (hd0 : d0 = if 0 < i1 then entry M 0 j1 - entry M 0 j0 else …
L53Subst.lean:187	theorem oper_prefix_indep	theorem oper_prefix_indep {M : TrioSeq} {j1 i1 j0 d0 d1 : ℕ} (hj1 : j1 = M.length - 1) (hj1ne : j1 ≠ 0) (hz : ¬(entry M 0 j1 = 0 ∧ entry M 1 j1 = 0 ∧ entry M 2 j1 = 0)) (hi1 : i1 = srow M j1) (hpar : hasParent M i1 j1) (hj0 : j0 = parent M i1 j1) (hd0 : d0 = if 0 < i1 then entry M 0 j1 - entry M 0 j …
L53Subst.lean:214	def NoRevive	def NoRevive (A z' : TrioSeq) : Prop
L53Subst.lean:220	def TowerNoRevive	def TowerNoRevive : Prop
L53Subst.lean:239	def Blk	def Blk (z : TrioSeq) : Prop
L53Subst.lean:246	theorem blk_iff	theorem blk_iff (z : TrioSeq) : Blk z ↔ ¬(1 < z.length ∧ ¬ hasParent z (srow z (z.length - 1)) (z.length - 1) ∧ lev z (z.length - 1) = 0)
L53Subst.lean:267	theorem Zgap_not_blk	theorem Zgap_not_blk : ¬ Blk Zgap
L53Subst.lean:274	def SubstBlk	def SubstBlk : Prop
L53Subst.lean:281	def BlkClosed	def BlkClosed : Prop
L53Subst.lean:289	theorem not_hasParent_of_no_shallow	theorem not_hasParent_of_no_shallow {M : TrioSeq} {i j1 : ℕ} (h : ∀ j, j < j1 → entry M i j1 ≤ entry M i j) : ¬ hasParent M i j1
L53Subst.lean:317	theorem sdom_of_no_shallow	theorem sdom_of_no_shallow {A z' : TrioSeq} (h : ∀ j, j < (A ++ z').length - 1 → entry (A ++ z') (srow (A ++ z') ((A ++ z').length - 1)) ((A ++ z').length - 1) ≤ entry (A ++ z') (srow (A ++ z') ((A ++ z').length - 1)) j) : ¬ hasParent (A ++ z') (srow (A ++ z') ((A ++ z').length - 1))
L53Subst.lean:347	def SCommRow1	def SCommRow1 : Prop
L53Subst.lean:363	theorem oper_flat	theorem oper_flat {M : TrioSeq} {j1 j0 : ℕ} (hj1 : j1 = M.length - 1) (hj1ne : j1 ≠ 0) (hz : ¬(entry M 0 j1 = 0 ∧ entry M 1 j1 = 0 ∧ entry M 2 j1 = 0)) (hsr : srow M j1 = 0) (hpar : hasParent M 0 j1) (hj0 : j0 = parent M 0 j1) (n : ℕ) : M⟦n⟧ = M.take j0 ++ (List.range n).flatMap fun _ =>
L53Subst.lean:377	theorem mem_W_of_flat	theorem mem_W_of_flat {u : ℕ} {M Q : TrioSeq} {j1 j0 : ℕ} (hj1 : j1 = M.length - 1) (hj1ne : j1 ≠ 0) (hz : ¬(entry M 0 j1 = 0 ∧ entry M 1 j1 = 0 ∧ entry M 2 j1 = 0)) (hsr : srow M j1 = 0) (hpar : hasParent M 0 j1) (hj0 : j0 = parent M 0 j1) (hQdef : Q = (List.range' j0 (j1 - j0)).map fun j => ((entr …
L53Subst.lean:431	theorem mem_W_of_flat_root	theorem mem_W_of_flat_root {u : ℕ} {M Q : TrioSeq} {j1 : ℕ} (hj1 : j1 = M.length - 1) (hj1ne : j1 ≠ 0) (hz : ¬(entry M 0 j1 = 0 ∧ entry M 1 j1 = 0 ∧ entry M 2 j1 = 0)) (hsr : srow M j1 = 0) (hpar : hasParent M 0 j1) (hj0 : parent M 0 j1 = 0) (hQdef : Q = (List.range' 0 (j1 - 0)).map fun j => ((entry …
L53Subst.lean:486	theorem mem_W_of_flat_cat	theorem mem_W_of_flat_cat {u : ℕ} {M Q : TrioSeq} {j1 j0 : ℕ} (hcat : WCat) (hj1 : j1 = M.length - 1) (hj1ne : j1 ≠ 0) (hz : ¬(entry M 0 j1 = 0 ∧ entry M 1 j1 = 0 ∧ entry M 2 j1 = 0)) (hsr : srow M j1 = 0) (hpar : hasParent M 0 j1) (hj0 : j0 = parent M 0 j1) (hQdef : Q = (List.range' j0 (j1 - j0)).m …
L53Subst.lean:501	def SnocFlat	def SnocFlat : Prop
L53Subst.lean:508	theorem snocFlat_root_case	theorem snocFlat_root_case {u : ℕ} {C : TrioSeq} {p : ℕ × ℕ × ℕ} (hC : C ∈ W u) (hCne : C ≠ []) (hsr : srow (C ++ [p]) C.length = 0) (hbp : parent (C ++ [p]) (srow (C ++ [p]) C.length) C.length = 0) (hpar : hasParent (C ++ [p]) (srow (C ++ [p]) C.length) C.length) : C ++ [p] ∈ W u
L53Subst.lean:551	def MarkOne	def MarkOne (M : TrioSeq) : Prop
L53Subst.lean:559	theorem d1_pos_of_markOne	theorem d1_pos_of_markOne {M : TrioSeq} (h : MarkOne M) : 0 < (if 1 < srow M (M.length - 1) then entry M 1 (M.length - 1) - entry M 1 (parent M (srow M (M.length - 1)) (M.length - 1)) else 0)
L53Subst.lean:586	def TowerEasy	def TowerEasy : Prop
L53Subst.lean:608	def TowerTwoStage	def TowerTwoStage : Prop
L53Subst.lean:618	theorem take_append_of_le	theorem take_append_of_le {A B : TrioSeq} {j0 : ℕ} (h : A.length ≤ j0) : (A ++ B).take j0 = A ++ B.take (j0 - A.length)
L53Subst.lean:623	theorem entry_append_right	theorem entry_append_right {A B : TrioSeq} {i j : ℕ} : entry (A ++ B) i (A.length + j) = entry B i j
L53Subst.lean:632	theorem srow_append_right	theorem srow_append_right {A B : TrioSeq} {j : ℕ} : srow (A ++ B) (A.length + j) = srow B j
L53Subst.lean:648	theorem comm_of_parts	theorem comm_of_parts {A N : TrioSeq} {jN j0N iN : ℕ} (n : ℕ) (hNne : N ≠ []) (hjN : jN = N.length - 1) (hjNne : jN ≠ 0) (hzN : ¬(entry N 0 jN = 0 ∧ entry N 1 jN = 0 ∧ entry N 2 jN = 0)) (hiN : iN = srow N jN) (hparN : hasParent N iN jN) (hj0N : j0N = parent N iN jN) (hparM : hasParent (A ++ N) iN ( …
L53Subst.lean:694	theorem nextrel0_append_right	theorem nextrel0_append_right {A N : TrioSeq} {a b : ℕ} : nextrel0 (A ++ N) (A.length + a) (A.length + b) ↔ nextrel0 N a b
L53Subst.lean:712	theorem rtg0_of_append	theorem rtg0_of_append {A N : TrioSeq} {a c : ℕ} (h : Relation.ReflTransGen (nextrel0 (A ++ N)) (A.length + a) c) : ∃ c', c = A.length + c' ∧ Relation.ReflTransGen (nextrel0 N) a c'
L53Subst.lean:726	theorem rtg0_to_append	theorem rtg0_to_append {A N : TrioSeq} {a c : ℕ} (h : Relation.ReflTransGen (nextrel0 N) a c) : Relation.ReflTransGen (nextrel0 (A ++ N)) (A.length + a) (A.length + c)
L53Subst.lean:734	theorem le0_append_right	theorem le0_append_right {A N : TrioSeq} {a b : ℕ} : le0 (A ++ N) (A.length + a) (A.length + b) ↔ le0 N a b
L53Subst.lean:749	theorem nextrel1_append_right	theorem nextrel1_append_right {A N : TrioSeq} {a b : ℕ} : nextrel1 (A ++ N) (A.length + a) (A.length + b) ↔ nextrel1 N a b
L53Subst.lean:766	theorem rtg1_of_append	theorem rtg1_of_append {A N : TrioSeq} {a c : ℕ} (h : Relation.ReflTransGen (nextrel1 (A ++ N)) (A.length + a) c) : ∃ c', c = A.length + c' ∧ Relation.ReflTransGen (nextrel1 N) a c'
L53Subst.lean:779	theorem rtg1_to_append	theorem rtg1_to_append {A N : TrioSeq} {a c : ℕ} (h : Relation.ReflTransGen (nextrel1 N) a c) : Relation.ReflTransGen (nextrel1 (A ++ N)) (A.length + a) (A.length + c)
L53Subst.lean:787	theorem le1_append_right	theorem le1_append_right {A N : TrioSeq} {a b : ℕ} : le1 (A ++ N) (A.length + a) (A.length + b) ↔ le1 N a b
L53Subst.lean:801	theorem nextrel2_append_right	theorem nextrel2_append_right {A N : TrioSeq} {a b : ℕ} : nextrel2 (A ++ N) (A.length + a) (A.length + b) ↔ nextrel2 N a b
L53Subst.lean:819	theorem nextR_append_right	theorem nextR_append_right {A N : TrioSeq} {i a b : ℕ} : nextR (A ++ N) i (A.length + a) (A.length + b) ↔ nextR N i a b
L53Subst.lean:833	theorem hasParent_parent_append_right	theorem hasParent_parent_append_right {A N : TrioSeq} {i b : ℕ} (h : hasParent N i b) (hall : ∀ j0, nextR (A ++ N) i j0 (A.length + b) → A.length ≤ j0) : hasParent (A ++ N) i (A.length + b) ∧ parent (A ++ N) i (A.length + b) = A.length + parent N i b
L53Subst.lean:860	theorem comm_of_noRevive	theorem comm_of_noRevive {A N : TrioSeq} (n : ℕ) (hNne : N ≠ []) (hjNne : N.length - 1 ≠ 0) (hzN : ¬(entry N 0 (N.length - 1) = 0 ∧ entry N 1 (N.length - 1) = 0 ∧ entry N 2 (N.length - 1) = 0)) (hparN : hasParent N (srow N (N.length - 1)) (N.length - 1)) (hall : ∀ j0, nextR (A ++ N) (srow N (N.lengt …
L53Subst.lean:890	theorem noRevive_of_hasParent	theorem noRevive_of_hasParent {A N : TrioSeq} {i b : ℕ} (h : hasParent N i b) {j0 : ℕ} (hj0 : nextR (A ++ N) i j0 (A.length + b)) : A.length ≤ j0
L53Subst.lean:914	def HasParentInBlock	def HasParentInBlock (N : TrioSeq) : Prop
L53Subst.lean:922	theorem comm_of_hasParentInBlock	theorem comm_of_hasParentInBlock {A N : TrioSeq} (n : ℕ) (hNne : N ≠ []) (hjNne : N.length - 1 ≠ 0) (hzN : ¬(entry N 0 (N.length - 1) = 0 ∧ entry N 1 (N.length - 1) = 0 ∧ entry N 2 (N.length - 1) = 0)) (hblk : HasParentInBlock N) : (A ++ N)⟦n⟧ = A ++ N⟦n⟧
L53Subst.lean:937	def ReviveBounded	def ReviveBounded (k : ℕ) : Prop
L53Subst.lean:956	theorem split_lastMin	theorem split_lastMin : ∀ {M : TrioSeq}, M ≠ [] → ∃ A P, M = A ++ P ∧ P ≠ [] ∧ rsum A P ∧ (∀ p ∈ P.tail, entry P 0 0 < p.1)
L53Subst.lean:1025	theorem tree_shift3	theorem tree_shift3 {p0 : ℕ × ℕ × ℕ} {R : TrioSeq} (h : ∀ q ∈ R, p0.1 ≤ q.1) : shiftr01 p0.1 0 (((0, p0.2.1, p0.2.2) : ℕ × ℕ × ℕ) :: R.map fun q => ((q.1 - p0.1, q.2.1, q.2.2) : ℕ × ℕ × ℕ)) = p0 :: R
L53Subst.lean:1044	theorem argOK_normalize	theorem argOK_normalize {p0 : ℕ × ℕ × ℕ} {R : TrioSeq} (h : ∀ q ∈ R, p0.1 < q.1) : argOK (R.map fun q => ((q.1 - p0.1, q.2.1, q.2.2) : ℕ × ℕ × ℕ))
L53Subst.lean:1061	def Wstar3	def Wstar3 : Set TrioSeq
L53Subst.lean:1086	def TowerOK	def TowerOK : Prop
L53Subst.lean:1114	def TowerOK1	def TowerOK1 : Prop
L53Subst.lean:1122	def TowerOK2	def TowerOK2 : Prop
L53Subst.lean:1129	theorem srow_le_two	theorem srow_le_two (M : TrioSeq) (j : ℕ) : srow M j ≤ 2
L53Subst.lean:1136	theorem towerOK_of_split	theorem towerOK_of_split (h1 : TowerOK1) (h2 : TowerOK2) (h0 : ∀ (R : TrioSeq), R ≠ [] → (∃ m, domT R m) → srow R (R.length - 1) ≠ 0) : TowerOK
L53Subst.lean:1163	theorem towerOK1_of_clause3	theorem towerOK1_of_clause3 {v z a m : ℕ} {R : TrioSeq} (hR : argOK R) (hRne : R ≠ []) (hz1 : z ≤ 1) (hva : 2 * v + z ≤ a) (hd : domT R m) (hgr3 : ∀ y ∈ W m, based y → graft R y ∈ Wstar) (hi1 : srow R (R.length - 1) = 1) (hpM : hasParent (((0, v, z) : ℕ × ℕ × ℕ) :: R) (srow R (R.length - 1)) R.lengt …
L53Subst.lean:1208	def LiftNoCost	def LiftNoCost : Prop
L53Subst.lean:1218	def TieFree	def TieFree (X)
L53Subst.lean:1219	theorem coneV_of_le1	theorem coneV_of_le1 (hv : 1 ≤ entry X 1 0) : le1 X 0 j → coneV X (...) j -- **無条件** ``` `Lift1 X d` … 根の **`le1` 錐**（行 1 の木の子孫）で行 1 を `d` 上げる `mlift X v0 d` … **`coneV` 錐**（行 0 祖先が全部行 1 で `v0` 超）で上げる `TieFree` … その 2 つが**一致**すること（片側 `le1 ⊆ coneV` は無条件で成立）
L53Subst.lean:1281	def Row1Down	def Row1Down : Prop
L53Subst.lean:1367	theorem srow_two_row2_pos	theorem srow_two_row2_pos {M : TrioSeq} {j : ℕ} (h : srow M j = 2) : 0 < entry M 2 j
L53Subst.lean:1375	theorem tower2_stage_fits	theorem tower2_stage_fits {v z m : ℕ} {R : TrioSeq} (hz0 : z = 0) (hd : domT R m) (hi2 : srow R (R.length - 1) = 2) (hvw : v ≤ entry R 1 (R.length - 1)) : 2 * (v + (entry R 1 (R.length - 1) - v)) + z ≤ m
L53Subst.lean:1385	theorem tower2_stage_fails	theorem tower2_stage_fails {v m : ℕ} {R : TrioSeq} (hd : domT R m) (hz' : entry R 2 (R.length - 1) ≤ 1) (hvw : v ≤ entry R 1 (R.length - 1)) : ¬ (2 * (v + (entry R 1 (R.length - 1) - v)) + 1 ≤ m)
L53Subst.lean:1410	theorem tower2_deficit_one	theorem tower2_deficit_one {v m : ℕ} {R : TrioSeq} (hd : domT R m) (hz' : entry R 2 (R.length - 1) = 1) (hvw : v ≤ entry R 1 (R.length - 1)) : 2 * (v + (entry R 1 (R.length - 1) - v)) + 1 = m + 1
L53Subst.lean:1419	theorem tower2_exact_z0	theorem tower2_exact_z0 {v m : ℕ} {R : TrioSeq} (hd : domT R m) (hz' : entry R 2 (R.length - 1) = 1) (hvw : v ≤ entry R 1 (R.length - 1)) : 2 * (v + (entry R 1 (R.length - 1) - v)) + 0 = m
L53Subst.lean:1450	theorem tower2_parent_ne_root	theorem tower2_parent_ne_root {v : ℕ} {R : TrioSeq} (hRne : R ≠ []) (hz' : entry R 2 (R.length - 1) = 1) {j0 : ℕ} (h : nextR (((0, v, 1) : ℕ × ℕ × ℕ) :: R) 2 j0 R.length) : j0 ≠ 0
L53Subst.lean:1473	theorem tower2_root_z_zero	theorem tower2_root_z_zero {v z : ℕ} {R : TrioSeq} (hRne : R ≠ []) (hz' : entry R 2 (R.length - 1) = 1) (h : nextR (((0, v, z) : ℕ × ℕ × ℕ) :: R) 2 0 R.length) : z = 0
L53Subst.lean:1486	theorem tower2_z_zero_of_parent	theorem tower2_z_zero_of_parent {v z : ℕ} {R : TrioSeq} (hRne : R ≠ []) (hz' : entry R 2 (R.length - 1) = 1) (hpar : hasParent (((0, v, z) : ℕ × ℕ × ℕ) :: R) 2 R.length) (hp0 : parent (((0, v, z) : ℕ × ℕ × ℕ) :: R) 2 R.length = 0) : z = 0
L53Subst.lean:1520	def TieSyn	def TieSyn : Prop
L53Subst.lean:1532	theorem tieSyn_holds	theorem tieSyn_holds : TieSyn
L53Subst.lean:1590	theorem liftStage_of_window	theorem liftStage_of_window (hX : X ∈ W m) (hr : ∀ l, 0 < l → l < X.length → entry X 0 0 < entry X 0 l) -- 行 0 で狭義最浅 (hw : ∀ l, 0 < l → l < X.length → entry X 1 0 < entry X 1 l) : -- **行 1 で狭義最小** Lift1 X d ∈ W (m + 2 * d) -- `Wtower2.lean:128` ```
L53Subst.lean:1604	theorem root_row0_min	theorem root_row0_min {v z : ℕ} {R : TrioSeq} (hargOK : argOK R) : ∀ l, 0 < l → l < (((0, v, z) : ℕ × ℕ × ℕ) :: R).length → entry (((0, v, z) : ℕ × ℕ × ℕ) :: R) 0 0 < entry (((0, v, z) : ℕ × ℕ × ℕ) :: R) 0 l
L53Subst.lean:1618	theorem liftStage_of_noTie_zero	theorem liftStage_of_noTie_zero {m d z : ℕ} {R : TrioSeq} (hargOK : argOK R) (hne : ∀ p ∈ R, p.2.1 ≠ 0) (hX : (((0, 0, z) : ℕ × ℕ × ℕ) :: R) ∈ W m) : Lift1 (((0, 0, z) : ℕ × ℕ × ℕ) :: R) d ∈ W (m + 2 * d)
L53Subst.lean:1654	theorem liftStage_of_noTie_pos	theorem liftStage_of_noTie_pos {m d v z : ℕ} {R : TrioSeq} (hv : 1 ≤ v) (hargOK : argOK R) (hne : ∀ p ∈ R, p.2.1 ≠ v) (hX : (((0, v, z) : ℕ × ℕ × ℕ) :: R) ∈ W m) : Lift1 (((0, v, z) : ℕ × ℕ × ℕ) :: R) d ∈ W (m + 2 * d)
L53Subst.lean:1665	theorem liftStage_of_noTie	theorem liftStage_of_noTie {m d v z : ℕ} {R : TrioSeq} (hargOK : argOK R) (hne : ∀ p ∈ R, p.2.1 ≠ v) (hX : (((0, v, z) : ℕ × ℕ × ℕ) :: R) ∈ W m) : Lift1 (((0, v, z) : ℕ × ℕ × ℕ) :: R) d ∈ W (m + 2 * d)
L53Subst.lean:1692	theorem split_lastTie	theorem split_lastTie {v : ℕ} : ∀ {R : TrioSeq}, (∃ p ∈ R, p.2.1 = v) → ∃ R₁ tie R₂, R = R₁ ++ [tie] ++ R₂ ∧ tie.2.1 = v ∧ (∀ p ∈ R₂, p.2.1 ≠ v)
L53Subst.lean:1720	theorem noTie_or_split	theorem noTie_or_split {v : ℕ} (R : TrioSeq) : (∀ p ∈ R, p.2.1 ≠ v) ∨ ∃ R₁ tie R₂, R = R₁ ++ [tie] ++ R₂ ∧ tie.2.1 = v ∧ (∀ p ∈ R₂, p.2.1 ≠ v)
L53Subst.lean:1767	theorem parent_is_root_of_domT	theorem parent_is_root_of_domT {v z m : ℕ} {R : TrioSeq} (hRne : R ≠ []) (hd : domT R m) (hpM : hasParent (((0, v, z) : ℕ × ℕ × ℕ) :: R) (srow R (R.length - 1)) R.length) : parent (((0, v, z) : ℕ × ℕ × ℕ) :: R) (srow R (R.length - 1)) R.length = 0
L53Subst.lean:1804	theorem based_Lift1	theorem based_Lift1 {X : TrioSeq} {d : ℕ} (h : based X) : based (Lift1 X d)
L53Subst.lean:1810	theorem based_cons_root	theorem based_cons_root (v z : ℕ) (R : TrioSeq) : based (((0, v, z) : ℕ × ℕ × ℕ) :: R)
L53Subst.lean:1815	theorem argOK_Lift1	theorem argOK_Lift1 {X : TrioSeq} {d : ℕ} (h : argOK X) : argOK (Lift1 X d)
L53Subst.lean:1831	theorem split_lastTie_len	theorem split_lastTie_len {R R₁ R₂ : TrioSeq} {tie : ℕ × ℕ × ℕ} (h : R = R₁ ++ [tie] ++ R₂) : R₁.length < R.length
L53Subst.lean:1859	theorem le1_zero_self	theorem le1_zero_self {X : TrioSeq} (h : X ≠ []) : le1 X 0 0
L53Subst.lean:1864	theorem entry1_Lift1_zero	theorem entry1_Lift1_zero {X : TrioSeq} (h : X ≠ []) (d : ℕ) : entry (Lift1 X d) 1 0 = entry X 1 0 + d
L53Subst.lean:1871	theorem liftStage_of_strict	theorem liftStage_of_strict {m d v z : ℕ} {R : TrioSeq} (hargOK : argOK R) (hstrict : ∀ p ∈ R, v < p.2.1) (hX : (((0, v, z) : ℕ × ℕ × ℕ) :: R) ∈ W m) : Lift1 (((0, v, z) : ℕ × ℕ × ℕ) :: R) d ∈ W (m + 2 * d)
L53Subst.lean:1886	theorem noTie_of_strict	theorem noTie_of_strict {v : ℕ} {R : TrioSeq} (h : ∀ p ∈ R, v < p.2.1) : ∀ p ∈ R, p.2.1 ≠ v
L53Subst.lean:1893	theorem srow_cons_last	theorem srow_cons_last {p : ℕ × ℕ × ℕ} {R : TrioSeq} (hRne : R ≠ []) : srow (p :: R) R.length = srow R (R.length - 1)
L53Subst.lean:1900	theorem oper_cons_zero	theorem oper_cons_zero {v z m : ℕ} {R : TrioSeq} (hR : argOK R) (hRne : R ≠ []) (hd : domT R m) (hpM : hasParent (((0, v, z) : ℕ × ℕ × ℕ) :: R) (srow R (R.length - 1)) R.length) : (((0, v, z) : ℕ × ℕ × ℕ) :: R)⟦0⟧ = []
L53Subst.lean:1930	theorem towerOK2_of_noTie	theorem towerOK2_of_noTie {v m : ℕ} {R : TrioSeq} (hR : argOK R) (hRne : R ≠ []) (hd : domT R m) (hi2 : srow R (R.length - 1) = 2) (hz' : entry R 2 (R.length - 1) = 1) (hvw : v ≤ entry R 1 (R.length - 1)) (hgr : ∀ y ∈ W m, based y → graft R y ∈ Wstar)
L53Subst.lean:1990	theorem split_last_pred	theorem split_last_pred {P : ℕ × ℕ × ℕ → Prop} [DecidablePred P] : ∀ {R : TrioSeq}, (∃ p ∈ R, P p) → ∃ R₁ q R₂, R = R₁ ++ [q] ++ R₂ ∧ P q ∧ (∀ p ∈ R₂, ¬ P p)
L53Subst.lean:2018	theorem split_lastLe	theorem split_lastLe {v : ℕ} {R : TrioSeq} (h : ∃ p ∈ R, p.2.1 ≤ v) : ∃ R₁ q R₂, R = R₁ ++ [q] ++ R₂ ∧ q.2.1 ≤ v ∧ (∀ p ∈ R₂, v < p.2.1)
L53Subst.lean:2025	theorem strict_or_split	theorem strict_or_split {v : ℕ} (R : TrioSeq) : (∀ p ∈ R, v < p.2.1) ∨ ∃ R₁ q R₂, R = R₁ ++ [q] ++ R₂ ∧ q.2.1 ≤ v ∧ (∀ p ∈ R₂, v < p.2.1)
L53Subst.lean:2038	theorem towerOK2_of_strict	theorem towerOK2_of_strict {v m : ℕ} {R : TrioSeq} (hR : argOK R) (hRne : R ≠ []) (hd : domT R m) (hi2 : srow R (R.length - 1) = 2) (hz' : entry R 2 (R.length - 1) = 1) (hvw : v ≤ entry R 1 (R.length - 1)) (hgr : ∀ y ∈ W m, based y → graft R y ∈ Wstar)
L53Subst.lean:2100	def Strict	def Strict (v : ℕ) (R : TrioSeq) : Prop
L53Subst.lean:2102	theorem strict_dropLast	theorem strict_dropLast {v : ℕ} {R : TrioSeq} (h : Strict v R) : Strict v R.dropLast
L53Subst.lean:2106	theorem strict_graft	theorem strict_graft {v : ℕ} {R y : TrioSeq} (hR : Strict v R.dropLast) (hy : Strict v y) : Strict v (graft R y)
L53Subst.lean:2117	theorem strict_Lift1_cons	theorem strict_Lift1_cons {v z d : ℕ} {R : TrioSeq} (hd : 0 < d) (hR : Strict v R) : Strict v (Lift1 (((0, v, z) : ℕ × ℕ × ℕ) :: R) d)
L53Subst.lean:2140	theorem strict_step	theorem strict_step {v z d : ℕ} {R Rn : TrioSeq} (hd : 0 < d) (hR : Strict v R) (hRn : Strict v Rn) : Strict v (graft R (Lift1 (((0, v, z) : ℕ × ℕ × ℕ) :: Rn) d))
L53Subst.lean:2147	theorem strict_prop	theorem strict_prop {v m : ℕ} {R : TrioSeq} (hR : argOK R) (hRne : R ≠ []) (hd : domT R m) (hi2 : srow R (R.length - 1) = 2) (hst : Strict v R) (hpM : hasParent (((0, v, 0) : ℕ × ℕ × ℕ) :: R) (srow R (R.length - 1)) R.length) : ∀ n : ℕ,
L53Subst.lean:2175	theorem towerOK2_of_strict'	theorem towerOK2_of_strict' {v m : ℕ} {R : TrioSeq} (hR : argOK R) (hRne : R ≠ []) (hd : domT R m) (hi2 : srow R (R.length - 1) = 2) (hz' : entry R 2 (R.length - 1) = 1) (hst : Strict v R) (hgr : ∀ y ∈ W m, based y → graft R y ∈ Wstar)
L53Subst.lean:2204	theorem rtg1_entry1_mono	theorem rtg1_entry1_mono {X : TrioSeq} {i j : ℕ} (h : Relation.ReflTransGen (nextrel1 X) i j) : entry X 1 i ≤ entry X 1 j
L53Subst.lean:2212	theorem le1_entry1_lt	theorem le1_entry1_lt {X : TrioSeq} {i j : ℕ} (h : le1 X i j) (hne : i ≠ j) : entry X 1 i < entry X 1 j
L53Subst.lean:2220	theorem lift1_untouched_of_le	theorem lift1_untouched_of_le {X : TrioSeq} {j : ℕ} (hj : j ≠ 0) (h : entry X 1 j ≤ entry X 1 0) : ¬ le1 X 0 j
L53Subst.lean:2228	theorem entry1_Lift1_untouched	theorem entry1_Lift1_untouched {X : TrioSeq} {d j : ℕ} (hj : j ≠ 0) (hlt : j < X.length) (h : entry X 1 j ≤ entry X 1 0) : entry (Lift1 X d) 1 j = entry X 1 j
L53Subst.lean:2236	def NoTie	def NoTie (v : ℕ) (R : TrioSeq) : Prop
L53Subst.lean:2238	theorem noTie_dropLast	theorem noTie_dropLast {v : ℕ} {R : TrioSeq} (h : NoTie v R) : NoTie v R.dropLast
L53Subst.lean:2241	theorem noTie_graft	theorem noTie_graft {v : ℕ} {R y : TrioSeq} (hR : NoTie v R.dropLast) (hy : NoTie v y) : NoTie v (graft R y)
L53Subst.lean:2252	theorem noTie_Lift1_cons	theorem noTie_Lift1_cons {v z d : ℕ} {R : TrioSeq} (hd : 0 < d) (hR : NoTie v R) : NoTie v (Lift1 (((0, v, z) : ℕ × ℕ × ℕ) :: R) d)
L53Subst.lean:2281	theorem noTie_step	theorem noTie_step {v z d : ℕ} {R Rn : TrioSeq} (hd : 0 < d) (hR : NoTie v R) (hRn : NoTie v Rn) : NoTie v (graft R (Lift1 (((0, v, z) : ℕ × ℕ × ℕ) :: Rn) d))
L53Subst.lean:2288	theorem noTie_prop	theorem noTie_prop {v m : ℕ} {R : TrioSeq} (hR : argOK R) (hRne : R ≠ []) (hd : domT R m) (hi2 : srow R (R.length - 1) = 2) (hnt : NoTie v R) (hvw : v ≤ entry R 1 (R.length - 1)) (hpM : hasParent (((0, v, 0) : ℕ × ℕ × ℕ) :: R) (srow R (R.length - 1)) R.length) :
L53Subst.lean:2317	theorem towerOK2_of_noTie'	theorem towerOK2_of_noTie' {v m : ℕ} {R : TrioSeq} (hR : argOK R) (hRne : R ≠ []) (hd : domT R m) (hi2 : srow R (R.length - 1) = 2) (hz' : entry R 2 (R.length - 1) = 1) (hvw : v ≤ entry R 1 (R.length - 1)) (hnt : NoTie v R)
L53Subst.lean:2337	def LiftTie	def LiftTie : Prop
L53Subst.lean:2344	theorem liftStage_cons	theorem liftStage_cons (h : LiftTie) {m d v z : ℕ} {R : TrioSeq} (hargOK : argOK R) (hX : (((0, v, z) : ℕ × ℕ × ℕ) :: R) ∈ W m) : Lift1 (((0, v, z) : ℕ × ℕ × ℕ) :: R) d ∈ W (m + 2 * d)
L53Subst.lean:2352	theorem liftTie_of_liftStage	theorem liftTie_of_liftStage (h : LiftStage) : LiftTie
L53Subst.lean:2356	theorem liftTie_of_row1mono	theorem liftTie_of_row1mono (h : Row1Mono) : LiftTie
L53Subst.lean:2363	theorem tower2_root_spec	theorem tower2_root_spec {v z m : ℕ} {R : TrioSeq} (hRne : R ≠ []) (hd : domT R m) (hi2 : srow R (R.length - 1) = 2) (hpM : hasParent (((0, v, z) : ℕ × ℕ × ℕ) :: R) (srow R (R.length - 1)) R.length) : nextrel2 (((0, v, z) : ℕ × ℕ × ℕ) :: R) 0 R.length
L53Subst.lean:2380	theorem tower2_zr	theorem tower2_zr {v z m : ℕ} {R : TrioSeq} (hRne : R ≠ []) (hd : domT R m) (hi2 : srow R (R.length - 1) = 2) (hpM : hasParent (((0, v, z) : ℕ × ℕ × ℕ) :: R) (srow R (R.length - 1)) R.length) : z < entry R 2 (R.length - 1)
L53Subst.lean:2392	theorem tower2_vw	theorem tower2_vw {v z m : ℕ} {R : TrioSeq} (hRne : R ≠ []) (hd : domT R m) (hi2 : srow R (R.length - 1) = 2) (hpM : hasParent (((0, v, z) : ℕ × ℕ × ℕ) :: R) (srow R (R.length - 1)) R.length) : v < entry R 1 (R.length - 1)
L53Subst.lean:2406	theorem tower2_stage_fits'	theorem tower2_stage_fits' {v z m : ℕ} {R : TrioSeq} (hd : domT R m) (hzr : z < entry R 2 (R.length - 1)) (hvw : v ≤ entry R 1 (R.length - 1)) : 2 * v + z + 2 * (entry R 1 (R.length - 1) - v) ≤ m
L53Subst.lean:2414	theorem srow_ne_zero_of_domT	theorem srow_ne_zero_of_domT (R : TrioSeq) (hRne : R ≠ []) (hdom : ∃ m, domT R m) : srow R (R.length - 1) ≠ 0
L53Subst.lean:2432	theorem towerOK2_of_clause3	theorem towerOK2_of_clause3 {v z a m : ℕ} {R : TrioSeq} (hlt : LiftTie) (hR : argOK R) (hRne : R ≠ []) (hd : domT R m) (hi2 : srow R (R.length - 1) = 2) (hz1 : z ≤ 1) (hva : 2 * v + z ≤ a) (hgr : ∀ y ∈ W m, based y → graft R y ∈ Wstar) (hpM : hasParent (((0, v, z) : ℕ × ℕ × ℕ) :: R) (srow R (R.lengt …
L53Subst.lean:2481	theorem towerGraft2_of_liftTie	theorem towerGraft2_of_liftTie (hlt : LiftTie) : TowerGraft2
L53Subst.lean:2488	theorem towerOK_of_liftTie	theorem towerOK_of_liftTie (hlt : LiftTie) (he : TowerExp) : TowerOK
L53Subst.lean:2506	theorem TRIO_terminates_of_liftTie	theorem TRIO_terminates_of_liftTie (hlt : L53.LiftTie) (he : Wset.TowerExp) : WellFounded stepRel
L53Subst.lean:2528	theorem coneV_out	theorem coneV_out {X : TrioSeq} {w j : ℕ} (hj : X.length ≤ j) : ¬ coneV X w j
L53Subst.lean:2535	theorem le1_out	theorem le1_out {X : TrioSeq} {j : ℕ} (hj : X.length ≤ j) : ¬ le1 X 0 j
L53Subst.lean:2541	theorem entry1_mlift_eq_Lift1	theorem entry1_mlift_eq_Lift1 {X : TrioSeq} (hv : 1 ≤ entry X 1 0) (d j : ℕ) : entry (mlift X (entry X 1 0 - 1) d) 1 j = entry (Lift1 X d) 1 j + (if coneV X (entry X 1 0 - 1) j ∧ ¬ le1 X 0 j then d else 0)
L53Subst.lean:2558	theorem Lift1_le_mlift	theorem Lift1_le_mlift {X : TrioSeq} (hv : 1 ≤ entry X 1 0) (d : ℕ) : (Lift1 X d).length = (mlift X (entry X 1 0 - 1) d).length ∧ (∀ j, entry (Lift1 X d) 0 j = entry (mlift X (entry X 1 0 - 1) d) 0 j) ∧ (∀ j, entry (Lift1 X d) 2 j = entry (mlift X (entry X 1 0 - 1) d) 2 j) ∧ (∀ j, entry (Lift1 X d)  …
L53Subst.lean:2574	def Row1DownLocal	def Row1DownLocal : Prop
L53Subst.lean:2579	def Row1DownRoot0	def Row1DownRoot0 : Prop
L53Subst.lean:2584	theorem liftStage_of_row1down	theorem liftStage_of_row1down (h1 : Row1DownLocal) (h0 : Row1DownRoot0) : LiftStage
L53Subst.lean:2592	theorem liftTie_of_row1down	theorem liftTie_of_row1down (h1 : Row1DownLocal) (h0 : Row1DownRoot0) : LiftTie
L53Subst.lean:2596	theorem row1DownLocal_of_row1mono	theorem row1DownLocal_of_row1mono (h : Row1Mono) : Row1DownLocal
L53Subst.lean:2601	theorem row1DownRoot0_of_row1mono	theorem row1DownRoot0_of_row1mono (h : Row1Mono) : Row1DownRoot0
L53Subst.lean:2615	theorem liftTie_case_tieFree	theorem liftTie_case_tieFree {m d : ℕ} {X : TrioSeq} (hX : X ∈ W m) (hv : 1 ≤ entry X 1 0) (h : TieFree X) : Lift1 X d ∈ W (m + 2 * d)
L53Subst.lean:2637	theorem exp_gives_dropLast	theorem exp_gives_dropLast {m : ℕ} {R : TrioSeq} (hL : 1 < R.length) (hd : domT R m) (hop : ∀ n, 1 ≤ n → R⟦n⟧ ∈ Wstar) : R.dropLast ∈ Wstar
L53Subst.lean:2644	def GraftFromExp	def GraftFromExp : Prop
L53Subst.lean:2652	theorem towerExp_of_graftFromExp	theorem towerExp_of_graftFromExp (h2 : TowerGraft2) (hg : GraftFromExp) : TowerExp
L53Subst.lean:2669	theorem towerOK_of_liftTie_graft	theorem towerOK_of_liftTie_graft (hlt : LiftTie) (hg : GraftFromExp) : TowerOK
L53Subst.lean:2699	def coneVR	def coneVR (X : TrioSeq) (w j : ℕ) : Prop
L53Subst.lean:2702	theorem coneVR_zero	theorem coneVR_zero (X : TrioSeq) (w : ℕ) : coneVR X w 0
L53Subst.lean:2708	theorem coneV_iff_coneVR	theorem coneV_iff_coneVR {X : TrioSeq} {w j : ℕ} (hw : w < entry X 1 0) : coneV X w j ↔ coneVR X w j
L53Subst.lean:2726	theorem Lift1_eq_mliftR	theorem Lift1_eq_mliftR {X : TrioSeq} (hr : ∀ l, 0 < l → l < X.length → entry X 0 0 < entry X 0 l) (d : ℕ) : Lift1 X d = mliftR X (entry X 1 0) d
L53Subst.lean:2745	theorem mlift_eq_mliftR	theorem mlift_eq_mliftR {X : TrioSeq} {w : ℕ} (hw : w < entry X 1 0) (d : ℕ) : mlift X w d = mliftR X w d
L53Subst.lean:2758	theorem mliftR_mem_W_of_lt	theorem mliftR_mem_W_of_lt {m w d : ℕ} {X : TrioSeq} (hw : w < entry X 1 0) (hX : X ∈ W m) : mliftR X w d ∈ W (m + 2 * d)
L53Subst.lean:2765	def MliftR	def MliftR : Prop
L53Subst.lean:2769	theorem liftTie_of_mliftR	theorem liftTie_of_mliftR (h : MliftR) : LiftTie
L53Subst.lean:2775	theorem liftStage_cons_of_mliftR	theorem liftStage_cons_of_mliftR (h : MliftR) {m d v z : ℕ} {R : TrioSeq} (hargOK : argOK R) (hX : (((0, v, z) : ℕ × ℕ × ℕ) :: R) ∈ W m) : Lift1 (((0, v, z) : ℕ × ℕ × ℕ) :: R) d ∈ W (m + 2 * d)
L53Subst.lean:2782	theorem towerOK_of_mliftR_graft	theorem towerOK_of_mliftR_graft (h : MliftR) (hg : GraftFromExp) : TowerOK
L53Subst.lean:2807	theorem aminR_le	theorem aminR_le {X : TrioSeq} {j y : ℕ} (hy0 : y ≠ 0) (h : Relation.ReflTransGen (nextrel0 X) y j) : aminR X j ≤ entry X 1 y
L53Subst.lean:2811	theorem aminR_mem	theorem aminR_mem {X : TrioSeq} {j : ℕ} (hj : j ≠ 0) : ∃ y, y ≠ 0 ∧ Relation.ReflTransGen (nextrel0 X) y j ∧ entry X 1 y = aminR X j
L53Subst.lean:2819	theorem coneVR_iff_aminR	theorem coneVR_iff_aminR {X : TrioSeq} {w j : ℕ} (hj : j ≠ 0) : coneVR X w j ↔ w < aminR X j
L53Subst.lean:2828	theorem amin_le_aminR	theorem amin_le_aminR {X : TrioSeq} {j : ℕ} (hj : j ≠ 0) : amin X j ≤ aminR X j
L53Subst.lean:2833	theorem amin_le_root	theorem amin_le_root {X : TrioSeq} (hr : ∀ l, 0 < l → l < X.length → entry X 0 0 < entry X 0 l) {j : ℕ} (hj : j < X.length) : amin X j ≤ entry X 1 0
L53Subst.lean:2839	theorem coneV_root_vacuous	theorem coneV_root_vacuous {X : TrioSeq} (hr : ∀ l, 0 < l → l < X.length → entry X 0 0 < entry X 0 l) {j : ℕ} (hj : j < X.length) : ¬ coneV X (entry X 1 0) j
L53Subst.lean:2848	theorem mlift_root_eq_self	theorem mlift_root_eq_self {X : TrioSeq} (hr : ∀ l, 0 < l → l < X.length → entry X 0 0 < entry X 0 l) (d : ℕ) : mlift X (entry X 1 0) d = X
L53Subst.lean:2861	theorem amin_eq_min_root	theorem amin_eq_min_root {X : TrioSeq} (hr : ∀ l, 0 < l → l < X.length → entry X 0 0 < entry X 0 l) {j : ℕ} (hj0 : j ≠ 0) (hj : j < X.length) : amin X j = min (entry X 1 0) (aminR X j)
L53Subst.lean:2874	def AminROper	def AminROper : Prop
L53Subst.lean:2900	theorem not_rsum_cons_root	theorem not_rsum_cons_root {v z : ℕ} {A B : TrioSeq} (hB : argOK B) (hBne : B ≠ []) : ¬ rsum (((0, v, z) : ℕ × ℕ × ℕ) :: A) B
L53Subst.lean:2916	theorem rsum_graft_iff	theorem rsum_graft_iff {R y : TrioSeq} (hb : based y) (hyne : y ≠ []) : rsum R.dropLast (y.map fun p => ((p.1 + entry R 0 (R.length - 1), p.2.1, p.2.2) : ℕ × ℕ × ℕ)) ↔ ∀ p ∈ R.dropLast, entry R 0 (R.length - 1) ≤ p.1
L53Subst.lean:2946	def WstarCat	def WstarCat : Prop
L53Subst.lean:2950	theorem wstarCat_nil	theorem wstarCat_nil (A : TrioSeq) (hA : A ∈ Wstar) : A ++ ([] : TrioSeq) ∈ Wstar
L53Subst.lean:2996	theorem lev_cons_root	theorem lev_cons_root (v z : ℕ) (R : TrioSeq) : lev (((0, v, z) : ℕ × ℕ × ℕ) :: R) 0 = 2 * v + z
L53Subst.lean:3001	theorem Wstar_iff_Wself	theorem Wstar_iff_Wself {R : TrioSeq} : R ∈ Wstar ↔ (argOK R → ∀ v z : ℕ, z ≤ 1 → (((0, v, z) : ℕ × ℕ × ℕ) :: R) ∈ Wself)
L53Subst.lean:3018	def WstarSnoc	def WstarSnoc : Prop
L53Subst.lean:3022	theorem cons_dropLast_getLast	theorem cons_dropLast_getLast {v z : ℕ} {R : TrioSeq} (hRne : R ≠ []) : ((((0, v, z) : ℕ × ℕ × ℕ) :: R.dropLast) ++ [R.getLast hRne]) = ((0, v, z) : ℕ × ℕ × ℕ) :: R
L53Subst.lean:3028	theorem wstarSnoc_orphan	theorem wstarSnoc_orphan {v z : ℕ} {R : TrioSeq} (hRne : R ≠ []) (hd : R.dropLast ∈ Wstar) (harg : argOK R) (hz : z ≤ 1) (hnp : ¬ hasParent (((0, v, z) : ℕ × ℕ × ℕ) :: R) (srow (((0, v, z) : ℕ × ℕ × ℕ) :: R) ((((0, v, z) : ℕ × ℕ × ℕ) :: R).length - 1)) ((((0, v, z) : ℕ × ℕ × ℕ) :: R).length - 1)) :
L53Subst.lean:3043	theorem wstarSnoc_of_wsnoc	theorem wstarSnoc_of_wsnoc (hsn : WSnoc) : WstarSnoc
L53Subst.lean:3060	theorem wstarSnoc_zeroRow2	theorem wstarSnoc_zeroRow2 {v z : ℕ} {R : TrioSeq} (hRne : R ≠ []) (hz2 : ∀ p ∈ (((0, v, z) : ℕ × ℕ × ℕ) :: R.dropLast), p.2.2 = 0) : (((0, v, z) : ℕ × ℕ × ℕ) :: R) ∈ Wself
L53Subst.lean:3084	theorem graft_cons_mem_of_revive	theorem graft_cons_mem_of_revive (hrev : Subst1gRevive) {v z m : ℕ} {R y : TrioSeq} (hRne : R ≠ []) (hd : domT R m) (hWR : R ∈ Wstar) (hR : argOK R) (hz : z ≤ 1) (hy : y ∈ W m) (hb : based y) (hyne : y ≠ []) (hpar : hasParent (((0, v, z) : ℕ × ℕ × ℕ) :: graft R y) (srow (((0, v, z) : ℕ × ℕ × ℕ) :: g …
L53Subst.lean:3170	def LiftStage1	def LiftStage1 : Prop
L53Subst.lean:3174	theorem liftStage_of_unit	theorem liftStage_of_unit (h : LiftStage1) : LiftStage
L53Subst.lean:3186	theorem liftStage1_of_liftStage	theorem liftStage1_of_liftStage (h : LiftStage) : LiftStage1
L53Subst.lean:3189	theorem liftStage_iff_unit	theorem liftStage_iff_unit : LiftStage ↔ LiftStage1
L53Subst.lean:3193	theorem liftTie_of_unit	theorem liftTie_of_unit (h : LiftStage1) : LiftTie
L53Subst.lean:3196	theorem towerOK_of_unit_graft	theorem towerOK_of_unit_graft (h : LiftStage1) (hg : GraftFromExp) : TowerOK
L53Subst.lean:3200	theorem sandwich_window_one	theorem sandwich_window_one (Y : TrioSeq) (j : ℕ) : entry (shiftr01 0 1 Y) 1 j ≤ entry (Lift1 Y 1) 1 j + 1
L53Subst.lean:3211	def WConvex1	def WConvex1 : Prop
L53Subst.lean:3215	theorem wconvex1_of_wconvex	theorem wconvex1_of_wconvex (h : WConvex) : WConvex1
L53Subst.lean:3230	theorem lift1_mem_of_wconvex1	theorem lift1_mem_of_wconvex1 (hconv : WConvex1) {m : ℕ} {Y : TrioSeq} (hop : ∀ n, 1 ≤ n → Y⟦n⟧ ∈ W m ∧ Lift1 (Y⟦n⟧) 1 ∈ W (m + 2 * 1)) : Lift1 Y 1 ∈ W (m + 2 * 1)
L53Subst.lean:3240	theorem liftStage1_of_wconvex1	theorem liftStage1_of_wconvex1 (hconv : WConvex1) : LiftStage1
L53Subst.lean:3279	theorem liftStage_of_wconvex1	theorem liftStage_of_wconvex1 (hconv : WConvex1) : LiftStage
L53Subst.lean:3282	theorem liftTie_of_wconvex1	theorem liftTie_of_wconvex1 (hconv : WConvex1) : LiftTie
L53Subst.lean:3286	theorem towerOK_of_wconvex1_graft	theorem towerOK_of_wconvex1_graft (hconv : WConvex1) (hg : GraftFromExp) : TowerOK
L53Subst.lean:3308	theorem not_hasParent_zero	theorem not_hasParent_zero (M : TrioSeq) (i : ℕ) : ¬ hasParent M i 0
L53Subst.lean:3314	def lowerOne	def lowerOne (S : TrioSeq) (p : ℕ) : TrioSeq
L53Subst.lean:3319	theorem lowerOne_of_revive	theorem lowerOne_of_revive (hrev : Subst1gRevive) {u p : ℕ} {S : TrioSeq} (hS : S ∈ W u) (hp : p < S.length) (hpar : hasParent (lowerOne S p) (srow (lowerOne S p) ((lowerOne S p).length - 1)) ((lowerOne S p).length - 1)) (hdisj : S.drop (p + 1) = [] ∨
L53Subst.lean:3356	theorem lowerLast_of_revive	theorem lowerLast_of_revive (hrev : Subst1gRevive) {u : ℕ} {S : TrioSeq} (hSne : S ≠ []) (hS : S ∈ W u) (hpar : hasParent (lowerOne S (S.length - 1)) (srow (lowerOne S (S.length - 1)) ((lowerOne S (S.length - 1)).length - 1)) ((lowerOne S (S.length - 1)).length - 1)) : lowerOne S (S.length - 1) ∈ W  …
L53Subst.lean:3367	theorem lowerOne_last_eq	theorem lowerOne_last_eq {S : TrioSeq} (hSne : S ≠ []) : lowerOne S (S.length - 1) = S.dropLast ++ [((entry S 0 (S.length - 1), entry S 1 (S.length - 1) - 1, entry S 2 (S.length - 1)) : ℕ × ℕ × ℕ)]
L53Subst.lean:3399	theorem liftStage_of_wsnoc	theorem liftStage_of_wsnoc (hsn : WSnoc) : LiftStage
L53Subst.lean:3404	theorem liftTie_of_wsnoc	theorem liftTie_of_wsnoc (hsn : WSnoc) : LiftTie
L53Subst.lean:3408	theorem towerOK_of_wsnoc_graft	theorem towerOK_of_wsnoc_graft (hsn : WSnoc) (hg : GraftFromExp) : TowerOK
L53Subst.lean:3416	def WSnoc	def WSnoc : Prop
L53Subst.lean:3453	def lowerAt	def lowerAt (C : TrioSeq) (j0 : ℕ) : TrioSeq
L53Subst.lean:3461	theorem lowerAt_getD	theorem lowerAt_getD {C : TrioSeq} {j0 i : ℕ} (hi : i < C.length) : (lowerAt C j0).getD i (0, 0, 0) = ((entry C 0 i, entry C 1 i - (if i = j0 then 1 else 0), entry C 2 i) : ℕ × ℕ × ℕ)
L53Subst.lean:3471	theorem entry0_lowerAt	theorem entry0_lowerAt (C : TrioSeq) (j0 i : ℕ) : entry (lowerAt C j0) 0 i = entry C 0 i
L53Subst.lean:3478	theorem entry2_lowerAt	theorem entry2_lowerAt (C : TrioSeq) (j0 i : ℕ) : entry (lowerAt C j0) 2 i = entry C 2 i
L53Subst.lean:3485	theorem entry1_lowerAt	theorem entry1_lowerAt {C : TrioSeq} {j0 i : ℕ} (hi : i < C.length) : entry (lowerAt C j0) 1 i = entry C 1 i - (if i = j0 then 1 else 0)
L53Subst.lean:3490	theorem entry1_lowerAt_le	theorem entry1_lowerAt_le (C : TrioSeq) (j0 i : ℕ) : entry (lowerAt C j0) 1 i ≤ entry C 1 i
L53Subst.lean:3497	theorem eq_of_entries	theorem eq_of_entries {A B : TrioSeq} (hl : A.length = B.length) (h0 : ∀ j, entry A 0 j = entry B 0 j) (h1 : ∀ j, entry A 1 j = entry B 1 j) (h2 : ∀ j, entry A 2 j = entry B 2 j) : A = B
L53Subst.lean:3505	def WConvexUnit	def WConvexUnit : Prop
L53Subst.lean:3514	theorem wconvex1_of_unit	theorem wconvex1_of_unit (h : WConvexUnit) : WConvex1
L53Subst.lean:3599	def PrefixCopies	def PrefixCopies : Prop
L53Subst.lean:3605	theorem prefixCopies_nil	theorem prefixCopies_nil {u n : ℕ} {Q : TrioSeq} (hQ : Q ∈ W u) (hQr : ∀ q ∈ Q, entry Q 0 0 ≤ q.1) : ([] : TrioSeq) ++ ((List.range n).flatMap fun _ => Q) ∈ W u
L53Subst.lean:3621	theorem entry_snoc_left	theorem entry_snoc_left {C : TrioSeq} {p : ℕ × ℕ × ℕ} {i j : ℕ} (hj : j < C.length) : entry (C ++ [p]) i j = entry C i j
L53Subst.lean:3628	theorem oper_snoc_srow0	theorem oper_snoc_srow0 {C : TrioSeq} {p : ℕ × ℕ × ℕ} {j0 : ℕ} (hCne : C ≠ []) (hz : ¬(entry (C ++ [p]) 0 C.length = 0 ∧ entry (C ++ [p]) 1 C.length = 0 ∧ entry (C ++ [p]) 2 C.length = 0)) (hsr : srow (C ++ [p]) C.length = 0) (hpar : hasParent (C ++ [p]) (srow (C ++ [p]) C.length) C.length) (hj0 : j …
L53Subst.lean:3670	theorem wsnoc_srow0_of_prefixCopies	theorem wsnoc_srow0_of_prefixCopies (h : PrefixCopies) {u : ℕ} {C : TrioSeq} {p : ℕ × ℕ × ℕ} (hC : C ∈ W u) (hCne : C ≠ []) (hsr : srow (C ++ [p]) C.length = 0) (hpar : hasParent (C ++ [p]) (srow (C ++ [p]) C.length) C.length) : C ++ [p] ∈ W u
L53Subst.lean:3727	def WSnocOpen1	def WSnocOpen1 : Prop
L53Subst.lean:3734	theorem wsnoc_of_prefixCopies	theorem wsnoc_of_prefixCopies (hpc : PrefixCopies) (h : WSnocOpen1) : WSnoc
L53Subst.lean:3754	theorem towerOK_of_prefixCopies	theorem towerOK_of_prefixCopies (hpc : PrefixCopies) (h : WSnocOpen1) (hg : GraftFromExp) : TowerOK
L53Subst.lean:3779	theorem prefixCopies_of_rsum	theorem prefixCopies_of_rsum {u : ℕ} {A Q : TrioSeq} (hA : A ∈ W u) (hQ : Q ∈ W u) (hQr : ∀ q ∈ Q, entry Q 0 0 ≤ q.1) (hAr : ∀ q ∈ A, entry Q 0 0 ≤ q.1) : ∀ n : ℕ, A ++ ((List.range n).flatMap fun _ => Q) ∈ W u
L53Subst.lean:3803	def PrefixCopiesOpen	def PrefixCopiesOpen : Prop
L53Subst.lean:3809	theorem prefixCopies_of_open	theorem prefixCopies_of_open (h : PrefixCopiesOpen) {u : ℕ} {A Q : TrioSeq} (hA : A ∈ W u) (hQ : Q ∈ W u) (hQr : ∀ q ∈ Q, entry Q 0 0 ≤ q.1) (n : ℕ) : A ++ ((List.range n).flatMap fun _ => Q) ∈ W u
L53Subst.lean:3836	theorem rtg0_entry0_mono	theorem rtg0_entry0_mono {M : TrioSeq} {a b : ℕ} (h : Relation.ReflTransGen (nextrel0 M) a b) : entry M 0 a ≤ entry M 0 b
L53Subst.lean:3843	theorem rtg0_zero_window	theorem rtg0_zero_window {M : TrioSeq} {j1 : ℕ} (h : Relation.ReflTransGen (nextrel0 M) 0 j1) : ∀ j, 0 < j → j < j1 → entry M 0 0 < entry M 0 j
L53Subst.lean:3861	theorem rtg0_of_nextR	theorem rtg0_of_nextR {M : TrioSeq} {i a b : ℕ} (h : nextR M i a b) : Relation.ReflTransGen (nextrel0 M) a b
L53Subst.lean:3873	theorem badroot_zero_window	theorem badroot_zero_window {M : TrioSeq} {i j1 : ℕ} (hpar : hasParent M i j1) (hj0 : parent M i j1 = 0) : ∀ j, 0 < j → j < j1 → entry M 0 0 < entry M 0 j
L53Subst.lean:3979	theorem natDom_no_tower_branch	theorem natDom_no_tower_branch {R : TrioSeq} (hnat : natDom R) (hp : ¬ hasParent R (srow R (R.length - 1)) (R.length - 1)) (hw : lev R (R.length - 1) ≠ 0) : False
L53Subst.lean:3987	theorem natDom_not_domT	theorem natDom_not_domT {R : TrioSeq} {m : ℕ} (hnat : natDom R) : ¬ domT R m
L53Subst.lean:4032	theorem guard_blocks_fallback	theorem guard_blocks_fallback {v z m : ℕ} {R : TrioSeq} (hdM : domT (((0, v, z) : ℕ × ℕ × ℕ) :: R) m) : ¬ natDom (((0, v, z) : ℕ × ℕ × ℕ) :: R)
L53Subst.lean:4037	theorem dead_row1_stage_lt	theorem dead_row1_stage_lt {v z a m : ℕ} {R : TrioSeq} (hR : argOK R) (hRne : R ≠ []) (hva : 2 * v + z ≤ a) (h2 : entry R 2 (R.length - 1) = 0) (hnp : ¬ hasParent (((0, v, z) : ℕ × ℕ × ℕ) :: R) 1 R.length) (hlev : lev R (R.length - 1) = m + 1) : m < a
L53Subst.lean:4092	theorem domT_oper_dropLast	theorem domT_oper_dropLast {M : TrioSeq} {m n : ℕ} (hL : 1 < M.length) (hd : domT M m) : M⟦n⟧ = M.dropLast
L53Subst.lean:4098	theorem tower_branch_not_natDom	theorem tower_branch_not_natDom {R : TrioSeq} {m : ℕ} (hd : domT R m) : ¬ natDom R
L53Subst.lean:4126	def GraftTower1	def GraftTower1 : Prop
L53Subst.lean:4133	theorem towerExp1_of_graftTower1	theorem towerExp1_of_graftTower1 (h : GraftTower1) : TowerExp1
L53Subst.lean:4139	theorem graftTower1_zero	theorem graftTower1_zero {v z a' m : ℕ} {R : TrioSeq} (hR : argOK R) (hRne : R ≠ []) (hz1 : z ≤ 1) (hL : 1 < R.length) (hd : domT R m) (hop : ∀ n, 1 ≤ n → R⟦n⟧ ∈ Wstar) (ha' : 2 * v + z ≤ a') : Lift1 (((0, v, z) : ℕ × ℕ × ℕ) :: graft R (tow v z R 0)) 0 ∈ W a'
L53Subst.lean:4183	def CoreSingleton	def CoreSingleton : Prop
L53Subst.lean:4186	theorem TRIO_terminates_of_core	theorem TRIO_terminates_of_core (hs : CoreSingleton) : WellFounded stepRel ``` **核は `[(0,b,c)] ∈ GX` の 1 本 —— 1 列についての 1 文**である。 ⟹ **今日ずっと作業していた `Wstar` 路線（`TowerOK` / `WSnoc` / `Subst1gRevive`）の
L53Subst.lean:4247	theorem cons_cap_of_wsnoc	theorem cons_cap_of_wsnoc (hsn : WSnoc) {u : ℕ} {v z : ℕ} {M : TrioSeq} (hMne : M ≠ []) (hpre : (((0, v, z) : ℕ × ℕ × ℕ) :: M.dropLast) ∈ W u) (b c : ℕ) : (((0, v, z) : ℕ × ℕ × ℕ) :: (M.dropLast ++ [((entry M 0 (M.length - 1), b, c) : ℕ × ℕ × ℕ)])) ∈ W u
L53Subst.lean:4291	def WSnoc	def WSnoc : Prop
L53Subst.lean:4364	def WSnocOpen	def WSnocOpen : Prop
L53Subst.lean:4372	theorem entry_snoc_root	theorem entry_snoc_root {C : TrioSeq} {p : ℕ × ℕ × ℕ} (hCne : C ≠ []) (i : ℕ) : entry (C ++ [p]) i 0 = entry C i 0
L53Subst.lean:4379	theorem wsnoc_of_open	theorem wsnoc_of_open (h : WSnocOpen) : WSnoc
L53Subst.lean:4399	theorem liftStage_of_wsnocOpen	theorem liftStage_of_wsnocOpen (h : WSnocOpen) : LiftStage
L53Subst.lean:4402	theorem towerOK_of_wsnocOpen_graft	theorem towerOK_of_wsnocOpen_graft (h : WSnocOpen) (hg : GraftFromExp) : TowerOK
L5Subst.lean:47	def SubstFree	def SubstFree : Prop
L5Subst.lean:53	theorem subst1gReviveSelf_of_free	theorem subst1gReviveSelf_of_free (h : SubstFree) : Subst1gReviveSelf
L5Subst.lean:58	theorem TRIO_terminates_of_substFree	theorem TRIO_terminates_of_substFree (h : SubstFree) : WellFounded stepRel
L5Subst.lean:62	theorem no_infinite_expansion_of_substFree	theorem no_infinite_expansion_of_substFree (h : SubstFree) : ¬ ∃ S : ℕ → TrioSeq, (∀ i, ST_TS (S i)) ∧ ∀ i, step (S i) (S (i + 1))
L6Inv.lean:38	def r21	def r21 (M : TrioSeq) : Prop
L6Inv.lean:41	theorem r21_entry	theorem r21_entry {M : TrioSeq} (h : r21 M) (j : ℕ) : entry M 2 j ≤ entry M 1 j
L6Inv.lean:50	theorem r21_diagSeqT	theorem r21_diagSeqT (v : ℕ) : r21 (diagSeqT 0 v)
L6Inv.lean:60	theorem r21_oper	theorem r21_oper {B : TrioSeq} {n : ℕ} (h : r21 B) : r21 (B⟦n⟧)
L6Inv.lean:97	theorem r21_ST_TS	theorem r21_ST_TS {M : TrioSeq} (h : ST_TS M) : r21 M
L6Inv.lean:107	theorem no_permanent_orphan_of_r21	theorem no_permanent_orphan_of_r21 {M : TrioSeq} (h : r21 M) : ∀ p ∈ M, p.2.1 = 0 → p.2.2 = 0
L6Inv.lean:111	theorem no_permanent_orphan_ST_TS	theorem no_permanent_orphan_ST_TS {M : TrioSeq} (h : ST_TS M) : ∀ p ∈ M, p.2.1 = 0 → p.2.2 = 0
L6Inv.lean:118	theorem r21_graft	theorem r21_graft {M z : TrioSeq} (hM : r21 M) (hz : r21 z) : r21 (graft M z)
L6Inv.lean:128	theorem r21_Lift1	theorem r21_Lift1 {X : TrioSeq} (hX : r21 X) (d : ℕ) : r21 (Lift1 X d)
L6Inv.lean:137	theorem r21_take	theorem r21_take {M : TrioSeq} (h : r21 M) (k : ℕ) : r21 (M.take k)
L6Inv.lean:140	theorem r21_drop	theorem r21_drop {M : TrioSeq} (h : r21 M) (k : ℕ) : r21 (M.drop k)
L6Inv.lean:143	theorem r21_dropLast	theorem r21_dropLast {M : TrioSeq} (h : r21 M) : r21 M.dropLast
L6Inv.lean:146	theorem r21_cons	theorem r21_cons {v z : ℕ} {R : TrioSeq} (hz : z ≤ v) (hR : r21 R) : r21 (((0, v, z) : ℕ × ℕ × ℕ) :: R)
L7Subst.lean:71	def SubstProp	def SubstProp (S : TrioSeq) : Prop
L7Subst.lean:76	def SubstFree	def SubstFree : Prop
L7Subst.lean:79	def Ysub	def Ysub : Set TrioSeq
L7Subst.lean:83	theorem substProp_of_short	theorem substProp_of_short {S : TrioSeq} (h : S.length ≤ 1) : SubstProp S
L7Subst.lean:99	def Clause2	def Clause2 : Prop
L7Subst.lean:108	def Clause3	def Clause3 : Prop
L7Subst.lean:115	theorem substFree_of_clauses	theorem substFree_of_clauses (h2 : Clause2) (h3 : Clause3) : SubstFree
L7Subst.lean:129	theorem TRIO_terminates_of_clauses	theorem TRIO_terminates_of_clauses (h2 : Clause2) (h3 : Clause3) : WellFounded stepRel
L8Multi.lean:80	def substAt	def substAt (S : TrioSeq) (p : ℕ) (C : TrioSeq) : TrioSeq
L8Multi.lean:84	def substMany	def substMany : TrioSeq → List (ℕ × TrioSeq) → TrioSeq | S, [] => S | S, (p, C) :: r => substMany (substAt S p C) r /-- 1 ブロックの差し替え（課題 L5 / L7 の `SubstFree`）。 -/ def SubstFree : Prop
L8Multi.lean:89	def SubstFree	def SubstFree : Prop
L8Multi.lean:94	def SubstMulti	def SubstMulti : Prop
L8Multi.lean:101	theorem substFree_of_multi	theorem substFree_of_multi (h : SubstMulti) : SubstFree
L8Multi.lean:112	theorem TRIO_terminates_of_multi	theorem TRIO_terminates_of_multi (h : SubstMulti) : WellFounded stepRel
Lcone.lean:27	theorem rtg0_zero	theorem rtg0_zero {A : TrioSeq} (hr : ∀ l, 0 < l → l < A.length → entry A 0 0 < entry A 0 l) {j : ℕ} (hj : j < A.length) : Relation.ReflTransGen (nextrel0 A) 0 j
Lcone.lean:36	theorem le1_zero_iff	theorem le1_zero_iff {A : TrioSeq} (hr : ∀ l, 0 < l → l < A.length → entry A 0 0 < entry A 0 l) {j : ℕ} (hj : j < A.length) : le1 A 0 j ↔ ∀ y, Relation.ReflTransGen (nextrel0 A) y j → y ≠ 0 → entry A 1 0 < entry A 1 y
Lcone.lean:55	theorem gexp_entry_low	theorem gexp_entry_low {y p : ℕ} (hlen : j0 + Lb + 1 = M.length) (hp : p < j0) : entry (gexp M j0 Lb d0 d1 n) y p = entry M y p
Lcone.lean:60	theorem gexp_entry0_mir	theorem gexp_entry0_mir {k q : ℕ} (hlen : j0 + Lb + 1 = M.length) (hk : k < n) (hq : q < Lb) : entry (gexp M j0 Lb d0 d1 n) 0 (j0 + (k * Lb + q)) = entry M 0 (j0 + q) + k * d0
Lcone.lean:68	theorem gexp_entry1_mir	theorem gexp_entry1_mir {k q : ℕ} (hlen : j0 + Lb + 1 = M.length) (hk : k < n) (hq : q < Lb) : entry (gexp M j0 Lb d0 d1 n) 1 (j0 + (k * Lb + q)) = entry M 1 (j0 + q) + (if le1 M j0 (j0 + q) then k * d1 else 0)
Lcone.lean:76	theorem gexp_root_shallow	theorem gexp_root_shallow (hlen : j0 + Lb + 1 = M.length) (hj0 : 0 < j0) (hLb : 0 < Lb) (hr0 : ∀ l, 0 < l → l < M.length → entry M 0 0 < entry M 0 l) : ∀ l, 0 < l → l < (gexp M j0 Lb d0 d1 n).length → entry (gexp M j0 Lb d0 d1 n) 0 0 < entry (gexp M j0 Lb d0 d1 n) 0 l
Lcone.lean:93	theorem gexp_cone_low	theorem gexp_cone_low (hlen : j0 + Lb + 1 = M.length) {p : ℕ} (hp : p < j0) : le1 (gexp M j0 Lb d0 d1 n) 0 p ↔ le1 M 0 p
Lcone.lean:106	theorem gexp_cone_mir	theorem gexp_cone_mir {k q : ℕ} (hlen : j0 + Lb + 1 = M.length) (hj0 : 0 < j0) (hLb : 0 < Lb) (hk : k < n) (hq : q < Lb) (hup : ∀ l, j0 < l → l ≤ j0 + Lb → entry M 0 j0 < entry M 0 l) (hd0pos : 0 < d0) (hd0e : entry M 0 (j0 + Lb) = entry M 0 j0 + d0) (hr0 : ∀ l, 0 < l → l < M.length → entry M 0 0 <  …
Lcone.lean:214	theorem gexp_flat_getD	theorem gexp_flat_getD {k q : ℕ} (hlen : j0 + Lb + 1 = M.length) (hk : k < n) (hq : q < Lb) : (gexp M j0 Lb 0 0 n).getD (j0 + (k * Lb + q)) (0, 0, 0) = M.getD (j0 + q) (0, 0, 0)
Lcone.lean:223	theorem gexp_flat_entry	theorem gexp_flat_entry {y k q : ℕ} (hlen : j0 + Lb + 1 = M.length) (hk : k < n) (hq : q < Lb) : entry (gexp M j0 Lb 0 0 n) y (j0 + (k * Lb + q)) = entry M y (j0 + q)
Lcone.lean:229	theorem gexp_flat_root_entry	theorem gexp_flat_root_entry {y k : ℕ} (hlen : j0 + Lb + 1 = M.length) (hk : k < n) (hLb : 0 < Lb) : entry (gexp M j0 Lb 0 0 n) y (j0 + k * Lb) = entry M y j0
Lcone.lean:237	theorem gexp_flat_ge	theorem gexp_flat_ge (hlen : j0 + Lb + 1 = M.length) (hLb : 0 < Lb) (hup : ∀ l, j0 < l → l ≤ j0 + Lb → entry M 0 j0 < entry M 0 l) : ∀ l, j0 ≤ l → l < j0 + n * Lb → entry M 0 j0 ≤ entry (gexp M j0 Lb 0 0 n) 0 l
Lcone.lean:249	theorem gexp_flat_rtg0_root	theorem gexp_flat_rtg0_root {k q : ℕ} (hlen : j0 + Lb + 1 = M.length) (hLb : 0 < Lb) (hk : k < n) (hq : q < Lb) (hn : 0 < n) (hup : ∀ l, j0 < l → l ≤ j0 + Lb → entry M 0 j0 < entry M 0 l) : Relation.ReflTransGen (nextrel0 (gexp M j0 Lb 0 0 n)) (j0 + k * Lb) (j0 + (k * Lb + q))
Lcone.lean:266	theorem gexp_flat_rtg0_low	theorem gexp_flat_rtg0_low {a b : ℕ} (hlen : j0 + Lb + 1 = M.length) (hLb : 0 < Lb) (hn : 0 < n) (hb : b < j0) : Relation.ReflTransGen (nextrel0 (gexp M j0 Lb 0 0 n)) a b ↔ Relation.ReflTransGen (nextrel0 M) a b
Lcone.lean:281	theorem nextrel0_flat_root	theorem nextrel0_flat_root {k y : ℕ} (hlen : j0 + Lb + 1 = M.length) (hLb : 0 < Lb) (hk : k < n) (hy : y < j0) (hup : ∀ l, j0 < l → l ≤ j0 + Lb → entry M 0 j0 < entry M 0 l) : nextrel0 (gexp M j0 Lb 0 0 n) y (j0 + k * Lb) ↔ nextrel0 M y j0
Lcone.lean:316	theorem gexp_flat_chain_inversion	theorem gexp_flat_chain_inversion {k q : ℕ} (hlen : j0 + Lb + 1 = M.length) (hLb : 0 < Lb) (hk : k < n) (hq : q < Lb) (hup : ∀ l, j0 < l → l ≤ j0 + Lb → entry M 0 j0 < entry M 0 l) : ∀ y, Relation.ReflTransGen (nextrel0 (gexp M j0 Lb 0 0 n)) y (j0 + (k * Lb + q)) → j0 ≤ y → ∃ q', q' < Lb ∧ y = j0 +  …
Lcone.lean:356	theorem gexp_cone_mir_flat	theorem gexp_cone_mir_flat {k q : ℕ} (hlen : j0 + Lb + 1 = M.length) (hj0 : 0 < j0) (hLb : 0 < Lb) (hk : k < n) (hq : q < Lb) (hup : ∀ l, j0 < l → l ≤ j0 + Lb → entry M 0 j0 < entry M 0 l) (hr0 : ∀ l, 0 < l → l < M.length → entry M 0 0 < entry M 0 l) : le1 (gexp M j0 Lb 0 0 n) 0 (j0 + (k * Lb + q))  …
Lcone.lean:436	theorem gexp_entry2_mir	theorem gexp_entry2_mir {k q : ℕ} (hlen : j0 + Lb + 1 = M.length) (hk : k < n) (hq : q < Lb) (d0' d1' : ℕ) : entry (gexp M j0 Lb d0' d1' n) 2 (j0 + (k * Lb + q)) = entry M 2 (j0 + q)
Lcone.lean:446	theorem rtg0_entry0_lt	theorem rtg0_entry0_lt {A : TrioSeq} {a b : ℕ} (h : Relation.ReflTransGen (nextrel0 A) a b) (hne : a ≠ b) : entry A 0 a < entry A 0 b
Lcone.lean:456	theorem window_of_rtg0	theorem window_of_rtg0 {A : TrioSeq} {a b : ℕ} (h : Relation.ReflTransGen (nextrel0 A) a b) (hb : b < A.length) : ∀ l, a < l → l ≤ b → entry A 0 a < entry A 0 l
Lcone.lean:462	theorem le1_of_le1_le1	theorem le1_of_le1_le1 {X : TrioSeq} {a k b : ℕ} (ha : le1 X a b) (hk : le1 X k b) (hak : a < k) : le1 X a k
Lcone.lean:487	theorem oper_eq_gexp_gen	theorem oper_eq_gexp_gen {M : TrioSeq} (n : ℕ) (hL : M.length - 1 ≠ 0) (hz : ¬ (entry M 0 (M.length - 1) = 0 ∧ entry M 1 (M.length - 1) = 0 ∧ entry M 2 (M.length - 1) = 0)) (hp : hasParent M (srow M (M.length - 1)) (M.length - 1)) : M⟦n⟧ = gexp M (parent M (srow M (M.length - 1)) (M.length - 1)) (M. …
Lcone.lean:507	theorem liftInner_holds	theorem liftInner_holds : Wset.LiftInner
Lcone.lean:687	theorem Wstar2s_closed_of_graftAll	theorem Wstar2s_closed_of_graftAll (hga : Wset.GraftAll) : ∀ (u0 : ℕ) (R : TrioSeq), Wset.Aop Wset.W u0 Wset.Wstar2s R → R ∈ Wset.Wstar2s
Lcone.lean:694	theorem W_le_Wstar2s	theorem W_le_Wstar2s (hga : Wset.GraftAll) (u : ℕ) : Wset.W u ⊆ Wset.Wstar2s
Lift.lean:20	def lsub	def lsub (w1 s : ℕ) : Three → Three | Z => Z | P a1 a2 b c => if w1 < a1 then P (a1 + s) a2 (lsub w1 s b) (lsub w1 s c) else P a1 a2 b (lsub w1 s c)
Lift.lean:28	theorem lsub_P	theorem lsub_P (w1 s a1 a2 : ℕ) (b c : Three) : lsub w1 s (P a1 a2 b c) = if w1 < a1 then P (a1 + s) a2 (lsub w1 s b) (lsub w1 s c) else P a1 a2 b (lsub w1 s c)
Lift.lean:33	theorem lsub_P_pos	theorem lsub_P_pos {w1 a1 : ℕ} (h : w1 < a1) (s a2 : ℕ) (b c : Three) : lsub w1 s (P a1 a2 b c) = P (a1 + s) a2 (lsub w1 s b) (lsub w1 s c)
Lift.lean:37	theorem lsub_P_neg	theorem lsub_P_neg {w1 a1 : ℕ} (h : ¬ w1 < a1) (s a2 : ℕ) (b c : Three) : lsub w1 s (P a1 a2 b c) = P a1 a2 b (lsub w1 s c)
Lift.lean:42	theorem lsub_zero	theorem lsub_zero (w1 : ℕ) : ∀ t : Three, lsub w1 0 t = t | Z => rfl | P a1 a2 b c => by
Lift.lean:52	theorem olt_total	theorem olt_total : ∀ x y : Three, x = y ∨ x <o y ∨ y <o x | Z, Z => Or.inl rfl | Z, P _ _ _ _ => Or.inr (Or.inl trivial) | P _ _ _ _, Z => Or.inr (Or.inr trivial) | P a1 a2 b c, P e1 e2 f g => by
Lift.lean:71	theorem olt_asymm	theorem olt_asymm {x y : Three} (h : x <o y) : ¬ y <o x
Lift.lean:74	theorem not_olt_iff_ole	theorem not_olt_iff_ole {x y : Three} : ¬ x <o y ↔ y ≤o x
Lift.lean:87	theorem olt_lsub	theorem olt_lsub (w1 s : ℕ) : ∀ (x y : Three), x <o y → lsub w1 s x <o lsub w1 s y | Z, Z, h => absurd h (olt_irrefl Z) | Z, P e1 e2 f g, _ => by
Lift.lean:119	theorem ole_lsub	theorem ole_lsub (w1 s : ℕ) {x y : Three} (h : x ≤o y) : lsub w1 s x ≤o lsub w1 s y
Lift.lean:132	theorem cnf_lsub	theorem cnf_lsub (w1 s : ℕ) : ∀ (t : Three), cnf t → cnf (lsub w1 s t) | Z, _ => trivial | P a1 a2 b Z, h => by
Lind.lean:25	theorem entry_drop	theorem entry_drop {y : TrioSeq} {p i j : ℕ} : entry (y.drop p) i j = entry y i (p + j)
Lind.lean:32	theorem le_of_mem_drop	theorem le_of_mem_drop {y : TrioSeq} {p : ℕ} (h : ∀ j, p ≤ j → j < y.length → entry y 0 p ≤ entry y 0 j) : ∀ x ∈ y.drop p, entry y 0 p ≤ x.1
Lind.lean:53	theorem dropLast_take_succ	theorem dropLast_take_succ {y : TrioSeq} {p : ℕ} (hp : p < y.length) : (y.take (p + 1)).dropLast = y.take p
Lind.lean:63	theorem graft_take_drop	theorem graft_take_drop {y : TrioSeq} {p : ℕ} (hp : p < y.length) (hmin : ∀ j, p ≤ j → j < y.length → entry y 0 p ≤ entry y 0 j) : graft (y.take (p + 1)) (shiftl0 (entry y 0 p) (y.drop p)) = y
Lind.lean:79	theorem mem_GX_of_singletons	theorem mem_GX_of_singletons (hs : ∀ b c : ℕ, [((0, b, c) : ℕ × ℕ × ℕ)] ∈ GX) : ∀ (n : ℕ) (y : TrioSeq), y.length < n → based y → y ∈ GX
Lind.lean:132	def CoreSingleton	def CoreSingleton : Prop
Lind.lean:135	theorem mem_GX_of_core	theorem mem_GX_of_core (hs : CoreSingleton) {y : TrioSeq} (hby : based y) : y ∈ GX
Lind.lean:141	theorem corePlantCtx0_of_singleton	theorem corePlantCtx0_of_singleton (hs : CoreSingleton) : CorePlantCtx0
Lind.lean:166	def cap	def cap (M : TrioSeq) (b c : ℕ) : TrioSeq
Lind.lean:169	theorem graft_singleton_eq_cap	theorem graft_singleton_eq_cap (M : TrioSeq) (b c : ℕ) : graft M [((0, b, c) : ℕ × ℕ × ℕ)] = cap M b c
Lind.lean:176	def CoreCap	def CoreCap : Prop
Lind.lean:181	theorem coreSingleton_of_cap	theorem coreSingleton_of_cap (h : CoreCap) : CoreSingleton
Lind.lean:195	theorem cap_of_coreSingleton	theorem cap_of_coreSingleton (h : CoreSingleton) : CoreCap
Lind.lean:208	theorem corePlantCtxLift_of_core	theorem corePlantCtxLift_of_core (hs : CoreSingleton) : CorePlantCtxLift
Lind.lean:215	theorem coreCtxSuffixLift_of_core	theorem coreCtxSuffixLift_of_core (hs : CoreSingleton) : CoreCtxSuffixLift
Lind.lean:227	theorem coreSingleton_of_cores	theorem coreSingleton_of_cores (hsl : CoreCtxSuffixLift) (hp : CorePlantCtxLift) : CoreSingleton
Peel2.lean:33	theorem gmap_getD	theorem gmap_getD {N : TrioSeq} {r d0 d1 j a l i : ℕ} (hi : i < l) : (gmap N r d0 d1 j a l).getD i (0, 0, 0) = (entry N 0 (a + i) + j * d0, entry N 1 (a + i) + (if le1 N r (a + i) then j * d1 else 0), entry N 2 (a + i))
Peel2.lean:44	theorem gmap_append	theorem gmap_append (N : TrioSeq) (r d0 d1 j a l1 l2 : ℕ) : gmap N r d0 d1 j a (l1 + l2) = gmap N r d0 d1 j a l1 ++ gmap N r d0 d1 j (a + l1) l2
Peel2.lean:50	theorem seg_getD	theorem seg_getD {N : TrioSeq} {a l i : ℕ} (hi : i < l) : (seg N a l).getD i (0, 0, 0) = (entry N 0 (a + i), entry N 1 (a + i), entry N 2 (a + i))
Peel2.lean:59	theorem seg_append	theorem seg_append (N : TrioSeq) (a l1 l2 : ℕ) : seg N a (l1 + l2) = seg N a l1 ++ seg N (a + l1) l2
Peel2.lean:64	theorem gtow_succ	theorem gtow_succ (N : TrioSeq) (r d0 d1 Lb k m : ℕ) : gtow N r d0 d1 Lb k (m + 1) = gmap N r d0 d1 k (r + 1) Lb ++ gtow N r d0 d1 Lb (k + 1) m
Peel2.lean:75	theorem gmap_ne_nil	theorem gmap_ne_nil (N : TrioSeq) (r d0 d1 j a : ℕ) {l : ℕ} (hl : 0 < l) : gmap N r d0 d1 j a l ≠ []
Peel2.lean:84	theorem gexp_getD_mono	theorem gexp_getD_mono {M : TrioSeq} {j0 Lb d0 d1 n p : ℕ} (hlen : j0 + Lb + 1 = M.length) (hLb : 0 < Lb) (hp : p < j0 + n * Lb) : (gexp M j0 Lb d0 d1 (n + 1)).getD p (0, 0, 0) = (gexp M j0 Lb d0 d1 n).getD p (0, 0, 0)
Peel2.lean:94	theorem getD_triple	theorem getD_triple (N : TrioSeq) (p : ℕ) : N.getD p (0, 0, 0) = (entry N 0 p, entry N 1 p, entry N 2 p)
Peel2.lean:97	theorem entry_take	theorem entry_take {N : TrioSeq} {t y x : ℕ} (hx : x < t) : entry (N.take t) y x = entry N y x
Peel2.lean:107	theorem cascade_le1	theorem cascade_le1 {N : TrioSeq} {r Lb d0 d1 k' q' n' : ℕ} (hNlen : r + Lb + 1 ≤ N.length) (hup : ∀ l, r < l → l ≤ r + Lb → entry N 0 r < entry N 0 l) (hd0pos : 0 < d0) (hd0e : entry N 0 (r + Lb) = entry N 0 r + d0) (hd1pos : 0 < d1) (hle1q : le1 N r (r + Lb)) (hk : k' < n') (hq : q' < Lb)
Peel2.lean:174	theorem list_ext_getD	theorem list_ext_getD {A B : TrioSeq} (hlen : A.length = B.length) (h : ∀ i, i < A.length → A.getD i (0, 0, 0) = B.getD i (0, 0, 0)) : A = B
Peel2.lean:194	theorem peel2	theorem peel2 {N : TrioSeq} {r Lb d0 d1 zl : ℕ} (hNlen : r + Lb + 1 ≤ N.length) (hLb : 0 < Lb) (hd0pos : 0 < d0) (hd1pos : 0 < d1) (hup : ∀ l, r < l → l ≤ r + Lb → entry N 0 r < entry N 0 l) (hd0e : entry N 0 (r + Lb) = entry N 0 r + d0) (hd1e : entry N 1 (r + Lb) = entry N 1 r + d1)
Peel2.lean:432	theorem gmap_one_eq	theorem gmap_one_eq (N : TrioSeq) (r d0 d1 a l : ℕ) : gmap N r d0 d1 1 a l = (List.range' a l).map fun p => (entry N 0 p + d0, entry N 1 p + (if le1 N r p then d1 else 0), entry N 2 p)
Peel2.lean:443	theorem seg_append_context	theorem seg_append_context (P T : TrioSeq) {l : ℕ} (hl : l ≤ T.length) : seg (P ++ T) P.length l = T.take l
Peel2.lean:454	theorem gtow_succ_back	theorem gtow_succ_back (N : TrioSeq) (r d0 d1 Lb k m : ℕ) : gtow N r d0 d1 Lb k (m + 1) = gtow N r d0 d1 Lb k m ++ gmap N r d0 d1 (k + m) (r + 1) Lb
Peel2.lean:461	theorem gcopiesFrom_succ_back	theorem gcopiesFrom_succ_back (M : TrioSeq) (r L d0 d1 k m : ℕ) : gcopiesFrom M r L d0 d1 k (m + 1) = gcopiesFrom M r L d0 d1 k m ++ gcopy M r L d0 d1 (k + m)
Peel2.lean:473	theorem gtow_mem	theorem gtow_mem {N : TrioSeq} {r d0 d1 Lb k m : ℕ} {x : ℕ × ℕ × ℕ} (hx : x ∈ gtow N r d0 d1 Lb k m) : ∃ j p, k ≤ j ∧ j < k + m ∧ r + 1 ≤ p ∧ p < r + 1 + Lb ∧ x = (entry N 0 p + j * d0, entry N 1 p + (if le1 N r p then j * d1 else 0), entry N 2 p)
Peel2.lean:489	theorem gtow_gcopiesFrom	theorem gtow_gcopiesFrom {N M : TrioSeq} {r Lb d0 d1 : ℕ} (hLb : 0 < Lb) (hagree : ∀ x, x < r + Lb → N.getD x (0, 0, 0) = M.getD x (0, 0, 0)) (hbN : r + Lb < N.length) (hbM : r + Lb < M.length) (hle1qN : le1 N r (r + Lb)) (hq0 : entry N 0 (r + Lb) = entry M 0 r + d0)
Peel2.lean:593	def AscArgDom2	def AscArgDom2 : Prop
Peel2.lean:605	theorem ascArgDom2_of_core	theorem ascArgDom2_of_core (H : ArgDomCore) : AscArgDom2
Peel2.lean:931	theorem gmap_cons	theorem gmap_cons (N : TrioSeq) (r d0 d1 j a : ℕ) {l : ℕ} (hl : 0 < l) : gmap N r d0 d1 j a l = (entry N 0 a + j * d0, entry N 1 a + (if le1 N r a then j * d1 else 0), entry N 2 a) :: gmap N r d0 d1 j (a + 1) (l - 1)
Peel2.lean:940	theorem gcopy_root_cons	theorem gcopy_root_cons (M : TrioSeq) (r Lb d0 d1 k : ℕ) (hLb : 0 < Lb) (hr : r < M.length) : gcopy M r Lb d0 d1 k = (entry M 0 r + k * d0, entry M 1 r + k * d1, entry M 2 r) :: gmap M r d0 d1 k (r + 1) (Lb - 1)
Peel2.lean:952	theorem asc_crux2	theorem asc_crux2 (H : AscArgDom2) {G R S : TrioSeq} {v0 w1 d0 d1 : ℕ} (hM : ST_TS ((G ++ ((v0, w1, 0) :: R)) ++ [(v0 + d0, w1 + d1, 1)])) (hN : ST_TS ((G ++ ((v0, w1, 0) :: R)) ++ (v0 + d0, w1 + d1, 0) :: S)) (hRgt : ∀ x ∈ R, v0 < x.1) (hd0 : 0 < d0) (hd1 : 0 < d1) (hle1 : le1 ((G ++ ((v0, w1, 0) : …
Peel2.lean:1158	theorem trioAsc_srow2	theorem trioAsc_srow2 (Hc : ArgDomCore) {M N : TrioSeq} {q : ℕ × ℕ × ℕ} {S : TrioSeq} (hM : ST_TS M) (hN : ST_TS N) (L1 : 1 < M.length) (hz : ¬ (entry M 0 (M.length - 1) = 0 ∧ entry M 1 (M.length - 1) = 0 ∧ entry M 2 (M.length - 1) = 0)) (hsr2 : srow M (M.length - 1) = 2) (hNeq : N = M.dropLast ++ q …
Peel2.lean:1336	theorem trioAscCrux_of_core	theorem trioAscCrux_of_core (Hc : ArgDomCore) : TrioAscCrux
Peel2.lean:1347	theorem trio_cofinality_of_core	theorem trio_cofinality_of_core (Hc : ArgDomCore) {M N : TrioSeq} (hM : ST_TS M) (hN : ST_TS N) (h : translate N <o translate M) : ∃ n, 1 ≤ n ∧ translate N ≤o translate (M⟦n⟧)
Reduction.lean:8	def NF	def NF : Set Three
Reduction.lean:12	def Rnf	def Rnf (v u : Three) : Prop
Reduction.lean:16	def stepRel	def stepRel (T M : TrioSeq) : Prop
Reduction.lean:20	theorem step_terminates_cond	theorem step_terminates_cond (dec : ∀ M n, ST_TS M → 1 < M.length → 1 ≤ n → translate (M⟦n⟧) <o translate M) (wfimg : WellFounded Rnf) : WellFounded stepRel
Reduction.lean:35	theorem no_infinite_expansion_cond	theorem no_infinite_expansion_cond (dec : ∀ M n, ST_TS M → 1 < M.length → 1 ≤ n → translate (M⟦n⟧) <o translate M) (wfimg : WellFounded Rnf) : ¬ ∃ S : ℕ → TrioSeq, (∀ i, ST_TS (S i)) ∧ ∀ i, step (S i) (S (i + 1))
Reduction.lean:51	theorem step_terminates	theorem step_terminates (wfimg : WellFounded Rnf) : WellFounded stepRel
Reduction.lean:54	theorem no_infinite_expansion	theorem no_infinite_expansion (wfimg : WellFounded Rnf) : ¬ ∃ S : ℕ → TrioSeq, (∀ i, ST_TS (S i)) ∧ ∀ i, step (S i) (S (i + 1))
Seqlex.lean:22	def collt	def collt (p q : ℕ × ℕ × ℕ) : Prop
Seqlex.lean:25	def seqlex	def seqlex : TrioSeq → TrioSeq → Prop | [], N => N ≠ [] | _ :: _, [] => False | p :: M, q :: N => collt p q ∨ (p = q ∧ seqlex M N) @[simp] theorem seqlex_nil_iff {N : TrioSeq} : seqlex [] N ↔ N ≠ []
Seqlex.lean:38	theorem seqlex_append_cancel	theorem seqlex_append_cancel (A : TrioSeq) {u v : TrioSeq} : seqlex (A ++ u) (A ++ v) ↔ seqlex u v
Seqlex.lean:51	theorem seqlex_prefix	theorem seqlex_prefix {v : TrioSeq} (hv : v ≠ []) (u : TrioSeq) : seqlex u (u ++ v)
Seqlex.lean:60	def steps1	def steps1 : TrioSeq → Prop | [] => True | [_] => True | p :: q :: r => q.1 ≤ p.1 + 1 ∧ steps1 (q :: r) @[simp] theorem steps1_nil : steps1 []
Seqlex.lean:71	def blockok	def blockok (d : ℕ) (B : TrioSeq) : Prop
Seqlex.lean:75	theorem steps1_iff	theorem steps1_iff {B : TrioSeq} : steps1 B ↔ ∀ j, j + 1 < B.length → (B.getD (j + 1) (0, 0, 0)).1 ≤ (B.getD j (0, 0, 0)).1 + 1
Seqlex.lean:99	theorem steps1_tail	theorem steps1_tail {p : ℕ × ℕ × ℕ} {r : TrioSeq} (h : steps1 (p :: r)) : steps1 r
Seqlex.lean:105	theorem steps1_append	theorem steps1_append {A B : TrioSeq} : steps1 (A ++ B) ↔ steps1 A ∧ steps1 B ∧ (A = [] ∨ B = [] ∨ (B.headI).1 ≤ (A.getLastD (0, 0, 0)).1 + 1)
Seqlex.lean:144	theorem steps1_dropLast	theorem steps1_dropLast {B : TrioSeq} (h : steps1 B) : steps1 B.dropLast
Seqlex.lean:151	theorem blockok_dropLast	theorem blockok_dropLast {d : ℕ} {B : TrioSeq} (hb : blockok d B) : blockok d B.dropLast
Seqlex.lean:173	theorem blockok_arg	theorem blockok_arg {d y z : ℕ} {r : TrioSeq} (hb : blockok d ((d, y, z) :: r)) : blockok (d + 1) (r.takeWhile fun q => d < q.1)
Seqlex.lean:209	theorem blockok_tail	theorem blockok_tail {d y z : ℕ} {r : TrioSeq} (hb : blockok d ((d, y, z) :: r)) : blockok d (r.dropWhile fun q => d < q.1)
Seqlex.lean:237	theorem seqlex_arg_or_tail	theorem seqlex_arg_or_tail {d : ℕ} {r r' : TrioSeq} (sl : seqlex r r') : (r.takeWhile (fun q => d < q.1) = r'.takeWhile (fun q => d < q.1) ∧ seqlex (r.dropWhile fun q => d < q.1) (r'.dropWhile fun q => d < q.1)) ∨ (r.takeWhile (fun q => d < q.1) ≠ r'.takeWhile (fun q => d < q.1) ∧ seqlex (r.takeWhil …
Seqlex.lean:310	theorem seqlex_imp_olt	theorem seqlex_imp_olt (d : ℕ) (M N : TrioSeq) (bM : blockok d M) (bN : blockok d N) (sl : seqlex M N) : translate M <o translate N
Seqlex.lean:376	theorem seqlex_total	theorem seqlex_total (M N : TrioSeq) : M = N ∨ seqlex M N ∨ seqlex N M
Seqlex.lean:408	theorem olt_iff_seqlex	theorem olt_iff_seqlex {d : ℕ} {M N : TrioSeq} (bM : blockok d M) (bN : blockok d N) (hne : M ≠ N) : (translate M <o translate N ↔ seqlex M N)
Seqlex.lean:425	theorem getLastD_eq_getD	theorem getLastD_eq_getD {α : Type*} (l : List α) (d : α) : l.getLastD d = l.getD (l.length - 1) d
Seqlex.lean:429	theorem getLastD_ne_nil_indep	theorem getLastD_ne_nil_indep {α : Type*} {B : List α} (h : B ≠ []) (d d' : α) : B.getLastD d = B.getLastD d'
Seqlex.lean:435	theorem headI_append_left	theorem headI_append_left {α : Type*} [Inhabited α] {A B : List α} (h : A ≠ []) : (A ++ B).headI = A.headI
Seqlex.lean:441	theorem getLastD_append_right	theorem getLastD_append_right {α : Type*} {A B : List α} (h : B ≠ []) (d : α) : (A ++ B).getLastD d = B.getLastD d
Seqlex.lean:449	theorem getD_eq_getElem'	theorem getD_eq_getElem' {α : Type*} (l : List α) {d : α} (i : ℕ) (h : i < l.length) : l.getD i d = l[i]
Seqlex.lean:456	theorem steps1_flatMap	theorem steps1_flatMap {F : ℕ → TrioSeq} {n : ℕ} (F1 : ∀ k < n, steps1 (F k)) (Fne : ∀ k < n, F k ≠ []) (Fj : ∀ k, k + 1 < n → ((F (k + 1)).headI).1 ≤ ((F k).getLastD (0, 0, 0)).1 + 1) : steps1 ((List.range n).flatMap F) ∧ (0 < n → (List.range n).flatMap F ≠ [] ∧ ((List.range n).flatMap F).headI = ( …
Seqlex.lean:497	theorem steps1_diag_range	theorem steps1_diag_range : ∀ (m s : ℕ), steps1 ((List.range' s m).map fun j => (j, j, min j 1))
Seqlex.lean:514	theorem diagSeqT_cons	theorem diagSeqT_cons {u v : ℕ} (h : u ≤ v) : diagSeqT u v = (u, u, min u 1) :: diagSeqT (u + 1) v
Seqlex.lean:519	theorem blockok_diagSeqT	theorem blockok_diagSeqT (v : ℕ) : blockok 0 (diagSeqT 0 v)
Seqlex.lean:529	theorem blockok_oper	theorem blockok_oper {M : TrioSeq} {n : ℕ} (b : blockok 0 M) (n1 : 1 ≤ n) : blockok 0 (M⟦n⟧)
Seqlex.lean:710	theorem blockok_ST_TS	theorem blockok_ST_TS {M : TrioSeq} (hM : ST_TS M) : blockok 0 M
Seqlex.lean:717	theorem olt_ST_iff_seqlex	theorem olt_ST_iff_seqlex {M N : TrioSeq} (hM : ST_TS M) (hN : ST_TS N) (hne : M ≠ N) : (translate M <o translate N ↔ seqlex M N)
Term.lean:26	def olt	def olt : Three → Three → Prop | Z, Z => False | Z, P _ _ _ _ => True | P _ _ _ _, Z => False | P a1 a2 b c, P e1 e2 f g => a1 < e1 ∨ (a1 = e1 ∧ a2 < e2) ∨ (a1 = e1 ∧ a2 = e2 ∧ olt b f)
Term.lean:37	def ole	def ole (x y : Three) : Prop
Term.lean:53	theorem olt_irrefl	theorem olt_irrefl (x : Three) : ¬ x <o x
Term.lean:61	theorem olt_trans	theorem olt_trans {x y z : Three} (hxy : x <o y) (hyz : y <o z) : x <o z
Term.lean:92	theorem olt_ole_trans	theorem olt_ole_trans {x y z : Three} (hxy : x <o y) (hyz : y ≤o z) : x <o z
Term.lean:98	theorem olt_P_b	theorem olt_P_b {b1 b2 : Three} (a1 a2 : ℕ) (c1 c2 : Three) (h : b1 <o b2) : P a1 a2 b1 c1 <o P a1 a2 b2 c2
Term.lean:102	theorem olt_P_c	theorem olt_P_c {c1 c2 : Three} (a1 a2 : ℕ) (b : Three) (h : c1 <o c2) : P a1 a2 b c1 <o P a1 a2 b c2
Term.lean:106	def lead	def lead : Three → ℕ × ℕ | Z => (0, 0) | P a1 a2 _ _ => (a1, a2) @[simp] theorem lead_Z : lead Z = (0, 0)
Term.lean:117	theorem olt_P_of_lead_lt	theorem olt_P_of_lead_lt {t : Three} {w1 w2 : ℕ} (b c : Three) (h : t = Z ∨ (lead t).1 < w1 ∨ ((lead t).1 = w1 ∧ (lead t).2 < w2)) : t <o P w1 w2 b c
Term.lean:138	def translate	def translate : TrioSeq → Three | [] => Z | p :: rest => P p.2.1 p.2.2 (translate (rest.takeWhile fun q => p.1 < q.1)) (translate (rest.dropWhile fun q => p.1 < q.1)) termination_by M => M.length
Term.lean:150	theorem lead_translate	theorem lead_translate (M : TrioSeq) : lead (translate M) = match M with | [] => (0, 0) | p :: _ => (p.2.1, p.2.2)
Term.lean:160	theorem takeWhile_append_all	theorem takeWhile_append_all (h : ∀ x ∈ xs, p x) : (xs ++ ys).takeWhile p = xs ++ ys.takeWhile p
Term.lean:164	theorem dropWhile_append_all	theorem dropWhile_append_all (h : ∀ x ∈ xs, p x) : (xs ++ ys).dropWhile p = ys.dropWhile p
Term.lean:168	theorem takeWhile_append_not	theorem takeWhile_append_not {x : α} (hx : x ∈ xs) (hnx : ¬ p x) : (xs ++ ys).takeWhile p = xs.takeWhile p
Term.lean:175	theorem dropWhile_append_not	theorem dropWhile_append_not {x : α} (hx : x ∈ xs) (hnx : ¬ p x) : (xs ++ ys).dropWhile p = xs.dropWhile p ++ ys
Term.lean:182	theorem drop_eq_map_getD	theorem drop_eq_map_getD (xs : List α) (a : ℕ) (d : α) : xs.drop a = (List.range' a (xs.length - a)).map fun i => xs.getD i d
Term.lean:195	theorem getD_eq_entries	theorem getD_eq_entries (M : TrioSeq) (j : ℕ) : M.getD j (0, 0, 0) = (entry M 0 j, entry M 1 j, entry M 2 j)
Term.lean:200	theorem nextrel0_entry0_less	theorem nextrel0_entry0_less {M : TrioSeq} {j0 j1 : ℕ} (h : nextrel0 M j0 j1) : entry M 0 j0 < entry M 0 j1
Term.lean:203	theorem le0_entry0_mono	theorem le0_entry0_mono {M : TrioSeq} {j0 j1 : ℕ} (h : le0 M j0 j1) : entry M 0 j0 ≤ entry M 0 j1
Term.lean:211	theorem nextrel0_index_less	theorem nextrel0_index_less {M : TrioSeq} {a b : ℕ} (h : nextrel0 M a b) : a < b
Term.lean:214	theorem nextrel0_rtrancl_index_le	theorem nextrel0_rtrancl_index_le {M : TrioSeq} {a b : ℕ} (h : Relation.ReflTransGen (nextrel0 M) a b) : a ≤ b
Term.lean:222	theorem le0_interval_gt	theorem le0_interval_gt {M : TrioSeq} {j0 j1 : ℕ} (h : Relation.ReflTransGen (nextrel0 M) j0 j1) : ∀ k, j0 < k ∧ k ≤ j1 → entry M 0 j0 < entry M 0 k
Term.lean:249	theorem le0_interval_desc	theorem le0_interval_desc {M : TrioSeq} {j0 j1 : ℕ} (h : Relation.ReflTransGen (nextrel0 M) j0 j1) (hb1 : j1 < M.length) : ∀ k, j0 ≤ k → k ≤ j1 → Relation.ReflTransGen (nextrel0 M) j0 k
Term.lean:280	theorem nextrel1_entry1_less	theorem nextrel1_entry1_less {M : TrioSeq} {j0 j1 : ℕ} (h : nextrel1 M j0 j1) : entry M 1 j0 < entry M 1 j1
Term.lean:283	theorem nextrel1_index_less	theorem nextrel1_index_less {M : TrioSeq} {a b : ℕ} (h : nextrel1 M a b) : a < b
Term.lean:286	theorem rtg1_index_le	theorem rtg1_index_le {M : TrioSeq} {a b : ℕ} (h : Relation.ReflTransGen (nextrel1 M) a b) : a ≤ b
Term.lean:293	theorem rtg1_entry1_lt	theorem rtg1_entry1_lt {M : TrioSeq} {a b : ℕ} (h : Relation.ReflTransGen (nextrel1 M) a b) (hne : a ≠ b) : entry M 1 a < entry M 1 b
Term.lean:304	theorem rtg1_to_rtg0	theorem rtg1_to_rtg0 {M : TrioSeq} {a b : ℕ} (h : Relation.ReflTransGen (nextrel1 M) a b) : Relation.ReflTransGen (nextrel0 M) a b
Term.lean:317	theorem le1_window_desc	theorem le1_window_desc {M : TrioSeq} {j0 j1 : ℕ} (hb1 : j1 < M.length) (hch : Relation.ReflTransGen (nextrel0 M) j0 j1) (hwin : ∀ j, j0 < j → j < j1 → entry M 1 j0 < entry M 1 j) : ∀ j, j0 ≤ j → j < j1 → Relation.ReflTransGen (nextrel1 M) j0 j
Term.lean:362	theorem nextrel0_src_unique	theorem nextrel0_src_unique {M : TrioSeq} {a b j : ℕ} (ha : nextrel0 M a j) (hb : nextrel0 M b j) : a = b
Term.lean:374	theorem rtg0_comparable	theorem rtg0_comparable {M : TrioSeq} {j : ℕ} : ∀ {x y : ℕ}, Relation.ReflTransGen (nextrel0 M) x j → Relation.ReflTransGen (nextrel0 M) y j → x ≤ y → Relation.ReflTransGen (nextrel0 M) x y
Term.lean:391	theorem le1_chain_window	theorem le1_chain_window {M : TrioSeq} {r j : ℕ} (h : Relation.ReflTransGen (nextrel1 M) r j) : ∀ x, Relation.ReflTransGen (nextrel0 M) r x → Relation.ReflTransGen (nextrel0 M) x j → x ≠ r → entry M 1 r < entry M 1 x
Term.lean:420	theorem le1_of_chain_window	theorem le1_of_chain_window {M : TrioSeq} {r : ℕ} : ∀ {j : ℕ}, j < M.length → Relation.ReflTransGen (nextrel0 M) r j → (∀ x, Relation.ReflTransGen (nextrel0 M) r x → Relation.ReflTransGen (nextrel0 M) x j → x ≠ r → entry M 1 r < entry M 1 x) →
Term.lean:465	theorem le1_iff_chain_window	theorem le1_iff_chain_window {M : TrioSeq} {r j : ℕ} (hb : j < M.length) (hch : Relation.ReflTransGen (nextrel0 M) r j) : le1 M r j ↔ ∀ x, Relation.ReflTransGen (nextrel0 M) r x → Relation.ReflTransGen (nextrel0 M) x j → x ≠ r → entry M 1 r < entry M 1 x
Term.lean:482	theorem translate_single_tree	theorem translate_single_tree {p : ℕ × ℕ × ℕ} {R : TrioSeq} (h : ∀ x ∈ R, p.1 < x.1) : translate (p :: R) = P p.2.1 p.2.2 (translate R) Z
Term.lean:494	theorem translate_block_append	theorem translate_block_append {v0 w1 w2 : ℕ} {R T : TrioSeq} (hR : ∀ x ∈ R, v0 < x.1) (hT : T = [] ∨ ¬ v0 < (T.headI).1) : translate (((v0, w1, w2) :: R) ++ T) = P w1 w2 (translate R) (translate T)
Term.lean:525	theorem translate_ctx_cong	theorem translate_ctx_cong {z1 z2 : ℕ × ℕ × ℕ} {T1 T2 : TrioSeq} (base : translate (z1 :: T1) <o translate (z2 :: T2)) (root : z1.1 = z2.1) (r1 : ∀ x ∈ T1, z1.1 ≤ x.1) (r2 : ∀ x ∈ T2, z2.1 ≤ x.1) (G : TrioSeq) :
Term.lean:621	theorem srow_le2	theorem srow_le2 (M : TrioSeq) (j : ℕ) : srow M j ≤ 2
Trio.lean:28	abbrev TrioSeq	abbrev TrioSeq
Trio.lean:31	def entry	def entry (M : TrioSeq) (i j : ℕ) : ℕ
Trio.lean:39	def nextrel0	def nextrel0 (M : TrioSeq) (j0 j1 : ℕ) : Prop
Trio.lean:45	def le0	def le0 (M : TrioSeq) (j0 j1 : ℕ) : Prop
Trio.lean:49	def nextrel1	def nextrel1 (M : TrioSeq) (j0 j1 : ℕ) : Prop
Trio.lean:56	def le1	def le1 (M : TrioSeq) (j0 j1 : ℕ) : Prop
Trio.lean:60	def nextrel2	def nextrel2 (M : TrioSeq) (j0 j1 : ℕ) : Prop
Trio.lean:67	def nextR	def nextR (M : TrioSeq) (i j0 j1 : ℕ) : Prop
Trio.lean:75	def Pred	def Pred (M : TrioSeq) : TrioSeq
Trio.lean:81	def srow	def srow (M : TrioSeq) (j1 : ℕ) : ℕ
Trio.lean:85	def hasParent	def hasParent (M : TrioSeq) (i j1 : ℕ) : Prop
Trio.lean:121	def diagSeqT	def diagSeqT (a b : ℕ) : TrioSeq
Wchar.lean:31	theorem oper_of_length_one	theorem oper_of_length_one {S : TrioSeq} (h : S.length = 1) (n : ℕ) : S⟦n⟧ = S
Wchar.lean:40	theorem aop_clause3_to_clause2	theorem aop_clause3_to_clause2 {m : ℕ} {X : Set TrioSeq} {M : TrioSeq} (hM2 : 2 ≤ M.length) (hd : domT M m) (hop : ∀ z ∈ W m, based z → graft M z ∈ X) : ∀ n, 1 ≤ n → M⟦n⟧ ∈ X
Wchar.lean:61	theorem oper_mem_of_mem	theorem oper_mem_of_mem {a : ℕ} {S : TrioSeq} (h2 : 2 ≤ S.length) (h : S ∈ W a) : ∀ n, 1 ≤ n → S⟦n⟧ ∈ W a
Wchar.lean:70	theorem mem_of_oper_mem	theorem mem_of_oper_mem {a : ℕ} {S : TrioSeq} (h : ∀ n, 1 ≤ n → S⟦n⟧ ∈ W a) : S ∈ W a
Wchar.lean:75	theorem mem_iff_oper_mem	theorem mem_iff_oper_mem {a : ℕ} {S : TrioSeq} (h2 : 2 ≤ S.length) : S ∈ W a ↔ ∀ n, 1 ≤ n → S⟦n⟧ ∈ W a
Wchar.lean:85	theorem lev_le_of_mem_of_length_one	theorem lev_le_of_mem_of_length_one {a : ℕ} {S : TrioSeq} (h1 : S.length = 1) (h : S ∈ W a) : lev S 0 ≤ a
Wchar.lean:99	theorem singleton_mem_W	theorem singleton_mem_W {a d v z : ℕ} (h : 2 * v + z ≤ a) : [((d, v, z) : ℕ × ℕ × ℕ)] ∈ W a
Wchar.lean:106	theorem mem_iff_lev_le	theorem mem_iff_lev_le {a d v z : ℕ} : [((d, v, z) : ℕ × ℕ × ℕ)] ∈ W a ↔ 2 * v + z ≤ a
Wset.lean:23	theorem translate_eq_Z_iff	theorem translate_eq_Z_iff {M : TrioSeq} : translate M = Z ↔ M = []
Wset.lean:29	theorem eq_Z_of_olt_one	theorem eq_Z_of_olt_one {t : Three} (h : t <o P 0 0 Z Z) : t = Z
Wset.lean:40	theorem stts_ne_nil	theorem stts_ne_nil {M : TrioSeq} (hM : ST_TS M) : M ≠ []
Wset.lean:47	theorem stts_len_one	theorem stts_len_one {M : TrioSeq} (hM : ST_TS M) (h : M.length = 1) : M = [(0, 0, 0)]
Wset.lean:57	def lev	def lev (M : TrioSeq) (j : ℕ) : ℕ
Wset.lean:61	def domT	def domT (M : TrioSeq) (m : ℕ) : Prop
Wset.lean:67	def graft	def graft (M z : TrioSeq) : TrioSeq
Wset.lean:72	def based	def based (z : TrioSeq) : Prop
Wset.lean:79	theorem not_domT_nil	theorem not_domT_nil (m : ℕ) : ¬ domT ([] : TrioSeq) m
Wset.lean:83	def natDom	def natDom (M : TrioSeq) : Prop
Wset.lean:86	def tbAll	def tbAll (R : TrioSeq) (u : ℕ) : Prop
Wset.lean:93	theorem tbAll_mono	theorem tbAll_mono {R : TrioSeq} {u v : ℕ} (h : tbAll R u) (huv : u ≤ v) : tbAll R v
Wset.lean:96	theorem tbAll_take	theorem tbAll_take {R : TrioSeq} {u l : ℕ} (h : tbAll R u) : tbAll (R.take l) u
Wset.lean:103	theorem tbAll_of_lev_bound	theorem tbAll_of_lev_bound {R : TrioSeq} {u : ℕ} (h : ∀ p ∈ R, 2 * p.2.1 + p.2.2 ≤ u) : tbAll R u
Wset.lean:121	theorem natDom_iff	theorem natDom_iff {M : TrioSeq} : natDom M ↔ (lev M (M.length - 1) = 0 ∨ hasParent M (srow M (M.length - 1)) (M.length - 1))
Wset.lean:137	theorem oper_eq_graft_nil_of_domT	theorem oper_eq_graft_nil_of_domT {M : TrioSeq} {m n : ℕ} (hL : 1 < M.length) (hd : domT M m) : M⟦n⟧ = graft M []
Wset.lean:152	def lfpS	def lfpS (f : Set TrioSeq → Set TrioSeq) : Set TrioSeq
Wset.lean:154	theorem lfpS_lowerbound	theorem lfpS_lowerbound {f : Set TrioSeq → Set TrioSeq} {Y : Set TrioSeq} (h : f Y ⊆ Y) : lfpS f ⊆ Y
Wset.lean:157	theorem lfpS_unfold_le	theorem lfpS_unfold_le {f : Set TrioSeq → Set TrioSeq} (hm : Monotone f) : f (lfpS f) ⊆ lfpS f
Wset.lean:162	theorem lfpS_unfold_ge	theorem lfpS_unfold_ge {f : Set TrioSeq → Set TrioSeq} (hm : Monotone f) : lfpS f ⊆ f (lfpS f)
Wset.lean:166	theorem lfpS_unfold	theorem lfpS_unfold {f : Set TrioSeq → Set TrioSeq} (hm : Monotone f) : f (lfpS f) = lfpS f
Wset.lean:171	def Aop	def Aop (Wfam : ℕ → Set TrioSeq) (u : ℕ) (X : Set TrioSeq) (M : TrioSeq) : Prop
Wset.lean:177	def Aset	def Aset (Wfam : ℕ → Set TrioSeq) (u : ℕ) (X : Set TrioSeq) : Set TrioSeq
Wset.lean:180	theorem Aop_mono_X	theorem Aop_mono_X {Wfam : ℕ → Set TrioSeq} {u : ℕ} {X Y : Set TrioSeq} {M : TrioSeq} (h : Aop Wfam u X M) (hXY : X ⊆ Y) : Aop Wfam u Y M
Wset.lean:187	theorem Aset_mono	theorem Aset_mono (Wfam : ℕ → Set TrioSeq) (u : ℕ) : Monotone (Aset Wfam u)
Wset.lean:191	theorem Aop_mono_level	theorem Aop_mono_level {Wfam : ℕ → Set TrioSeq} {u v : ℕ} {X : Set TrioSeq} {M : TrioSeq} (le : u ≤ v) (h : Aop Wfam u X M) : Aop Wfam v X M
Wset.lean:198	theorem Aop_cong	theorem Aop_cong {Wfam Wgam : ℕ → Set TrioSeq} {u : ℕ} {X : Set TrioSeq} {M : TrioSeq} (e : ∀ m : ℕ, m < u → Wfam m = Wgam m) : Aop Wfam u X M ↔ Aop Wgam u X M
Wset.lean:212	def Wf	def Wf : ℕ → ℕ → Set TrioSeq | 0 => fun _ => ∅ | v + 1 => fun m => if m = v then lfpS (Aset (Wf v) v) else Wf v m /-- **The trio iterated inductive set `W_u`.** -/ def W (u : ℕ) : Set TrioSeq
Wset.lean:217	def W	def W (u : ℕ) : Set TrioSeq
Wset.lean:219	theorem Wf_coh	theorem Wf_coh {m n : ℕ} (h : m < n) : Wf n m = Wf (m + 1) m
Wset.lean:230	theorem Wf_eq_W	theorem Wf_eq_W {m n : ℕ} (h : m < n) : Wf n m = W m
Wset.lean:232	theorem W_unfold	theorem W_unfold (u : ℕ) : W u = lfpS (Aset W u)
Wset.lean:243	theorem A1	theorem A1 (u : ℕ) : Aset W u (W u) = W u
Wset.lean:247	theorem A2	theorem A2 {u : ℕ} {Y : Set TrioSeq} (h : Aset W u Y ⊆ Y) : W u ⊆ Y
Wset.lean:251	theorem A2'	theorem A2' {u : ℕ} {Y : Set TrioSeq} (hY : ∀ M : TrioSeq, Aop W u Y M → M ∈ Y) : W u ⊆ Y
Wset.lean:255	theorem A1_intro	theorem A1_intro {u : ℕ} {M : TrioSeq} (h : Aop W u (W u) M) : M ∈ W u
Wset.lean:259	theorem W_nil	theorem W_nil (u : ℕ) : ([] : TrioSeq) ∈ W u
Wset.lean:262	theorem W_mono	theorem W_mono {u v : ℕ} (h : u ≤ v) : W u ⊆ W v
Wset.lean:268	def Rst	def Rst : TrioSeq → TrioSeq → Prop
Wset.lean:271	theorem acc_of_translate_eq	theorem acc_of_translate_eq {a b : TrioSeq} (ha : ST_TS a) (e : translate b = translate a) (h : Acc Rst a) : Acc Rst b
Wset.lean:275	theorem acc_of_nat_branch	theorem acc_of_nat_branch (hcof : ∀ {M N : TrioSeq}, ST_TS M → ST_TS N → translate N <o translate M → ∃ n, 1 ≤ n ∧ translate N ≤o translate (M⟦n⟧)) {c : TrioSeq} (hc : ST_TS c) (h : ∀ n : ℕ, 1 ≤ n → Acc Rst (c⟦n⟧)) : Acc Rst c
Wset.lean:291	theorem acc_of_W	theorem acc_of_W (hcof : ∀ {M N : TrioSeq}, ST_TS M → ST_TS N → translate N <o translate M → ∃ n, 1 ≤ n ∧ translate N ≤o translate (M⟦n⟧)) (u : ℕ) : ∀ M : TrioSeq, M ∈ W u → Acc Rst M
Wset.lean:334	theorem wf_of_cofinality_and_membership	theorem wf_of_cofinality_and_membership (hcof : ∀ {M N : TrioSeq}, ST_TS M → ST_TS N → translate N <o translate M → ∃ n, 1 ≤ n ∧ translate N ≤o translate (M⟦n⟧)) (hmem : ∀ M : TrioSeq, ST_TS M → ∃ u : ℕ, M ∈ W u) : WellFounded Rst
Wset.lean:347	theorem nextrel2_shiftr01	theorem nextrel2_shiftr01 {d0 : ℕ} {W : TrioSeq} {a b : ℕ} : nextrel2 (shiftr01 d0 0 W) a b ↔ nextrel2 W a b
Wset.lean:353	theorem srow_shiftr01	theorem srow_shiftr01 {d0 : ℕ} (W : TrioSeq) (j : ℕ) : srow (shiftr01 d0 0 W) j = srow W j
Wset.lean:358	theorem nextR_shiftr01	theorem nextR_shiftr01 {d0 : ℕ} {W : TrioSeq} {i a b : ℕ} : nextR (shiftr01 d0 0 W) i a b ↔ nextR W i a b
Wset.lean:367	theorem hasParent_shiftr01	theorem hasParent_shiftr01 {d0 : ℕ} {W : TrioSeq} {i b : ℕ} : hasParent (shiftr01 d0 0 W) i b ↔ hasParent W i b
Wset.lean:376	theorem parent_shiftr01	theorem parent_shiftr01 {d0 : ℕ} {W : TrioSeq} {i b : ℕ} : parent (shiftr01 d0 0 W) i b = parent W i b
Wset.lean:383	theorem shiftr01_take	theorem shiftr01_take (d0 d1 : ℕ) (W : TrioSeq) (k : ℕ) : (shiftr01 d0 d1 W).take k = shiftr01 d0 d1 (W.take k)
Wset.lean:388	theorem shiftr01_dropLast	theorem shiftr01_dropLast (d0 d1 : ℕ) (W : TrioSeq) : (shiftr01 d0 d1 W).dropLast = shiftr01 d0 d1 W.dropLast
Wset.lean:393	theorem gcopy_shiftr01	theorem gcopy_shiftr01 {d : ℕ} {W : TrioSeq} {r L : ℕ} (hb : r + L ≤ W.length) (d0 d1 k : ℕ) : gcopy (shiftr01 d 0 W) r L d0 d1 k = shiftr01 d 0 (gcopy W r L d0 d1 k)
Wset.lean:413	theorem gcopies_shiftr01	theorem gcopies_shiftr01 {d : ℕ} {W : TrioSeq} {r L : ℕ} (hb : r + L ≤ W.length) (d0 d1 n : ℕ) : gcopies (shiftr01 d 0 W) r L d0 d1 n = shiftr01 d 0 (gcopies W r L d0 d1 n)
Wset.lean:424	theorem Pred_shiftr01	theorem Pred_shiftr01 {d : ℕ} (W : TrioSeq) : Pred (shiftr01 d 0 W) = shiftr01 d 0 (Pred W)
Wset.lean:434	theorem oper_shiftr01	theorem oper_shiftr01 (W : TrioSeq) (d n : ℕ) : (shiftr01 d 0 W)⟦n⟧ = shiftr01 d 0 (W⟦n⟧)
Wset.lean:504	theorem lev_shiftr01	theorem lev_shiftr01 {d : ℕ} (W : TrioSeq) (j : ℕ) : lev (shiftr01 d 0 W) j = lev W j
Wset.lean:509	theorem domT_shiftr01	theorem domT_shiftr01 {d m : ℕ} {W : TrioSeq} : domT (shiftr01 d 0 W) m ↔ domT W m
Wset.lean:514	theorem natDom_shiftr01	theorem natDom_shiftr01 {d : ℕ} {W : TrioSeq} : natDom (shiftr01 d 0 W) ↔ natDom W
Wset.lean:519	theorem tbAll_shiftr01	theorem tbAll_shiftr01 {d u : ℕ} {W : TrioSeq} : tbAll (shiftr01 d 0 W) u ↔ tbAll W u
Wset.lean:528	theorem graft_shiftr01	theorem graft_shiftr01 {W : TrioSeq} (hW : W ≠ []) (z : TrioSeq) (d : ℕ) : graft (shiftr01 d 0 W) z = shiftr01 d 0 (graft W z)
Wset.lean:552	theorem entry_out_row	theorem entry_out_row {L : TrioSeq} {i p : ℕ} (hp : L.length ≤ p) : entry L i p = 0
Wset.lean:558	theorem entry0_shiftr1	theorem entry0_shiftr1 {d : ℕ} (W : TrioSeq) (p : ℕ) : entry (shiftr01 0 d W) 0 p = entry W 0 p
Wset.lean:566	theorem entry1_shiftr1	theorem entry1_shiftr1 {d : ℕ} {W : TrioSeq} {p : ℕ} (hp : p < W.length) : entry (shiftr01 0 d W) 1 p = entry W 1 p + d
Wset.lean:572	theorem nextrel0_shiftr1	theorem nextrel0_shiftr1 {d : ℕ} {W : TrioSeq} {a b : ℕ} : nextrel0 (shiftr01 0 d W) a b ↔ nextrel0 W a b
Wset.lean:578	theorem rtg0_shiftr1	theorem rtg0_shiftr1 {d : ℕ} {W : TrioSeq} {a b : ℕ} : Relation.ReflTransGen (nextrel0 (shiftr01 0 d W)) a b ↔ Relation.ReflTransGen (nextrel0 W) a b
Wset.lean:591	theorem le0_shiftr1	theorem le0_shiftr1 {d : ℕ} {W : TrioSeq} {a b : ℕ} : le0 (shiftr01 0 d W) a b ↔ le0 W a b
Wset.lean:596	theorem nextrel1_shiftr1	theorem nextrel1_shiftr1 {d : ℕ} {W : TrioSeq} {a b : ℕ} : nextrel1 (shiftr01 0 d W) a b ↔ nextrel1 W a b
Wset.lean:620	theorem le1_shiftr1	theorem le1_shiftr1 {d : ℕ} {W : TrioSeq} {a b : ℕ} : le1 (shiftr01 0 d W) a b ↔ le1 W a b
Wset.lean:635	theorem nextrel2_shiftr1	theorem nextrel2_shiftr1 {d : ℕ} {W : TrioSeq} {a b : ℕ} : nextrel2 (shiftr01 0 d W) a b ↔ nextrel2 W a b
Wset.lean:641	theorem nextR_shiftr1	theorem nextR_shiftr1 {d : ℕ} {W : TrioSeq} {i a b : ℕ} : nextR (shiftr01 0 d W) i a b ↔ nextR W i a b
Wset.lean:650	theorem hasParent_shiftr1	theorem hasParent_shiftr1 {d : ℕ} {W : TrioSeq} {i b : ℕ} : hasParent (shiftr01 0 d W) i b ↔ hasParent W i b
Wset.lean:659	theorem parent_shiftr1	theorem parent_shiftr1 {d : ℕ} {W : TrioSeq} {i b : ℕ} : parent (shiftr01 0 d W) i b = parent W i b
Wset.lean:666	theorem lev_shiftr1	theorem lev_shiftr1 {d : ℕ} {W : TrioSeq} {j : ℕ} (hj : j < W.length) : lev (shiftr01 0 d W) j = lev W j + 2 * d
Wset.lean:673	theorem srow_shiftr1	theorem srow_shiftr1 {d : ℕ} {W : TrioSeq} {j : ℕ} (hj : lev W j ≠ 0) : srow (shiftr01 0 d W) j = srow W j
Wset.lean:688	theorem gcopy_shiftr1	theorem gcopy_shiftr1 {d : ℕ} {W : TrioSeq} {r L : ℕ} (hb : r + L ≤ W.length) (d0 d1 k : ℕ) : gcopy (shiftr01 0 d W) r L d0 d1 k = shiftr01 0 d (gcopy W r L d0 d1 k)
Wset.lean:709	theorem gcopies_shiftr1	theorem gcopies_shiftr1 {d : ℕ} {W : TrioSeq} {r L : ℕ} (hb : r + L ≤ W.length) (d0 d1 n : ℕ) : gcopies (shiftr01 0 d W) r L d0 d1 n = shiftr01 0 d (gcopies W r L d0 d1 n)
Wset.lean:720	theorem Pred_shiftr1	theorem Pred_shiftr1 {d : ℕ} (W : TrioSeq) : Pred (shiftr01 0 d W) = shiftr01 0 d (Pred W)
Wset.lean:730	theorem oper_shiftr1	theorem oper_shiftr1 {W : TrioSeq} (hlev : lev W (W.length - 1) ≠ 0) (d n : ℕ) : (shiftr01 0 d W)⟦n⟧ = shiftr01 0 d (W⟦n⟧)
Wset.lean:795	theorem entry_take	theorem entry_take {X : TrioSeq} {l i j : ℕ} (hj : j < l) : entry (X.take l) i j = entry X i j
Wset.lean:806	theorem nextrel0_take	theorem nextrel0_take {X : TrioSeq} {l a b : ℕ} (hl : l ≤ X.length) (hb : b < l) : nextrel0 (X.take l) a b ↔ nextrel0 X a b
Wset.lean:827	theorem rtg0_le	theorem rtg0_le {X : TrioSeq} {a b : ℕ} (h : Relation.ReflTransGen (nextrel0 X) a b) : a ≤ b
Wset.lean:833	theorem rtg0_take_mp	theorem rtg0_take_mp {X : TrioSeq} {l : ℕ} (hl : l ≤ X.length) {a b : ℕ} (h : Relation.ReflTransGen (nextrel0 (X.take l)) a b) : Relation.ReflTransGen (nextrel0 X) a b
Wset.lean:842	theorem rtg0_take_mpr	theorem rtg0_take_mpr {X : TrioSeq} {l : ℕ} (hl : l ≤ X.length) {a b : ℕ} (h : Relation.ReflTransGen (nextrel0 X) a b) : b < l → Relation.ReflTransGen (nextrel0 (X.take l)) a b
Wset.lean:851	theorem le0_take	theorem le0_take {X : TrioSeq} {l a b : ℕ} (hl : l ≤ X.length) (hb : b < l) : le0 (X.take l) a b ↔ le0 X a b
Wset.lean:862	theorem nextrel1_take	theorem nextrel1_take {X : TrioSeq} {l a b : ℕ} (hl : l ≤ X.length) (hb : b < l) : nextrel1 (X.take l) a b ↔ nextrel1 X a b
Wset.lean:885	theorem rtg1_le	theorem rtg1_le {X : TrioSeq} {a b : ℕ} (h : Relation.ReflTransGen (nextrel1 X) a b) : a ≤ b
Wset.lean:891	theorem rtg1_take_mp	theorem rtg1_take_mp {X : TrioSeq} {l : ℕ} (hl : l ≤ X.length) {a b : ℕ} (h : Relation.ReflTransGen (nextrel1 (X.take l)) a b) : Relation.ReflTransGen (nextrel1 X) a b
Wset.lean:900	theorem rtg1_take_mpr	theorem rtg1_take_mpr {X : TrioSeq} {l : ℕ} (hl : l ≤ X.length) {a b : ℕ} (h : Relation.ReflTransGen (nextrel1 X) a b) : b < l → Relation.ReflTransGen (nextrel1 (X.take l)) a b
Wset.lean:909	theorem le1_take	theorem le1_take {X : TrioSeq} {l a b : ℕ} (hl : l ≤ X.length) (hb : b < l) : le1 (X.take l) a b ↔ le1 X a b
Wset.lean:938	theorem Lift1_getD	theorem Lift1_getD {X : TrioSeq} {d i : ℕ} (hi : i < X.length) : (Lift1 X d).getD i (0, 0, 0) = ((entry X 0 i, entry X 1 i + (if le1 X 0 i then d else 0), entry X 2 i) : ℕ × ℕ × ℕ)
Wset.lean:948	theorem entry0_Lift1	theorem entry0_Lift1 (X : TrioSeq) (d i : ℕ) : entry (Lift1 X d) 0 i = entry X 0 i
Wset.lean:955	theorem entry2_Lift1	theorem entry2_Lift1 (X : TrioSeq) (d i : ℕ) : entry (Lift1 X d) 2 i = entry X 2 i
Wset.lean:963	theorem entry1_Lift1	theorem entry1_Lift1 {X : TrioSeq} {d i : ℕ} (hi : i < X.length) : entry (Lift1 X d) 1 i = entry X 1 i + (if le1 X 0 i then d else 0)
Wset.lean:968	theorem entry_triple	theorem entry_triple {X : TrioSeq} {i : ℕ} (hi : i < X.length) : ((entry X 0 i, entry X 1 i, entry X 2 i) : ℕ × ℕ × ℕ) = X[i]
Wset.lean:990	theorem based_Lift1	theorem based_Lift1 {X : TrioSeq} (d : ℕ) (h : based X) : based (Lift1 X d)
Wset.lean:995	theorem Lift1_take	theorem Lift1_take {X : TrioSeq} {d l : ℕ} (hl : l ≤ X.length) : (Lift1 X d).take l = Lift1 (X.take l) d
Wset.lean:1007	theorem Lift1_dropLast	theorem Lift1_dropLast {X : TrioSeq} {d : ℕ} : (Lift1 X d).dropLast = Lift1 X.dropLast d
Wset.lean:1017	theorem nextrel0_Lift1	theorem nextrel0_Lift1 {X : TrioSeq} {d a b : ℕ} : nextrel0 (Lift1 X d) a b ↔ nextrel0 X a b
Wset.lean:1023	theorem le0_Lift1	theorem le0_Lift1 {X : TrioSeq} {d a b : ℕ} : le0 (Lift1 X d) a b ↔ le0 X a b
Wset.lean:1040	theorem nextrel0_uniq_src	theorem nextrel0_uniq_src {X : TrioSeq} {a a' b : ℕ} (h : nextrel0 X a b) (h' : nextrel0 X a' b) : a = a'
Wset.lean:1053	theorem nextrel1_uniq_src	theorem nextrel1_uniq_src {X : TrioSeq} {a a' b : ℕ} (h : nextrel1 X a b) (h' : nextrel1 X a' b) : a = a'
Wset.lean:1066	theorem le0_of_le0_le0	theorem le0_of_le0_le0 {X : TrioSeq} {a k b : ℕ} (ha : le0 X a b) (hk : le0 X k b) (hak : a < k) : le0 X a k
Wset.lean:1089	theorem le0_refl	theorem le0_refl {X : TrioSeq} {a : ℕ} (h : a < X.length) : le0 X a a
Wset.lean:1092	theorem le0_trans	theorem le0_trans {X : TrioSeq} {a b c : ℕ} (h1 : le0 X a b) (h2 : le0 X b c) : le0 X a c
Wset.lean:1095	theorem le1_trans	theorem le1_trans {X : TrioSeq} {a b c : ℕ} (h1 : le1 X a b) (h2 : le1 X b c) : le1 X a c
Wset.lean:1100	theorem nextrel1_exists	theorem nextrel1_exists {X : TrioSeq} {a j : ℕ} (hj : j < X.length) (ha : le0 X a j) (haj : a < j) (hlt : entry X 1 a < entry X 1 j) : ∃ c, nextrel1 X c j ∧ a ≤ c
Wset.lean:1122	theorem le1_gen	theorem le1_gen {X : TrioSeq} {a : ℕ} : ∀ k : ℕ, a < k → k < X.length → le0 X a k → (∀ j, a < j → le0 X j k → entry X 1 a < entry X 1 j) → le1 X a k
Wset.lean:1142	theorem le1_of_between	theorem le1_of_between {X : TrioSeq} {a b k : ℕ} (h : nextrel1 X a b) (hak : a < k) (hkb : le0 X k b) : le1 X a k
Wset.lean:1150	theorem le1_cone_up	theorem le1_cone_up {X : TrioSeq} {i j : ℕ} (h : le1 X 0 i) (hn : nextrel1 X i j) : le1 X 0 j
Wset.lean:1153	theorem le1_cone_down	theorem le1_cone_down {X : TrioSeq} {i j : ℕ} (h : le1 X 0 j) (hn : nextrel1 X i j) : le1 X 0 i
Wset.lean:1167	theorem nextrel1_Lift1	theorem nextrel1_Lift1 {X : TrioSeq} {d a b : ℕ} : nextrel1 (Lift1 X d) a b ↔ nextrel1 X a b
Wset.lean:1213	theorem le1_Lift1	theorem le1_Lift1 {X : TrioSeq} {d a b : ℕ} : le1 (Lift1 X d) a b ↔ le1 X a b
Wset.lean:1230	theorem Lift1_Lift1	theorem Lift1_Lift1 (X : TrioSeq) (t s : ℕ) : Lift1 (Lift1 X t) s = Lift1 X (t + s)
Wset.lean:1244	theorem nextrel2_Lift1	theorem nextrel2_Lift1 {X : TrioSeq} {d a b : ℕ} : nextrel2 (Lift1 X d) a b ↔ nextrel2 X a b
Wset.lean:1250	theorem nextR_Lift1	theorem nextR_Lift1 {X : TrioSeq} {d i a b : ℕ} : nextR (Lift1 X d) i a b ↔ nextR X i a b
Wset.lean:1259	theorem hasParent_Lift1	theorem hasParent_Lift1 {X : TrioSeq} {d i b : ℕ} : hasParent (Lift1 X d) i b ↔ hasParent X i b
Wset.lean:1268	theorem parent_Lift1	theorem parent_Lift1 {X : TrioSeq} {d i b : ℕ} : parent (Lift1 X d) i b = parent X i b
Wset.lean:1277	theorem srow_Lift1	theorem srow_Lift1 {X : TrioSeq} {d j : ℕ} (hj : j ≠ 0) : srow (Lift1 X d) j = srow X j
Wset.lean:1304	theorem lev_Lift1_of_cone	theorem lev_Lift1_of_cone {X : TrioSeq} {d j : ℕ} (hj : j < X.length) : lev (Lift1 X d) j = lev X j + 2 * (if le1 X 0 j then d else 0)
Wset.lean:1314	def argOK	def argOK (R : TrioSeq) : Prop
Wset.lean:1317	def rsum	def rsum (A P : TrioSeq) : Prop
Wset.lean:1320	theorem W_shift	theorem W_shift {u : ℕ} {M : TrioSeq} (h : M ∈ W u) (d : ℕ) : shiftr01 d 0 M ∈ W u
Wset.lean:1342	theorem split_lastMin	theorem split_lastMin : ∀ {M : TrioSeq}, M ≠ [] → ∃ A P, M = A ++ P ∧ P ≠ [] ∧ rsum A P ∧ (∀ p ∈ P.tail, entry P 0 0 < p.1)
Wset.lean:1395	theorem entry_sub_zero	theorem entry_sub_zero {P : TrioSeq} (hP : P ≠ []) : entry (shiftl0 (entry P 0 0) P) 0 0 = 0
Wset.lean:1406	theorem rsum_decomp	theorem rsum_decomp {A P : TrioSeq} (h : rsum A P) : shiftr01 (entry P 0 0) 0 (shiftl0 (entry P 0 0) A ++ shiftl0 (entry P 0 0) P) = A ++ P
Wset.lean:1414	theorem oper_append_gen	theorem oper_append_gen {A P : TrioSeq} (n : ℕ) (hP : 2 ≤ P.length) (h : rsum A P) : (A ++ P)⟦n⟧ = A ++ P⟦n⟧
Wset.lean:1434	theorem graft_append	theorem graft_append {A P z : TrioSeq} (hP : P ≠ []) : graft (A ++ P) z = A ++ graft P z
Wset.lean:1445	theorem hasParent_append_gen	theorem hasParent_append_gen {A P : TrioSeq} {i j : ℕ} (hj : j < P.length) (h : rsum A P) : hasParent (A ++ P) i (A.length + j) ↔ hasParent P i j
Wset.lean:1477	theorem lev_append_right	theorem lev_append_right (A P : TrioSeq) (j : ℕ) : lev (A ++ P) (A.length + j) = lev P j
Wset.lean:1482	theorem srow_append_right	theorem srow_append_right (A P : TrioSeq) (j : ℕ) : srow (A ++ P) (A.length + j) = srow P j
Wset.lean:1487	theorem domT_append	theorem domT_append {A P : TrioSeq} {m : ℕ} (hP : P ≠ []) (h : rsum A P) : domT (A ++ P) m ↔ domT P m
Wset.lean:1497	theorem natDom_append	theorem natDom_append {A P : TrioSeq} (hP : P ≠ []) (h : rsum A P) : natDom (A ++ P) ↔ natDom P
Wset.lean:1502	def XA	def XA (A : TrioSeq) (X : Set TrioSeq) : Set TrioSeq
Wset.lean:1506	theorem entry_zero_headD	theorem entry_zero_headD (X : TrioSeq) : entry X 0 0 = (X.headD (0, 0, 0)).1
Wset.lean:1509	theorem oper_headD	theorem oper_headD (N : TrioSeq) {n : ℕ} (L : 1 < N.length) (hn : 1 ≤ n) : (N⟦n⟧).headD (0, 0, 0) = N.headD (0, 0, 0)
Wset.lean:1518	theorem oper_head_eq	theorem oper_head_eq {B : TrioSeq} {n : ℕ} (hn : 1 ≤ n) : entry (B⟦n⟧) 0 0 = entry B 0 0
Wset.lean:1525	theorem entry_pair_mem	theorem entry_pair_mem {B : TrioSeq} {j : ℕ} (hj : j < B.length) : ((entry B 0 j, entry B 1 j, entry B 2 j) : ℕ × ℕ × ℕ) ∈ B
Wset.lean:1536	theorem oper_mem_ge	theorem oper_mem_ge {B : TrioSeq} {c n : ℕ} (h : ∀ p ∈ B, c ≤ p.1) : ∀ p ∈ B⟦n⟧, c ≤ p.1
Wset.lean:1575	theorem graft_mem_ge	theorem graft_mem_ge {B z : TrioSeq} {c : ℕ} (hB : B ≠ []) (h : ∀ p ∈ B, c ≤ p.1) : ∀ p ∈ graft B z, c ≤ p.1
Wset.lean:1590	theorem graft_head_eq	theorem graft_head_eq {B z : TrioSeq} (hB : B ≠ []) (hz : based z) (hne : graft B z ≠ []) : entry (graft B z) 0 0 = entry B 0 0
Wset.lean:1609	theorem XA_closed	theorem XA_closed {u : ℕ} {X : Set TrioSeq} (hX : ∀ M : TrioSeq, Aop W u X M → M ∈ X) {A : TrioSeq} (hA : A ∈ X) : ∀ M : TrioSeq, Aop W u (XA A X) M → M ∈ XA A X
Wset.lean:1682	theorem W_add	theorem W_add {u : ℕ} {A B : TrioSeq} (hA : A ∈ W u) (hB : B ∈ W u) (h : rsum A B) : A ++ B ∈ W u
Wset.lean:1686	theorem graft_Om	theorem graft_Om (v z : ℕ) (y : TrioSeq) : graft [((0, v, z) : ℕ × ℕ × ℕ)] y = y
Wset.lean:1689	theorem domT_Om	theorem domT_Om {v z : ℕ} (h : 0 < 2 * v + z) : domT [((0, v, z) : ℕ × ℕ × ℕ)] (2 * v + z - 1)
Wset.lean:1696	theorem Om_mem_W	theorem Om_mem_W (v z : ℕ) : [((0, v, z) : ℕ × ℕ × ℕ)] ∈ W (2 * v + z)
Wset.lean:1708	theorem entry_cons	theorem entry_cons (p : ℕ × ℕ × ℕ) (R : TrioSeq) (i j : ℕ) : entry (p :: R) i (j + 1) = entry R i j
Wset.lean:1715	theorem nextR_cons	theorem nextR_cons (p : ℕ × ℕ × ℕ) (R : TrioSeq) (i j0 j1 : ℕ) : nextR (p :: R) i (j0 + 1) (j1 + 1) ↔ nextR R i j0 j1
Wset.lean:1722	theorem le0_cons	theorem le0_cons (p : ℕ × ℕ × ℕ) (R : TrioSeq) (j0 j1 : ℕ) : le0 (p :: R) (j0 + 1) (j1 + 1) ↔ le0 R j0 j1
Wset.lean:1729	theorem le1_cons	theorem le1_cons (p : ℕ × ℕ × ℕ) (R : TrioSeq) (j0 j1 : ℕ) : le1 (p :: R) (j0 + 1) (j1 + 1) ↔ le1 R j0 j1
Wset.lean:1736	theorem srow_cons	theorem srow_cons (p : ℕ × ℕ × ℕ) (R : TrioSeq) (j : ℕ) : srow (p :: R) (j + 1) = srow R j
Wset.lean:1741	theorem len_succ	theorem len_succ {R : TrioSeq} (hRne : R ≠ []) : R.length = (R.length - 1) + 1
Wset.lean:1745	theorem entry_cons_last	theorem entry_cons_last {p : ℕ × ℕ × ℕ} {R : TrioSeq} (hRne : R ≠ []) (i : ℕ) : entry (p :: R) i R.length = entry R i (R.length - 1)
Wset.lean:1750	theorem le0_cons_last	theorem le0_cons_last {p : ℕ × ℕ × ℕ} {R : TrioSeq} (hRne : R ≠ []) (j : ℕ) : le0 (p :: R) (j + 1) R.length ↔ le0 R j (R.length - 1)
Wset.lean:1755	theorem le1_cons_last	theorem le1_cons_last {p : ℕ × ℕ × ℕ} {R : TrioSeq} (hRne : R ≠ []) (j : ℕ) : le1 (p :: R) (j + 1) R.length ↔ le1 R j (R.length - 1)
Wset.lean:1760	theorem nextR_cons_last	theorem nextR_cons_last {p : ℕ × ℕ × ℕ} {R : TrioSeq} (hRne : R ≠ []) (i j : ℕ) : nextR (p :: R) i (j + 1) R.length ↔ nextR R i j (R.length - 1)
Wset.lean:1765	theorem srow_cons_last	theorem srow_cons_last {p : ℕ × ℕ × ℕ} {R : TrioSeq} (hRne : R ≠ []) : srow (p :: R) R.length = srow R (R.length - 1)
Wset.lean:1770	theorem cons_len_lt	theorem cons_len_lt {p : ℕ × ℕ × ℕ} (R : TrioSeq) : R.length < (p :: R).length
Wset.lean:1773	theorem cons_length	theorem cons_length (p : ℕ × ℕ × ℕ) (R : TrioSeq) : (p :: R).length - 1 = R.length
Wset.lean:1776	theorem dropLast_cons	theorem dropLast_cons {p : ℕ × ℕ × ℕ} {R : TrioSeq} (hRne : R ≠ []) : (p :: R).dropLast = p :: R.dropLast
Wset.lean:1784	theorem hasParent_zero_iff	theorem hasParent_zero_iff {M : TrioSeq} {b : ℕ} (hb : b < M.length) : hasParent M 0 b ↔ ∃ k, k < b ∧ entry M 0 k < entry M 0 b
Wset.lean:1813	theorem rtg1_le'	theorem rtg1_le' {X : TrioSeq} {a b : ℕ} (h : Relation.ReflTransGen (nextrel1 X) a b) : a ≤ b
Wset.lean:1823	theorem hasParent_one_of	theorem hasParent_one_of {M : TrioSeq} {b k : ℕ} (hb : b < M.length) (hk1 : k < b) (hk0 : le0 M k b) (hk2 : entry M 1 k < entry M 1 b) : hasParent M 1 b
Wset.lean:1858	theorem hasParent_two_of	theorem hasParent_two_of {M : TrioSeq} {b k : ℕ} (hb : b < M.length) (hk1 : k < b) (hk0 : le1 M k b) (hk2 : entry M 2 k < entry M 2 b) : hasParent M 2 b
Wset.lean:1893	theorem no_hasParent_two_of_row1_zero	theorem no_hasParent_two_of_row1_zero {M : TrioSeq} {b : ℕ} (hb : 0 < b) (h1 : entry M 1 b = 0) : ¬ hasParent M 2 b
Wset.lean:1907	theorem le0_cons_zero	theorem le0_cons_zero {v z : ℕ} {R : TrioSeq} (hR : argOK R) : ∀ j, j < R.length → le0 (((0, v, z) : ℕ × ℕ × ℕ) :: R) 0 (j + 1)
Wset.lean:1951	def gdelta	def gdelta (M y : TrioSeq) : ℕ
Wset.lean:1958	def ggraft	def ggraft (M y : TrioSeq) : TrioSeq
Wset.lean:1965	theorem ggraft_Om	theorem ggraft_Om (v z : ℕ) (y : TrioSeq) : ggraft [((0, v, z) : ℕ × ℕ × ℕ)] y = y
Wset.lean:1973	theorem ggraft_cons	theorem ggraft_cons {p : ℕ × ℕ × ℕ} {R y : TrioSeq} (hRne : R ≠ []) : ggraft (p :: R) y = p :: ggraft R y
Wset.lean:1987	theorem nextR_cons_uniq	theorem nextR_cons_uniq {v z : ℕ} {R : TrioSeq} (hR : argOK R) (hRne : R ≠ []) (hp : hasParent R (srow R (R.length - 1)) (R.length - 1)) : ∀ y, nextR (((0, v, z) : ℕ × ℕ × ℕ) :: R) (srow R (R.length - 1)) y R.length → y = parent R (srow R (R.length - 1)) (R.length - 1) + 1
Wset.lean:2041	theorem oper_cons_nat	theorem oper_cons_nat {v z n : ℕ} {R : TrioSeq} (hR : argOK R) (hRne : R ≠ []) (hp : hasParent R (srow R (R.length - 1)) (R.length - 1)) : (((0, v, z) : ℕ × ℕ × ℕ) :: R)⟦n⟧ = ((0, v, z) : ℕ × ℕ × ℕ) :: R⟦n⟧
Wset.lean:2103	theorem oper_closed	theorem oper_closed {u n : ℕ} {M : TrioSeq} (hM : M ∈ W u) (hn : 1 ≤ n) : M⟦n⟧ ∈ W u
Wset.lean:2120	theorem W_take	theorem W_take {u : ℕ} {M : TrioSeq} (h : M ∈ W u) (k : ℕ) : M.take k ∈ W u
Wset.lean:2161	theorem lev_root_le_of_mem_W	theorem lev_root_le_of_mem_W {u : ℕ} {M : TrioSeq} (h : M ∈ W u) (hne : M ≠ []) : lev M 0 ≤ u
Wset.lean:2221	theorem lev_shiftl0	theorem lev_shiftl0 (d : ℕ) (N : TrioSeq) (j : ℕ) : lev (shiftl0 d N) j = lev N j
Wset.lean:2234	theorem oper_shiftl0	theorem oper_shiftl0 {d n : ℕ} {N : TrioSeq} (hsub : ∀ x ∈ N, d ≤ x.1) : (shiftl0 d N)⟦n⟧ = shiftl0 d (N⟦n⟧)
Wset.lean:2246	theorem W_shiftl0	theorem W_shiftl0 {u d : ℕ} {M : TrioSeq} (h : M ∈ W u) (hsub : ∀ x ∈ M, d ≤ x.1) : shiftl0 d M ∈ W u
Wset.lean:2304	theorem W_root_stage	theorem W_root_stage {u : ℕ} {M : TrioSeq} (h : M ∈ W u) (hne : M ≠ []) : M ∈ W (lev M 0)
Wset.lean:2370	theorem W_dropLast	theorem W_dropLast {u : ℕ} {M : TrioSeq} (h : M ∈ W u) : M.dropLast ∈ W u
Wset.lean:2375	theorem seg_zero_eq_take	theorem seg_zero_eq_take (M : TrioSeq) {j : ℕ} (h : j ≤ M.length) : seg M 0 j = M.take j
Wset.lean:2392	theorem oper_cons_succ	theorem oper_cons_succ {v z n : ℕ} {R : TrioSeq} (hR : argOK R) (hRne : R ≠ []) (hw : lev R (R.length - 1) = 0) (hnp : ¬ hasParent R 0 (R.length - 1)) : (((0, v, z) : ℕ × ℕ × ℕ) :: R)⟦n⟧ = (List.range n).flatMap (fun _ => (((0, v, z) : ℕ × ℕ × ℕ) :: R.dropLast))
Wset.lean:2470	def zle1	def zle1 (M : TrioSeq) : Prop
Wset.lean:2472	theorem zle1_oper	theorem zle1_oper {B : TrioSeq} {n : ℕ} (h : zle1 B) : zle1 (B⟦n⟧)
Wset.lean:2508	theorem zle1_diagSeqT	theorem zle1_diagSeqT (v : ℕ) : zle1 (diagSeqT 0 v)
Wset.lean:2516	theorem zle1_ST_TS	theorem zle1_ST_TS {M : TrioSeq} (h : ST_TS M) : zle1 M
Wset.lean:2523	theorem argOK_oper	theorem argOK_oper {R : TrioSeq} (hR : argOK R) (n : ℕ) : argOK (R⟦n⟧)
Wset.lean:2526	theorem argOK_graft	theorem argOK_graft {R : TrioSeq} (hRne : R ≠ []) (hR : argOK R) (y : TrioSeq) : argOK (graft R y)
Wset.lean:2530	theorem argOK_dropLast	theorem argOK_dropLast {R : TrioSeq} (hR : argOK R) : argOK R.dropLast
Wset.lean:2533	theorem argOK_take'	theorem argOK_take' {M : TrioSeq} (hM : argOK M) (k : ℕ) : argOK (M.take k)
Wset.lean:2536	theorem based_cons	theorem based_cons (v z : ℕ) (R : TrioSeq) : based (((0, v, z) : ℕ × ℕ × ℕ) :: R)
Wset.lean:2539	theorem rsum_self_cons	theorem rsum_self_cons (v z : ℕ) (R : TrioSeq) : ∀ p ∈ (((0, v, z) : ℕ × ℕ × ℕ) :: R), entry (((0, v, z) : ℕ × ℕ × ℕ) :: R) 0 0 ≤ p.1
Wset.lean:2545	theorem graft_cons	theorem graft_cons {v z : ℕ} {R y : TrioSeq} (hRne : R ≠ []) : graft (((0, v, z) : ℕ × ℕ × ℕ) :: R) y = ((0, v, z) : ℕ × ℕ × ℕ) :: graft R y
Wset.lean:2552	theorem W_flatMap_copies	theorem W_flatMap_copies {u : ℕ} {Q : TrioSeq} (hQ : Q ∈ W u) (hQr : ∀ p ∈ Q, entry Q 0 0 ≤ p.1) : ∀ n : ℕ, ((List.range n).flatMap fun _ => Q) ∈ W u
Wset.lean:2573	theorem nextR_src_ge	theorem nextR_src_ge {A T : TrioSeq} {i y q j1 : ℕ} (hq : nextR T i q j1) (hy : nextR (A ++ T) i y (A.length + j1)) : A.length ≤ y
Wset.lean:2604	theorem hasParent_append_right_of	theorem hasParent_append_right_of (A T : TrioSeq) {i j1 : ℕ} (h : hasParent T i j1) : hasParent (A ++ T) i (A.length + j1)
Wset.lean:2615	theorem tbAll_graft	theorem tbAll_graft {M z : TrioSeq} {u m : ℕ} (hMne : M ≠ []) (hM : tbAll M u) (hmu : m < u) (hz : tbAll z m) : tbAll (graft M z) u
Wset.lean:2684	def Wstar	def Wstar : Set TrioSeq
Wset.lean:2694	theorem entry1_le_of_dead_one	theorem entry1_le_of_dead_one {v z : ℕ} {R : TrioSeq} (hR : argOK R) (hRne : R ≠ []) (hnp : ¬ hasParent (((0, v, z) : ℕ × ℕ × ℕ) :: R) 1 R.length) : entry R 1 (R.length - 1) ≤ v
Wset.lean:2710	theorem hasParent_cons_of	theorem hasParent_cons_of {v z : ℕ} {R : TrioSeq} (hR : argOK R) (hRne : R ≠ []) (hp : hasParent R (srow R (R.length - 1)) (R.length - 1)) : hasParent (((0, v, z) : ℕ × ℕ × ℕ) :: R) (srow R (R.length - 1)) R.length
Wset.lean:2719	theorem domT_cons_of_dead	theorem domT_cons_of_dead {v z m : ℕ} {R : TrioSeq} (hRne : R ≠ []) (hd : domT R m) (hnp : ¬ hasParent (((0, v, z) : ℕ × ℕ × ℕ) :: R) (srow R (R.length - 1)) R.length) : domT (((0, v, z) : ℕ × ℕ × ℕ) :: R) m
Wset.lean:2737	theorem graft_eq_shift	theorem graft_eq_shift (M y : TrioSeq) : graft M y = M.dropLast ++ shiftr01 (entry M 0 (M.length - 1)) 0 y
Wset.lean:2744	theorem shiftr01_comp	theorem shiftr01_comp (b c : ℕ) (X : TrioSeq) : shiftr01 b 0 (shiftr01 c 0 X) = shiftr01 (b + c) 0 X
Wset.lean:2762	theorem parent_cons_eq_zero	theorem parent_cons_eq_zero {v z m : ℕ} {R : TrioSeq} (hRne : R ≠ []) (hd : domT R m) (hpM : hasParent (((0, v, z) : ℕ × ℕ × ℕ) :: R) (srow R (R.length - 1)) R.length) : parent (((0, v, z) : ℕ × ℕ × ℕ) :: R) (srow R (R.length - 1)) R.length = 0
Wset.lean:2780	def tow	def tow (v z : ℕ) (R : TrioSeq) : ℕ → TrioSeq | 0 => [] | k + 1 => ((0, v, z) : ℕ × ℕ × ℕ) :: graft R (tow v z R k) theorem based_tow (v z : ℕ) (R : TrioSeq) : ∀ k, based (tow v z R k) | 0 => by simp [tow]
Wset.lean:2784	theorem based_tow	theorem based_tow (v z : ℕ) (R : TrioSeq) : ∀ k, based (tow v z R k) | 0 => by simp [tow] | _ + 1 => based_cons v z _ /-- **Tower identity for a row-1 collapse.** -/ theorem oper_cons_tower1 {v z m n : ℕ} {R : TrioSeq}
Wset.lean:2789	theorem oper_cons_tower1	theorem oper_cons_tower1 {v z m n : ℕ} {R : TrioSeq} (hR : argOK R) (hRne : R ≠ []) (hd : domT R m) (hi1 : srow R (R.length - 1) = 1) (hpM : hasParent (((0, v, z) : ℕ × ℕ × ℕ) :: R) (srow R (R.length - 1)) R.length) : (((0, v, z) : ℕ × ℕ × ℕ) :: R)⟦n⟧ = tow v z R n
Wset.lean:2868	theorem entry_append_left	theorem entry_append_left (A B : TrioSeq) {i j : ℕ} (hj : j < A.length) : entry (A ++ B) i j = entry A i j
Wset.lean:2891	theorem glift_getD	theorem glift_getD (M : TrioSeq) (L d0 d1 : ℕ) (y : TrioSeq) {i : ℕ} (hi : i < y.length) : (glift M L d0 d1 y).getD i (0, 0, 0) = ((entry y 0 i + d0, entry y 1 i + (if le1 M 0 (i % L) then d1 else 0), entry y 2 i) : ℕ × ℕ × ℕ)
Wset.lean:2905	theorem glift_append	theorem glift_append {M : TrioSeq} {L d0 d1 : ℕ} {A B : TrioSeq} (hA : A.length % L = 0) : glift M L d0 d1 (A ++ B) = glift M L d0 d1 A ++ glift M L d0 d1 B
Wset.lean:2942	theorem gcopy_getD	theorem gcopy_getD (M : TrioSeq) {L : ℕ} (d0 d1 k j : ℕ) (hj : j < L) : (gcopy M 0 L d0 d1 k).getD j (0, 0, 0) = ((entry M 0 j + k * d0, entry M 1 j + (if le1 M 0 j then k * d1 else 0), entry M 2 j) : ℕ × ℕ × ℕ)
Wset.lean:2954	theorem gcopy_succ_glift	theorem gcopy_succ_glift (M : TrioSeq) (L d0 d1 k : ℕ) : gcopy M 0 L d0 d1 (k + 1) = glift M L d0 d1 (gcopy M 0 L d0 d1 k)
Wset.lean:2997	theorem gcopies_length	theorem gcopies_length (M : TrioSeq) (r L d0 d1 n : ℕ) : (gcopies M r L d0 d1 n).length = n * L
Wset.lean:3008	theorem oper_one_eq_dropLast	theorem oper_one_eq_dropLast {M : TrioSeq} (hL : 1 < M.length) : M⟦1⟧ = M.dropLast
Wset.lean:3038	theorem oper_prefix_of_le	theorem oper_prefix_of_le {M : TrioSeq} {n n' : ℕ} (h : n' ≤ n) : ∃ R, M⟦n⟧ = M⟦n'⟧ ++ R
Wset.lean:3070	theorem W_oper_mono	theorem W_oper_mono {u : ℕ} {M : TrioSeq} {n n' : ℕ} (h : n' ≤ n) (hmem : M⟦n⟧ ∈ W u) : M⟦n'⟧ ∈ W u
Wset.lean:3077	theorem singleton_mem_self	theorem singleton_mem_self (c : ℕ × ℕ × ℕ) : [c] ∈ W (lev [c] 0)
Wset.lean:3085	theorem lev_drop_head	theorem lev_drop_head (N : TrioSeq) (j : ℕ) : lev (N.drop j) 0 = lev N j
Wset.lean:3090	theorem glift_gcopies	theorem glift_gcopies (M : TrioSeq) (L d0 d1 : ℕ) : ∀ n, (List.range n).flatMap (fun k => glift M L d0 d1 (gcopy M 0 L d0 d1 k)) = glift M L d0 d1 (gcopies M 0 L d0 d1 n)
Wset.lean:3111	theorem oper_root_tower	theorem oper_root_tower {M : TrioSeq} (n : ℕ) (hL : M.length - 1 ≠ 0) (hz : ¬ (entry M 0 (M.length - 1) = 0 ∧ entry M 1 (M.length - 1) = 0 ∧ entry M 2 (M.length - 1) = 0)) (hp : hasParent M (srow M (M.length - 1)) (M.length - 1)) (hpar : parent M (srow M (M.length - 1)) (M.length - 1) = 0) : M⟦n + 1 …
Wset.lean:3156	theorem oper_eq_gexp	theorem oper_eq_gexp {M : TrioSeq} (n : ℕ) (hL : M.length - 1 ≠ 0) (hz : ¬ (entry M 0 (M.length - 1) = 0 ∧ entry M 1 (M.length - 1) = 0 ∧ entry M 2 (M.length - 1) = 0)) (hp : hasParent M (srow M (M.length - 1)) (M.length - 1)) (hpar : parent M (srow M (M.length - 1)) (M.length - 1) = 0) : M⟦n⟧ = gex …
Wset.lean:3171	theorem glift_eq_Lift1	theorem glift_eq_Lift1 {M : TrioSeq} {n t L d0 d1 : ℕ} (hlen : L + 1 = M.length) (hgexp : M⟦n⟧ = gexp M 0 L d0 d1 n) (hup : ∀ l, 0 < l → l ≤ L → entry M 0 0 < entry M 0 l) (hd0pos : 0 < d0) (hd0e : entry M 0 L = entry M 0 0 + d0) (hd1pos : 0 < d1) (hle1lp : le1 M 0 L) :
Wset.lean:3208	theorem le1_entry1_lt	theorem le1_entry1_lt {X : TrioSeq} {a b : ℕ} (h : le1 X a b) (hne : a ≠ b) : entry X 1 a < entry X 1 b
Wset.lean:3219	theorem glift_split	theorem glift_split (M : TrioSeq) (L d0 d1 : ℕ) (y : TrioSeq) : glift M L d0 d1 y = shiftr01 d0 0 (glift M L 0 d1 y)
Wset.lean:3231	theorem oper_cons_tower2	theorem oper_cons_tower2 {v z m n : ℕ} {R : TrioSeq} (hR : argOK R) (hRne : R ≠ []) (hd : domT R m) (hi1 : srow R (R.length - 1) = 2) (hpM : hasParent (((0, v, z) : ℕ × ℕ × ℕ) :: R) (srow R (R.length - 1)) R.length) : (((0, v, z) : ℕ × ℕ × ℕ) :: R)⟦n + 1⟧
Wset.lean:3311	theorem gcopy_Lift1	theorem gcopy_Lift1 {M : TrioSeq} {L : ℕ} (hL : L ≤ M.length) (t d0 d1 k : ℕ) : gcopy (Lift1 M t) 0 L d0 d1 k = glift M L 0 t (gcopy M 0 L d0 d1 k)
Wset.lean:3354	theorem glift_gcopies'	theorem glift_gcopies' (M : TrioSeq) (L a b d0 d1 : ℕ) : ∀ n, (List.range n).flatMap (fun k => glift M L a b (gcopy M 0 L d0 d1 k)) = glift M L a b (gcopies M 0 L d0 d1 n)
Wset.lean:3373	theorem gcopies_Lift1	theorem gcopies_Lift1 {M : TrioSeq} {L : ℕ} (hL : L ≤ M.length) (t d0 d1 n : ℕ) : gcopies (Lift1 M t) 0 L d0 d1 n = glift M L 0 t (gcopies M 0 L d0 d1 n)
Wset.lean:3384	theorem oper_Lift1_root	theorem oper_Lift1_root {M : TrioSeq} (n t : ℕ) (hL : M.length - 1 ≠ 0) (hz : ¬ (entry M 0 (M.length - 1) = 0 ∧ entry M 1 (M.length - 1) = 0 ∧ entry M 2 (M.length - 1) = 0)) (hp : hasParent M (srow M (M.length - 1)) (M.length - 1)) (hpar : parent M (srow M (M.length - 1)) (M.length - 1) = 0) (hcone  …
Wset.lean:3430	theorem oper_Lift1_tower	theorem oper_Lift1_tower {M : TrioSeq} {n t d0 d1 : ℕ} (hL : M.length - 1 ≠ 0) (hz : ¬ (entry M 0 (M.length - 1) = 0 ∧ entry M 1 (M.length - 1) = 0 ∧ entry M 2 (M.length - 1) = 0)) (hp : hasParent M (srow M (M.length - 1)) (M.length - 1)) (hpar : parent M (srow M (M.length - 1)) (M.length - 1) = 0)
Wset.lean:3451	def Wstar2	def Wstar2 : Set TrioSeq
Wset.lean:3458	theorem towerGraft2_lift_fam	theorem towerGraft2_lift_fam : ∀ (v z m : ℕ) (R : TrioSeq), argOK R → R ≠ [] → z ≤ 1 → domT R m → srow R (R.length - 1) = 2 → (∀ j : ℕ, argOK (graft R (Lift1 ((((0, v, z) : ℕ × ℕ × ℕ) :: R)⟦j⟧) (entry R 1 (R.length - 1) - v))) → ∀ a' s : ℕ, 2 * (v + s) + z ≤ a' →
Wset.lean:3510	theorem towerGraft2_lift	theorem towerGraft2_lift : ∀ (v z m : ℕ) (R : TrioSeq), argOK R → R ≠ [] → z ≤ 1 → domT R m → srow R (R.length - 1) = 2 → (∀ y ∈ W m, based y → argOK (graft R y) → ∀ a' s : ℕ, 2 * (v + s) + z ≤ a' → Lift1 (((0, v, z) : ℕ × ℕ × ℕ) :: graft R y) s ∈ W a') →
Wset.lean:3590	theorem towerGraft2_holds	theorem towerGraft2_holds : ∀ (v z m a : ℕ) (R : TrioSeq), argOK R → R ≠ [] → z ≤ 1 → 2 * v + z ≤ a → domT R m → srow R (R.length - 1) = 2 → (∀ y ∈ W m, based y → graft R y ∈ Wstar2) → hasParent (((0, v, z) : ℕ × ℕ × ℕ) :: R) (srow R (R.length - 1)) R.length →
Wset.lean:3610	theorem entry_tail	theorem entry_tail (L : TrioSeq) (i j : ℕ) : entry L.tail i j = entry L i (j + 1)
Wset.lean:3617	theorem not_le1_zero_of_le	theorem not_le1_zero_of_le {X : TrioSeq} {j : ℕ} (hj : j ≠ 0) (h : entry X 1 j ≤ entry X 1 0) : ¬ le1 X 0 j
Wset.lean:3624	theorem Lift1_head	theorem Lift1_head {X : TrioSeq} (hX : X ≠ []) (d : ℕ) : Lift1 X d = ((entry X 0 0, entry X 1 0 + d, entry X 2 0) : ℕ × ℕ × ℕ) :: (Lift1 X d).tail
Wset.lean:3635	theorem Lift1_cons_eq	theorem Lift1_cons_eq {v z t : ℕ} {R : TrioSeq} : Lift1 (((0, v, z) : ℕ × ℕ × ℕ) :: R) t = ((0, v + t, z) : ℕ × ℕ × ℕ) :: (Lift1 (((0, v, z) : ℕ × ℕ × ℕ) :: R) t).tail
Wset.lean:3655	theorem lift_cons	theorem lift_cons : Lift1 (((0, v, z) : ℕ × ℕ × ℕ) :: R) t = ((0, v + t, z) : ℕ × ℕ × ℕ) :: ltail v z R t
Wset.lean:3658	theorem entry_ltail	theorem entry_ltail (i j : ℕ) : entry (ltail v z R t) i j = entry (Lift1 (((0, v, z) : ℕ × ℕ × ℕ) :: R) t) i (j + 1)
Wset.lean:3663	theorem ltail_length	theorem ltail_length : (ltail v z R t).length = R.length
Wset.lean:3670	theorem ltail_take	theorem ltail_take {k : ℕ} (hk : k ≤ R.length) : (ltail v z R t).take k = ltail v z (R.take k) t
Wset.lean:3679	theorem ltail_ne	theorem ltail_ne (hRne : R ≠ []) : ltail v z R t ≠ []
Wset.lean:3687	theorem entry0_ltail	theorem entry0_ltail (j : ℕ) : entry (ltail v z R t) 0 j = entry R 0 j
Wset.lean:3690	theorem entry2_ltail	theorem entry2_ltail (j : ℕ) : entry (ltail v z R t) 2 j = entry R 2 j
Wset.lean:3693	theorem entry1_ltail_of_le	theorem entry1_ltail_of_le {j : ℕ} (h : entry R 1 j ≤ v) : entry (ltail v z R t) 1 j = entry R 1 j
Wset.lean:3710	theorem lev_ltail_of_zero	theorem lev_ltail_of_zero {j : ℕ} (h : lev R j = 0) : lev (ltail v z R t) j = 0
Wset.lean:3716	theorem argOK_ltail	theorem argOK_ltail (hR : argOK R) : argOK (ltail v z R t)
Wset.lean:3728	theorem nextR_ltail	theorem nextR_ltail {i a b : ℕ} : nextR (ltail v z R t) i a b ↔ nextR R i a b
Wset.lean:3735	theorem hasParent_ltail	theorem hasParent_ltail {i b : ℕ} : hasParent (ltail v z R t) i b ↔ hasParent R i b
Wset.lean:3744	theorem srow_ltail	theorem srow_ltail (j : ℕ) : srow (ltail v z R t) j = srow R j
Wset.lean:3750	theorem ltail_dropLast	theorem ltail_dropLast : ((0, v + t, z) : ℕ × ℕ × ℕ) :: (ltail v z R t).dropLast = Lift1 (((0, v, z) : ℕ × ℕ × ℕ) :: R.dropLast) t
Wset.lean:3770	theorem lev_Lift1_ge	theorem lev_Lift1_ge {X : TrioSeq} {d j : ℕ} : lev X j ≤ lev (Lift1 X d) j
Wset.lean:3779	theorem nil_mem_Wstar2	theorem nil_mem_Wstar2 : ([] : TrioSeq) ∈ Wstar2
Wset.lean:3793	theorem row2_revival_gap	theorem row2_revival_gap {v z m : ℕ} {R : TrioSeq} (hRne : R ≠ []) (hd : domT R m) (hi1 : srow R (R.length - 1) = 2) (hpM : hasParent (((0, v, z) : ℕ × ℕ × ℕ) :: R) (srow R (R.length - 1)) R.length) : v < entry R 1 (R.length - 1) ∧ z < entry R 2 (R.length - 1)
Wset.lean:3833	theorem towerGraft2_lift_mem	theorem towerGraft2_lift_mem {v z m a t : ℕ} {R : TrioSeq} (hR : argOK R) (hRne : R ≠ []) (hz1 : z ≤ 1) (hva : 2 * (v + t) + z ≤ a) (hd : domT R m) (hi1 : srow R (R.length - 1) = 2) (hgr : ∀ y ∈ W m, based y → argOK (graft R y) → ∀ a' s : ℕ, 2 * (v + s) + z ≤ a' → Lift1 (((0, v, z) : ℕ × ℕ × ℕ) :: g …
Wset.lean:3898	theorem towerGraft2_lift_mem_fam	theorem towerGraft2_lift_mem_fam {v z m a t : ℕ} {R : TrioSeq} (hR : argOK R) (hRne : R ≠ []) (hz1 : z ≤ 1) (hva : 2 * (v + t) + z ≤ a) (hd : domT R m) (hi1 : srow R (R.length - 1) = 2) (hgrF : ∀ j : ℕ, argOK (graft R (Lift1 ((((0, v, z) : ℕ × ℕ × ℕ) :: R)⟦j⟧) (entry R 1 (R.length - 1) - v))) → ∀ a' …
Wset.lean:3985	def Wstar2s	def Wstar2s : Set TrioSeq
Wset.lean:3987	theorem Wstar2s_le	theorem Wstar2s_le : Wstar2s ⊆ Wstar2
Wset.lean:3992	theorem Wstar2_le_Wstar	theorem Wstar2_le_Wstar : Wstar2 ⊆ Wstar
Wset.lean:3997	theorem Wstar2s_le_Wstar	theorem Wstar2s_le_Wstar : Wstar2s ⊆ Wstar
Wset.lean:4000	theorem Wstar2s_take	theorem Wstar2s_take {R : TrioSeq} (h : R ∈ Wstar2s) (j : ℕ) : R.take j ∈ Wstar2s
Wset.lean:4009	theorem take_mem_Wstar2_of_Aop	theorem take_mem_Wstar2_of_Aop {u0 : ℕ} {R : TrioSeq} (AR : Aop W u0 Wstar2s R) : ∀ k, k < R.length → R.take k ∈ Wstar2
Wset.lean:4028	def LiftInner	def LiftInner : Prop
Wset.lean:4036	def LiftTower1	def LiftTower1 : Prop
Wset.lean:4046	def LiftTowerExp2	def LiftTowerExp2 : Prop
Wset.lean:4055	theorem tower1_le	theorem tower1_le {v z m : ℕ} {R : TrioSeq} (hRne : R ≠ []) (hz1 : z ≤ 1) (hd : domT R m) (hi1 : srow R (R.length - 1) = 1) (hpM : hasParent (((0, v, z) : ℕ × ℕ × ℕ) :: R) (srow R (R.length - 1)) R.length) : 2 * v + z ≤ m
Wset.lean:4085	def GraftAll	def GraftAll : Prop
Wset.lean:4094	theorem tower1_mem2	theorem tower1_mem2 {v z m a : ℕ} {R : TrioSeq} (hR : argOK R) (hRne : R ≠ []) (hz1 : z ≤ 1) (hva : 2 * v + z ≤ a) (hd : domT R m) (hi1 : srow R (R.length - 1) = 1) (hgr : ∀ y ∈ W m, based y → argOK (graft R y) → ∀ a' : ℕ, 2 * v + z ≤ a' → Lift1 (((0, v, z) : ℕ × ℕ × ℕ) :: graft R y) 0 ∈ W a')
Wset.lean:4122	theorem tower1_mem2_fam	theorem tower1_mem2_fam {v z a : ℕ} {R : TrioSeq} (hRne : R ≠ []) (hva : 2 * v + z ≤ a) (hgrF : ∀ k a' : ℕ, 2 * v + z ≤ a' → Lift1 (((0, v, z) : ℕ × ℕ × ℕ) :: graft R (tow v z R k)) 0 ∈ W a') : ∀ k, tow v z R k ∈ W a
Wset.lean:4142	theorem entry1_ltail_of_cone	theorem entry1_ltail_of_cone {v z t : ℕ} {R : TrioSeq} {j : ℕ} (hc : le1 (((0, v, z) : ℕ × ℕ × ℕ) :: R) 0 (j + 1)) : entry (ltail v z R t) 1 j = entry R 1 j + t
Wset.lean:4151	theorem liftTower1_of_graftAll	theorem liftTower1_of_graftAll (hga : GraftAll) : LiftTower1
Wset.lean:4211	theorem liftTowerExp2_of_graftAll	theorem liftTowerExp2_of_graftAll (hga : GraftAll) : LiftTowerExp2
Wset.lean:4221	theorem Wstar2_closed	theorem Wstar2_closed (hin : LiftInner) (ht1 : LiftTower1) (he2 : LiftTowerExp2) : ∀ (u0 : ℕ) (R : TrioSeq), Aop W u0 Wstar2s R → R ∈ Wstar2
Wset.lean:4347	theorem Wstar2s_closed	theorem Wstar2s_closed (hin : LiftInner) (ht1 : LiftTower1) (he2 : LiftTowerExp2) : ∀ (u0 : ℕ) (R : TrioSeq), Aop W u0 Wstar2s R → R ∈ Wstar2s
Wset.lean:4365	def TowerOK	def TowerOK : Prop
Wset.lean:4372	theorem Wstar_closed	theorem Wstar_closed (htow : TowerOK) : ∀ (u0 : ℕ) (R : TrioSeq), Aop W u0 Wstar R → R ∈ Wstar
Wset.lean:4477	theorem tower1_mem	theorem tower1_mem {v z m a : ℕ} {R : TrioSeq} (hR : argOK R) (hRne : R ≠ []) (hz1 : z ≤ 1) (hva : 2 * v + z ≤ a) (hd : domT R m) (hi1 : srow R (R.length - 1) = 1) (hgr : ∀ y ∈ W m, based y → graft R y ∈ Wstar) (hpM : hasParent (((0, v, z) : ℕ × ℕ × ℕ) :: R) (srow R (R.length - 1)) R.length) :
Wset.lean:4498	def TowerGraft2	def TowerGraft2 : Prop
Wset.lean:4507	def TowerExp	def TowerExp : Prop
Wset.lean:4514	theorem towerOK_of	theorem towerOK_of (h2 : TowerGraft2) (he : TowerExp) : TowerOK
Wset.lean:4542	def maxlev	def maxlev : TrioSeq → ℕ | [] => 0 | p :: t => max (2 * p.2.1 + p.2.2) (maxlev t) theorem le_maxlev : ∀ {S : TrioSeq}, ∀ p ∈ S, 2 * p.2.1 + p.2.2 ≤ maxlev S
Wset.lean:4546	theorem le_maxlev	theorem le_maxlev : ∀ {S : TrioSeq}, ∀ p ∈ S, 2 * p.2.1 + p.2.2 ≤ maxlev S
Wset.lean:4556	theorem mem_of_Aclosed_aux	theorem mem_of_Aclosed_aux {S : Set TrioSeq} (hSle : S ⊆ Wstar) (hScl : ∀ (u0 : ℕ) (R : TrioSeq), Aop W u0 S R → R ∈ S) : ∀ (N : ℕ) (M : TrioSeq), M.length ≤ N → zle1 M → ∀ X : Set TrioSeq, (∀ (u : ℕ) (M' : TrioSeq), Aop W u X M' → M' ∈ X) → M ∈ X
Wset.lean:4639	theorem mem_of_Aclosed	theorem mem_of_Aclosed {S : Set TrioSeq} (hSle : S ⊆ Wstar) (hScl : ∀ (u0 : ℕ) (R : TrioSeq), Aop W u0 S R → R ∈ S) {X : Set TrioSeq} (hX : ∀ (u : ℕ) (M : TrioSeq), Aop W u X M → M ∈ X) : ∀ M : TrioSeq, zle1 M → M ∈ X
Wset.lean:4646	theorem mem_Wstar	theorem mem_Wstar {S : Set TrioSeq} (hSle : S ⊆ Wstar) (hScl : ∀ (u0 : ℕ) (R : TrioSeq), Aop W u0 S R → R ∈ S) (R : TrioSeq) (hz : zle1 R) : R ∈ Wstar
Wset.lean:4653	theorem mem_W_of_bound_aux	theorem mem_W_of_bound_aux {S : Set TrioSeq} (hSle : S ⊆ Wstar) (hScl : ∀ (u0 : ℕ) (R : TrioSeq), Aop W u0 S R → R ∈ S) : ∀ (N : ℕ) (M : TrioSeq), M.length ≤ N → zle1 M → ∀ u : ℕ, (∀ p ∈ M, 2 * p.2.1 + p.2.2 ≤ u) → M ∈ W u
Wset.lean:4732	theorem mem_W_of_bound	theorem mem_W_of_bound {S : Set TrioSeq} (hSle : S ⊆ Wstar) (hScl : ∀ (u0 : ℕ) (R : TrioSeq), Aop W u0 S R → R ∈ S) (M : TrioSeq) (hz : zle1 M) (u : ℕ) (h : ∀ p ∈ M, 2 * p.2.1 + p.2.2 ≤ u) : M ∈ W u
Wset.lean:4738	theorem mem_W_maxlev	theorem mem_W_maxlev {S : Set TrioSeq} (hSle : S ⊆ Wstar) (hScl : ∀ (u0 : ℕ) (R : TrioSeq), Aop W u0 S R → R ∈ S) (M : TrioSeq) (hz : zle1 M) : M ∈ W (maxlev M)
Wset.lean:4743	theorem W_membership	theorem W_membership {S : Set TrioSeq} (hSle : S ⊆ Wstar) (hScl : ∀ (u0 : ℕ) (R : TrioSeq), Aop W u0 S R → R ∈ S) : ∀ M : TrioSeq, ST_TS M → ∃ u : ℕ, M ∈ W u
Wset.lean:4750	theorem wf_olt_ST_TS_of_cofinality	theorem wf_olt_ST_TS_of_cofinality {S : Set TrioSeq} (hSle : S ⊆ Wstar) (hScl : ∀ (u0 : ℕ) (R : TrioSeq), Aop W u0 S R → R ∈ S) (hcof : ∀ {M N : TrioSeq}, ST_TS M → ST_TS N → translate N <o translate M → ∃ n, 1 ≤ n ∧ translate N ≤o translate (M⟦n⟧)) : WellFounded (fun a b : TrioSeq => ST_TS a ∧ ST_T …
Wslift.lean:26	theorem slift_of_length_one	theorem slift_of_length_one {X : TrioSeq} (h1 : X.length = 1) {φ : ℕ → ℕ} (hφ : Stair φ) : slift X φ = [((entry X 0 0, φ (entry X 1 0), entry X 2 0) : ℕ × ℕ × ℕ)]
Wslift.lean:43	theorem slift_mem_W	theorem slift_mem_W {m : ℕ} {φ : ℕ → ℕ} (hφ : Stair φ) : ∀ X ∈ W m, slift X φ ∈ W (2 * φ m + m)
Wslift.lean:97	theorem slift_mem_W_tight	theorem slift_mem_W_tight {m d : ℕ} {φ : ℕ → ℕ} (hφ : Stair φ) (hb : ∀ k, φ k ≤ k + d) : ∀ X ∈ W m, slift X φ ∈ W (m + 2 * d)
Wslift.lean:146	theorem mlift_mem_W	theorem mlift_mem_W {m v d : ℕ} : ∀ X ∈ W m, mlift X v d ∈ W (m + 2 * d)
Wslift.lean:165	theorem entry0_shiftr1	theorem entry0_shiftr1 (d : ℕ) (W : TrioSeq) (p : ℕ) : entry (shiftr01 0 d W) 0 p = entry W 0 p
Wslift.lean:173	theorem entry1_shiftr1	theorem entry1_shiftr1 {d : ℕ} {W : TrioSeq} {p : ℕ} (hp : p < W.length) : entry (shiftr01 0 d W) 1 p = entry W 1 p + d
Wslift.lean:179	theorem nextrel0_shiftr1	theorem nextrel0_shiftr1 {d : ℕ} {W : TrioSeq} {a b : ℕ} : nextrel0 (shiftr01 0 d W) a b ↔ nextrel0 W a b
Wslift.lean:185	theorem rtg0_shiftr1	theorem rtg0_shiftr1 {d : ℕ} {W : TrioSeq} {a b : ℕ} : Relation.ReflTransGen (nextrel0 (shiftr01 0 d W)) a b ↔ Relation.ReflTransGen (nextrel0 W) a b
Wslift.lean:198	theorem le0_shiftr1	theorem le0_shiftr1 {d : ℕ} {W : TrioSeq} {a b : ℕ} : le0 (shiftr01 0 d W) a b ↔ le0 W a b
Wslift.lean:203	theorem nextrel1_shiftr1	theorem nextrel1_shiftr1 {d : ℕ} {W : TrioSeq} {a b : ℕ} : nextrel1 (shiftr01 0 d W) a b ↔ nextrel1 W a b
Wslift.lean:225	theorem le1_shiftr1	theorem le1_shiftr1 {d : ℕ} {W : TrioSeq} {a b : ℕ} : le1 (shiftr01 0 d W) a b ↔ le1 W a b
Wslift.lean:240	theorem nextrel2_shiftr1	theorem nextrel2_shiftr1 {d : ℕ} {W : TrioSeq} {a b : ℕ} : nextrel2 (shiftr01 0 d W) a b ↔ nextrel2 W a b
Wslift.lean:246	theorem nextR_shiftr1	theorem nextR_shiftr1 {d : ℕ} {W : TrioSeq} {i a b : ℕ} : nextR (shiftr01 0 d W) i a b ↔ nextR W i a b
Wslift.lean:255	theorem hasParent_shiftr1	theorem hasParent_shiftr1 {d : ℕ} {W : TrioSeq} {i b : ℕ} : hasParent (shiftr01 0 d W) i b ↔ hasParent W i b
Wslift.lean:264	theorem parent_shiftr1	theorem parent_shiftr1 {d : ℕ} {W : TrioSeq} {i b : ℕ} : parent (shiftr01 0 d W) i b = parent W i b
Wslift.lean:271	theorem lev_shiftr1	theorem lev_shiftr1 {d : ℕ} {W : TrioSeq} {j : ℕ} (hj : j < W.length) : lev (shiftr01 0 d W) j = lev W j + 2 * d
Wslift.lean:278	theorem srow_shiftr1	theorem srow_shiftr1 {d : ℕ} {W : TrioSeq} {j : ℕ} (hj : j < W.length) (hsr : 1 ≤ srow W j) : srow (shiftr01 0 d W) j = srow W j
Wslift.lean:292	theorem gcopy_shiftr1	theorem gcopy_shiftr1 {d : ℕ} {W : TrioSeq} {r L : ℕ} (hb : r + L ≤ W.length) (d0 d1 k : ℕ) : gcopy (shiftr01 0 d W) r L d0 d1 k = shiftr01 0 d (gcopy W r L d0 d1 k)
Wslift.lean:314	theorem gcopies_shiftr1	theorem gcopies_shiftr1 {d : ℕ} {W : TrioSeq} {r L : ℕ} (hb : r + L ≤ W.length) (d0 d1 n : ℕ) : gcopies (shiftr01 0 d W) r L d0 d1 n = shiftr01 0 d (gcopies W r L d0 d1 n)
Wslift.lean:326	theorem Pred_shiftr1	theorem Pred_shiftr1 {d : ℕ} (W : TrioSeq) : Pred (shiftr01 0 d W) = shiftr01 0 d (Pred W)
Wslift.lean:336	theorem oper_shiftr1	theorem oper_shiftr1 {d : ℕ} (W : TrioSeq) (n : ℕ) (hsr1 : 1 ≤ srow W (W.length - 1)) : (shiftr01 0 d W)⟦n⟧ = shiftr01 0 d (W⟦n⟧)
Wslift.lean:399	theorem ulift_step	theorem ulift_step {m d : ℕ} {X : TrioSeq} (hbig : 2 ≤ X.length) (hop : ∀ n, 1 ≤ n → shiftr01 0 d (X⟦n⟧) ∈ W (m + 2 * d)) : shiftr01 0 d X ∈ W (m + 2 * d)
Wslift.lean:451	theorem shiftr01_of_length_one	theorem shiftr01_of_length_one {X : TrioSeq} (h1 : X.length = 1) (d : ℕ) : shiftr01 0 d X = [((entry X 0 0, entry X 1 0 + d, entry X 2 0) : ℕ × ℕ × ℕ)]
Wslift.lean:461	theorem ulift_mem_W	theorem ulift_mem_W {m d : ℕ} : ∀ X ∈ W m, shiftr01 0 d X ∈ W (m + 2 * d)
Wtower2.lean:36	def LiftStage	def LiftStage : Prop
Wtower2.lean:59	def TieFree	def TieFree (X : TrioSeq) : Prop
Wtower2.lean:64	theorem coneV_of_le1	theorem coneV_of_le1 {X : TrioSeq} (hv : 1 ≤ entry X 1 0) {j : ℕ} (h : le1 X 0 j) : coneV X (entry X 1 0 - 1) j
Wtower2.lean:76	theorem Lift1_eq_mlift_of_tieFree	theorem Lift1_eq_mlift_of_tieFree {X : TrioSeq} (hv : 1 ≤ entry X 1 0) (h : TieFree X) (d : ℕ) : Lift1 X d = mlift X (entry X 1 0 - 1) d
Wtower2.lean:91	theorem liftStage_of_tieFree	theorem liftStage_of_tieFree {m d : ℕ} {X : TrioSeq} (hX : X ∈ W m) (hv : 1 ≤ entry X 1 0) (h : TieFree X) : Lift1 X d ∈ W (m + 2 * d)
Wtower2.lean:106	theorem Lift1_eq_shiftr1_of_window	theorem Lift1_eq_shiftr1_of_window {X : TrioSeq} (hr : ∀ l, 0 < l → l < X.length → entry X 0 0 < entry X 0 l) (hw : ∀ l, 0 < l → l < X.length → entry X 1 0 < entry X 1 l) (d : ℕ) : Lift1 X d = shiftr01 0 d X
Wtower2.lean:128	theorem liftStage_of_window	theorem liftStage_of_window {m d : ℕ} {X : TrioSeq} (hX : X ∈ W m) (hr : ∀ l, 0 < l → l < X.length → entry X 0 0 < entry X 0 l) (hw : ∀ l, 0 < l → l < X.length → entry X 1 0 < entry X 1 l) : Lift1 X d ∈ W (m + 2 * d)
Wtower2.lean:151	def Row1Mono	def Row1Mono : Prop
Wtower2.lean:156	theorem entry1_out	theorem entry1_out {Y : TrioSeq} {j : ℕ} (hj : Y.length ≤ j) : entry Y 1 j = 0
Wtower2.lean:176	theorem no_hasParent_of_flat	theorem no_hasParent_of_flat {M : TrioSeq} (h0 : ∀ j, entry M 0 j = 0) (i j : ℕ) : ¬ hasParent M i j
Wtower2.lean:207	theorem entry_out	theorem entry_out {Y : TrioSeq} {i j : ℕ} (hj : Y.length ≤ j) : entry Y i j = 0
Wtower2.lean:212	theorem flat_mem_W_aux	theorem flat_mem_W_aux : ∀ (N : ℕ) (M : TrioSeq) (a : ℕ), M.length ≤ N → (∀ j, entry M 0 j = 0) → lev M 0 ≤ a → M ∈ W a
Wtower2.lean:257	theorem flat_mem_W	theorem flat_mem_W {M : TrioSeq} {a : ℕ} (h0 : ∀ j, entry M 0 j = 0) (hlev : lev M 0 ≤ a) : M ∈ W a
Wtower2.lean:262	def Row0Free	def Row0Free : Prop
Wtower2.lean:269	theorem mem_W_of_row0free	theorem mem_W_of_row0free (h : Row0Free) (M : TrioSeq) : M ∈ W (lev M 0)
Wtower2.lean:306	theorem liftStage_of_row1mono	theorem liftStage_of_row1mono (h : Row1Mono) : LiftStage
Wtower2.lean:333	def Le1	def Le1 (A B : TrioSeq) : Prop
Wtower2.lean:339	theorem Le1_refl	theorem Le1_refl (A : TrioSeq) : Le1 A A
Wtower2.lean:342	theorem Le1_trans	theorem Le1_trans {A B C : TrioSeq} (h₁ : Le1 A B) (h₂ : Le1 B C) : Le1 A C
Wtower2.lean:350	theorem Le1_take	theorem Le1_take {A B : TrioSeq} (h : Le1 A B) (k : ℕ) : Le1 (A.take k) (B.take k)
Wtower2.lean:372	theorem Le1_shiftr01	theorem Le1_shiftr01 {A B : TrioSeq} (h : Le1 A B) (d : ℕ) : Le1 (shiftr01 0 d A) (shiftr01 0 d B)
Wtower2.lean:391	theorem Le1_Lift1_shiftr1	theorem Le1_Lift1_shiftr1 (X : TrioSeq) (d : ℕ) : Le1 (Lift1 X d) (shiftr01 0 d X)
Wtower2.lean:406	theorem Row1Mono_iff	theorem Row1Mono_iff : Row1Mono ↔ (∀ (a : ℕ) (M M' : TrioSeq), M ∈ W a → Le1 M' M → M' ∈ W a)
Wtower2.lean:414	theorem liftStage_of_le1_closed	theorem liftStage_of_le1_closed (h : ∀ (a : ℕ) (M M' : TrioSeq), M ∈ W a → Le1 M' M → M' ∈ W a) : LiftStage
Wtower2.lean:441	theorem Lift1_of_length_one	theorem Lift1_of_length_one {X : TrioSeq} (h1 : X.length = 1) (d : ℕ) : Lift1 X d = [((entry X 0 0, entry X 1 0 + d, entry X 2 0) : ℕ × ℕ × ℕ)]
Wtower2.lean:450	def WConvex	def WConvex : Prop
Wtower2.lean:453	theorem wconvex_of_row1mono	theorem wconvex_of_row1mono (h : Row1Mono) : WConvex
Wtower2.lean:458	theorem lift1_mem_of_wconvex	theorem lift1_mem_of_wconvex (hconv : WConvex) (hL : ∀ (X : TrioSeq) (d n : ℕ), Le1 (Lift1 (X⟦n⟧) d) ((Lift1 X d)⟦n⟧)) (hR : ∀ (X : TrioSeq) (d n : ℕ), Le1 ((Lift1 X d)⟦n⟧) (shiftr01 0 d (X⟦n⟧))) {m d : ℕ} {Y : TrioSeq} (hop : ∀ n, 1 ≤ n → Y⟦n⟧ ∈ W m ∧ Lift1 (Y⟦n⟧) d ∈ W (m + 2 * d)) : Lift1 Y d ∈ W …
Wtower2.lean:468	theorem lift1_singleton_mem	theorem lift1_singleton_mem {Y : TrioSeq} {d k : ℕ} (h1 : Y.length = 1) (hb : 2 * entry Y 1 0 + entry Y 2 0 + 2 * d ≤ k) : Lift1 Y d ∈ W k
Wtower2.lean:477	theorem liftStage_of_wconvex	theorem liftStage_of_wconvex (hconv : WConvex) (hL : ∀ (X : TrioSeq) (d n : ℕ), Le1 (Lift1 (X⟦n⟧) d) ((Lift1 X d)⟦n⟧)) (hR : ∀ (X : TrioSeq) (d n : ℕ), Le1 ((Lift1 X d)⟦n⟧) (shiftr01 0 d (X⟦n⟧))) : LiftStage
Wtower2.lean:525	theorem lift_oper_of_noParent	theorem lift_oper_of_noParent {X : TrioSeq} {d n : ℕ} (h2 : 2 ≤ X.length) (hnp : ¬ hasParent X (srow X (X.length - 1)) (X.length - 1)) : (Lift1 X d)⟦n⟧ = Lift1 (X⟦n⟧) d
Wtower2.lean:551	def LiftStageParented	def LiftStageParented : Prop
Wtower2.lean:560	theorem liftStage_of_parented	theorem liftStage_of_parented (h : LiftStageParented) : LiftStage
Wtower2.lean:614	def LSPOn	def LSPOn (C : TrioSeq → Prop) : Prop
Wtower2.lean:620	theorem srow_cases	theorem srow_cases (X : TrioSeq) (j : ℕ) : srow X j = 0 ∨ srow X j = 1 ∨ srow X j = 2
Wtower2.lean:637	theorem liftStageParented_of_cases	theorem liftStageParented_of_cases (hpos : LSPOn (fun X => 1 ≤ badPar X)) (hs2 : LSPOn (fun X => badPar X = 0 ∧ srow X (X.length - 1) = 2)) (hs0 : LSPOn (fun X => badPar X = 0 ∧ srow X (X.length - 1) = 0)) (hs1 : LSPOn (fun X => badPar X = 0 ∧ srow X (X.length - 1) = 1)) : LiftStageParented
Wtower2.lean:658	theorem gcopy_flat	theorem gcopy_flat (M : TrioSeq) (r L k : ℕ) : gcopy M r L 0 0 k = seg M r L
Wtower2.lean:664	theorem gcopies_flat	theorem gcopies_flat (M : TrioSeq) (r L n : ℕ) : gcopies M r L 0 0 n = (List.range n).flatMap fun _ => seg M r L
Wtower2.lean:674	theorem oper_of_srow0_par0	theorem oper_of_srow0_par0 {X : TrioSeq} (h2 : 2 ≤ X.length) (hp : hasParent X (srow X (X.length - 1)) (X.length - 1)) (hbp : parent X (srow X (X.length - 1)) (X.length - 1) = 0) (hsr : srow X (X.length - 1) = 0) (n : ℕ) : X⟦n⟧ = (List.range n).flatMap fun _ => X.dropLast
Wtower2.lean:700	theorem lspOn_srow0	theorem lspOn_srow0 : LSPOn (fun X => badPar X = 0 ∧ srow X (X.length - 1) = 0)
Wtower2.lean:760	theorem getElem_eq_getD'	theorem getElem_eq_getD' {l : TrioSeq} {i : ℕ} (h : i < l.length) : l[i] = l.getD i ((0, 0, 0) : ℕ × ℕ × ℕ)
Wtower2.lean:767	theorem gexp_lift_eq_glift	theorem gexp_lift_eq_glift (X : TrioSeq) (L D0 D1 n d : ℕ) (hlen : 0 + L + 1 = X.length) (hLpos : 0 < L) : gexp (Lift1 X d) 0 L D0 D1 n = glift X L 0 d (gexp X 0 L D0 D1 n)
Wtower2.lean:822	theorem lspOn_srow2	theorem lspOn_srow2 : LSPOn (fun X => badPar X = 0 ∧ srow X (X.length - 1) = 2)
Wtower2.lean:891	theorem le1_gexp_low	theorem le1_gexp_low {M : TrioSeq} {j0 Lb d0 d1 n p : ℕ} (hj0 : j0 ≤ M.length) (hp : p < j0) : le1 (gexp M j0 Lb d0 d1 n) 0 p ↔ le1 M 0 p
Wtower2.lean:920	def LiftStageTower	def LiftStageTower : Prop
Wtower2.lean:928	theorem liftStageTower_of_liftStage	theorem liftStageTower_of_liftStage (h : LiftStage) : LiftStageTower
Wtower2.lean:935	theorem towerGraft2_of_liftStageTower	theorem towerGraft2_of_liftStageTower (hWL : LiftStageTower) : Wset.TowerGraft2
Wtower2.lean:1009	theorem towerGraft2_of_liftStage	theorem towerGraft2_of_liftStage (hWL : LiftStage) : Wset.TowerGraft2
Wtower2.lean:1035	theorem rtg0_split_at	theorem rtg0_split_at {A : TrioSeq} {j0 B : ℕ} (hgt : ∀ l, j0 < l → l ≤ B → entry A 0 j0 < entry A 0 l) {a p : ℕ} (h : Relation.ReflTransGen (nextrel0 A) a p) (ha : a ≤ j0) : j0 ≤ p → p ≤ B → Relation.ReflTransGen (nextrel0 A) a j0 ∧ Relation.ReflTransGen (nextrel0 A) j0 p
Wtower2.lean:1063	theorem gexp_getD_root	theorem gexp_getD_root {M : TrioSeq} {j0 Lb d0 d1 n : ℕ} (hlen : j0 + Lb + 1 = M.length) (hLb : 0 < Lb) (hn : 0 < n) : (gexp M j0 Lb d0 d1 n).getD j0 (0, 0, 0) = M.getD j0 (0, 0, 0)
Wtower2.lean:1072	theorem gexp_take_succ	theorem gexp_take_succ {M : TrioSeq} {j0 Lb d0 d1 n : ℕ} (hlen : j0 + Lb + 1 = M.length) (hLb : 0 < Lb) (hn : 0 < n) : (gexp M j0 Lb d0 d1 n).take (j0 + 1) = M.take (j0 + 1)
Wtower2.lean:1091	theorem le1_gexp_le	theorem le1_gexp_le {M : TrioSeq} {j0 Lb d0 d1 n p : ℕ} (hlen : j0 + Lb + 1 = M.length) (hLb : 0 < Lb) (hn : 0 < n) (hp : p ≤ j0) : le1 (gexp M j0 Lb d0 d1 n) 0 p ↔ le1 M 0 p
Wtower2.lean:1101	theorem gexp_entry0_gt_root	theorem gexp_entry0_gt_root {M : TrioSeq} {j0 Lb d0 d1 n : ℕ} (hlen : j0 + Lb + 1 = M.length) (hLb : 0 < Lb) (hn : 0 < n) (hup : ∀ l, j0 < l → l ≤ j0 + Lb → entry M 0 j0 < entry M 0 l) (hd0pos : 0 < d0) : ∀ l, j0 < l → l ≤ j0 + n * Lb - 1 → entry (gexp M j0 Lb d0 d1 n) 0 j0 < entry (gexp M j0 Lb d0  …
Wtower2.lean:1116	theorem gexp_cone0_transport	theorem gexp_cone0_transport {M : TrioSeq} {j0 Lb d0 d1 n k q : ℕ} (hlen : j0 + Lb + 1 = M.length) (hj0 : 0 < j0) (hLb : 0 < Lb) (hk : k < n) (hq : q < Lb) (hup : ∀ l, j0 < l → l ≤ j0 + Lb → entry M 0 j0 < entry M 0 l) (hd0pos : 0 < d0) (hd0e : entry M 0 (j0 + Lb) = entry M 0 j0 + d0) (hcone : le1 M …
Wtower2.lean:1225	theorem gexp_Lift1_comm_of_transport	theorem gexp_Lift1_comm_of_transport {X : TrioSeq} {j0 Lb D0 D1 n d : ℕ} (hlen : j0 + Lb + 1 = X.length) (hLb : 0 < Lb) (hn : 0 < n) (htr : ∀ k q, k < n → q < Lb → (le1 (gexp X j0 Lb D0 D1 n) 0 (j0 + (k * Lb + q)) ↔ le1 X 0 (j0 + q))) : gexp (Lift1 X d) j0 Lb D0 D1 n = Lift1 (gexp X j0 Lb D0 D1 n) d
Wtower2.lean:1274	theorem gexp_Lift1_comm	theorem gexp_Lift1_comm {X : TrioSeq} {j0 Lb D0 D1 n d : ℕ} (hlen : j0 + Lb + 1 = X.length) (hj0 : 0 < j0) (hLb : 0 < Lb) (hn : 0 < n) (hup : ∀ l, j0 < l → l ≤ j0 + Lb → entry X 0 j0 < entry X 0 l) (hd0pos : 0 < D0) (hd0e : entry X 0 (j0 + Lb) = entry X 0 j0 + D0) (hcone : le1 X j0 (j0 + Lb)) : gexp …
Wtower2.lean:1293	theorem gexp_flat_pred_low	theorem gexp_flat_pred_low {M : TrioSeq} {j0 Lb n k a : ℕ} (hlen : j0 + Lb + 1 = M.length) (hLb : 0 < Lb) (hk : k < n) (hup : ∀ l, j0 < l → l ≤ j0 + Lb → entry M 0 j0 < entry M 0 l) (h : nextrel0 (gexp M j0 Lb 0 0 n) a (j0 + k * Lb)) : a < j0
Wtower2.lean:1309	theorem gexp_flat_anc_root	theorem gexp_flat_anc_root {M : TrioSeq} {j0 Lb n k a : ℕ} (hlen : j0 + Lb + 1 = M.length) (hLb : 0 < Lb) (hk : k < n) (hup : ∀ l, j0 < l → l ≤ j0 + Lb → entry M 0 j0 < entry M 0 l) (h : Relation.ReflTransGen (nextrel0 (gexp M j0 Lb 0 0 n)) a (j0 + k * Lb)) : a = j0 + k * Lb ∨ a < j0
Wtower2.lean:1321	theorem le1_gexp_flat_root	theorem le1_gexp_flat_root {M : TrioSeq} {j0 Lb n k : ℕ} (hlen : j0 + Lb + 1 = M.length) (hj0 : 0 < j0) (hLb : 0 < Lb) (hk : k < n) (hup : ∀ l, j0 < l → l ≤ j0 + Lb → entry M 0 j0 < entry M 0 l) : le1 (gexp M j0 Lb 0 0 n) 0 (j0 + k * Lb) ↔ le1 M 0 j0
Wtower2.lean:1388	theorem gexp_cone0_flat	theorem gexp_cone0_flat {M : TrioSeq} {j0 Lb n k q : ℕ} (hlen : j0 + Lb + 1 = M.length) (hj0 : 0 < j0) (hLb : 0 < Lb) (hk : k < n) (hq : q < Lb) (hup : ∀ l, j0 < l → l ≤ j0 + Lb → entry M 0 j0 < entry M 0 l) : le1 (gexp M j0 Lb 0 0 n) 0 (j0 + (k * Lb + q)) ↔ le1 M 0 (j0 + q)
Wtower2.lean:1466	theorem gexp_Lift1_comm_flat	theorem gexp_Lift1_comm_flat {X : TrioSeq} {j0 Lb n d : ℕ} (hlen : j0 + Lb + 1 = X.length) (hj0 : 0 < j0) (hLb : 0 < Lb) (hn : 0 < n) (hup : ∀ l, j0 < l → l ≤ j0 + Lb → entry X 0 j0 < entry X 0 l) : gexp (Lift1 X d) j0 Lb 0 0 n = Lift1 (gexp X j0 Lb 0 0 n) d
Wtower2.lean:1474	theorem entry_pos_of_srow	theorem entry_pos_of_srow {X : TrioSeq} {j : ℕ} (h : 1 ≤ srow X j) : 0 < entry X 1 j ∨ 0 < entry X 2 j
Wtower2.lean:1485	theorem le1_parent_of_srow_pos	theorem le1_parent_of_srow_pos {X : TrioSeq} {i1 j0 j1 : ℕ} (hi1 : 1 ≤ i1) (hnr : nextR X i1 j0 j1) : le1 X j0 j1
Wtower2.lean:1500	theorem lift_oper_comm_of_parent	theorem lift_oper_comm_of_parent {X : TrioSeq} {d n : ℕ} (h2 : 2 ≤ X.length) (hp : hasParent X (srow X (X.length - 1)) (X.length - 1)) (hjpos : 0 < parent X (srow X (X.length - 1)) (X.length - 1)) (hi1 : 1 ≤ srow X (X.length - 1)) (hn : 0 < n) : (Lift1 X d)⟦n⟧ = Lift1 (X⟦n⟧) d
Wtower2.lean:1578	theorem lspOn_pos_of	theorem lspOn_pos_of (h0 : LSPOn (fun X => 1 ≤ badPar X ∧ srow X (X.length - 1) = 0)) (hhi : LSPOn (fun X => 1 ≤ badPar X ∧ 1 ≤ srow X (X.length - 1))) : LSPOn (fun X => 1 ≤ badPar X)
Wtower2.lean:1589	theorem lspOn_pos_hi	theorem lspOn_pos_hi : LSPOn (fun X => 1 ≤ badPar X ∧ 1 ≤ srow X (X.length - 1))
Wtower2.lean:1597	theorem lift_oper_comm_of_parent_flat	theorem lift_oper_comm_of_parent_flat {X : TrioSeq} {d n : ℕ} (h2 : 2 ≤ X.length) (hp : hasParent X (srow X (X.length - 1)) (X.length - 1)) (hjpos : 0 < parent X (srow X (X.length - 1)) (X.length - 1)) (hi1 : srow X (X.length - 1) = 0) (hn : 0 < n) : (Lift1 X d)⟦n⟧ = Lift1 (X⟦n⟧) d
Wtower2.lean:1648	theorem lspOn_pos_lo	theorem lspOn_pos_lo : LSPOn (fun X => 1 ≤ badPar X ∧ srow X (X.length - 1) = 0)
Wtower2.lean:1655	theorem lspOn_pos	theorem lspOn_pos : LSPOn (fun X => 1 ≤ badPar X)
Wtower2.lean:1660	theorem liftStageParented_of_srow1	theorem liftStageParented_of_srow1 (hs1 : LSPOn (fun X => badPar X = 0 ∧ srow X (X.length - 1) = 1)) : LiftStageParented
Wtower2.lean:1688	def shTower	def shTower (Q : TrioSeq) (e n : ℕ) : TrioSeq
Wtower2.lean:1698	theorem gcopy_shift0	theorem gcopy_shift0 (M : TrioSeq) (L d0 k : ℕ) : gcopy M 0 L d0 0 k = shiftr01 (k * d0) 0 (seg M 0 L)
Wtower2.lean:1710	theorem gcopy_eq_shift_lift	theorem gcopy_eq_shift_lift {M : TrioSeq} (L d0 d1 k : ℕ) (hL : L ≤ M.length) : gcopy M 0 L d0 d1 k = shiftr01 (k * d0) 0 (Lift1 (M.take L) (k * d1))
Wtower2.lean:1722	theorem gcopies_eq_tower	theorem gcopies_eq_tower {M : TrioSeq} (L d0 d1 n : ℕ) (hL : L ≤ M.length) : gcopies M 0 L d0 d1 n = (List.range n).flatMap fun k => shiftr01 (k * d0) 0 (Lift1 (M.take L) (k * d1))
Wtower2.lean:1733	theorem oper_of_srow1_par0	theorem oper_of_srow1_par0 {X : TrioSeq} (h2 : 2 ≤ X.length) (hp : hasParent X (srow X (X.length - 1)) (X.length - 1)) (hbp : parent X (srow X (X.length - 1)) (X.length - 1) = 0) (hsr : srow X (X.length - 1) = 1) (n : ℕ) : X⟦n⟧ = shTower X.dropLast (entry X 0 (X.length - 1) - entry X 0 0) n
Wtower2.lean:1763	def ShiftTowerClosed	def ShiftTowerClosed : Prop
Wtower2.lean:1771	def ShiftTowerClosedS	def ShiftTowerClosedS : Prop
Wtower2.lean:1776	theorem shiftTowerClosedS_of_closed	theorem shiftTowerClosedS_of_closed (h : ShiftTowerClosed) : ShiftTowerClosedS
Wtower2.lean:1791	theorem lspOn_srow1_of_tower	theorem lspOn_srow1_of_tower (htow : ShiftTowerClosedS) : LSPOn (fun X => badPar X = 0 ∧ srow X (X.length - 1) = 1)
Wtower2.lean:1835	theorem liftStageParented_of_tower	theorem liftStageParented_of_tower (htow : ShiftTowerClosedS) : LiftStageParented
Wtower2.lean:1852	def TowerExp1	def TowerExp1 : Prop
Wtower2.lean:1859	def TowerExp2	def TowerExp2 : Prop
Wtower2.lean:1865	theorem towerExp_of_rows	theorem towerExp_of_rows (h1 : TowerExp1) (h2 : TowerExp2) : Wset.TowerExp
Wtower2.lean:1882	theorem towerExp1_of_tower	theorem towerExp1_of_tower (htow : ShiftTowerClosedS) : TowerExp1
Wtower2.lean:1948	theorem towerExp_of_tower	theorem towerExp_of_tower (htow : ShiftTowerClosedS) (h2 : TowerExp2) : Wset.TowerExp
Wtower2.lean:1974	def WCat	def WCat : Prop
Wtower2.lean:1976	theorem shTower_succ	theorem shTower_succ (Q : TrioSeq) (e n : ℕ) : shTower Q e (n + 1) = shTower Q e n ++ shiftr01 (n * e) 0 Q
Wtower2.lean:1983	theorem shiftTowerClosed_of_cat	theorem shiftTowerClosed_of_cat (hcat : WCat) : ShiftTowerClosed
Wtower2.lean:2049	def WSnoc	def WSnoc : Prop
Wtower2.lean:2056	theorem snoc_step	theorem snoc_step (hsn : WSnoc) {u : ℕ} {C : TrioSeq} (p : ℕ × ℕ × ℕ) (hC : C ∈ W u) (hCne : C ≠ []) : C ++ [p] ∈ W u
Wtower2.lean:2078	theorem wcat_of_snoc	theorem wcat_of_snoc (hsn : WSnoc) : WCat
Wtower2.lean:2186	theorem oper_snoc_flat_root	theorem oper_snoc_flat_root {C : TrioSeq} {p : ℕ × ℕ × ℕ} (hCne : C ≠ []) (hsr : srow (C ++ [p]) C.length = 0) (hbp : parent (C ++ [p]) (srow (C ++ [p]) C.length) C.length = 0) (hpar : hasParent (C ++ [p]) (srow (C ++ [p]) C.length) C.length) (n : ℕ) : (C ++ [p])⟦n⟧ = (List.range n).flatMap fun _ => …
Wtower2.lean:2208	theorem snoc_flat_root	theorem snoc_flat_root {u : ℕ} {C : TrioSeq} {p : ℕ × ℕ × ℕ} (hC : C ∈ W u) (hCne : C ≠ []) (hsr : srow (C ++ [p]) C.length = 0) (hbp : parent (C ++ [p]) (srow (C ++ [p]) C.length) C.length = 0) (hpar : hasParent (C ++ [p]) (srow (C ++ [p]) C.length) C.length) : C ++ [p] ∈ W u
Wtower2.lean:2247	def TowerExp2Low	def TowerExp2Low : Prop
Wtower2.lean:2257	def TowerExp2Root	def TowerExp2Root : Prop
Wtower2.lean:2264	theorem towerExp2_of_root	theorem towerExp2_of_root (h : TowerExp2Root) : TowerExp2
Wtower2.lean:2269	theorem towerExp2Low_of_root	theorem towerExp2Low_of_root (h : TowerExp2Root) : TowerExp2Low
Wtower2.lean:2280	theorem towerExp_of_cat	theorem towerExp_of_cat (hcat : WCat) (h2 : TowerExp2Low) : Wset.TowerExp
Wtower2.lean:2337	theorem towerExp_of_snoc	theorem towerExp_of_snoc (hsn : WSnoc) : Wset.TowerExp
Wtower2.lean:2362	theorem diag1_mem_W	theorem diag1_mem_W (v e f : ℕ) : ∀ n : ℕ, ((List.range n).map (fun k => ((k * e, v + k * f, 1) : ℕ × ℕ × ℕ))) ∈ W (2 * v + 1)
Wtower2.lean:2424	theorem diagz_mem_W	theorem diagz_mem_W {z : ℕ} (hz : z ≤ 1) (v e f : ℕ) (he : 0 < e) (n : ℕ) : ((List.range n).map (fun k => ((k * e, v + k * f, z) : ℕ × ℕ × ℕ))) ∈ W (2 * v + z)
Wtower2.lean:2439	theorem entry0_shiftLift	theorem entry0_shiftLift (hj : j < X.length) : entry (shiftr01 a 0 (Lift1 X d)) 0 j = entry X 0 j + a
Wtower2.lean:2448	theorem entry1_shiftLift	theorem entry1_shiftLift (hj : j < X.length) : entry (shiftr01 a 0 (Lift1 X d)) 1 j = entry X 1 j + (if le1 X 0 j then d else 0)
Wtower2.lean:2457	theorem entry2_shiftLift	theorem entry2_shiftLift (hj : j < X.length) : entry (shiftr01 a 0 (Lift1 X d)) 2 j = entry X 2 j
Wtower2.lean:2465	theorem entry_ge_two	theorem entry_ge_two {Y : TrioSeq} {i j : ℕ} (hi : 2 ≤ i) : entry Y i j = entry Y 2 j
Wtower2.lean:2484	theorem constcol_mem_W	theorem constcol_mem_W (b c : ℕ) : ∀ n : ℕ, ((List.range n).map (fun _ => ((0, b, c) : ℕ × ℕ × ℕ))) ∈ W (2 * b + c)
Wtower2.lean:2537	theorem two_col_mem_W	theorem two_col_mem_W {v z a : ℕ} (hz : z ≤ 1) (ha : 2 * v + z ≤ a) (t : ℕ × ℕ × ℕ) : [((0, v, z) : ℕ × ℕ × ℕ), t] ∈ W a
Wtower2.lean:2623	def SubstClosed	def SubstClosed : Prop
Wtower2.lean:2633	theorem entry_drop_head	theorem entry_drop_head (Q : TrioSeq) (i k : ℕ) : entry (Q.drop k) i 0 = entry Q i k
Wtower2.lean:2656	def Subst1	def Subst1 : Prop
Wtower2.lean:2668	theorem substClosed_of_subst1	theorem substClosed_of_subst1 (hs : Subst1) : SubstClosed
Wtower2.lean:2720	def Subst1g	def Subst1g : Prop
Wtower2.lean:2727	theorem subst1_of_subst1g	theorem subst1_of_subst1g (hg : Subst1g) : Subst1
Wtower2.lean:2733	def SubstClosedG	def SubstClosedG : Prop
Wtower2.lean:2742	theorem substClosed_of_substClosedG	theorem substClosed_of_substClosedG (hg : SubstClosedG) : SubstClosed
Wtower2.lean:2748	theorem substClosedG_of_subst1g	theorem substClosedG_of_subst1g (hs : Subst1g) : SubstClosedG
Wtower2.lean:2790	def SubstProp	def SubstProp (u : ℕ) (N : TrioSeq) : Prop
Wtower2.lean:2810	theorem takeC_mem_of_prefixPackage	theorem takeC_mem_of_prefixPackage {u p : ℕ} {S C : TrioSeq} (hpre : ∀ k, k < S.length → SubstProp u (S.take k)) (hp1 : p + 1 < S.length) (hCne : C ≠ []) (hCW : C ∈ W (lev S p)) (hhead : entry C 0 0 = entry S 0 p) (hdeep : ∀ q ∈ C, entry S 0 p ≤ q.1) : (S.take p ++ C) ∈ W u
Wtower2.lean:2835	theorem entry_getElem	theorem entry_getElem {M : TrioSeq} {j : ℕ} (hj : j < M.length) : entry M 0 j = M[j].1
Wtower2.lean:2843	theorem mem_ge_of_deep	theorem mem_ge_of_deep {C : TrioSeq} {x : ℕ} (hhead : entry C 0 0 = x) (hdeep : ∀ j, 1 ≤ j → j < C.length → x < entry C 0 j) : ∀ q ∈ C, x ≤ q.1
Wtower2.lean:2853	theorem substProp_nil	theorem substProp_nil (u : ℕ) : SubstProp u []
Wtower2.lean:2870	theorem W_drop	theorem W_drop {u : ℕ} {M : TrioSeq} (h : M ∈ W u) (j : ℕ) : M.drop j ∈ W (lev M j)
Wtower2.lean:2981	theorem W_segment	theorem W_segment {u : ℕ} {M : TrioSeq} (h : M ∈ W u) (j k : ℕ) : (M.drop j).take k ∈ W (lev M j)
Wtower2.lean:2988	def Wself	def Wself : Set TrioSeq
Wtower2.lean:2990	theorem mem_Wself_iff	theorem mem_Wself_iff (u : ℕ) (M : TrioSeq) : M ∈ W u ↔ (M ∈ Wself ∧ lev M 0 ≤ u)
Wtower2.lean:3011	theorem zeroRow2_mem_Wself	theorem zeroRow2_mem_Wself {M : TrioSeq} (hz : ∀ p ∈ M, p.2.2 = 0) : M ∈ Wself
Wtower2.lean:3031	theorem gcopy_row2	theorem gcopy_row2 {M : TrioSeq} {r L d0 d1 k : ℕ} {q : ℕ × ℕ × ℕ} (hq : q ∈ gcopy M r L d0 d1 k) : ∃ j, r ≤ j ∧ j < r + L ∧ q.2.2 = entry M 2 j
Wtower2.lean:3040	theorem gcopies_row2	theorem gcopies_row2 {M : TrioSeq} {r L d0 d1 n : ℕ} {q : ℕ × ℕ × ℕ} (hq : q ∈ gcopies M r L d0 d1 n) : ∃ j, r ≤ j ∧ j < r + L ∧ q.2.2 = entry M 2 j
Wtower2.lean:3053	theorem snoc_orphan	theorem snoc_orphan {A : TrioSeq} (hA : A ∈ Wself) (hAne : A ≠ []) (t : ℕ × ℕ × ℕ) (hnp : ¬ hasParent (A ++ [t]) (srow (A ++ [t]) ((A ++ [t]).length - 1)) ((A ++ [t]).length - 1)) : (A ++ [t]) ∈ Wself
Wtower2.lean:3077	theorem dropLast_mem_Wself	theorem dropLast_mem_Wself {M : TrioSeq} (h : M ∈ Wself) (hne : M.dropLast ≠ []) : M.dropLast ∈ Wself
Wtower2.lean:3091	def LowerLast	def LowerLast : Prop
Wtower2.lean:3097	def LowerLastParented	def LowerLastParented : Prop
Wtower2.lean:3105	theorem lowerLast_of_parented	theorem lowerLast_of_parented (h : LowerLastParented) : LowerLast
Wtower2.lean:3127	theorem snoc_zeroRow2	theorem snoc_zeroRow2 {M' : TrioSeq} (hz : ∀ p ∈ M', p.2.2 = 0) (t : ℕ × ℕ × ℕ) : (M' ++ [t]) ∈ Wself
Wtower2.lean:3183	theorem shTower_zeroRow2	theorem shTower_zeroRow2 {Q : TrioSeq} (hz : ∀ p ∈ Q, p.2.2 = 0) (e n : ℕ) : shTower Q e n ∈ Wself
Wtower2.lean:3196	theorem drop_rebase_mem_W	theorem drop_rebase_mem_W {u : ℕ} {M : TrioSeq} (h : M ∈ W u) (j : ℕ) (hsub : ∀ x ∈ M.drop j, entry M 0 j ≤ x.1) : shiftl0 (entry M 0 j) (M.drop j) ∈ W (lev M j)
Wtower2.lean:3201	theorem drop_mem_Wself	theorem drop_mem_Wself {u : ℕ} {M : TrioSeq} (h : M ∈ W u) (j : ℕ) : M.drop j ∈ Wself
Wtower2.lean:3208	theorem oper_mem_Wself	theorem oper_mem_Wself {M : TrioSeq} (h : M ∈ Wself) {n : ℕ} (hn : 1 ≤ n) : M⟦n⟧ ∈ Wself
Wtower2.lean:3228	theorem entry_subst_root	theorem entry_subst_root {S C : TrioSeq} {p : ℕ} (hCne : C ≠ []) (hp : p < S.length) (i : ℕ) : entry (S.take p ++ C ++ S.drop (p + 1)) i 0 = if p = 0 then entry C i 0 else entry S i 0
Wtower2.lean:3251	def Subst1gRevive	def Subst1gRevive : Prop
Wtower2.lean:3274	def Subst1gReviveSelf	def Subst1gReviveSelf : Prop
Wtower2.lean:3292	theorem subst1gRevive_of_self	theorem subst1gRevive_of_self (h : Subst1gReviveSelf) : Subst1gRevive
Wtower2.lean:3325	theorem not_hasParent_zero	theorem not_hasParent_zero {M : TrioSeq} {i : ℕ} (h : hasParent M i 0) : False
Wtower2.lean:3345	theorem end_subst_of_revive	theorem end_subst_of_revive (hrev : Subst1gRevive) {u : ℕ} {S : TrioSeq} (hS : S ∈ W u) (hSne : S ≠ []) : ∀ C : TrioSeq, C ∈ W (lev S (S.length - 1)) → C ≠ [] → entry C 0 0 = entry S 0 (S.length - 1) → (∀ q ∈ C, entry S 0 (S.length - 1) ≤ q.1) → (S.dropLast ++ C) ∈ W u
Wtower2.lean:3485	theorem subst1g_of_revive	theorem subst1g_of_revive (hrev : Subst1gRevive) : Subst1g
Wtower2.lean:3647	theorem entry0_shift	theorem entry0_shift (hj : j < Q.length) : entry (shiftr01 d 0 Q) 0 j = entry Q 0 j + d
Wtower2.lean:3653	theorem entry1_shift	theorem entry1_shift (hj : j < Q.length) : entry (shiftr01 d 0 Q) 1 j = entry Q 1 j
Wtower2.lean:3659	theorem entry2_shift	theorem entry2_shift (hj : j < Q.length) : entry (shiftr01 d 0 Q) 2 j = entry Q 2 j
Wtower2.lean:3676	theorem shiftTowerClosedS_of_substG	theorem shiftTowerClosedS_of_substG (hg : SubstClosedG) : ShiftTowerClosedS
Wtower2.lean:3770	theorem cons_mem_W_of_substG	theorem cons_mem_W_of_substG (hg : SubstClosedG) {v z m a : ℕ} {R : TrioSeq} (hR : argOK R) (hRne : R ≠ []) (hz1 : z ≤ 1) (hva : 2 * v + z ≤ a) (hd : domT R m) (hma : m < a) (hop : ∀ n, 1 ≤ n → R⟦n⟧ ∈ Wstar) : (((0, v, z) : ℕ × ℕ × ℕ) :: R) ∈ W a
Wtower2.lean:3864	theorem towerExp_of_substG	theorem towerExp_of_substG (hg : SubstClosedG) (htow : ShiftTowerClosedS) (h2 : TowerExp2Low) : Wset.TowerExp
Wtower2.lean:3890	theorem towerExp2Root_of_subst	theorem towerExp2Root_of_subst (hsub : SubstClosed) (hWL : LiftStage) : TowerExp2Root
Wtower2.lean:4415	theorem Le1_Lift1_oper	theorem Le1_Lift1_oper (X : TrioSeq) (d n : ℕ) : Le1 (Lift1 (X⟦n⟧) d) ((Lift1 X d)⟦n⟧)
Wtower2.lean:4482	theorem Le1_oper_Lift1_shiftr01	theorem Le1_oper_Lift1_shiftr01 (X : TrioSeq) (d n : ℕ) : Le1 ((Lift1 X d)⟦n⟧) (shiftr01 0 d (X⟦n⟧))
Wtower2.lean:4499	theorem liftStage_of_wconvex'	theorem liftStage_of_wconvex' (hconv : WConvex) : LiftStage
Xbar.lean:22	theorem nextR_nonzero	theorem nextR_nonzero {T : TrioSeq} {i q j : ℕ} (hq : nextR T i q j) (hi : i = srow T j) : ¬ (entry T 0 j = 0 ∧ entry T 1 j = 0 ∧ entry T 2 j = 0)
Xbar.lean:34	theorem parent_append_right_of	theorem parent_append_right_of (A T : TrioSeq) {i j : ℕ} (hp : hasParent T i j) : parent (A ++ T) i (A.length + j) = A.length + parent T i j
Xbar.lean:49	theorem oper_append_inner	theorem oper_append_inner (n : ℕ) (hT : T ≠ []) (hL : T.length - 1 ≠ 0) (hp : hasParent T (srow T (T.length - 1)) (T.length - 1)) : (A ++ T)⟦n⟧ = A ++ T⟦n⟧
Xbar.lean:126	theorem oper_append_pred	theorem oper_append_pred (n : ℕ) (hT : T ≠ []) (hL : (A ++ T).length - 1 ≠ 0) (hnp : ¬ hasParent (A ++ T) (srow (A ++ T) ((A ++ T).length - 1)) ((A ++ T).length - 1)) : (A ++ T)⟦n⟧ = A ++ T.dropLast
Xbar.lean:151	theorem oper_graft_inner	theorem oper_graft_inner {M y : TrioSeq} (n : ℕ) (hM : M ≠ []) (hy : y ≠ []) (hyL : y.length - 1 ≠ 0) (hp : hasParent y (srow y (y.length - 1)) (y.length - 1)) : (graft M y)⟦n⟧ = graft M (y⟦n⟧)
Xbar.lean:178	theorem srow_graft_last	theorem srow_graft_last {M y : TrioSeq} (hM : M ≠ []) (hy : y ≠ []) : srow (graft M y) ((graft M y).length - 1) = srow y (y.length - 1)
Xbar.lean:195	theorem oper_graft_pred	theorem oper_graft_pred {M y : TrioSeq} (n : ℕ) (hM : M ≠ []) (hy : y ≠ []) (hL : (graft M y).length - 1 ≠ 0) (hnp : ¬ hasParent (graft M y) (srow (graft M y) ((graft M y).length - 1)) ((graft M y).length - 1)) : (graft M y)⟦n⟧ = graft M y.dropLast
Xbar.lean:220	theorem blocked_parent_lt	theorem blocked_parent_lt {M y : TrioSeq} (hM : M ≠ []) (hy : y ≠ []) (hni : ¬ hasParent y (srow y (y.length - 1)) (y.length - 1)) (hpG : hasParent (graft M y) (srow (graft M y) ((graft M y).length - 1)) ((graft M y).length - 1)) : parent (graft M y) (srow (graft M y) ((graft M y).length - 1)) ((gra …
Xbar.lean:282	theorem parent_region_row0_ge	theorem parent_region_row0_ge {M : TrioSeq} {i p x : ℕ} (hnr : nextR M i p x) : ∀ j, p ≤ j → j ≤ x → entry M 0 p ≤ entry M 0 j
Xbar.lean:309	theorem oper_graft_blocked	theorem oper_graft_blocked {M y : TrioSeq} {p : ℕ} (n : ℕ) (hM : M ≠ []) (hy : y ≠ []) (hL : (graft M y).length - 1 ≠ 0) (hpG : hasParent (graft M y) (srow (graft M y) ((graft M y).length - 1)) ((graft M y).length - 1)) (hpar : parent (graft M y) (srow (graft M y) ((graft M y).length - 1))
Xbar.lean:388	theorem argOK_take	theorem argOK_take {M : TrioSeq} (hM : argOK M) (k : ℕ) : argOK (M.take k)
Xbar.lean:391	theorem take_ne_nil	theorem take_ne_nil {M : TrioSeq} (hM : M ≠ []) {k : ℕ} (hk : 0 < k) : M.take k ≠ []
Xbar.lean:401	theorem based_blocked_element	theorem based_blocked_element {M y : TrioSeq} {p : ℕ} {d0 d1 : ℕ} (n : ℕ) (hn : 1 ≤ n) (hplt : p < (graft M y).length - 1) (hlow : entry (graft M y) 0 p = entry M 0 p) : based (shiftl0 (entry M 0 p) (gcopies (graft M y) p ((graft M y).length - 1 - p) d0 d1 n))
Xbar.lean:437	theorem graft_length	theorem graft_length (M y : TrioSeq) : (graft M y).length = M.length - 1 + y.length
Xbar.lean:443	theorem entry0_graft_last	theorem entry0_graft_last {M y : TrioSeq} (hy : y ≠ []) : entry (graft M y) 0 ((graft M y).length - 1) = entry y 0 (y.length - 1) + entry M 0 (M.length - 1)
Xbar.lean:459	theorem graft_ne_nil	theorem graft_ne_nil {M y : TrioSeq} (hM2 : 2 ≤ M.length) : graft M y ≠ []
Xbar.lean:469	theorem graft_assoc	theorem graft_assoc {M y w : TrioSeq} (hy : y ≠ []) : graft (graft M y) w = graft M (graft y w)
Xbar.lean:497	theorem hasParent_graft_inner	theorem hasParent_graft_inner {M y : TrioSeq} (hM : M ≠ []) (hy : y ≠ []) (hp : hasParent y (srow y (y.length - 1)) (y.length - 1)) : hasParent (graft M y) (srow (graft M y) ((graft M y).length - 1)) ((graft M y).length - 1)
Xbar.lean:516	theorem graft_dropLast	theorem graft_dropLast {M y : TrioSeq} (hy : y ≠ []) : (graft M y).dropLast = graft M y.dropLast
Xbar.lean:524	theorem shiftr01_take	theorem shiftr01_take (d0 d1 : ℕ) (l : TrioSeq) (i : ℕ) : (shiftr01 d0 d1 l).take i = shiftr01 d0 d1 (l.take i)
Xbar.lean:530	theorem take_graft_low	theorem take_graft_low {M Y : TrioSeq} {k : ℕ} (hk : k ≤ M.length - 1) : (graft M Y).take k = M.take k
Xbar.lean:538	theorem take_graft_high	theorem take_graft_high {M Y : TrioSeq} (i : ℕ) : (graft M Y).take (M.length - 1 + i) = graft M (Y.take i)
Zjump.lean:17	theorem zjump_oper	theorem zjump_oper {M : TrioSeq} {n : ℕ} (hn : 1 ≤ n) (hr : r1ok M) (hz2 : z2ok M) (hmp : markP1 M) (h : zjump M) : zjump (M⟦n⟧)
Zjump.lean:981	theorem zjump_ST_TS	theorem zjump_ST_TS {M : TrioSeq} (h : ST_TS M) : zjump M
