row	alpha	branch	matrix
31	1	T1	(0,0)(1,1)
180	2) = psi(psi_2(0)) = psi(psi_I(1)	T1	(0,0)(1,1)(2,2)
241	3) = psi(psi_3(0)) = psi(psi_I(2)	T1	(0,0)(1,1)(2,2)(3,3)
261	4) = psi(psi_4(0)) = psi(psi_I(3)	T1	(0,0)(1,1)(2,2)(3,3)(4,4)
265	5) = psi(psi_I(4)	T1	(0,0)(1,1)(2,2)(3,3)(4,4)(5,5)
266	6) = psi(psi_I(5)	T1	(0,0)(1,1)(2,2)(3,3)(4,4)(5,5)(6,6)
267	w	T2	(0,0,0)(1,1,1)
780	(w+1)	T1	(0,0,0)(1,1,1)(2,1,0)(3,2,0)
913	(w+2)	T1	(0,0,0)(1,1,1)(2,1,0)(3,2,0)(4,3,0)
966	(w+3)	T1	(0,0,0)(1,1,1)(2,1,0)(3,2,0)(4,3,0)(5,4,0)
983	(w+4)	T1	(0,0,0)(1,1,1)(2,1,0)(3,2,0)(4,3,0)(5,4,0)(6,5,0)
986	(w+5)	T1	(0,0,0)(1,1,1)(2,1,0)(3,2,0)(4,3,0)(5,4,0)(6,5,0)(7,6,0)
987	(w+6)	T1	(0,0,0)(1,1,1)(2,1,0)(3,2,0)(4,3,0)(5,4,0)(6,5,0)(7,6,0)(8,7,0)
988	(w2)	T2	(0,0,0)(1,1,1)(2,1,0)(3,2,1)
1218	(w2+1)	T1	(0,0,0)(1,1,1)(2,1,0)(3,2,1)(4,2,0)(5,3,0)
1266	(w2+2)	T1	(0,0,0)(1,1,1)(2,1,0)(3,2,1)(4,2,0)(5,3,0)(6,4,0)
1275	(w2+3)	T1	(0,0,0)(1,1,1)(2,1,0)(3,2,1)(4,2,0)(5,3,0)(6,4,0)(7,5,0)
1276	(w2+4)	T1	(0,0,0)(1,1,1)(2,1,0)(3,2,1)(4,2,0)(5,3,0)(6,4,0)(7,5,0)(8,6,0)
1277	(w3)	T2	(0,0,0)(1,1,1)(2,1,0)(3,2,1)(4,2,0)(5,3,1)
1306	(w3+1)	T1	(0,0,0)(1,1,1)(2,1,0)(3,2,1)(4,2,0)(5,3,1)(6,3,0)(7,4,0)
1310	(w3+2)	T1	(0,0,0)(1,1,1)(2,1,0)(3,2,1)(4,2,0)(5,3,1)(6,3,0)(7,4,0)(8,5,0)
1311	(w4)	T2	(0,0,0)(1,1,1)(2,1,0)(3,2,1)(4,2,0)(5,3,1)(6,3,0)(7,4,1)
1314	(w4+1)	T1	(0,0,0)(1,1,1)(2,1,0)(3,2,1)(4,2,0)(5,3,1)(6,3,0)(7,4,1)(8,4,0)(9,5,0)
1315	(w5)	T2	(0,0,0)(1,1,1)(2,1,0)(3,2,1)(4,2,0)(5,3,1)(6,3,0)(7,4,1)(8,4,0)(9,5,1)
1316	(w6)	T2	(0,0,0)(1,1,1)(2,1,0)(3,2,1)(4,2,0)(5,3,1)(6,3,0)(7,4,1)(8,4,0)(9,5,1)(10,5,0)(11,6,1)
1317	(w^2)	T2	(0,0,0)(1,1,1)(2,1,1)
1647	(w^2+1)	T1	(0,0,0)(1,1,1)(2,1,1)(2,1,0)(3,2,0)
1703	(w^2+2)	T1	(0,0,0)(1,1,1)(2,1,1)(2,1,0)(3,2,0)(4,3,0)
1711	(w^2+3)	T1	(0,0,0)(1,1,1)(2,1,1)(2,1,0)(3,2,0)(4,3,0)(5,4,0)
1713	(w^2+4)	T1	(0,0,0)(1,1,1)(2,1,1)(2,1,0)(3,2,0)(4,3,0)(5,4,0)(6,5,0)
1714	(w^2+5)	T1	(0,0,0)(1,1,1)(2,1,1)(2,1,0)(3,2,0)(4,3,0)(5,4,0)(6,5,0)(7,6,0)
1715	(w^2+w)	T2	(0,0,0)(1,1,1)(2,1,1)(2,1,0)(3,2,1)
1784	(w^2+w+1)	T1	(0,0,0)(1,1,1)(2,1,1)(2,1,0)(3,2,1)(4,2,0)(5,3,0)
1801	(w^2+w+2)	T1	(0,0,0)(1,1,1)(2,1,1)(2,1,0)(3,2,1)(4,2,0)(5,3,0)(6,4,0)
1804	(w^2+w+3)	T1	(0,0,0)(1,1,1)(2,1,1)(2,1,0)(3,2,1)(4,2,0)(5,3,0)(6,4,0)(7,5,0)
1805	(w^2+w2)	T2	(0,0,0)(1,1,1)(2,1,1)(2,1,0)(3,2,1)(4,2,0)(5,3,1)
1823	(w^2+w2+1)	T1	(0,0,0)(1,1,1)(2,1,1)(2,1,0)(3,2,1)(4,2,0)(5,3,1)(6,3,0)(7,4,0)
1832	(w^2+w2+2)	T1	(0,0,0)(1,1,1)(2,1,1)(2,1,0)(3,2,1)(4,2,0)(5,3,1)(6,3,0)(7,4,0)(8,5,0)
1833	(w^2+w2+3)	T1	(0,0,0)(1,1,1)(2,1,1)(2,1,0)(3,2,1)(4,2,0)(5,3,1)(6,3,0)(7,4,0)(8,5,0)(9,6,0)
1834	(w^2+w3)	T2	(0,0,0)(1,1,1)(2,1,1)(2,1,0)(3,2,1)(4,2,0)(5,3,1)(6,3,0)(7,4,1)
1842	(w^2+w3+1)	T1	(0,0,0)(1,1,1)(2,1,1)(2,1,0)(3,2,1)(4,2,0)(5,3,1)(6,3,0)(7,4,1)(8,4,0)(9,5,0)
1843	(w^2+w4)	T2	(0,0,0)(1,1,1)(2,1,1)(2,1,0)(3,2,1)(4,2,0)(5,3,1)(6,3,0)(7,4,1)(8,4,0)(9,5,1)
1844	(w^2+w5)	T2	(0,0,0)(1,1,1)(2,1,1)(2,1,0)(3,2,1)(4,2,0)(5,3,1)(6,3,0)(7,4,1)(8,4,0)(9,5,1)(10,5,0)(11,6,1)
1845	(w^2*2)	T2	(0,0,0)(1,1,1)(2,1,1)(2,1,0)(3,2,1)(4,2,1)
1895	(w^2*2+1)	T1	(0,0,0)(1,1,1)(2,1,1)(2,1,0)(3,2,1)(4,2,1)(4,2,0)(5,3,0)
1911	(w^2*2+2)	T1	(0,0,0)(1,1,1)(2,1,1)(2,1,0)(3,2,1)(4,2,1)(4,2,0)(5,3,0)(6,4,0)
1913	(w^2*2+3)	T1	(0,0,0)(1,1,1)(2,1,1)(2,1,0)(3,2,1)(4,2,1)(4,2,0)(5,3,0)(6,4,0)(7,5,0)
1914	(w^2*2+w)	T2	(0,0,0)(1,1,1)(2,1,1)(2,1,0)(3,2,1)(4,2,1)(4,2,0)(5,3,1)
1925	(w^2*2+w+1)	T1	(0,0,0)(1,1,1)(2,1,1)(2,1,0)(3,2,1)(4,2,1)(4,2,0)(5,3,1)(6,3,0)(7,4,0)
1927	(w^2*2+w+2)	T1	(0,0,0)(1,1,1)(2,1,1)(2,1,0)(3,2,1)(4,2,1)(4,2,0)(5,3,1)(6,3,0)(7,4,0)(8,5,0)
1928	(w^2*2+w2)	T2	(0,0,0)(1,1,1)(2,1,1)(2,1,0)(3,2,1)(4,2,1)(4,2,0)(5,3,1)(6,3,0)(7,4,1)
1929	(w^2*2+w3)	T2	(0,0,0)(1,1,1)(2,1,1)(2,1,0)(3,2,1)(4,2,1)(4,2,0)(5,3,1)(6,3,0)(7,4,1)(8,4,0)(9,5,1)
1930	(w^2*3)	T2	(0,0,0)(1,1,1)(2,1,1)(2,1,0)(3,2,1)(4,2,1)(4,2,0)(5,3,1)(6,3,1)
1939	(w^2*3+1)	T1	(0,0,0)(1,1,1)(2,1,1)(2,1,0)(3,2,1)(4,2,1)(4,2,0)(5,3,1)(6,3,1)(6,3,0)(7,4,0)
1940	(w^2*3+2)	T1	(0,0,0)(1,1,1)(2,1,1)(2,1,0)(3,2,1)(4,2,1)(4,2,0)(5,3,1)(6,3,1)(6,3,0)(7,4,0)(8,5,0)
1941	(w^2*3+w)	T2	(0,0,0)(1,1,1)(2,1,1)(2,1,0)(3,2,1)(4,2,1)(4,2,0)(5,3,1)(6,3,1)(6,3,0)(7,4,1)
1942	(w^2*3+w2)	T2	(0,0,0)(1,1,1)(2,1,1)(2,1,0)(3,2,1)(4,2,1)(4,2,0)(5,3,1)(6,3,1)(6,3,0)(7,4,1)(8,4,0)(9,5,1)
1943	(w^2*4)	T2	(0,0,0)(1,1,1)(2,1,1)(2,1,0)(3,2,1)(4,2,1)(4,2,0)(5,3,1)(6,3,1)(6,3,0)(7,4,1)(8,4,1)
1944	(w^2*4+1)	T1	(0,0,0)(1,1,1)(2,1,1)(2,1,0)(3,2,1)(4,2,1)(4,2,0)(5,3,1)(6,3,1)(6,3,0)(7,4,1)(8,4,1)(8,4,0)(9,5,0)
1945	(w^2*4+w)	T2	(0,0,0)(1,1,1)(2,1,1)(2,1,0)(3,2,1)(4,2,1)(4,2,0)(5,3,1)(6,3,1)(6,3,0)(7,4,1)(8,4,1)(8,4,0)(9,5,1)
1946	(w^2*5)	T2	(0,0,0)(1,1,1)(2,1,1)(2,1,0)(3,2,1)(4,2,1)(4,2,0)(5,3,1)(6,3,1)(6,3,0)(7,4,1)(8,4,1)(8,4,0)(9,5,1)(10,5,1)
1947	(w^2*6)	T2	(0,0,0)(1,1,1)(2,1,1)(2,1,0)(3,2,1)(4,2,1)(4,2,0)(5,3,1)(6,3,1)(6,3,0)(7,4,1)(8,4,1)(8,4,0)(9,5,1)(10,5,1)(10,5,0)(11,5,1)(12,6,1)
1948	(w^3)	T2	(0,0,0)(1,1,1)(2,1,1)(2,1,1)
2022	(w^3+1)	T1	(0,0,0)(1,1,1)(2,1,1)(2,1,1)(2,1,0)(3,2,0)
2040	(w^3+2)	T1	(0,0,0)(1,1,1)(2,1,1)(2,1,1)(2,1,0)(3,2,0)(4,3,0)
2041	(w^3+3)	T1	(0,0,0)(1,1,1)(2,1,1)(2,1,1)(2,1,0)(3,2,0)(4,3,0)(5,4,0)
2042	(w^3+w)	T2	(0,0,0)(1,1,1)(2,1,1)(2,1,1)(2,1,0)(3,2,1)
2049	(w^3+w+1)	T1	(0,0,0)(1,1,1)(2,1,1)(2,1,1)(2,1,0)(3,2,1)(4,2,0)(5,3,0)
2050	(w^3+w+2)	T1	(0,0,0)(1,1,1)(2,1,1)(2,1,1)(2,1,0)(3,2,1)(4,2,0)(5,3,0)(6,4,0)
2051	(w^3+w2)	T2	(0,0,0)(1,1,1)(2,1,1)(2,1,1)(2,1,0)(3,2,1)(4,2,0)(5,3,1)
2052	(w^3+w3)	T2	(0,0,0)(1,1,1)(2,1,1)(2,1,1)(2,1,0)(3,2,1)(4,2,0)(5,3,1)(6,3,0)(7,4,1)
2053	(w^3+w^2)	T2	(0,0,0)(1,1,1)(2,1,1)(2,1,1)(2,1,0)(3,2,1)(4,2,1)
2062	(w^3+w^2+1)	T1	(0,0,0)(1,1,1)(2,1,1)(2,1,1)(2,1,0)(3,2,1)(4,2,1)(4,2,0)(5,3,0)
2063	(w^3+w^2+2)	T1	(0,0,0)(1,1,1)(2,1,1)(2,1,1)(2,1,0)(3,2,1)(4,2,1)(4,2,0)(5,3,0)(6,4,0)
2064	(w^3+w^2+w)	T2	(0,0,0)(1,1,1)(2,1,1)(2,1,1)(2,1,0)(3,2,1)(4,2,1)(4,2,0)(5,3,1)
2065	(w^3+w^2+w2)	T2	(0,0,0)(1,1,1)(2,1,1)(2,1,1)(2,1,0)(3,2,1)(4,2,1)(4,2,0)(5,3,1)(6,3,0)(7,4,1)
2066	(w^3+w^2*2)	T2	(0,0,0)(1,1,1)(2,1,1)(2,1,1)(2,1,0)(3,2,1)(4,2,1)(4,2,0)(5,3,1)(6,3,1)
2067	(w^3+w^2*3)	T2	(0,0,0)(1,1,1)(2,1,1)(2,1,1)(2,1,0)(3,2,1)(4,2,1)(4,2,0)(5,3,1)(6,3,1)(6,3,0)(7,4,1)(8,4,1)
2068	(w^3*2)	T2	(0,0,0)(1,1,1)(2,1,1)(2,1,1)(2,1,0)(3,2,1)(4,2,1)(4,2,1)
2078	(w^3*2+1)	T1	(0,0,0)(1,1,1)(2,1,1)(2,1,1)(2,1,0)(3,2,1)(4,2,1)(4,2,1)(4,2,0)(5,3,0)
2079	(w^3*2+2)	T1	(0,0,0)(1,1,1)(2,1,1)(2,1,1)(2,1,0)(3,2,1)(4,2,1)(4,2,1)(4,2,0)(5,3,0)(6,4,0)
2080	(w^3*2+w)	T2	(0,0,0)(1,1,1)(2,1,1)(2,1,1)(2,1,0)(3,2,1)(4,2,1)(4,2,1)(4,2,0)(5,3,1)
2081	(w^3*2+w2)	T2	(0,0,0)(1,1,1)(2,1,1)(2,1,1)(2,1,0)(3,2,1)(4,2,1)(4,2,1)(4,2,0)(5,3,1)(6,3,0)(7,4,1)
2082	(w^3*2+w^2)	T2	(0,0,0)(1,1,1)(2,1,1)(2,1,1)(2,1,0)(3,2,1)(4,2,1)(4,2,1)(4,2,0)(5,3,1)(6,3,1)
2083	(w^3*2+w^2*2)	T2	(0,0,0)(1,1,1)(2,1,1)(2,1,1)(2,1,0)(3,2,1)(4,2,1)(4,2,1)(4,2,0)(5,3,1)(6,3,1)(6,3,0)(7,4,1)(8,4,1)
2084	(w^3*3)	T2	(0,0,0)(1,1,1)(2,1,1)(2,1,1)(2,1,0)(3,2,1)(4,2,1)(4,2,1)(4,2,0)(5,3,1)(6,3,1)(6,3,1)
2085	(w^3*4)	T2	(0,0,0)(1,1,1)(2,1,1)(2,1,1)(2,1,0)(3,2,1)(4,2,1)(4,2,1)(4,2,0)(5,3,1)(6,3,1)(6,3,1)(6,3,0)(7,4,1)(8,4,1)(8,4,1)
2086	(w^4)	T2	(0,0,0)(1,1,1)(2,1,1)(2,1,1)(2,1,1)
2098	(w^4+1)	T1	(0,0,0)(1,1,1)(2,1,1)(2,1,1)(2,1,1)(2,1,0)(3,2,0)
2099	(w^4+2)	T1	(0,0,0)(1,1,1)(2,1,1)(2,1,1)(2,1,1)(2,1,0)(3,2,0)(4,3,0)
2100	(w^4+w)	T2	(0,0,0)(1,1,1)(2,1,1)(2,1,1)(2,1,1)(2,1,0)(3,2,1)
2101	(w^4+w2)	T2	(0,0,0)(1,1,1)(2,1,1)(2,1,1)(2,1,1)(2,1,0)(3,2,1)(4,2,0)(5,3,1)
2102	(w^4+w^2)	T2	(0,0,0)(1,1,1)(2,1,1)(2,1,1)(2,1,1)(2,1,0)(3,2,1)(4,2,1)
2103	(w^4+w^2*2)	T2	(0,0,0)(1,1,1)(2,1,1)(2,1,1)(2,1,1)(2,1,0)(3,2,1)(4,2,1)(4,2,0)(5,3,1)(6,3,1)
2104	(w^4+w^3)	T2	(0,0,0)(1,1,1)(2,1,1)(2,1,1)(2,1,1)(2,1,0)(3,2,1)(4,2,1)(4,2,1)
2105	(w^4+w^3*2)	T2	(0,0,0)(1,1,1)(2,1,1)(2,1,1)(2,1,1)(2,1,0)(3,2,1)(4,2,1)(4,2,1)(4,2,0)(5,3,1)(6,3,1)(6,3,1)
2106	(w^4*2)	T2	(0,0,0)(1,1,1)(2,1,1)(2,1,1)(2,1,1)(2,1,0)(3,2,1)(4,2,1)(4,2,1)(4,2,1)
2107	(w^4*3)	T2	(0,0,0)(1,1,1)(2,1,1)(2,1,1)(2,1,1)(2,1,0)(3,2,1)(4,2,1)(4,2,1)(4,2,1)(4,2,0)(5,3,1)(6,3,1)(6,3,1)(6,3,1)
2108	(w^5)	T2	(0,0,0)(1,1,1)(2,1,1)(2,1,1)(2,1,1)(2,1,1)
2110	(w^5+1)	T1	(0,0,0)(1,1,1)(2,1,1)(2,1,1)(2,1,1)(2,1,1)(2,1,0)(3,2,0)
2111	(w^5+w)	T2	(0,0,0)(1,1,1)(2,1,1)(2,1,1)(2,1,1)(2,1,1)(2,1,0)(3,2,1)
2112	(w^5+w^2)	T2	(0,0,0)(1,1,1)(2,1,1)(2,1,1)(2,1,1)(2,1,1)(2,1,0)(3,2,1)(4,2,1)
2113	(w^5*3)	T2	(0,0,0)(1,1,1)(2,1,1)(2,1,1)(2,1,1)(2,1,1)(2,1,0)(3,2,1)(4,2,1)(4,2,1)(4,2,1)(4,2,1)
2114	(w^6)	T2	(0,0,0)(1,1,1)(2,1,1)(2,1,1)(2,1,1)(2,1,1)(2,1,1)
2115	(w^7)	T2	(0,0,0)(1,1,1)(2,1,1)(2,1,1)(2,1,1)(2,1,1)(2,1,1)(2,1,1)
2116	(w^w)	T0	(0,0,0)(1,1,1)(2,1,1)(3,0,0)
2130	(w^w+1)	T1	(0,0,0)(1,1,1)(2,1,1)(3,0,0)(2,1,0)(3,2,0)
2131	(w^w+w2)	T1	(0,0,0)(1,1,1)(2,1,1)(3,0,0)(2,1,0)(3,2,0)(4,3,0)
2132	(w^w+w)	T2	(0,0,0)(1,1,1)(2,1,1)(3,0,0)(2,1,0)(3,2,1)
2133	(w^w+w2)	T2	(0,0,0)(1,1,1)(2,1,1)(3,0,0)(2,1,0)(3,2,1)(3,2,0)(4,3,1)
2134	(w^w+w^2)	T2	(0,0,0)(1,1,1)(2,1,1)(3,0,0)(2,1,0)(3,2,1)(4,2,1)
2135	(w^w+w^3)	T2	(0,0,0)(1,1,1)(2,1,1)(3,0,0)(2,1,0)(3,2,1)(4,2,1)(4,2,1)
2136	(w^w*2)	T0	(0,0,0)(1,1,1)(2,1,1)(3,0,0)(2,1,0)(3,2,1)(4,2,1)(5,0,0)
2137	(w^w*3)	T0	(0,0,0)(1,1,1)(2,1,1)(3,0,0)(2,1,0)(3,2,1)(4,2,1)(5,0,0)(4,2,0)(5,3,1)(6,3,1)(7,0,0)
2138	(w^(w+1))	T2	(0,0,0)(1,1,1)(2,1,1)(3,0,0)(2,1,1)
2139	(w^(w+1)+1)	T1	(0,0,0)(1,1,1)(2,1,1)(3,0,0)(2,1,1)(2,1,0)(3,2,0)
2140	(w^(w+1)+w^w)	T0	(0,0,0)(1,1,1)(2,1,1)(3,0,0)(2,1,1)(2,1,0)(3,2,1)(4,2,1)(5,0,0)
2141	(w^(w+1)*2)	T2	(0,0,0)(1,1,1)(2,1,1)(3,0,0)(2,1,1)(2,1,0)(3,2,1)(4,2,1)(5,0,0)(4,2,1)
2142	(w^(w+2))	T2	(0,0,0)(1,1,1)(2,1,1)(3,0,0)(2,1,1)(2,1,1)
2143	(w^(w+3))	T2	(0,0,0)(1,1,1)(2,1,1)(3,0,0)(2,1,1)(2,1,1)(2,1,1)
2144	(w^(w2)	T0	(0,0,0)(1,1,1)(2,1,1)(3,0,0)(2,1,1)(3,0,0)
2145	(w^(w3))	T0	(0,0,0)(1,1,1)(2,1,1)(3,0,0)(2,1,1)(3,0,0)(2,1,1)(3,0,0)
2146	(w^w^2)	T0	(0,0,0)(1,1,1)(2,1,1)(3,0,0)(3,0,0)
2147	(w^w^3)	T0	(0,0,0)(1,1,1)(2,1,1)(3,0,0)(3,0,0)(3,0,0)
2148	(w^w^w)	T0	(0,0,0)(1,1,1)(2,1,1)(3,0,0)(4,0,0)
2149	(w^w^w^2)	T0	(0,0,0)(1,1,1)(2,1,1)(3,0,0)(4,0,0)(4,0,0)
2150	(w^w^w^w)	T0	(0,0,0)(1,1,1)(2,1,1)(3,0,0)(4,0,0)(5,0,0)
2151	(w^w^w^w^w)	T0	(0,0,0)(1,1,1)(2,1,1)(3,0,0)(4,0,0)(5,0,0)(6,0,0)
2152	psi(W)	T1	(0,0,0)(1,1,1)(2,1,1)(3,0,0)(4,1,0)
2153	(psi(W)+1)	T1	(0,0,0)(1,1,1)(2,1,1)(3,0,0)(4,1,0)(2,1,0)(3,2,0)
2154	(psi(W)+w)	T2	(0,0,0)(1,1,1)(2,1,1)(3,0,0)(4,1,0)(2,1,0)(3,2,1)
2155	(psi(W)+w^2)	T2	(0,0,0)(1,1,1)(2,1,1)(3,0,0)(4,1,0)(2,1,0)(3,2,1)(4,2,1)
2156	(psi(W)+w^w)	T0	(0,0,0)(1,1,1)(2,1,1)(3,0,0)(4,1,0)(2,1,0)(3,2,1)(4,2,1)(5,0,0)
2157	(psi(W)*2)	T1	(0,0,0)(1,1,1)(2,1,1)(3,0,0)(4,1,0)(2,1,0)(3,2,1)(4,2,1)(5,0,0)(6,1,0)
2158	(psi(W)*w)	T2	(0,0,0)(1,1,1)(2,1,1)(3,0,0)(4,1,0)(2,1,1)
2159	(psi(W)*w^w)	T0	(0,0,0)(1,1,1)(2,1,1)(3,0,0)(4,1,0)(2,1,1)(3,0,0)
2160	(psi(W)^2)	T1	(0,0,0)(1,1,1)(2,1,1)(3,0,0)(4,1,0)(2,1,1)(3,0,0)(4,1,0)
2161	(psi(W)^w)	T0	(0,0,0)(1,1,1)(2,1,1)(3,0,0)(4,1,0)(3,0,0)
2162	(psi(W)^psi(W))	T1	(0,0,0)(1,1,1)(2,1,1)(3,0,0)(4,1,0)(3,0,0)(4,1,0)
2163	(psi(W)^psi(W)^w)	T0	(0,0,0)(1,1,1)(2,1,1)(3,0,0)(4,1,0)(4,0,0)
2164	(psi(W)^psi(W)^psi(W))	T1	(0,0,0)(1,1,1)(2,1,1)(3,0,0)(4,1,0)(4,0,0)(5,1,0)
2165	psi(W2)	T1	(0,0,0)(1,1,1)(2,1,1)(3,0,0)(4,1,0)(4,1,0)
2166	psi(W3)	T1	(0,0,0)(1,1,1)(2,1,1)(3,0,0)(4,1,0)(4,1,0)(4,1,0)
2167	psi(W*w)	T0	(0,0,0)(1,1,1)(2,1,1)(3,0,0)(4,1,0)(5,0,0)
2168	psi(W*psi(W))	T1	(0,0,0)(1,1,1)(2,1,1)(3,0,0)(4,1,0)(5,0,0)(6,1,0)
2169	psi(W^2)	T1	(0,0,0)(1,1,1)(2,1,1)(3,0,0)(4,1,0)(5,1,0)
2170	psi(W^3)	T1	(0,0,0)(1,1,1)(2,1,1)(3,0,0)(4,1,0)(5,1,0)(5,1,0)
2171	psi(W^w)	T0	(0,0,0)(1,1,1)(2,1,1)(3,0,0)(4,1,0)(5,1,0)(6,0,0)
2172	psi(W^W)	T1	(0,0,0)(1,1,1)(2,1,1)(3,0,0)(4,1,0)(5,1,0)(6,1,0)
2173	psi(W^W^W)	T1	(0,0,0)(1,1,1)(2,1,1)(3,0,0)(4,1,0)(5,1,0)(6,1,0)(7,1,0)
2174	psi(W_2)	T1	(0,0,0)(1,1,1)(2,1,1)(3,0,0)(4,1,0)(5,2,0)
2175	psi(W_2^2)	T1	(0,0,0)(1,1,1)(2,1,1)(3,0,0)(4,1,0)(5,2,0)(6,2,0)
2176	psi(W_3)	T1	(0,0,0)(1,1,1)(2,1,1)(3,0,0)(4,1,0)(5,2,0)(6,3,0)
2177	psi(W_w)	T2	(0,0,0)(1,1,1)(2,1,1)(3,0,0)(4,1,1)
2178	psi(W_w*2)	T2	(0,0,0)(1,1,1)(2,1,1)(3,0,0)(4,1,1)(4,1,1)
2179	psi(W_w*W)	T1	(0,0,0)(1,1,1)(2,1,1)(3,0,0)(4,1,1)(5,1,0)
2180	psi(W_w^2)	T2	(0,0,0)(1,1,1)(2,1,1)(3,0,0)(4,1,1)(5,1,0)(4,1,1)
2181	psi(W_w^W_w)	T2	(0,0,0)(1,1,1)(2,1,1)(3,0,0)(4,1,1)(5,1,0)(6,1,0)(4,1,1)
2182	psi(W_(w+1))	T1	(0,0,0)(1,1,1)(2,1,1)(3,0,0)(4,1,1)(5,1,0)(6,2,0)
2183	psi(W_(w+2))	T1	(0,0,0)(1,1,1)(2,1,1)(3,0,0)(4,1,1)(5,1,0)(6,2,0)(7,3,0)
2184	psi(W_(w2))	T2	(0,0,0)(1,1,1)(2,1,1)(3,0,0)(4,1,1)(5,1,0)(6,2,1)
2185	psi(W_(w3))	T2	(0,0,0)(1,1,1)(2,1,1)(3,0,0)(4,1,1)(5,1,0)(6,2,1)(7,2,0)(8,3,1)
2186	psi(W_(w^2))	T2	(0,0,0)(1,1,1)(2,1,1)(3,0,0)(4,1,1)(5,1,1)
2187	psi(W_(w^3))	T2	(0,0,0)(1,1,1)(2,1,1)(3,0,0)(4,1,1)(5,1,1)(5,1,1)
2188	psi(W_(w^w))	T0	(0,0,0)(1,1,1)(2,1,1)(3,0,0)(4,1,1)(5,1,1)(6,0,0)
2189	psi(W_psi(W))	T1	(0,0,0)(1,1,1)(2,1,1)(3,0,0)(4,1,1)(5,1,1)(6,0,0)(7,1,0)
2190	psi(W_psi(W_w))	T2	(0,0,0)(1,1,1)(2,1,1)(3,0,0)(4,1,1)(5,1,1)(6,0,0)(7,1,1)
2191	psi(W_psi(W_(w^2)))	T2	(0,0,0)(1,1,1)(2,1,1)(3,0,0)(4,1,1)(5,1,1)(6,0,0)(7,1,1)(8,1,1)
2192	psi(W_psi(W_psi(W_w)))	T2	(0,0,0)(1,1,1)(2,1,1)(3,0,0)(4,1,1)(5,1,1)(6,0,0)(7,1,1)(8,1,1)(9,0,0)(10,1,1)
2193	W	T1	(0,0,0)(1,1,1)(2,1,1)(3,1,0)
2328	(W+1)	T1	(0,0,0)(1,1,1)(2,1,1)(3,1,0)(1,1,0)(2,2,1)(3,2,1)(4,1,0)(3,2,0)(4,3,0)
2362	(W+2)	T1	(0,0,0)(1,1,1)(2,1,1)(3,1,0)(1,1,0)(2,2,1)(3,2,1)(4,1,0)(3,2,0)(4,3,0)(5,4,0)
2370	(W+3)	T1	(0,0,0)(1,1,1)(2,1,1)(3,1,0)(1,1,0)(2,2,1)(3,2,1)(4,1,0)(3,2,0)(4,3,0)(5,4,0)(6,5,0)
2371	(W+4)	T1	(0,0,0)(1,1,1)(2,1,1)(3,1,0)(1,1,0)(2,2,1)(3,2,1)(4,1,0)(3,2,0)(4,3,0)(5,4,0)(6,5,0)(7,6,0)
2372	(W+w)	T2	(0,0,0)(1,1,1)(2,1,1)(3,1,0)(1,1,0)(2,2,1)(3,2,1)(4,1,0)(3,2,0)(4,3,1)
2390	(W+w+1)	T1	(0,0,0)(1,1,1)(2,1,1)(3,1,0)(1,1,0)(2,2,1)(3,2,1)(4,1,0)(3,2,0)(4,3,1)(5,3,0)(6,4,0)
2391	(W+w+2)	T1	(0,0,0)(1,1,1)(2,1,1)(3,1,0)(1,1,0)(2,2,1)(3,2,1)(4,1,0)(3,2,0)(4,3,1)(5,3,0)(6,4,0)(7,5,0)
2392	(W+w2)	T2	(0,0,0)(1,1,1)(2,1,1)(3,1,0)(1,1,0)(2,2,1)(3,2,1)(4,1,0)(3,2,0)(4,3,1)(5,3,0)(6,4,1)
2393	(W+w3)	T2	(0,0,0)(1,1,1)(2,1,1)(3,1,0)(1,1,0)(2,2,1)(3,2,1)(4,1,0)(3,2,0)(4,3,1)(5,3,0)(6,4,1)(7,4,0)(8,5,1)
2394	(W+w^2)	T2	(0,0,0)(1,1,1)(2,1,1)(3,1,0)(1,1,0)(2,2,1)(3,2,1)(4,1,0)(3,2,0)(4,3,1)(5,3,1)
2397	(W+w^2+1)	T1	(0,0,0)(1,1,1)(2,1,1)(3,1,0)(1,1,0)(2,2,1)(3,2,1)(4,1,0)(3,2,0)(4,3,1)(5,3,1)(5,3,0)(6,4,0)
2398	(W+w^2+w)	T2	(0,0,0)(1,1,1)(2,1,1)(3,1,0)(1,1,0)(2,2,1)(3,2,1)(4,1,0)(3,2,0)(4,3,1)(5,3,1)(5,3,0)(6,4,1)
2399	(W+w^2*2)	T2	(0,0,0)(1,1,1)(2,1,1)(3,1,0)(1,1,0)(2,2,1)(3,2,1)(4,1,0)(3,2,0)(4,3,1)(5,3,1)(5,3,0)(6,4,1)(7,4,1)
2400	(W+w^3)	T2	(0,0,0)(1,1,1)(2,1,1)(3,1,0)(1,1,0)(2,2,1)(3,2,1)(4,1,0)(3,2,0)(4,3,1)(5,3,1)(5,3,1)
2401	(W+w^4)	T2	(0,0,0)(1,1,1)(2,1,1)(3,1,0)(1,1,0)(2,2,1)(3,2,1)(4,1,0)(3,2,0)(4,3,1)(5,3,1)(5,3,1)(5,3,1)
2402	(W+w^w)	T0	(0,0,0)(1,1,1)(2,1,1)(3,1,0)(1,1,0)(2,2,1)(3,2,1)(4,1,0)(3,2,0)(4,3,1)(5,3,1)(6,0,0)
2403	(W+w^w^w)	T0	(0,0,0)(1,1,1)(2,1,1)(3,1,0)(1,1,0)(2,2,1)(3,2,1)(4,1,0)(3,2,0)(4,3,1)(5,3,1)(6,0,0)(7,0,0)
2404	(W+psi(W))	T1	(0,0,0)(1,1,1)(2,1,1)(3,1,0)(1,1,0)(2,2,1)(3,2,1)(4,1,0)(3,2,0)(4,3,1)(5,3,1)(6,0,0)(7,1,0)
2405	(W+psi(W_w)	T2	(0,0,0)(1,1,1)(2,1,1)(3,1,0)(1,1,0)(2,2,1)(3,2,1)(4,1,0)(3,2,0)(4,3,1)(5,3,1)(6,0,0)(7,1,1)
2406	(W+psi(W_W)	T1	(0,0,0)(1,1,1)(2,1,1)(3,1,0)(1,1,0)(2,2,1)(3,2,1)(4,1,0)(3,2,0)(4,3,1)(5,3,1)(6,0,0)(7,1,1)(8,1,1)(9,1,0)
2407	(W2)	T1	(0,0,0)(1,1,1)(2,1,1)(3,1,0)(1,1,0)(2,2,1)(3,2,1)(4,1,0)(3,2,0)(4,3,1)(5,3,1)(6,1,0)
2421	(W2+1)	T1	(0,0,0)(1,1,1)(2,1,1)(3,1,0)(1,1,0)(2,2,1)(3,2,1)(4,1,0)(3,2,0)(4,3,1)(5,3,1)(6,1,0)(5,3,0)(6,4,0)
2424	(W2+2)	T1	(0,0,0)(1,1,1)(2,1,1)(3,1,0)(1,1,0)(2,2,1)(3,2,1)(4,1,0)(3,2,0)(4,3,1)(5,3,1)(6,1,0)(5,3,0)(6,4,0)(7,5,0)
2425	(W2+w)	T2	(0,0,0)(1,1,1)(2,1,1)(3,1,0)(1,1,0)(2,2,1)(3,2,1)(4,1,0)(3,2,0)(4,3,1)(5,3,1)(6,1,0)(5,3,0)(6,4,1)
2426	(W2+w2)	T2	(0,0,0)(1,1,1)(2,1,1)(3,1,0)(1,1,0)(2,2,1)(3,2,1)(4,1,0)(3,2,0)(4,3,1)(5,3,1)(6,1,0)(5,3,0)(6,4,1)(7,4,0)(8,5,1)
2427	(W2+w^2)	T2	(0,0,0)(1,1,1)(2,1,1)(3,1,0)(1,1,0)(2,2,1)(3,2,1)(4,1,0)(3,2,0)(4,3,1)(5,3,1)(6,1,0)(5,3,0)(6,4,1)(7,4,1)
2428	(W2+w^w)	T0	(0,0,0)(1,1,1)(2,1,1)(3,1,0)(1,1,0)(2,2,1)(3,2,1)(4,1,0)(3,2,0)(4,3,1)(5,3,1)(6,1,0)(5,3,0)(6,4,1)(7,4,1)(8,0,0)
2429	(W3)	T1	(0,0,0)(1,1,1)(2,1,1)(3,1,0)(1,1,0)(2,2,1)(3,2,1)(4,1,0)(3,2,0)(4,3,1)(5,3,1)(6,1,0)(5,3,0)(6,4,1)(7,4,1)(8,1,0)
2430	(W3+1)	T1	(0,0,0)(1,1,1)(2,1,1)(3,1,0)(1,1,0)(2,2,1)(3,2,1)(4,1,0)(3,2,0)(4,3,1)(5,3,1)(6,1,0)(5,3,0)(6,4,1)(7,4,1)(8,1,0)(7,4,0)(8,5,0)
2431	(W3+w)	T2	(0,0,0)(1,1,1)(2,1,1)(3,1,0)(1,1,0)(2,2,1)(3,2,1)(4,1,0)(3,2,0)(4,3,1)(5,3,1)(6,1,0)(5,3,0)(6,4,1)(7,4,1)(8,1,0)(7,4,0)(8,5,1)
2432	(W4)	T1	(0,0,0)(1,1,1)(2,1,1)(3,1,0)(1,1,0)(2,2,1)(3,2,1)(4,1,0)(3,2,0)(4,3,1)(5,3,1)(6,1,0)(5,3,0)(6,4,1)(7,4,1)(8,1,0)(7,4,0)(8,5,1)(9,5,1)(10,1,0)
2433	(W5)	T1	(0,0,0)(1,1,1)(2,1,1)(3,1,0)(1,1,0)(2,2,1)(3,2,1)(4,1,0)(3,2,0)(4,3,1)(5,3,1)(6,1,0)(5,3,0)(6,4,1)(7,4,1)(8,1,0)(7,4,0)(8,5,1)(9,5,1)(10,1,0)(9,5,0)(10,6,1)(11,6,1)(12,1,0)
2434	(W*w)	T2	(0,0,0)(1,1,1)(2,1,1)(3,1,0)(1,1,0)(2,2,1)(3,2,1)(4,1,0)(3,2,1)
2485	(W*w+1)	T1	(0,0,0)(1,1,1)(2,1,1)(3,1,0)(1,1,0)(2,2,1)(3,2,1)(4,1,0)(3,2,1)(3,2,0)(4,3,0)
2488	(W*w+2)	T1	(0,0,0)(1,1,1)(2,1,1)(3,1,0)(1,1,0)(2,2,1)(3,2,1)(4,1,0)(3,2,1)(3,2,0)(4,3,0)(5,4,0)
2489	(W*w+w)	T2	(0,0,0)(1,1,1)(2,1,1)(3,1,0)(1,1,0)(2,2,1)(3,2,1)(4,1,0)(3,2,1)(3,2,0)(4,3,1)
2490	(W*w+w^2)	T2	(0,0,0)(1,1,1)(2,1,1)(3,1,0)(1,1,0)(2,2,1)(3,2,1)(4,1,0)(3,2,1)(3,2,0)(4,3,1)(5,3,1)
2491	(W*w+w^w)	T0	(0,0,0)(1,1,1)(2,1,1)(3,1,0)(1,1,0)(2,2,1)(3,2,1)(4,1,0)(3,2,1)(3,2,0)(4,3,1)(5,3,1)(6,0,0)
2492	(W*w+W)	T1	(0,0,0)(1,1,1)(2,1,1)(3,1,0)(1,1,0)(2,2,1)(3,2,1)(4,1,0)(3,2,1)(3,2,0)(4,3,1)(5,3,1)(6,1,0)
2497	(W*w+W+1)	T1	(0,0,0)(1,1,1)(2,1,1)(3,1,0)(1,1,0)(2,2,1)(3,2,1)(4,1,0)(3,2,1)(3,2,0)(4,3,1)(5,3,1)(6,1,0)(5,3,0)(6,4,0)
2498	(W*w+W+w)	T2	(0,0,0)(1,1,1)(2,1,1)(3,1,0)(1,1,0)(2,2,1)(3,2,1)(4,1,0)(3,2,1)(3,2,0)(4,3,1)(5,3,1)(6,1,0)(5,3,0)(6,4,1)
2499	(W*w+W2)	T1	(0,0,0)(1,1,1)(2,1,1)(3,1,0)(1,1,0)(2,2,1)(3,2,1)(4,1,0)(3,2,1)(3,2,0)(4,3,1)(5,3,1)(6,1,0)(5,3,0)(6,4,1)(7,4,1)(8,1,0)
2500	(W*w2)	T2	(0,0,0)(1,1,1)(2,1,1)(3,1,0)(1,1,0)(2,2,1)(3,2,1)(4,1,0)(3,2,1)(3,2,0)(4,3,1)(5,3,1)(6,1,0)(5,3,1)
2501	(W*w3)	T2	(0,0,0)(1,1,1)(2,1,1)(3,1,0)(1,1,0)(2,2,1)(3,2,1)(4,1,0)(3,2,1)(3,2,0)(4,3,1)(5,3,1)(6,1,0)(5,3,1)(5,3,0)(6,4,1)(7,4,1)(8,1,0)(7,4,1)
2502	(W*w^2)	T2	(0,0,0)(1,1,1)(2,1,1)(3,1,0)(1,1,0)(2,2,1)(3,2,1)(4,1,0)(3,2,1)(3,2,1)
2503	(W*w^2*2)	T2	(0,0,0)(1,1,1)(2,1,1)(3,1,0)(1,1,0)(2,2,1)(3,2,1)(4,1,0)(3,2,1)(3,2,1)(3,2,0)(4,3,1)(5,3,1)(6,1,0)(5,3,1)(5,3,1)
2504	(W*w^3)	T2	(0,0,0)(1,1,1)(2,1,1)(3,1,0)(1,1,0)(2,2,1)(3,2,1)(4,1,0)(3,2,1)(3,2,1)(3,2,1)
2505	(W*w^w)	T0	(0,0,0)(1,1,1)(2,1,1)(3,1,0)(1,1,0)(2,2,1)(3,2,1)(4,1,0)(3,2,1)(4,0,0)
2506	(W*psi(W))	T1	(0,0,0)(1,1,1)(2,1,1)(3,1,0)(1,1,0)(2,2,1)(3,2,1)(4,1,0)(3,2,1)(4,0,0)(5,1,0)
2507	(W*psi(W_w))	T2	(0,0,0)(1,1,1)(2,1,1)(3,1,0)(1,1,0)(2,2,1)(3,2,1)(4,1,0)(3,2,1)(4,0,0)(5,1,1)
2508	(W^2)	T1	(0,0,0)(1,1,1)(2,1,1)(3,1,0)(1,1,0)(2,2,1)(3,2,1)(4,1,0)(3,2,1)(4,1,0)
2513	(W^2+1)	T1	(0,0,0)(1,1,1)(2,1,1)(3,1,0)(1,1,0)(2,2,1)(3,2,1)(4,1,0)(3,2,1)(4,1,0)(3,2,0)(4,3,0)
2514	(W^2+2)	T1	(0,0,0)(1,1,1)(2,1,1)(3,1,0)(1,1,0)(2,2,1)(3,2,1)(4,1,0)(3,2,1)(4,1,0)(3,2,0)(4,3,0)(5,4,0)
2515	(W^2+w)	T2	(0,0,0)(1,1,1)(2,1,1)(3,1,0)(1,1,0)(2,2,1)(3,2,1)(4,1,0)(3,2,1)(4,1,0)(3,2,0)(4,3,1)
2516	(W^2+w^2)	T2	(0,0,0)(1,1,1)(2,1,1)(3,1,0)(1,1,0)(2,2,1)(3,2,1)(4,1,0)(3,2,1)(4,1,0)(3,2,0)(4,3,1)(5,3,1)
2517	(W^2+W)	T1	(0,0,0)(1,1,1)(2,1,1)(3,1,0)(1,1,0)(2,2,1)(3,2,1)(4,1,0)(3,2,1)(4,1,0)(3,2,0)(4,3,1)(5,3,1)(6,1,0)
2518	(W^2+W+1)	T1	(0,0,0)(1,1,1)(2,1,1)(3,1,0)(1,1,0)(2,2,1)(3,2,1)(4,1,0)(3,2,1)(4,1,0)(3,2,0)(4,3,1)(5,3,1)(6,1,0)(5,3,0)(6,4,0)
2519	(W^2+W+w)	T2	(0,0,0)(1,1,1)(2,1,1)(3,1,0)(1,1,0)(2,2,1)(3,2,1)(4,1,0)(3,2,1)(4,1,0)(3,2,0)(4,3,1)(5,3,1)(6,1,0)(5,3,0)(6,4,1)
2520	(W^2+W2)	T1	(0,0,0)(1,1,1)(2,1,1)(3,1,0)(1,1,0)(2,2,1)(3,2,1)(4,1,0)(3,2,1)(4,1,0)(3,2,0)(4,3,1)(5,3,1)(6,1,0)(5,3,0)(6,4,1)(7,4,1)(8,1,0)
2521	(W^2+W*w)	T2	(0,0,0)(1,1,1)(2,1,1)(3,1,0)(1,1,0)(2,2,1)(3,2,1)(4,1,0)(3,2,1)(4,1,0)(3,2,0)(4,3,1)(5,3,1)(6,1,0)(5,3,1)
2522	(W^2+W*w^2)	T2	(0,0,0)(1,1,1)(2,1,1)(3,1,0)(1,1,0)(2,2,1)(3,2,1)(4,1,0)(3,2,1)(4,1,0)(3,2,0)(4,3,1)(5,3,1)(6,1,0)(5,3,1)(5,3,1)
2523	(W^2*2)	T1	(0,0,0)(1,1,1)(2,1,1)(3,1,0)(1,1,0)(2,2,1)(3,2,1)(4,1,0)(3,2,1)(4,1,0)(3,2,0)(4,3,1)(5,3,1)(6,1,0)(5,3,1)(6,1,0)
2524	(W^2*w)	T2	(0,0,0)(1,1,1)(2,1,1)(3,1,0)(1,1,0)(2,2,1)(3,2,1)(4,1,0)(3,2,1)(4,1,0)(3,2,1)
2525	(W^2*w^2)	T2	(0,0,0)(1,1,1)(2,1,1)(3,1,0)(1,1,0)(2,2,1)(3,2,1)(4,1,0)(3,2,1)(4,1,0)(3,2,1)(3,2,1)
2526	(W^2*w^w)	T0	(0,0,0)(1,1,1)(2,1,1)(3,1,0)(1,1,0)(2,2,1)(3,2,1)(4,1,0)(3,2,1)(4,1,0)(3,2,1)(4,0,0)
2527	(W^3)	T1	(0,0,0)(1,1,1)(2,1,1)(3,1,0)(1,1,0)(2,2,1)(3,2,1)(4,1,0)(3,2,1)(4,1,0)(3,2,1)(4,1,0)
2528	(W^3*w)	T2	(0,0,0)(1,1,1)(2,1,1)(3,1,0)(1,1,0)(2,2,1)(3,2,1)(4,1,0)(3,2,1)(4,1,0)(3,2,1)(4,1,0)(3,2,1)
2529	(W^4)	T1	(0,0,0)(1,1,1)(2,1,1)(3,1,0)(1,1,0)(2,2,1)(3,2,1)(4,1,0)(3,2,1)(4,1,0)(3,2,1)(4,1,0)(3,2,1)(4,1,0)
2530	(W^w)	T0	(0,0,0)(1,1,1)(2,1,1)(3,1,0)(1,1,0)(2,2,1)(3,2,1)(4,1,0)(4,0,0)
2531	(W^w*w)	T2	(0,0,0)(1,1,1)(2,1,1)(3,1,0)(1,1,0)(2,2,1)(3,2,1)(4,1,0)(4,0,0)(3,2,1)
2532	(W^(W+1))	T1	(0,0,0)(1,1,1)(2,1,1)(3,1,0)(1,1,0)(2,2,1)(3,2,1)(4,1,0)(4,0,0)(3,2,1)(4,1,0)
2533	(W^(w2))	T0	(0,0,0)(1,1,1)(2,1,1)(3,1,0)(1,1,0)(2,2,1)(3,2,1)(4,1,0)(4,0,0)(3,2,1)(4,1,0)(4,0,0)
2534	(W^w^2)	T0	(0,0,0)(1,1,1)(2,1,1)(3,1,0)(1,1,0)(2,2,1)(3,2,1)(4,1,0)(4,0,0)(4,0,0)
2535	(W^w^w)	T0	(0,0,0)(1,1,1)(2,1,1)(3,1,0)(1,1,0)(2,2,1)(3,2,1)(4,1,0)(4,0,0)(5,0,0)
2536	(W^W)	T1	(0,0,0)(1,1,1)(2,1,1)(3,1,0)(1,1,0)(2,2,1)(3,2,1)(4,1,0)(4,1,0)
2537	(W^W*w)	T2	(0,0,0)(1,1,1)(2,1,1)(3,1,0)(1,1,0)(2,2,1)(3,2,1)(4,1,0)(4,1,0)(3,2,1)
2538	(W^(W+1))	T1	(0,0,0)(1,1,1)(2,1,1)(3,1,0)(1,1,0)(2,2,1)(3,2,1)(4,1,0)(4,1,0)(3,2,1)(4,1,0)
2539	(W^(W2))	T1	(0,0,0)(1,1,1)(2,1,1)(3,1,0)(1,1,0)(2,2,1)(3,2,1)(4,1,0)(4,1,0)(3,2,1)(4,1,0)(4,1,0)
2540	(W^W^2)	T1	(0,0,0)(1,1,1)(2,1,1)(3,1,0)(1,1,0)(2,2,1)(3,2,1)(4,1,0)(4,1,0)(4,1,0)
2541	(W^W^W)	T1	(0,0,0)(1,1,1)(2,1,1)(3,1,0)(1,1,0)(2,2,1)(3,2,1)(4,1,0)(5,1,0)
2542	(W^W^W^W)	T1	(0,0,0)(1,1,1)(2,1,1)(3,1,0)(1,1,0)(2,2,1)(3,2,1)(4,1,0)(5,1,0)(6,1,0)
2543	psi_1(W_2)	T1	(0,0,0)(1,1,1)(2,1,1)(3,1,0)(1,1,0)(2,2,1)(3,2,1)(4,1,0)(5,2,0)
2544	psi_1(W_2*2)	T1	(0,0,0)(1,1,1)(2,1,1)(3,1,0)(1,1,0)(2,2,1)(3,2,1)(4,1,0)(5,2,0)(5,2,0)
2545	psi_1(W_2*W)	T1	(0,0,0)(1,1,1)(2,1,1)(3,1,0)(1,1,0)(2,2,1)(3,2,1)(4,1,0)(5,2,0)(6,1,0)
2546	psi_1(W_2^2)	T1	(0,0,0)(1,1,1)(2,1,1)(3,1,0)(1,1,0)(2,2,1)(3,2,1)(4,1,0)(5,2,0)(6,2,0)
2547	psi_1(W_2^W_2)	T1	(0,0,0)(1,1,1)(2,1,1)(3,1,0)(1,1,0)(2,2,1)(3,2,1)(4,1,0)(5,2,0)(6,2,0)(7,2,0)
2548	psi_1(W_3)	T1	(0,0,0)(1,1,1)(2,1,1)(3,1,0)(1,1,0)(2,2,1)(3,2,1)(4,1,0)(5,2,0)(6,3,0)
2549	psi_1(W_4)	T1	(0,0,0)(1,1,1)(2,1,1)(3,1,0)(1,1,0)(2,2,1)(3,2,1)(4,1,0)(5,2,0)(6,3,0)(7,4,0)
2550	psi_1(W_w)	T2	(0,0,0)(1,1,1)(2,1,1)(3,1,0)(1,1,0)(2,2,1)(3,2,1)(4,1,0)(5,2,1)
2551	psi_1(W_w*W_2)	T1	(0,0,0)(1,1,1)(2,1,1)(3,1,0)(1,1,0)(2,2,1)(3,2,1)(4,1,0)(5,2,1)(6,2,0)
2552	psi_1(W_w^2)	T2	(0,0,0)(1,1,1)(2,1,1)(3,1,0)(1,1,0)(2,2,1)(3,2,1)(4,1,0)(5,2,1)(6,2,0)(5,2,1)
2553	psi_1(W_(w+1))	T1	(0,0,0)(1,1,1)(2,1,1)(3,1,0)(1,1,0)(2,2,1)(3,2,1)(4,1,0)(5,2,1)(6,2,0)(7,3,0)
2554	psi_1(W_(w2))	T2	(0,0,0)(1,1,1)(2,1,1)(3,1,0)(1,1,0)(2,2,1)(3,2,1)(4,1,0)(5,2,1)(6,2,0)(7,3,1)
2555	psi_1(W_(w^2))	T2	(0,0,0)(1,1,1)(2,1,1)(3,1,0)(1,1,0)(2,2,1)(3,2,1)(4,1,0)(5,2,1)(6,2,1)
2556	psi_1(W_(w^w))	T0	(0,0,0)(1,1,1)(2,1,1)(3,1,0)(1,1,0)(2,2,1)(3,2,1)(4,1,0)(5,2,1)(6,2,1)(7,0,0)
2557	psi_1(W_W)	T1	(0,0,0)(1,1,1)(2,1,1)(3,1,0)(1,1,0)(2,2,1)(3,2,1)(4,1,0)(5,2,1)(6,2,1)(7,1,0)
2558	psi_1(W_(W*w))	T2	(0,0,0)(1,1,1)(2,1,1)(3,1,0)(1,1,0)(2,2,1)(3,2,1)(4,1,0)(5,2,1)(6,2,1)(7,1,0)(6,2,1)
2559	psi_1(W_(W^W))	T1	(0,0,0)(1,1,1)(2,1,1)(3,1,0)(1,1,0)(2,2,1)(3,2,1)(4,1,0)(5,2,1)(6,2,1)(7,1,0)(7,1,0)
2560	psi_1(W_psi_1(W_2))	T1	(0,0,0)(1,1,1)(2,1,1)(3,1,0)(1,1,0)(2,2,1)(3,2,1)(4,1,0)(5,2,1)(6,2,1)(7,1,0)(8,2,0)
2561	psi_1(W_psi_1(W_W))	T1	(0,0,0)(1,1,1)(2,1,1)(3,1,0)(1,1,0)(2,2,1)(3,2,1)(4,1,0)(5,2,1)(6,2,1)(7,1,0)(8,2,1)(9,2,1)(10,1,0)
2562	W_2	T1	(0,0,0)(1,1,1)(2,1,1)(3,1,0)(1,1,0)(2,2,1)(3,2,1)(4,2,0)
2674	(W_2+1)	T1	(0,0,0)(1,1,1)(2,1,1)(3,1,0)(1,1,0)(2,2,1)(3,2,1)(4,2,0)(2,2,0)(3,3,1)(4,3,1)(5,2,0)(4,3,0)(5,4,0)
2694	(W_2+2)	T1	(0,0,0)(1,1,1)(2,1,1)(3,1,0)(1,1,0)(2,2,1)(3,2,1)(4,2,0)(2,2,0)(3,3,1)(4,3,1)(5,2,0)(4,3,0)(5,4,0)(6,5,0)
2697	(W_2+3)	T1	(0,0,0)(1,1,1)(2,1,1)(3,1,0)(1,1,0)(2,2,1)(3,2,1)(4,2,0)(2,2,0)(3,3,1)(4,3,1)(5,2,0)(4,3,0)(5,4,0)(6,5,0)(7,6,0)
2698	(W_2+w)	T2	(0,0,0)(1,1,1)(2,1,1)(3,1,0)(1,1,0)(2,2,1)(3,2,1)(4,2,0)(2,2,0)(3,3,1)(4,3,1)(5,2,0)(4,3,0)(5,4,1)
2701	(W_2+w+1)	T1	(0,0,0)(1,1,1)(2,1,1)(3,1,0)(1,1,0)(2,2,1)(3,2,1)(4,2,0)(2,2,0)(3,3,1)(4,3,1)(5,2,0)(4,3,0)(5,4,1)(6,4,0)(7,5,0)
2702	(W_2+w2)	T2	(0,0,0)(1,1,1)(2,1,1)(3,1,0)(1,1,0)(2,2,1)(3,2,1)(4,2,0)(2,2,0)(3,3,1)(4,3,1)(5,2,0)(4,3,0)(5,4,1)(6,4,0)(7,5,1)
2703	(W_2+w^2)	T2	(0,0,0)(1,1,1)(2,1,1)(3,1,0)(1,1,0)(2,2,1)(3,2,1)(4,2,0)(2,2,0)(3,3,1)(4,3,1)(5,2,0)(4,3,0)(5,4,1)(6,4,1)
2704	(W_2+w^w)	T0	(0,0,0)(1,1,1)(2,1,1)(3,1,0)(1,1,0)(2,2,1)(3,2,1)(4,2,0)(2,2,0)(3,3,1)(4,3,1)(5,2,0)(4,3,0)(5,4,1)(6,4,1)(7,0,0)
2705	(W_2+W)	T1	(0,0,0)(1,1,1)(2,1,1)(3,1,0)(1,1,0)(2,2,1)(3,2,1)(4,2,0)(2,2,0)(3,3,1)(4,3,1)(5,2,0)(4,3,0)(5,4,1)(6,4,1)(7,1,0)
2708	(W_2+W+1)	T1	(0,0,0)(1,1,1)(2,1,1)(3,1,0)(1,1,0)(2,2,1)(3,2,1)(4,2,0)(2,2,0)(3,3,1)(4,3,1)(5,2,0)(4,3,0)(5,4,1)(6,4,1)(7,1,0)(6,4,0)(7,5,0)
2709	(W_2+W+w)	T2	(0,0,0)(1,1,1)(2,1,1)(3,1,0)(1,1,0)(2,2,1)(3,2,1)(4,2,0)(2,2,0)(3,3,1)(4,3,1)(5,2,0)(4,3,0)(5,4,1)(6,4,1)(7,1,0)(6,4,0)(7,5,1)
2710	(W_2+W+w^2)	T2	(0,0,0)(1,1,1)(2,1,1)(3,1,0)(1,1,0)(2,2,1)(3,2,1)(4,2,0)(2,2,0)(3,3,1)(4,3,1)(5,2,0)(4,3,0)(5,4,1)(6,4,1)(7,1,0)(6,4,0)(7,5,1)(8,5,1)
2711	(W_2+W2)	T1	(0,0,0)(1,1,1)(2,1,1)(3,1,0)(1,1,0)(2,2,1)(3,2,1)(4,2,0)(2,2,0)(3,3,1)(4,3,1)(5,2,0)(4,3,0)(5,4,1)(6,4,1)(7,1,0)(6,4,0)(7,5,1)(8,5,1)(9,1,0)
2712	(W_2+W*w)	T2	(0,0,0)(1,1,1)(2,1,1)(3,1,0)(1,1,0)(2,2,1)(3,2,1)(4,2,0)(2,2,0)(3,3,1)(4,3,1)(5,2,0)(4,3,0)(5,4,1)(6,4,1)(7,1,0)(6,4,1)
2713	(W_2+W*w^w)	T0	(0,0,0)(1,1,1)(2,1,1)(3,1,0)(1,1,0)(2,2,1)(3,2,1)(4,2,0)(2,2,0)(3,3,1)(4,3,1)(5,2,0)(4,3,0)(5,4,1)(6,4,1)(7,1,0)(6,4,1)(7,0,0)
2714	(W_2+W^2)	T1	(0,0,0)(1,1,1)(2,1,1)(3,1,0)(1,1,0)(2,2,1)(3,2,1)(4,2,0)(2,2,0)(3,3,1)(4,3,1)(5,2,0)(4,3,0)(5,4,1)(6,4,1)(7,1,0)(6,4,1)(7,1,0)
2715	(W_2+W^W)	T1	(0,0,0)(1,1,1)(2,1,1)(3,1,0)(1,1,0)(2,2,1)(3,2,1)(4,2,0)(2,2,0)(3,3,1)(4,3,1)(5,2,0)(4,3,0)(5,4,1)(6,4,1)(7,1,0)(7,1,0)
2716	(W_2+psi_1(W_2))	T1	(0,0,0)(1,1,1)(2,1,1)(3,1,0)(1,1,0)(2,2,1)(3,2,1)(4,2,0)(2,2,0)(3,3,1)(4,3,1)(5,2,0)(4,3,0)(5,4,1)(6,4,1)(7,1,0)(8,2,0)
2717	(W_2+psi_1(W_w))	T2	(0,0,0)(1,1,1)(2,1,1)(3,1,0)(1,1,0)(2,2,1)(3,2,1)(4,2,0)(2,2,0)(3,3,1)(4,3,1)(5,2,0)(4,3,0)(5,4,1)(6,4,1)(7,1,0)(8,2,1)
2718	(W_2*2)	T1	(0,0,0)(1,1,1)(2,1,1)(3,1,0)(1,1,0)(2,2,1)(3,2,1)(4,2,0)(2,2,0)(3,3,1)(4,3,1)(5,2,0)(4,3,0)(5,4,1)(6,4,1)(7,2,0)
2721	(W_2*2+1)	T1	(0,0,0)(1,1,1)(2,1,1)(3,1,0)(1,1,0)(2,2,1)(3,2,1)(4,2,0)(2,2,0)(3,3,1)(4,3,1)(5,2,0)(4,3,0)(5,4,1)(6,4,1)(7,2,0)(6,4,0)(7,5,0)
2722	(W_2*2+w)	T2	(0,0,0)(1,1,1)(2,1,1)(3,1,0)(1,1,0)(2,2,1)(3,2,1)(4,2,0)(2,2,0)(3,3,1)(4,3,1)(5,2,0)(4,3,0)(5,4,1)(6,4,1)(7,2,0)(6,4,0)(7,5,1)
2723	(W_2*2+W)	T2	(0,0,0)(1,1,1)(2,1,1)(3,1,0)(1,1,0)(2,2,1)(3,2,1)(4,2,0)(2,2,0)(3,3,1)(4,3,1)(5,2,0)(4,3,0)(5,4,1)(6,4,1)(7,2,0)(6,4,0)(7,5,1)(8,5,1)
2724	(W_2*2+W)	T1	(0,0,0)(1,1,1)(2,1,1)(3,1,0)(1,1,0)(2,2,1)(3,2,1)(4,2,0)(2,2,0)(3,3,1)(4,3,1)(5,2,0)(4,3,0)(5,4,1)(6,4,1)(7,2,0)(6,4,0)(7,5,1)(8,5,1)(9,1,0)
2725	(W_2*3)	T1	(0,0,0)(1,1,1)(2,1,1)(3,1,0)(1,1,0)(2,2,1)(3,2,1)(4,2,0)(2,2,0)(3,3,1)(4,3,1)(5,2,0)(4,3,0)(5,4,1)(6,4,1)(7,2,0)(6,4,0)(7,5,1)(8,5,1)(9,2,0)
2726	(W_2*w)	T2	(0,0,0)(1,1,1)(2,1,1)(3,1,0)(1,1,0)(2,2,1)(3,2,1)(4,2,0)(2,2,0)(3,3,1)(4,3,1)(5,2,0)(4,3,1)
2739	(W_2*w+1)	T1	(0,0,0)(1,1,1)(2,1,1)(3,1,0)(1,1,0)(2,2,1)(3,2,1)(4,2,0)(2,2,0)(3,3,1)(4,3,1)(5,2,0)(4,3,1)(4,3,0)(5,4,0)
2740	(W_2*w+w)	T2	(0,0,0)(1,1,1)(2,1,1)(3,1,0)(1,1,0)(2,2,1)(3,2,1)(4,2,0)(2,2,0)(3,3,1)(4,3,1)(5,2,0)(4,3,1)(4,3,0)(5,4,1)
2741	(W_2*w+w^2)	T2	(0,0,0)(1,1,1)(2,1,1)(3,1,0)(1,1,0)(2,2,1)(3,2,1)(4,2,0)(2,2,0)(3,3,1)(4,3,1)(5,2,0)(4,3,1)(4,3,0)(5,4,1)(6,4,1)
2742	(W_2*w+W)	T1	(0,0,0)(1,1,1)(2,1,1)(3,1,0)(1,1,0)(2,2,1)(3,2,1)(4,2,0)(2,2,0)(3,3,1)(4,3,1)(5,2,0)(4,3,1)(4,3,0)(5,4,1)(6,4,1)(7,1,0)
2743	(W_2*w+W_2)	T1	(0,0,0)(1,1,1)(2,1,1)(3,1,0)(1,1,0)(2,2,1)(3,2,1)(4,2,0)(2,2,0)(3,3,1)(4,3,1)(5,2,0)(4,3,1)(4,3,0)(5,4,1)(6,4,1)(7,2,0)
2744	(W_2*w2)	T2	(0,0,0)(1,1,1)(2,1,1)(3,1,0)(1,1,0)(2,2,1)(3,2,1)(4,2,0)(2,2,0)(3,3,1)(4,3,1)(5,2,0)(4,3,1)(4,3,0)(5,4,1)(6,4,1)(7,2,0)(6,4,1)
2745	(W_2*w^2)	T2	(0,0,0)(1,1,1)(2,1,1)(3,1,0)(1,1,0)(2,2,1)(3,2,1)(4,2,0)(2,2,0)(3,3,1)(4,3,1)(5,2,0)(4,3,1)(4,3,1)
2746	(W_2*w^w)	T0	(0,0,0)(1,1,1)(2,1,1)(3,1,0)(1,1,0)(2,2,1)(3,2,1)(4,2,0)(2,2,0)(3,3,1)(4,3,1)(5,2,0)(4,3,1)(5,0,0)
2747	(W_2*W)	T1	(0,0,0)(1,1,1)(2,1,1)(3,1,0)(1,1,0)(2,2,1)(3,2,1)(4,2,0)(2,2,0)(3,3,1)(4,3,1)(5,2,0)(4,3,1)(5,1,0)
2748	(W_2*W+1)	T1	(0,0,0)(1,1,1)(2,1,1)(3,1,0)(1,1,0)(2,2,1)(3,2,1)(4,2,0)(2,2,0)(3,3,1)(4,3,1)(5,2,0)(4,3,1)(5,1,0)(4,3,0)(5,4,0)
2749	(W_2*W+w)	T2	(0,0,0)(1,1,1)(2,1,1)(3,1,0)(1,1,0)(2,2,1)(3,2,1)(4,2,0)(2,2,0)(3,3,1)(4,3,1)(5,2,0)(4,3,1)(5,1,0)(4,3,0)(5,4,1)
2750	(W_2*W+W)	T1	(0,0,0)(1,1,1)(2,1,1)(3,1,0)(1,1,0)(2,2,1)(3,2,1)(4,2,0)(2,2,0)(3,3,1)(4,3,1)(5,2,0)(4,3,1)(5,1,0)(4,3,0)(5,4,1)(6,4,1)(7,1,0)
2751	(W_2*W+W_2)	T1	(0,0,0)(1,1,1)(2,1,1)(3,1,0)(1,1,0)(2,2,1)(3,2,1)(4,2,0)(2,2,0)(3,3,1)(4,3,1)(5,2,0)(4,3,1)(5,1,0)(4,3,0)(5,4,1)(6,4,1)(7,2,0)
2752	(W_2*W2)	T1	(0,0,0)(1,1,1)(2,1,1)(3,1,0)(1,1,0)(2,2,1)(3,2,1)(4,2,0)(2,2,0)(3,3,1)(4,3,1)(5,2,0)(4,3,1)(5,1,0)(4,3,0)(5,4,1)(6,4,1)(7,2,0)(6,4,1)(7,1,0)
2753	(W_2*W*w)	T2	(0,0,0)(1,1,1)(2,1,1)(3,1,0)(1,1,0)(2,2,1)(3,2,1)(4,2,0)(2,2,0)(3,3,1)(4,3,1)(5,2,0)(4,3,1)(5,1,0)(4,3,1)
2754	(W_2*W^2)	T1	(0,0,0)(1,1,1)(2,1,1)(3,1,0)(1,1,0)(2,2,1)(3,2,1)(4,2,0)(2,2,0)(3,3,1)(4,3,1)(5,2,0)(4,3,1)(5,1,0)(4,3,1)(5,1,0)
2755	(W_2*W^W)	T1	(0,0,0)(1,1,1)(2,1,1)(3,1,0)(1,1,0)(2,2,1)(3,2,1)(4,2,0)(2,2,0)(3,3,1)(4,3,1)(5,2,0)(4,3,1)(5,1,0)(4,3,1)(5,1,0)(6,1,0)
2756	(W_2*psi_1(W_2))	T1	(0,0,0)(1,1,1)(2,1,1)(3,1,0)(1,1,0)(2,2,1)(3,2,1)(4,2,0)(2,2,0)(3,3,1)(4,3,1)(5,2,0)(4,3,1)(5,1,0)(4,3,1)(5,1,0)(6,2,0)
2757	(W_2*psi_1(W_w))	T1	(0,0,0)(1,1,1)(2,1,1)(3,1,0)(1,1,0)(2,2,1)(3,2,1)(4,2,0)(2,2,0)(3,3,1)(4,3,1)(5,2,0)(4,3,1)(5,1,0)(4,3,1)(5,1,0)(6,2,0)
2758	(W_2^2)	T1	(0,0,0)(1,1,1)(2,1,1)(3,1,0)(1,1,0)(2,2,1)(3,2,1)(4,2,0)(2,2,0)(3,3,1)(4,3,1)(5,2,0)(4,3,1)(5,2,0)
2759	(W_2^2+1)	T1	(0,0,0)(1,1,1)(2,1,1)(3,1,0)(1,1,0)(2,2,1)(3,2,1)(4,2,0)(2,2,0)(3,3,1)(4,3,1)(5,2,0)(4,3,1)(5,2,0)(4,3,0)(5,4,0)
2760	(W_2^2+w)	T2	(0,0,0)(1,1,1)(2,1,1)(3,1,0)(1,1,0)(2,2,1)(3,2,1)(4,2,0)(2,2,0)(3,3,1)(4,3,1)(5,2,0)(4,3,1)(5,2,0)(4,3,0)(5,4,1)
2761	(W_2^2+W)	T1	(0,0,0)(1,1,1)(2,1,1)(3,1,0)(1,1,0)(2,2,1)(3,2,1)(4,2,0)(2,2,0)(3,3,1)(4,3,1)(5,2,0)(4,3,1)(5,2,0)(4,3,0)(5,4,1)(6,4,1)(7,1,0)
2762	(W_2^2+W_2)	T1	(0,0,0)(1,1,1)(2,1,1)(3,1,0)(1,1,0)(2,2,1)(3,2,1)(4,2,0)(2,2,0)(3,3,1)(4,3,1)(5,2,0)(4,3,1)(5,2,0)(4,3,0)(5,4,1)(6,4,1)(7,2,0)
2763	(W_2^2*2)	T1	(0,0,0)(1,1,1)(2,1,1)(3,1,0)(1,1,0)(2,2,1)(3,2,1)(4,2,0)(2,2,0)(3,3,1)(4,3,1)(5,2,0)(4,3,1)(5,2,0)(4,3,0)(5,4,1)(6,4,1)(7,2,0)(6,4,1)(7,2,0)
2764	(W_2^2*w)	T2	(0,0,0)(1,1,1)(2,1,1)(3,1,0)(1,1,0)(2,2,1)(3,2,1)(4,2,0)(2,2,0)(3,3,1)(4,3,1)(5,2,0)(4,3,1)(5,2,0)(4,3,1)
2765	(W_2^2*W)	T1	(0,0,0)(1,1,1)(2,1,1)(3,1,0)(1,1,0)(2,2,1)(3,2,1)(4,2,0)(2,2,0)(3,3,1)(4,3,1)(5,2,0)(4,3,1)(5,2,0)(4,3,1)(5,1,0)
2766	(W_2^3)	T1	(0,0,0)(1,1,1)(2,1,1)(3,1,0)(1,1,0)(2,2,1)(3,2,1)(4,2,0)(2,2,0)(3,3,1)(4,3,1)(5,2,0)(4,3,1)(5,2,0)(4,3,1)(5,2,0)
2767	(W_2^w)	T0	(0,0,0)(1,1,1)(2,1,1)(3,1,0)(1,1,0)(2,2,1)(3,2,1)(4,2,0)(2,2,0)(3,3,1)(4,3,1)(5,2,0)(5,0,0)
2768	(W_2^W)	T1	(0,0,0)(1,1,1)(2,1,1)(3,1,0)(1,1,0)(2,2,1)(3,2,1)(4,2,0)(2,2,0)(3,3,1)(4,3,1)(5,2,0)(5,1,0)
2769	(W_2^W_2)	T1	(0,0,0)(1,1,1)(2,1,1)(3,1,0)(1,1,0)(2,2,1)(3,2,1)(4,2,0)(2,2,0)(3,3,1)(4,3,1)(5,2,0)(5,2,0)
2770	(W_2^W_2^W_2)	T1	(0,0,0)(1,1,1)(2,1,1)(3,1,0)(1,1,0)(2,2,1)(3,2,1)(4,2,0)(2,2,0)(3,3,1)(4,3,1)(5,2,0)(6,2,0)
2771	psi_2(W_3)	T1	(0,0,0)(1,1,1)(2,1,1)(3,1,0)(1,1,0)(2,2,1)(3,2,1)(4,2,0)(2,2,0)(3,3,1)(4,3,1)(5,2,0)(6,3,0)
2772	psi_2(W_w)	T2	(0,0,0)(1,1,1)(2,1,1)(3,1,0)(1,1,0)(2,2,1)(3,2,1)(4,2,0)(2,2,0)(3,3,1)(4,3,1)(5,2,0)(6,3,1)
2773	W_3	T1	(0,0,0)(1,1,1)(2,1,1)(3,1,0)(1,1,0)(2,2,1)(3,2,1)(4,2,0)(2,2,0)(3,3,1)(4,3,1)(5,3,0)
2793	(W_3+1)	T1	(0,0,0)(1,1,1)(2,1,1)(3,1,0)(1,1,0)(2,2,1)(3,2,1)(4,2,0)(2,2,0)(3,3,1)(4,3,1)(5,3,0)(3,3,0)(4,4,1)(5,4,1)(6,3,0)(5,4,0)(6,5,0)
2794	(W_3+2)	T1	(0,0,0)(1,1,1)(2,1,1)(3,1,0)(1,1,0)(2,2,1)(3,2,1)(4,2,0)(2,2,0)(3,3,1)(4,3,1)(5,3,0)(3,3,0)(4,4,1)(5,4,1)(6,3,0)(5,4,0)(6,5,0)(7,6,0)
2795	(W_3+w)	T2	(0,0,0)(1,1,1)(2,1,1)(3,1,0)(1,1,0)(2,2,1)(3,2,1)(4,2,0)(2,2,0)(3,3,1)(4,3,1)(5,3,0)(3,3,0)(4,4,1)(5,4,1)(6,3,0)(5,4,0)(6,5,1)
2796	(W_3+w^2)	T2	(0,0,0)(1,1,1)(2,1,1)(3,1,0)(1,1,0)(2,2,1)(3,2,1)(4,2,0)(2,2,0)(3,3,1)(4,3,1)(5,3,0)(3,3,0)(4,4,1)(5,4,1)(6,3,0)(5,4,0)(6,5,1)(7,5,1)
2797	(W_3+W)	T1	(0,0,0)(1,1,1)(2,1,1)(3,1,0)(1,1,0)(2,2,1)(3,2,1)(4,2,0)(2,2,0)(3,3,1)(4,3,1)(5,3,0)(3,3,0)(4,4,1)(5,4,1)(6,3,0)(5,4,0)(6,5,1)(7,5,1)(8,1,0)
2798	(W_3+W_2)	T1	(0,0,0)(1,1,1)(2,1,1)(3,1,0)(1,1,0)(2,2,1)(3,2,1)(4,2,0)(2,2,0)(3,3,1)(4,3,1)(5,3,0)(3,3,0)(4,4,1)(5,4,1)(6,3,0)(5,4,0)(6,5,1)(7,5,1)(8,2,0)
2799	(W_3*2)	T1	(0,0,0)(1,1,1)(2,1,1)(3,1,0)(1,1,0)(2,2,1)(3,2,1)(4,2,0)(2,2,0)(3,3,1)(4,3,1)(5,3,0)(3,3,0)(4,4,1)(5,4,1)(6,3,0)(5,4,0)(6,5,1)(7,5,1)(8,3,0)
2800	(W_3*w)	T2	(0,0,0)(1,1,1)(2,1,1)(3,1,0)(1,1,0)(2,2,1)(3,2,1)(4,2,0)(2,2,0)(3,3,1)(4,3,1)(5,3,0)(3,3,0)(4,4,1)(5,4,1)(6,3,0)(5,4,1)
2801	(W_3*w^2)	T2	(0,0,0)(1,1,1)(2,1,1)(3,1,0)(1,1,0)(2,2,1)(3,2,1)(4,2,0)(2,2,0)(3,3,1)(4,3,1)(5,3,0)(3,3,0)(4,4,1)(5,4,1)(6,3,0)(5,4,1)(5,4,1)
2802	(W_3*W)	T1	(0,0,0)(1,1,1)(2,1,1)(3,1,0)(1,1,0)(2,2,1)(3,2,1)(4,2,0)(2,2,0)(3,3,1)(4,3,1)(5,3,0)(3,3,0)(4,4,1)(5,4,1)(6,3,0)(5,4,1)(6,1,0)
2803	(W_3*W_2)	T1	(0,0,0)(1,1,1)(2,1,1)(3,1,0)(1,1,0)(2,2,1)(3,2,1)(4,2,0)(2,2,0)(3,3,1)(4,3,1)(5,3,0)(3,3,0)(4,4,1)(5,4,1)(6,3,0)(5,4,1)(6,2,0)
2804	(W_3^2)	T1	(0,0,0)(1,1,1)(2,1,1)(3,1,0)(1,1,0)(2,2,1)(3,2,1)(4,2,0)(2,2,0)(3,3,1)(4,3,1)(5,3,0)(3,3,0)(4,4,1)(5,4,1)(6,3,0)(5,4,1)(6,3,0)
2805	(W_3^w)	T0	(0,0,0)(1,1,1)(2,1,1)(3,1,0)(1,1,0)(2,2,1)(3,2,1)(4,2,0)(2,2,0)(3,3,1)(4,3,1)(5,3,0)(3,3,0)(4,4,1)(5,4,1)(6,3,0)(6,0,0)
2806	(W_3^W_3)	T1	(0,0,0)(1,1,1)(2,1,1)(3,1,0)(1,1,0)(2,2,1)(3,2,1)(4,2,0)(2,2,0)(3,3,1)(4,3,1)(5,3,0)(3,3,0)(4,4,1)(5,4,1)(6,3,0)(6,3,0)
2807	psi_3(W_4)	T1	(0,0,0)(1,1,1)(2,1,1)(3,1,0)(1,1,0)(2,2,1)(3,2,1)(4,2,0)(2,2,0)(3,3,1)(4,3,1)(5,3,0)(3,3,0)(4,4,1)(5,4,1)(6,3,0)(7,4,0)
2808	W_4	T1	(0,0,0)(1,1,1)(2,1,1)(3,1,0)(1,1,0)(2,2,1)(3,2,1)(4,2,0)(2,2,0)(3,3,1)(4,3,1)(5,3,0)(3,3,0)(4,4,1)(5,4,1)(6,4,0)
2809	W_5	T1	(0,0,0)(1,1,1)(2,1,1)(3,1,0)(1,1,0)(2,2,1)(3,2,1)(4,2,0)(2,2,0)(3,3,1)(4,3,1)(5,3,0)(3,3,0)(4,4,1)(5,4,1)(6,4,0)(4,4,0)(5,5,1)(6,5,1)(7,5,0)
2810	W_6	T1	(0,0,0)(1,1,1)(2,1,1)(3,1,0)(1,1,0)(2,2,1)(3,2,1)(4,2,0)(2,2,0)(3,3,1)(4,3,1)(5,3,0)(3,3,0)(4,4,1)(5,4,1)(6,4,0)(4,4,0)(5,5,1)(6,5,1)(7,5,0)(5,5,0)(6,6,1)(7,6,1)(8,6,0)
2811	W_w	T2	(0,0,0)(1,1,1)(2,1,1)(3,1,0)(1,1,1)
3272	(W_w+1)	T1	(0,0,0)(1,1,1)(2,1,1)(3,1,0)(1,1,1)(2,1,0)(3,2,1)(4,2,1)(5,1,0)(4,2,0)(5,3,0)
3305	(W_w+2)	T1	(0,0,0)(1,1,1)(2,1,1)(3,1,0)(1,1,1)(2,1,0)(3,2,1)(4,2,1)(5,1,0)(4,2,0)(5,3,0)(6,4,0)
3306	(W_w+3)	T1	(0,0,0)(1,1,1)(2,1,1)(3,1,0)(1,1,1)(2,1,0)(3,2,1)(4,2,1)(5,1,0)(4,2,0)(5,3,0)(6,4,0)(7,5,0)
3307	(W_w+w)	T2	(0,0,0)(1,1,1)(2,1,1)(3,1,0)(1,1,1)(2,1,0)(3,2,1)(4,2,1)(5,1,0)(4,2,0)(5,3,1)
3329	(W_w+w+1)	T1	(0,0,0)(1,1,1)(2,1,1)(3,1,0)(1,1,1)(2,1,0)(3,2,1)(4,2,1)(5,1,0)(4,2,0)(5,3,1)(6,3,0)(7,4,0)
3331	(W_w+w+2)	T1	(0,0,0)(1,1,1)(2,1,1)(3,1,0)(1,1,1)(2,1,0)(3,2,1)(4,2,1)(5,1,0)(4,2,0)(5,3,1)(6,3,0)(7,4,0)(8,5,0)
3332	(W_w+w2)	T2	(0,0,0)(1,1,1)(2,1,1)(3,1,0)(1,1,1)(2,1,0)(3,2,1)(4,2,1)(5,1,0)(4,2,0)(5,3,1)(6,3,0)(7,4,1)
3333	(W_w+w3)	T2	(0,0,0)(1,1,1)(2,1,1)(3,1,0)(1,1,1)(2,1,0)(3,2,1)(4,2,1)(5,1,0)(4,2,0)(5,3,1)(6,3,0)(7,4,1)(8,4,0)(9,5,1)
3334	(W_w+w^2)	T2	(0,0,0)(1,1,1)(2,1,1)(3,1,0)(1,1,1)(2,1,0)(3,2,1)(4,2,1)(5,1,0)(4,2,0)(5,3,1)(6,3,1)
3335	(W_w+w^3)	T2	(0,0,0)(1,1,1)(2,1,1)(3,1,0)(1,1,1)(2,1,0)(3,2,1)(4,2,1)(5,1,0)(4,2,0)(5,3,1)(6,3,1)(6,3,1)
3336	(W_w+w^w)	T0	(0,0,0)(1,1,1)(2,1,1)(3,1,0)(1,1,1)(2,1,0)(3,2,1)(4,2,1)(5,1,0)(4,2,0)(5,3,1)(6,3,1)(7,0,0)
3337	(W_w+psi(W_w))	T2	(0,0,0)(1,1,1)(2,1,1)(3,1,0)(1,1,1)(2,1,0)(3,2,1)(4,2,1)(5,1,0)(4,2,0)(5,3,1)(6,3,1)(7,0,0)(8,1,1)
3338	(W_w+W)	T1	(0,0,0)(1,1,1)(2,1,1)(3,1,0)(1,1,1)(2,1,0)(3,2,1)(4,2,1)(5,1,0)(4,2,0)(5,3,1)(6,3,1)(7,1,0)
3367	(W_w+W+1)	T1	(0,0,0)(1,1,1)(2,1,1)(3,1,0)(1,1,1)(2,1,0)(3,2,1)(4,2,1)(5,1,0)(4,2,0)(5,3,1)(6,3,1)(7,1,0)(1,1,0)(2,2,1)(3,2,1)(4,2,0)(2,2,1)(3,2,0)(4,3,1)(5,3,1)(6,2,0)(5,3,0)(6,4,1)(7,4,1)(8,1,0)(7,4,0)(8,5,0)
3368	(W_w+W+2)	T1	(0,0,0)(1,1,1)(2,1,1)(3,1,0)(1,1,1)(2,1,0)(3,2,1)(4,2,1)(5,1,0)(4,2,0)(5,3,1)(6,3,1)(7,1,0)(1,1,0)(2,2,1)(3,2,1)(4,2,0)(2,2,1)(3,2,0)(4,3,1)(5,3,1)(6,2,0)(5,3,0)(6,4,1)(7,4,1)(8,1,0)(7,4,0)(8,5,0)(9,6,0)
3369	(W_w+W+w)	T2	(0,0,0)(1,1,1)(2,1,1)(3,1,0)(1,1,1)(2,1,0)(3,2,1)(4,2,1)(5,1,0)(4,2,0)(5,3,1)(6,3,1)(7,1,0)(1,1,0)(2,2,1)(3,2,1)(4,2,0)(2,2,1)(3,2,0)(4,3,1)(5,3,1)(6,2,0)(5,3,0)(6,4,1)(7,4,1)(8,1,0)(7,4,0)(8,5,1)
3370	(W_w+W+w^2)	T2	(0,0,0)(1,1,1)(2,1,1)(3,1,0)(1,1,1)(2,1,0)(3,2,1)(4,2,1)(5,1,0)(4,2,0)(5,3,1)(6,3,1)(7,1,0)(1,1,0)(2,2,1)(3,2,1)(4,2,0)(2,2,1)(3,2,0)(4,3,1)(5,3,1)(6,2,0)(5,3,0)(6,4,1)(7,4,1)(8,1,0)(7,4,0)(8,5,1)(9,5,1)
3371	(W_w+W2)	T1	(0,0,0)(1,1,1)(2,1,1)(3,1,0)(1,1,1)(2,1,0)(3,2,1)(4,2,1)(5,1,0)(4,2,0)(5,3,1)(6,3,1)(7,1,0)(1,1,0)(2,2,1)(3,2,1)(4,2,0)(2,2,1)(3,2,0)(4,3,1)(5,3,1)(6,2,0)(5,3,0)(6,4,1)(7,4,1)(8,1,0)(7,4,0)(8,5,1)(9,5,1)(10,1,0)
3372	(W_w+W*w)	T2	(0,0,0)(1,1,1)(2,1,1)(3,1,0)(1,1,1)(2,1,0)(3,2,1)(4,2,1)(5,1,0)(4,2,0)(5,3,1)(6,3,1)(7,1,0)(1,1,0)(2,2,1)(3,2,1)(4,2,0)(2,2,1)(3,2,0)(4,3,1)(5,3,1)(6,2,0)(5,3,0)(6,4,1)(7,4,1)(8,1,0)(7,4,1)
3373	(W_w+W^2)	T1	(0,0,0)(1,1,1)(2,1,1)(3,1,0)(1,1,1)(2,1,0)(3,2,1)(4,2,1)(5,1,0)(4,2,0)(5,3,1)(6,3,1)(7,1,0)(1,1,0)(2,2,1)(3,2,1)(4,2,0)(2,2,1)(3,2,0)(4,3,1)(5,3,1)(6,2,0)(5,3,0)(6,4,1)(7,4,1)(8,1,0)(7,4,1)(8,1,0)
3374	(W_w+W^W)	T1	(0,0,0)(1,1,1)(2,1,1)(3,1,0)(1,1,1)(2,1,0)(3,2,1)(4,2,1)(5,1,0)(4,2,0)(5,3,1)(6,3,1)(7,1,0)(1,1,0)(2,2,1)(3,2,1)(4,2,0)(2,2,1)(3,2,0)(4,3,1)(5,3,1)(6,2,0)(5,3,0)(6,4,1)(7,4,1)(8,1,0)(8,1,0)
3375	(W_w+psi_1(W_w))	T2	(0,0,0)(1,1,1)(2,1,1)(3,1,0)(1,1,1)(2,1,0)(3,2,1)(4,2,1)(5,1,0)(4,2,0)(5,3,1)(6,3,1)(7,1,0)(1,1,0)(2,2,1)(3,2,1)(4,2,0)(2,2,1)(3,2,0)(4,3,1)(5,3,1)(6,2,0)(5,3,0)(6,4,1)(7,4,1)(8,1,0)(9,2,1)
3376	(W_w+W_2)	T1	(0,0,0)(1,1,1)(2,1,1)(3,1,0)(1,1,1)(2,1,0)(3,2,1)(4,2,1)(5,1,0)(4,2,0)(5,3,1)(6,3,1)(7,1,0)(1,1,0)(2,2,1)(3,2,1)(4,2,0)(2,2,1)(3,2,0)(4,3,1)(5,3,1)(6,2,0)(5,3,0)(6,4,1)(7,4,1)(8,2,0)
3377	(W_w+W_3)	T1	(0,0,0)(1,1,1)(2,1,1)(3,1,0)(1,1,1)(2,1,0)(3,2,1)(4,2,1)(5,1,0)(4,2,0)(5,3,1)(6,3,1)(7,1,0)(1,1,0)(2,2,1)(3,2,1)(4,2,0)(2,2,1)(3,2,0)(4,3,1)(5,3,1)(6,2,0)(5,3,0)(6,4,1)(7,4,1)(8,2,0)(2,2,0)(3,3,1)(4,3,1)(5,3,0)(3,3,1)(4,3,0)(5,4,1)(6,4,1)(7,3,0)(6,4,0)(7,5,1)(8,5,1)(9,3,0)
3378	(W_w*2)	T2	(0,0,0)(1,1,1)(2,1,1)(3,1,0)(1,1,1)(2,1,0)(3,2,1)(4,2,1)(5,1,0)(4,2,0)(5,3,1)(6,3,1)(7,1,0)(1,1,1)
3400	(W_w*2+1)	T1	(0,0,0)(1,1,1)(2,1,1)(3,1,0)(1,1,1)(2,1,0)(3,2,1)(4,2,1)(5,1,0)(4,2,0)(5,3,1)(6,3,1)(7,1,0)(6,3,0)(7,4,0)
3401	(W_w*2+2)	T1	(0,0,0)(1,1,1)(2,1,1)(3,1,0)(1,1,1)(2,1,0)(3,2,1)(4,2,1)(5,1,0)(4,2,0)(5,3,1)(6,3,1)(7,1,0)(6,3,0)(7,4,0)(8,5,0)
3402	(W_w*2+w)	T2	(0,0,0)(1,1,1)(2,1,1)(3,1,0)(1,1,1)(2,1,0)(3,2,1)(4,2,1)(5,1,0)(4,2,0)(5,3,1)(6,3,1)(7,1,0)(6,3,0)(7,4,1)
3403	(W_w*2+W)	T1	(0,0,0)(1,1,1)(2,1,1)(3,1,0)(1,1,1)(2,1,0)(3,2,1)(4,2,1)(5,1,0)(4,2,0)(5,3,1)(6,3,1)(7,1,0)(6,3,0)(7,4,1)(8,4,1)(9,1,0)
3404	(W_w*3)	T2	(0,0,0)(1,1,1)(2,1,1)(3,1,0)(1,1,1)(2,1,0)(3,2,1)(4,2,1)(5,1,0)(4,2,0)(5,3,1)(6,3,1)(7,1,0)(6,3,0)(7,4,1)(8,4,1)(9,1,0)(1,1,1)
3405	(W_w*4)	T2	(0,0,0)(1,1,1)(2,1,1)(3,1,0)(1,1,1)(2,1,0)(3,2,1)(4,2,1)(5,1,0)(4,2,0)(5,3,1)(6,3,1)(7,1,0)(6,3,0)(7,4,1)(8,4,1)(9,1,0)(8,4,0)(9,5,1)(10,5,1)(11,1,0)(1,1,1)
3406	(W_w*w)	T2	(0,0,0)(1,1,1)(2,1,1)(3,1,0)(1,1,1)(2,1,0)(3,2,1)(4,2,1)(5,1,0)(4,2,1)
3439	(W_w*w0*W_W_w+W_(W_w*w)	T2	(0,0,0)(1,1,1)(2,1,1)(3,1,0)(1,1,1)(2,1,0)(3,2,1)(4,2,1)(5,1,0)(4,2,1)(4,2,0)(3,2,1)(4,2,1)(5,1,0)(4,2,0)(5,3,1)(6,3,1)(7,1,0)(6,3,1)(6,2,0)(5,3,1)(6,3,1)(7,1,0)(6,3,1)
3448	(W_w*w+1)	T1	(0,0,0)(1,1,1)(2,1,1)(3,1,0)(1,1,1)(2,1,0)(3,2,1)(4,2,1)(5,1,0)(4,2,1)(4,2,0)(5,3,0)
3449	(W_w*w+w)	T2	(0,0,0)(1,1,1)(2,1,1)(3,1,0)(1,1,1)(2,1,0)(3,2,1)(4,2,1)(5,1,0)(4,2,1)(4,2,0)(5,3,1)
3451	(W_w*w+W_w)	T2	(0,0,0)(1,1,1)(2,1,1)(3,1,0)(1,1,1)(2,1,0)(3,2,1)(4,2,1)(5,1,0)(4,2,1)(4,2,0)(5,3,1)(6,3,1)(7,1,0)(1,1,1)
3452	(W_w*w+W_w+10	T1	(0,0,0)(1,1,1)(2,1,1)(3,1,0)(1,1,1)(2,1,0)(3,2,1)(4,2,1)(5,1,0)(4,2,1)(4,2,0)(5,3,1)(6,3,1)(7,1,0)(6,3,0)(7,4,0)
3453	(W_w*w+W_w*2)	T1	(0,0,0)(1,1,1)(2,1,1)(3,1,0)(1,1,1)(2,1,0)(3,2,1)(4,2,1)(5,1,0)(4,2,1)(4,2,0)(5,3,1)(6,3,1)(7,1,0)(6,3,0)(7,4,1)(8,4,1)(9,1,0)
3454	(W_w*w2)	T2	(0,0,0)(1,1,1)(2,1,1)(3,1,0)(1,1,1)(2,1,0)(3,2,1)(4,2,1)(5,1,0)(4,2,1)(4,2,0)(5,3,1)(6,3,1)(7,1,0)(6,3,1)
3455	(W_w*w3)	T2	(0,0,0)(1,1,1)(2,1,1)(3,1,0)(1,1,1)(2,1,0)(3,2,1)(4,2,1)(5,1,0)(4,2,1)(4,2,0)(5,3,1)(6,3,1)(7,1,0)(6,3,1)(6,3,0)(7,4,1)(8,4,1)(9,1,0)(8,4,1)
3456	(W_w*w^2)	T2	(0,0,0)(1,1,1)(2,1,1)(3,1,0)(1,1,1)(2,1,0)(3,2,1)(4,2,1)(5,1,0)(4,2,1)(4,2,1)
3457	(W_w*w^3)	T2	(0,0,0)(1,1,1)(2,1,1)(3,1,0)(1,1,1)(2,1,0)(3,2,1)(4,2,1)(5,1,0)(4,2,1)(4,2,1)(4,2,1)
3458	(W_w*w^w)	T0	(0,0,0)(1,1,1)(2,1,1)(3,1,0)(1,1,1)(2,1,0)(3,2,1)(4,2,1)(5,1,0)(4,2,1)(5,0,0)
3459	(W_w*psi(W_w))	T2	(0,0,0)(1,1,1)(2,1,1)(3,1,0)(1,1,1)(2,1,0)(3,2,1)(4,2,1)(5,1,0)(4,2,1)(5,0,0)(6,1,1)
3460	(W_w*W)	T1	(0,0,0)(1,1,1)(2,1,1)(3,1,0)(1,1,1)(2,1,0)(3,2,1)(4,2,1)(5,1,0)(4,2,1)(5,1,0)
3478	(W_w*W+1)	T1	(0,0,0)(1,1,1)(2,1,1)(3,1,0)(1,1,1)(2,1,0)(3,2,1)(4,2,1)(5,1,0)(4,2,1)(5,1,0)(1,1,0)(2,2,1)(3,2,1)(4,2,0)(2,2,1)(3,2,0)(4,3,1)(5,3,1)(6,2,0)(5,3,1)(6,1,0)(5,3,0)(6,4,0)
3479	(W_w*W+w)	T2	(0,0,0)(1,1,1)(2,1,1)(3,1,0)(1,1,1)(2,1,0)(3,2,1)(4,2,1)(5,1,0)(4,2,1)(5,1,0)(1,1,0)(2,2,1)(3,2,1)(4,2,0)(2,2,1)(3,2,0)(4,3,1)(5,3,1)(6,2,0)(5,3,1)(6,1,0)(5,3,0)(6,4,1)
3480	(W_w*W+W_3)	T2	(0,0,0)(1,1,1)(2,1,1)(3,1,0)(1,1,1)(2,1,0)(3,2,1)(4,2,1)(5,1,0)(4,2,1)(5,1,0)(1,1,0)(2,2,1)(3,2,1)(4,2,0)(2,2,1)(3,2,0)(4,3,1)(5,3,1)(6,2,0)(5,3,1)(6,1,0)(5,3,0)(6,4,1)(7,4,1)(8,1,0)(7,4,1)
3481	(W_w*W+W_w)	T2	(0,0,0)(1,1,1)(2,1,1)(3,1,0)(1,1,1)(2,1,0)(3,2,1)(4,2,1)(5,1,0)(4,2,1)(5,1,0)(1,1,0)(2,2,1)(3,2,1)(4,2,0)(2,2,1)(3,2,0)(4,3,1)(5,3,1)(6,2,0)(5,3,1)(6,1,0)(5,3,0)(6,4,1)(7,4,1)(8,3,0)(2,2,1)
3482	(W_w*W2)	T2	(0,0,0)(1,1,1)(2,1,1)(3,1,0)(1,1,1)(2,1,0)(3,2,1)(4,2,1)(5,1,0)(4,2,1)(5,1,0)(1,1,0)(2,2,1)(3,2,1)(4,2,0)(2,2,1)(3,2,0)(4,3,1)(5,3,1)(6,2,0)(5,3,1)(6,1,0)(5,3,0)(6,4,1)(7,4,1)(8,3,0)(7,4,1)
3483	(W_w*W*w)	T2	(0,0,0)(1,1,1)(2,1,1)(3,1,0)(1,1,1)(2,1,0)(3,2,1)(4,2,1)(5,1,0)(4,2,1)(5,1,0)(1,1,0)(2,2,1)(3,2,1)(4,2,0)(2,2,1)(3,2,0)(4,3,1)(5,3,1)(6,2,0)(5,3,1)(6,1,0)(5,3,1)
3484	(W_w*W*w^2)	T2	(0,0,0)(1,1,1)(2,1,1)(3,1,0)(1,1,1)(2,1,0)(3,2,1)(4,2,1)(5,1,0)(4,2,1)(5,1,0)(1,1,0)(2,2,1)(3,2,1)(4,2,0)(2,2,1)(3,2,0)(4,3,1)(5,3,1)(6,2,0)(5,3,1)(6,1,0)(5,3,1)(5,3,1)
3485	(W_w*W*w^w)	T0	(0,0,0)(1,1,1)(2,1,1)(3,1,0)(1,1,1)(2,1,0)(3,2,1)(4,2,1)(5,1,0)(4,2,1)(5,1,0)(1,1,0)(2,2,1)(3,2,1)(4,2,0)(2,2,1)(3,2,0)(4,3,1)(5,3,1)(6,2,0)(5,3,1)(6,1,0)(5,3,1)(6,0,0)
3486	(W_w*W^2)	T1	(0,0,0)(1,1,1)(2,1,1)(3,1,0)(1,1,1)(2,1,0)(3,2,1)(4,2,1)(5,1,0)(4,2,1)(5,1,0)(1,1,0)(2,2,1)(3,2,1)(4,2,0)(2,2,1)(3,2,0)(4,3,1)(5,3,1)(6,2,0)(5,3,1)(6,1,0)(5,3,1)(6,1,0)
3487	(W_w*W^3)	T1	(0,0,0)(1,1,1)(2,1,1)(3,1,0)(1,1,1)(2,1,0)(3,2,1)(4,2,1)(5,1,0)(4,2,1)(5,1,0)(1,1,0)(2,2,1)(3,2,1)(4,2,0)(2,2,1)(3,2,0)(4,3,1)(5,3,1)(6,2,0)(5,3,1)(6,1,0)(5,3,1)(6,1,0)(5,3,1)(6,1,0)
3488	(W_w*W^w)	T0	(0,0,0)(1,1,1)(2,1,1)(3,1,0)(1,1,1)(2,1,0)(3,2,1)(4,2,1)(5,1,0)(4,2,1)(5,1,0)(1,1,0)(2,2,1)(3,2,1)(4,2,0)(2,2,1)(3,2,0)(4,3,1)(5,3,1)(6,2,0)(5,3,1)(6,1,0)(6,0,0)
3489	(W_w*W^W)	T1	(0,0,0)(1,1,1)(2,1,1)(3,1,0)(1,1,1)(2,1,0)(3,2,1)(4,2,1)(5,1,0)(4,2,1)(5,1,0)(1,1,0)(2,2,1)(3,2,1)(4,2,0)(2,2,1)(3,2,0)(4,3,1)(5,3,1)(6,2,0)(5,3,1)(6,1,0)(6,1,0)
3490	(W_w*psi_1(W_w))	T2	(0,0,0)(1,1,1)(2,1,1)(3,1,0)(1,1,1)(2,1,0)(3,2,1)(4,2,1)(5,1,0)(4,2,1)(5,1,0)(1,1,0)(2,2,1)(3,2,1)(4,2,0)(2,2,1)(3,2,0)(4,3,1)(5,3,1)(6,2,0)(5,3,1)(6,1,0)(7,2,1)
3491	(W_w*W_2)	T1	(0,0,0)(1,1,1)(2,1,1)(3,1,0)(1,1,1)(2,1,0)(3,2,1)(4,2,1)(5,1,0)(4,2,1)(5,1,0)(1,1,0)(2,2,1)(3,2,1)(4,2,0)(2,2,1)(3,2,0)(4,3,1)(5,3,1)(6,2,0)(5,3,1)(6,2,0)
3492	(W_w*W_2*w)	T2	(0,0,0)(1,1,1)(2,1,1)(3,1,0)(1,1,1)(2,1,0)(3,2,1)(4,2,1)(5,1,0)(4,2,1)(5,1,0)(1,1,0)(2,2,1)(3,2,1)(4,2,0)(2,2,1)(3,2,0)(4,3,1)(5,3,1)(6,2,0)(5,3,1)(6,2,0)(2,2,0)(3,3,1)(4,3,1)(5,3,0)(3,3,1)(4,3,0)(5,4,1)(6,4,1)(7,3,0)(6,4,1)(7,2,0)(6,4,1)
3493	(W_w*W_3)	T1	(0,0,0)(1,1,1)(2,1,1)(3,1,0)(1,1,1)(2,1,0)(3,2,1)(4,2,1)(5,1,0)(4,2,1)(5,1,0)(1,1,0)(2,2,1)(3,2,1)(4,2,0)(2,2,1)(3,2,0)(4,3,1)(5,3,1)(6,2,0)(5,3,1)(6,2,0)(2,2,0)(3,3,1)(4,3,1)(5,3,0)(3,3,1)(4,3,0)(5,4,1)(6,4,1)(7,3,0)(6,4,1)(7,3,0)
3494	(W_w^2)	T2	(0,0,0)(1,1,1)(2,1,1)(3,1,0)(1,1,1)(2,1,0)(3,2,1)(4,2,1)(5,1,0)(4,2,1)(5,1,0)(1,1,1)
3518	(W_w^2+1)	T1	(0,0,0)(1,1,1)(2,1,1)(3,1,0)(1,1,1)(2,1,0)(3,2,1)(4,2,1)(5,1,0)(4,2,1)(5,1,0)(4,2,0)(5,3,0)
3519	(W_w^2+w)	T2	(0,0,0)(1,1,1)(2,1,1)(3,1,0)(1,1,1)(2,1,0)(3,2,1)(4,2,1)(5,1,0)(4,2,1)(5,1,0)(4,2,0)(5,3,1)
3520	(W_w^2+W)	T1	(0,0,0)(1,1,1)(2,1,1)(3,1,0)(1,1,1)(2,1,0)(3,2,1)(4,2,1)(5,1,0)(4,2,1)(5,1,0)(4,2,0)(5,3,1)(6,3,1)(7,1,0)
3521	(W_w^2+W_2)	T1	(0,0,0)(1,1,1)(2,1,1)(3,1,0)(1,1,1)(2,1,0)(3,2,1)(4,2,1)(5,1,0)(4,2,1)(5,1,0)(4,2,0)(5,3,1)(6,3,1)(7,1,0)(1,1,0)(2,2,1)(3,2,1)(4,2,0)(2,2,1)(3,2,0)(4,3,1)(5,3,1)(6,2,0)(5,3,1)(6,2,0)(5,3,0)(6,4,1)(7,4,1)(8,2,0)
3522	(W_w^2+W_w)	T2	(0,0,0)(1,1,1)(2,1,1)(3,1,0)(1,1,1)(2,1,0)(3,2,1)(4,2,1)(5,1,0)(4,2,1)(5,1,0)(4,2,0)(5,3,1)(6,3,1)(7,1,0)(1,1,1)
3523	(W_w^2+W_w+1)	T1	(0,0,0)(1,1,1)(2,1,1)(3,1,0)(1,1,1)(2,1,0)(3,2,1)(4,2,1)(5,1,0)(4,2,1)(5,1,0)(4,2,0)(5,3,1)(6,3,1)(7,1,0)(6,3,0)(7,4,0)
3524	(W_w^2+W_w*2)	T2	(0,0,0)(1,1,1)(2,1,1)(3,1,0)(1,1,1)(2,1,0)(3,2,1)(4,2,1)(5,1,0)(4,2,1)(5,1,0)(4,2,0)(5,3,1)(6,3,1)(7,1,0)(6,3,0)(7,4,1)(8,4,1)(9,1,0)(1,1,1)
3525	(W_w^2+W_w*w)	T2	(0,0,0)(1,1,1)(2,1,1)(3,1,0)(1,1,1)(2,1,0)(3,2,1)(4,2,1)(5,1,0)(4,2,1)(5,1,0)(4,2,0)(5,3,1)(6,3,1)(7,1,0)(6,3,1)
3526	(W_w^2+W_w*w^w)	T0	(0,0,0)(1,1,1)(2,1,1)(3,1,0)(1,1,1)(2,1,0)(3,2,1)(4,2,1)(5,1,0)(4,2,1)(5,1,0)(4,2,0)(5,3,1)(6,3,1)(7,1,0)(6,3,1)(7,0,0)
3527	(W_w^2+W_w*W)	T1	(0,0,0)(1,1,1)(2,1,1)(3,1,0)(1,1,1)(2,1,0)(3,2,1)(4,2,1)(5,1,0)(4,2,1)(5,1,0)(4,2,0)(5,3,1)(6,3,1)(7,1,0)(6,3,1)(7,1,0)
3528	(W_w^2*2)	T2	(0,0,0)(1,1,1)(2,1,1)(3,1,0)(1,1,1)(2,1,0)(3,2,1)(4,2,1)(5,1,0)(4,2,1)(5,1,0)(4,2,0)(5,3,1)(6,3,1)(7,1,0)(6,3,1)(7,1,0)(1,1,1)
3529	(W_w^2*2+1)	T1	(0,0,0)(1,1,1)(2,1,1)(3,1,0)(1,1,1)(2,1,0)(3,2,1)(4,2,1)(5,1,0)(4,2,1)(5,1,0)(4,2,0)(5,3,1)(6,3,1)(7,1,0)(6,3,1)(7,1,0)(6,3,0)(7,4,0)
3530	(W_w^2*3)	T2	(0,0,0)(1,1,1)(2,1,1)(3,1,0)(1,1,1)(2,1,0)(3,2,1)(4,2,1)(5,1,0)(4,2,1)(5,1,0)(4,2,0)(5,3,1)(6,3,1)(7,1,0)(6,3,1)(7,1,0)(6,3,0)(7,4,1)(8,4,1)(9,1,0)(8,4,1)(9,1,0)(1,1,1)
3531	(W_w^2*w)	T2	(0,0,0)(1,1,1)(2,1,1)(3,1,0)(1,1,1)(2,1,0)(3,2,1)(4,2,1)(5,1,0)(4,2,1)(5,1,0)(4,2,1)
3532	(W_w^2*w^2)	T2	(0,0,0)(1,1,1)(2,1,1)(3,1,0)(1,1,1)(2,1,0)(3,2,1)(4,2,1)(5,1,0)(4,2,1)(5,1,0)(4,2,1)(4,2,1)
3533	(W_w^2*w^w)	T0	(0,0,0)(1,1,1)(2,1,1)(3,1,0)(1,1,1)(2,1,0)(3,2,1)(4,2,1)(5,1,0)(4,2,1)(5,1,0)(4,2,1)(5,0,0)
3534	(W_w^2*W)	T1	(0,0,0)(1,1,1)(2,1,1)(3,1,0)(1,1,1)(2,1,0)(3,2,1)(4,2,1)(5,1,0)(4,2,1)(5,1,0)(4,2,1)(5,1,0)
3535	(W_w^2*W_2)	T1	(0,0,0)(1,1,1)(2,1,1)(3,1,0)(1,1,1)(2,1,0)(3,2,1)(4,2,1)(5,1,0)(4,2,1)(5,1,0)(4,2,1)(5,1,0)(1,1,0)(2,2,1)(3,2,1)(4,2,0)(2,2,1)(3,2,0)(4,3,1)(5,3,1)(6,2,0)(5,3,1)(6,2,0)(5,3,1)(6,2,0)
3536	(W_w^3)	T2	(0,0,0)(1,1,1)(2,1,1)(3,1,0)(1,1,1)(2,1,0)(3,2,1)(4,2,1)(5,1,0)(4,2,1)(5,1,0)(4,2,1)(5,1,0)(1,1,1)
3537	(W_w^3*w)	T2	(0,0,0)(1,1,1)(2,1,1)(3,1,0)(1,1,1)(2,1,0)(3,2,1)(4,2,1)(5,1,0)(4,2,1)(5,1,0)(4,2,1)(5,1,0)(4,2,1)
3538	(W_w^3*W)	T1	(0,0,0)(1,1,1)(2,1,1)(3,1,0)(1,1,1)(2,1,0)(3,2,1)(4,2,1)(5,1,0)(4,2,1)(5,1,0)(4,2,1)(5,1,0)(4,2,1)(5,1,0)
3539	(W_w^4)	T2	(0,0,0)(1,1,1)(2,1,1)(3,1,0)(1,1,1)(2,1,0)(3,2,1)(4,2,1)(5,1,0)(4,2,1)(5,1,0)(4,2,1)(5,1,0)(4,2,1)(5,1,0)(1,1,1)
3540	(W_w^w)	T0	(0,0,0)(1,1,1)(2,1,1)(3,1,0)(1,1,1)(2,1,0)(3,2,1)(4,2,1)(5,1,0)(5,0,0)
3541	(W_w^W)	T1	(0,0,0)(1,1,1)(2,1,1)(3,1,0)(1,1,1)(2,1,0)(3,2,1)(4,2,1)(5,1,0)(5,1,0)
3542	(W_w^W_2)	T1	(0,0,0)(1,1,1)(2,1,1)(3,1,0)(1,1,1)(2,1,0)(3,2,1)(4,2,1)(5,1,0)(5,1,0)(1,1,0)(2,2,1)(3,2,1)(4,2,0)(2,2,1)(3,2,0)(4,3,1)(5,3,1)(6,2,0)(6,2,0)
3543	(W_w^W_w)	T2	(0,0,0)(1,1,1)(2,1,1)(3,1,0)(1,1,1)(2,1,0)(3,2,1)(4,2,1)(5,1,0)(5,1,0)(1,1,1)
3544	(W_w^W_w^2)	T2	(0,0,0)(1,1,1)(2,1,1)(3,1,0)(1,1,1)(2,1,0)(3,2,1)(4,2,1)(5,1,0)(5,1,0)(5,1,0)(1,1,1)
3545	(W_w^W_w^W_w)	T2	(0,0,0)(1,1,1)(2,1,1)(3,1,0)(1,1,1)(2,1,0)(3,2,1)(4,2,1)(5,1,0)(6,1,0)(1,1,1)
3546	psi_W_(w+1)(W_(w+1))	T1	(0,0,0)(1,1,1)(2,1,1)(3,1,0)(1,1,1)(2,1,0)(3,2,1)(4,2,1)(5,1,0)(6,2,0)
3547	psi_W_(w+1)(W_(w+2))	T1	(0,0,0)(1,1,1)(2,1,1)(3,1,0)(1,1,1)(2,1,0)(3,2,1)(4,2,1)(5,1,0)(6,2,0)(7,3,0)
3548	psi_W_(w+1)(W_(w2))	T2	(0,0,0)(1,1,1)(2,1,1)(3,1,0)(1,1,1)(2,1,0)(3,2,1)(4,2,1)(5,1,0)(6,2,1)
3549	psi_W_(w+1)(W_(w^2))	T2	(0,0,0)(1,1,1)(2,1,1)(3,1,0)(1,1,1)(2,1,0)(3,2,1)(4,2,1)(5,1,0)(6,2,1)(7,2,1)
3550	psi_W_(w+1)(W_W)	T1	(0,0,0)(1,1,1)(2,1,1)(3,1,0)(1,1,1)(2,1,0)(3,2,1)(4,2,1)(5,1,0)(6,2,1)(7,2,1)(8,1,0)
3551	psi_W_(w+1)(W_W_w)	T2	(0,0,0)(1,1,1)(2,1,1)(3,1,0)(1,1,1)(2,1,0)(3,2,1)(4,2,1)(5,1,0)(6,2,1)(7,2,1)(8,1,0)(1,1,1)
3552	psi_W_(W+1)(W_psi_W_(w+1)(W_(w+1)))	T1	(0,0,0)(1,1,1)(2,1,1)(3,1,0)(1,1,1)(2,1,0)(3,2,1)(4,2,1)(5,1,0)(6,2,1)(7,2,1)(8,1,0)(9,2,0)
3553	W_(w+1)	T1	(0,0,0)(1,1,1)(2,1,1)(3,1,0)(1,1,1)(2,1,0)(3,2,1)(4,2,1)(5,2,0)
3688	(W_(w+1)+1)	T1	(0,0,0)(1,1,1)(2,1,1)(3,1,0)(1,1,1)(2,1,0)(3,2,1)(4,2,1)(5,2,0)(3,2,0)(4,3,1)(5,3,1)(6,2,0)(5,3,0)(6,4,0)
3697	(W_(w+1)+2)	T1	(0,0,0)(1,1,1)(2,1,1)(3,1,0)(1,1,1)(2,1,0)(3,2,1)(4,2,1)(5,2,0)(3,2,0)(4,3,1)(5,3,1)(6,2,0)(5,3,0)(6,4,0)(7,5,0)
3698	(W_(w+1)+w)	T2	(0,0,0)(1,1,1)(2,1,1)(3,1,0)(1,1,1)(2,1,0)(3,2,1)(4,2,1)(5,2,0)(3,2,0)(4,3,1)(5,3,1)(6,2,0)(5,3,0)(6,4,1)
3700	(W_(w+1)+w+1)	T1	(0,0,0)(1,1,1)(2,1,1)(3,1,0)(1,1,1)(2,1,0)(3,2,1)(4,2,1)(5,2,0)(3,2,0)(4,3,1)(5,3,1)(6,2,0)(5,3,0)(6,4,1)(7,4,0)(8,5,0)
3701	(W_(w+1)+w2)	T2	(0,0,0)(1,1,1)(2,1,1)(3,1,0)(1,1,1)(2,1,0)(3,2,1)(4,2,1)(5,2,0)(3,2,0)(4,3,1)(5,3,1)(6,2,0)(5,3,0)(6,4,1)(7,4,0)(8,5,1)
3702	(W_(w+1)+w^2)	T2	(0,0,0)(1,1,1)(2,1,1)(3,1,0)(1,1,1)(2,1,0)(3,2,1)(4,2,1)(5,2,0)(3,2,0)(4,3,1)(5,3,1)(6,2,0)(5,3,0)(6,4,1)(7,4,1)
3703	(W_(w+1)+w^3)	T2	(0,0,0)(1,1,1)(2,1,1)(3,1,0)(1,1,1)(2,1,0)(3,2,1)(4,2,1)(5,2,0)(3,2,0)(4,3,1)(5,3,1)(6,2,0)(5,3,0)(6,4,1)(7,4,1)(7,4,1)
3704	(W_(w+1)+W)	T1	(0,0,0)(1,1,1)(2,1,1)(3,1,0)(1,1,1)(2,1,0)(3,2,1)(4,2,1)(5,2,0)(3,2,0)(4,3,1)(5,3,1)(6,2,0)(5,3,0)(6,4,1)(7,4,1)(8,1,0)
3705	(W_(w+1)+W_w)	T2	(0,0,0)(1,1,1)(2,1,1)(3,1,0)(1,1,1)(2,1,0)(3,2,1)(4,2,1)(5,2,0)(3,2,0)(4,3,1)(5,3,1)(6,2,0)(5,3,0)(6,4,1)(7,4,1)(8,1,0)(1,1,1)
3706	(W_(w+1)+W_w^2	T2	(0,0,0)(1,1,1)(2,1,1)(3,1,0)(1,1,1)(2,1,0)(3,2,1)(4,2,1)(5,2,0)(3,2,0)(4,3,1)(5,3,1)(6,2,0)(5,3,0)(6,4,1)(7,4,1)(8,1,0)(8,1,0)(1,1,1)
3707	(W_(w+1)*2)	T1	(0,0,0)(1,1,1)(2,1,1)(3,1,0)(1,1,1)(2,1,0)(3,2,1)(4,2,1)(5,2,0)(3,2,0)(4,3,1)(5,3,1)(6,2,0)(5,3,0)(6,4,1)(7,4,1)(8,2,0)
3708	(W_(w+1)*2+1)	T1	(0,0,0)(1,1,1)(2,1,1)(3,1,0)(1,1,1)(2,1,0)(3,2,1)(4,2,1)(5,2,0)(3,2,0)(4,3,1)(5,3,1)(6,2,0)(5,3,0)(6,4,1)(7,4,1)(8,2,0)(7,4,0)(8,5,0)
3709	(W_(w+1)*2+W)	T2	(0,0,0)(1,1,1)(2,1,1)(3,1,0)(1,1,1)(2,1,0)(3,2,1)(4,2,1)(5,2,0)(3,2,0)(4,3,1)(5,3,1)(6,2,0)(5,3,0)(6,4,1)(7,4,1)(8,2,0)(7,4,0)(8,5,1)
3710	(W_(w+1)*3)	T1	(0,0,0)(1,1,1)(2,1,1)(3,1,0)(1,1,1)(2,1,0)(3,2,1)(4,2,1)(5,2,0)(3,2,0)(4,3,1)(5,3,1)(6,2,0)(5,3,0)(6,4,1)(7,4,1)(8,2,0)(7,4,0)(8,5,1)(9,5,1)(10,2,0)
3711	(W_(w+1)*w)	T2	(0,0,0)(1,1,1)(2,1,1)(3,1,0)(1,1,1)(2,1,0)(3,2,1)(4,2,1)(5,2,0)(3,2,0)(4,3,1)(5,3,1)(6,2,0)(5,3,1)
3721	(W_(w+1)*w+1)	T1	(0,0,0)(1,1,1)(2,1,1)(3,1,0)(1,1,1)(2,1,0)(3,2,1)(4,2,1)(5,2,0)(3,2,0)(4,3,1)(5,3,1)(6,2,0)(5,3,1)(5,3,0)(6,4,0)
3722	(W_(w+1)*w+W_(w+1))	T1	(0,0,0)(1,1,1)(2,1,1)(3,1,0)(1,1,1)(2,1,0)(3,2,1)(4,2,1)(5,2,0)(3,2,0)(4,3,1)(5,3,1)(6,2,0)(5,3,1)(5,3,0)(6,4,1)(7,4,1)(8,2,0)
3723	(W_(w+1)*w2)	T2	(0,0,0)(1,1,1)(2,1,1)(3,1,0)(1,1,1)(2,1,0)(3,2,1)(4,2,1)(5,2,0)(3,2,0)(4,3,1)(5,3,1)(6,2,0)(5,3,1)(5,3,0)(6,4,1)(7,4,1)(8,2,0)(7,4,1)
3724	(W_(w+1)*w^2)	T2	(0,0,0)(1,1,1)(2,1,1)(3,1,0)(1,1,1)(2,1,0)(3,2,1)(4,2,1)(5,2,0)(3,2,0)(4,3,1)(5,3,1)(6,2,0)(5,3,1)(5,3,1)
3725	(W_(w+1)*W)	T1	(0,0,0)(1,1,1)(2,1,1)(3,1,0)(1,1,1)(2,1,0)(3,2,1)(4,2,1)(5,2,0)(3,2,0)(4,3,1)(5,3,1)(6,2,0)(5,3,1)(6,1,0)
3726	(W_(w+1)*W_w)	T2	(0,0,0)(1,1,1)(2,1,1)(3,1,0)(1,1,1)(2,1,0)(3,2,1)(4,2,1)(5,2,0)(3,2,0)(4,3,1)(5,3,1)(6,2,0)(5,3,1)(6,1,0)(1,1,1)
3727	(W_(w+1)^2)	T1	(0,0,0)(1,1,1)(2,1,1)(3,1,0)(1,1,1)(2,1,0)(3,2,1)(4,2,1)(5,2,0)(3,2,0)(4,3,1)(5,3,1)(6,2,0)(5,3,1)(6,2,0)
3728	(W_(w+1)^W_(w+1))	T1	(0,0,0)(1,1,1)(2,1,1)(3,1,0)(1,1,1)(2,1,0)(3,2,1)(4,2,1)(5,2,0)(3,2,0)(4,3,1)(5,3,1)(6,2,0)(6,2,0)
3729	psi_W_(w+2)(W_(w+2))	T1	(0,0,0)(1,1,1)(2,1,1)(3,1,0)(1,1,1)(2,1,0)(3,2,1)(4,2,1)(5,2,0)(3,2,0)(4,3,1)(5,3,1)(6,2,0)(7,3,0)
3730	psi_W_(w+2)(W_W)	T1	(0,0,0)(1,1,1)(2,1,1)(3,1,0)(1,1,1)(2,1,0)(3,2,1)(4,2,1)(5,2,0)(3,2,0)(4,3,1)(5,3,1)(6,2,0)(7,3,1)(8,3,1)(9,1,0)
3731	W_(w+2)	T1	(0,0,0)(1,1,1)(2,1,1)(3,1,0)(1,1,1)(2,1,0)(3,2,1)(4,2,1)(5,2,0)(3,2,0)(4,3,1)(5,3,1)(6,3,0)
3770	(W_(w+2)+1)	T1	(0,0,0)(1,1,1)(2,1,1)(3,1,0)(1,1,1)(2,1,0)(3,2,1)(4,2,1)(5,2,0)(3,2,0)(4,3,1)(5,3,1)(6,3,0)(4,3,0)(5,4,1)(6,4,1)(7,3,0)(6,4,0)(7,5,0)
3777	(W_(w+2)+w)	T1	(0,0,0)(1,1,1)(2,1,1)(3,1,0)(1,1,1)(2,1,0)(3,2,1)(4,2,1)(5,2,0)(3,2,0)(4,3,1)(5,3,1)(6,3,0)(4,3,0)(5,4,1)(6,4,1)(7,3,0)(6,4,0)(7,5,0)(8,6,0)
3778	(W_(w+2)+w)	T2	(0,0,0)(1,1,1)(2,1,1)(3,1,0)(1,1,1)(2,1,0)(3,2,1)(4,2,1)(5,2,0)(3,2,0)(4,3,1)(5,3,1)(6,3,0)(4,3,0)(5,4,1)(6,4,1)(7,3,0)(6,4,0)(7,5,1)
3779	(W_(w+2)+w+1)	T1	(0,0,0)(1,1,1)(2,1,1)(3,1,0)(1,1,1)(2,1,0)(3,2,1)(4,2,1)(5,2,0)(3,2,0)(4,3,1)(5,3,1)(6,3,0)(4,3,0)(5,4,1)(6,4,1)(7,3,0)(6,4,0)(7,5,1)(8,5,0)(9,6,0)
3780	(W_(w+2)+w2)	T2	(0,0,0)(1,1,1)(2,1,1)(3,1,0)(1,1,1)(2,1,0)(3,2,1)(4,2,1)(5,2,0)(3,2,0)(4,3,1)(5,3,1)(6,3,0)(4,3,0)(5,4,1)(6,4,1)(7,3,0)(6,4,0)(7,5,1)(8,5,0)(9,6,1)
3781	(W_(w+2)+w^2)	T2	(0,0,0)(1,1,1)(2,1,1)(3,1,0)(1,1,1)(2,1,0)(3,2,1)(4,2,1)(5,2,0)(3,2,0)(4,3,1)(5,3,1)(6,3,0)(4,3,0)(5,4,1)(6,4,1)(7,3,0)(6,4,0)(7,5,1)(8,5,1)
3782	(W_(w+2)+W)	T1	(0,0,0)(1,1,1)(2,1,1)(3,1,0)(1,1,1)(2,1,0)(3,2,1)(4,2,1)(5,2,0)(3,2,0)(4,3,1)(5,3,1)(6,3,0)(4,3,0)(5,4,1)(6,4,1)(7,3,0)(6,4,0)(7,5,1)(8,5,1)(9,1,0)
3783	(W_(w+2)+W_w)	T2	(0,0,0)(1,1,1)(2,1,1)(3,1,0)(1,1,1)(2,1,0)(3,2,1)(4,2,1)(5,2,0)(3,2,0)(4,3,1)(5,3,1)(6,3,0)(4,3,0)(5,4,1)(6,4,1)(7,3,0)(6,4,0)(7,5,1)(8,5,1)(9,1,0)(1,1,1)
3784	(W_(w+2)+W_(w+1)	T1	(0,0,0)(1,1,1)(2,1,1)(3,1,0)(1,1,1)(2,1,0)(3,2,1)(4,2,1)(5,2,0)(3,2,0)(4,3,1)(5,3,1)(6,3,0)(4,3,0)(5,4,1)(6,4,1)(7,3,0)(6,4,0)(7,5,1)(8,5,1)(9,2,0)
3785	(W_(w+2)*2)	T1	(0,0,0)(1,1,1)(2,1,1)(3,1,0)(1,1,1)(2,1,0)(3,2,1)(4,2,1)(5,2,0)(3,2,0)(4,3,1)(5,3,1)(6,3,0)(4,3,0)(5,4,1)(6,4,1)(7,3,0)(6,4,0)(7,5,1)(8,5,1)(9,3,0)
3786	(W_(w+2)*3)	T1	(0,0,0)(1,1,1)(2,1,1)(3,1,0)(1,1,1)(2,1,0)(3,2,1)(4,2,1)(5,2,0)(3,2,0)(4,3,1)(5,3,1)(6,3,0)(4,3,0)(5,4,1)(6,4,1)(7,3,0)(6,4,0)(7,5,1)(8,5,1)(9,3,0)(8,5,0)(9,6,1)(10,6,1)(11,3,0)
3787	(W_(w+2)*w)	T2	(0,0,0)(1,1,1)(2,1,1)(3,1,0)(1,1,1)(2,1,0)(3,2,1)(4,2,1)(5,2,0)(3,2,0)(4,3,1)(5,3,1)(6,3,0)(4,3,0)(5,4,1)(6,4,1)(7,3,0)(6,4,1)
3788	(W_(w+2)*w^2)	T2	(0,0,0)(1,1,1)(2,1,1)(3,1,0)(1,1,1)(2,1,0)(3,2,1)(4,2,1)(5,2,0)(3,2,0)(4,3,1)(5,3,1)(6,3,0)(4,3,0)(5,4,1)(6,4,1)(7,3,0)(6,4,1)(6,4,1)
3789	(W_(w+2)*W)	T1	(0,0,0)(1,1,1)(2,1,1)(3,1,0)(1,1,1)(2,1,0)(3,2,1)(4,2,1)(5,2,0)(3,2,0)(4,3,1)(5,3,1)(6,3,0)(4,3,0)(5,4,1)(6,4,1)(7,3,0)(6,4,1)(7,1,0)
3790	(W_(w+2)*W_w)	T2	(0,0,0)(1,1,1)(2,1,1)(3,1,0)(1,1,1)(2,1,0)(3,2,1)(4,2,1)(5,2,0)(3,2,0)(4,3,1)(5,3,1)(6,3,0)(4,3,0)(5,4,1)(6,4,1)(7,3,0)(6,4,1)(7,1,0)(1,1,1)
3791	(W_(w+2)*W_(w+1))	T1	(0,0,0)(1,1,1)(2,1,1)(3,1,0)(1,1,1)(2,1,0)(3,2,1)(4,2,1)(5,2,0)(3,2,0)(4,3,1)(5,3,1)(6,3,0)(4,3,0)(5,4,1)(6,4,1)(7,3,0)(6,4,1)(7,2,0)
3792	(W_(w+2)^2)	T1	(0,0,0)(1,1,1)(2,1,1)(3,1,0)(1,1,1)(2,1,0)(3,2,1)(4,2,1)(5,2,0)(3,2,0)(4,3,1)(5,3,1)(6,3,0)(4,3,0)(5,4,1)(6,4,1)(7,3,0)(6,4,1)(7,3,0)
3793	(W_(w+2)^W_(w+2))	T1	(0,0,0)(1,1,1)(2,1,1)(3,1,0)(1,1,1)(2,1,0)(3,2,1)(4,2,1)(5,2,0)(3,2,0)(4,3,1)(5,3,1)(6,3,0)(4,3,0)(5,4,1)(6,4,1)(7,3,0)(7,3,0)
3794	psi_W_(w+3)(W_(w+3))	T1	(0,0,0)(1,1,1)(2,1,1)(3,1,0)(1,1,1)(2,1,0)(3,2,1)(4,2,1)(5,2,0)(3,2,0)(4,3,1)(5,3,1)(6,3,0)(4,3,0)(5,4,1)(6,4,1)(7,3,0)(8,4,0)
3795	W_(w+3)	T1	(0,0,0)(1,1,1)(2,1,1)(3,1,0)(1,1,1)(2,1,0)(3,2,1)(4,2,1)(5,2,0)(3,2,0)(4,3,1)(5,3,1)(6,3,0)(4,3,0)(5,4,1)(6,4,1)(7,4,0)
3800	(W_(w+3)+1)	T1	(0,0,0)(1,1,1)(2,1,1)(3,1,0)(1,1,1)(2,1,0)(3,2,1)(4,2,1)(5,2,0)(3,2,0)(4,3,1)(5,3,1)(6,3,0)(4,3,0)(5,4,1)(6,4,1)(7,4,0)(5,4,0)(6,5,1)(7,5,1)(8,4,0)(7,5,0)(8,6,0)
3801	(W_(w+3)*w)	T2	(0,0,0)(1,1,1)(2,1,1)(3,1,0)(1,1,1)(2,1,0)(3,2,1)(4,2,1)(5,2,0)(3,2,0)(4,3,1)(5,3,1)(6,3,0)(4,3,0)(5,4,1)(6,4,1)(7,4,0)(5,4,0)(6,5,1)(7,5,1)(8,4,0)(7,5,1)
3802	W_(w+4)	T1	(0,0,0)(1,1,1)(2,1,1)(3,1,0)(1,1,1)(2,1,0)(3,2,1)(4,2,1)(5,2,0)(3,2,0)(4,3,1)(5,3,1)(6,3,0)(4,3,0)(5,4,1)(6,4,1)(7,4,0)(5,4,0)(6,5,1)(7,5,1)(8,5,0)
3803	W_(w2)	T2	(0,0,0)(1,1,1)(2,1,1)(3,1,0)(1,1,1)(2,1,0)(3,2,1)(4,2,1)(5,2,0)(3,2,1)
3867	(W_(w2)+1)	T1	(0,0,0)(1,1,1)(2,1,1)(3,1,0)(1,1,1)(2,1,0)(3,2,1)(4,2,1)(5,2,0)(3,2,1)(4,2,0)(5,3,1)(6,3,1)(7,2,0)(6,3,0)(7,4,0)
3871	(W_(w2)+2)	T1	(0,0,0)(1,1,1)(2,1,1)(3,1,0)(1,1,1)(2,1,0)(3,2,1)(4,2,1)(5,2,0)(3,2,1)(4,2,0)(5,3,1)(6,3,1)(7,2,0)(6,3,0)(7,4,0)(8,5,0)
3872	(W_(w2)+w)	T2	(0,0,0)(1,1,1)(2,1,1)(3,1,0)(1,1,1)(2,1,0)(3,2,1)(4,2,1)(5,2,0)(3,2,1)(4,2,0)(5,3,1)(6,3,1)(7,2,0)(6,3,0)(7,4,1)
3873	(W_(w2)+w+1)	T1	(0,0,0)(1,1,1)(2,1,1)(3,1,0)(1,1,1)(2,1,0)(3,2,1)(4,2,1)(5,2,0)(3,2,1)(4,2,0)(5,3,1)(6,3,1)(7,2,0)(6,3,0)(7,4,1)(8,4,0)(9,5,0)
3874	(W_(w2)+w2)	T2	(0,0,0)(1,1,1)(2,1,1)(3,1,0)(1,1,1)(2,1,0)(3,2,1)(4,2,1)(5,2,0)(3,2,1)(4,2,0)(5,3,1)(6,3,1)(7,2,0)(6,3,0)(7,4,1)(8,4,0)(9,5,1)
3875	(W_(w2)+w^2)	T2	(0,0,0)(1,1,1)(2,1,1)(3,1,0)(1,1,1)(2,1,0)(3,2,1)(4,2,1)(5,2,0)(3,2,1)(4,2,0)(5,3,1)(6,3,1)(7,2,0)(6,3,0)(7,4,1)(8,4,1)
3876	(W_(w2)+w^w)	T0	(0,0,0)(1,1,1)(2,1,1)(3,1,0)(1,1,1)(2,1,0)(3,2,1)(4,2,1)(5,2,0)(3,2,1)(4,2,0)(5,3,1)(6,3,1)(7,2,0)(6,3,0)(7,4,1)(8,4,1)(9,0,0)
3877	(W_(w2)+W)	T1	(0,0,0)(1,1,1)(2,1,1)(3,1,0)(1,1,1)(2,1,0)(3,2,1)(4,2,1)(5,2,0)(3,2,1)(4,2,0)(5,3,1)(6,3,1)(7,2,0)(6,3,0)(7,4,1)(8,4,1)(9,1,0)
3878	(W_(w2)+W_w)	T2	(0,0,0)(1,1,1)(2,1,1)(3,1,0)(1,1,1)(2,1,0)(3,2,1)(4,2,1)(5,2,0)(3,2,1)(4,2,0)(5,3,1)(6,3,1)(7,2,0)(6,3,0)(7,4,1)(8,4,1)(9,1,0)(1,1,1)
3879	(W_(w2)+W_(w+1)	T1	(0,0,0)(1,1,1)(2,1,1)(3,1,0)(1,1,1)(2,1,0)(3,2,1)(4,2,1)(5,2,0)(3,2,1)(4,2,0)(5,3,1)(6,3,1)(7,2,0)(6,3,0)(7,4,1)(8,4,1)(9,2,0)
3880	(W_(w2)*2)	T2	(0,0,0)(1,1,1)(2,1,1)(3,1,0)(1,1,1)(2,1,0)(3,2,1)(4,2,1)(5,2,0)(3,2,1)(4,2,0)(5,3,1)(6,3,1)(7,2,0)(6,3,0)(7,4,1)(8,4,1)(9,2,0)(3,2,1)
3881	(W_(w2)*3)	T2	(0,0,0)(1,1,1)(2,1,1)(3,1,0)(1,1,1)(2,1,0)(3,2,1)(4,2,1)(5,2,0)(3,2,1)(4,2,0)(5,3,1)(6,3,1)(7,2,0)(6,3,0)(7,4,1)(8,4,1)(9,2,0)(8,4,0)(9,5,1)(10,5,1)(11,2,0)(3,2,1)
3882	(W_(w2)*w)	T2	(0,0,0)(1,1,1)(2,1,1)(3,1,0)(1,1,1)(2,1,0)(3,2,1)(4,2,1)(5,2,0)(3,2,1)(4,2,0)(5,3,1)(6,3,1)(7,2,0)(6,3,1)
3883	(W_(w2)*W)	T1	(0,0,0)(1,1,1)(2,1,1)(3,1,0)(1,1,1)(2,1,0)(3,2,1)(4,2,1)(5,2,0)(3,2,1)(4,2,0)(5,3,1)(6,3,1)(7,2,0)(6,3,1)(7,1,0)
3884	(W_(w2)*W_(w+1))	T1	(0,0,0)(1,1,1)(2,1,1)(3,1,0)(1,1,1)(2,1,0)(3,2,1)(4,2,1)(5,2,0)(3,2,1)(4,2,0)(5,3,1)(6,3,1)(7,2,0)(6,3,1)(7,2,0)
3885	(W_(w2)^2)	T2	(0,0,0)(1,1,1)(2,1,1)(3,1,0)(1,1,1)(2,1,0)(3,2,1)(4,2,1)(5,2,0)(3,2,1)(4,2,0)(5,3,1)(6,3,1)(7,2,0)(6,3,1)(7,2,0)(3,2,1)
3886	(W_(w2)^W_(w2))	T2	(0,0,0)(1,1,1)(2,1,1)(3,1,0)(1,1,1)(2,1,0)(3,2,1)(4,2,1)(5,2,0)(3,2,1)(4,2,0)(5,3,1)(6,3,1)(7,2,0)(7,2,0)(3,2,1)
3887	psi_W_(w2+1)(W_(w2+1))	T1	(0,0,0)(1,1,1)(2,1,1)(3,1,0)(1,1,1)(2,1,0)(3,2,1)(4,2,1)(5,2,0)(3,2,1)(4,2,0)(5,3,1)(6,3,1)(7,2,0)(8,3,0)
3888	psi_W_(w2+1)(W_W)	T1	(0,0,0)(1,1,1)(2,1,1)(3,1,0)(1,1,1)(2,1,0)(3,2,1)(4,2,1)(5,2,0)(3,2,1)(4,2,0)(5,3,1)(6,3,1)(7,2,0)(8,3,1)(9,3,1)(10,1,0)
3889	W_(w2+1)	T1	(0,0,0)(1,1,1)(2,1,1)(3,1,0)(1,1,1)(2,1,0)(3,2,1)(4,2,1)(5,2,0)(3,2,1)(4,2,0)(5,3,1)(6,3,1)(7,3,0)
3914	(W_(w2+1)+1)	T1	(0,0,0)(1,1,1)(2,1,1)(3,1,0)(1,1,1)(2,1,0)(3,2,1)(4,2,1)(5,2,0)(3,2,1)(4,2,0)(5,3,1)(6,3,1)(7,3,0)(5,3,0)(6,4,1)(7,4,1)(8,3,0)(7,4,0)(8,5,0)
3915	(W_(w2+1)+w)	T2	(0,0,0)(1,1,1)(2,1,1)(3,1,0)(1,1,1)(2,1,0)(3,2,1)(4,2,1)(5,2,0)(3,2,1)(4,2,0)(5,3,1)(6,3,1)(7,3,0)(5,3,0)(6,4,1)(7,4,1)(8,3,0)(7,4,0)(8,5,1)
3916	(W_(w2+1)+w^2)	T2	(0,0,0)(1,1,1)(2,1,1)(3,1,0)(1,1,1)(2,1,0)(3,2,1)(4,2,1)(5,2,0)(3,2,1)(4,2,0)(5,3,1)(6,3,1)(7,3,0)(5,3,0)(6,4,1)(7,4,1)(8,3,0)(7,4,0)(8,5,1)(9,5,1)
3917	(W_(w2+1)+W)	T1	(0,0,0)(1,1,1)(2,1,1)(3,1,0)(1,1,1)(2,1,0)(3,2,1)(4,2,1)(5,2,0)(3,2,1)(4,2,0)(5,3,1)(6,3,1)(7,3,0)(5,3,0)(6,4,1)(7,4,1)(8,3,0)(7,4,0)(8,5,1)(9,5,1)(10,1,0)
3918	(W_(w2+1)*2)	T1	(0,0,0)(1,1,1)(2,1,1)(3,1,0)(1,1,1)(2,1,0)(3,2,1)(4,2,1)(5,2,0)(3,2,1)(4,2,0)(5,3,1)(6,3,1)(7,3,0)(5,3,0)(6,4,1)(7,4,1)(8,3,0)(7,4,0)(8,5,1)(9,5,1)(10,3,0)
3919	(W_(w2+1)*w)	T2	(0,0,0)(1,1,1)(2,1,1)(3,1,0)(1,1,1)(2,1,0)(3,2,1)(4,2,1)(5,2,0)(3,2,1)(4,2,0)(5,3,1)(6,3,1)(7,3,0)(5,3,0)(6,4,1)(7,4,1)(8,3,0)(7,4,1)
3920	(W_(w2+1)*W)	T1	(0,0,0)(1,1,1)(2,1,1)(3,1,0)(1,1,1)(2,1,0)(3,2,1)(4,2,1)(5,2,0)(3,2,1)(4,2,0)(5,3,1)(6,3,1)(7,3,0)(5,3,0)(6,4,1)(7,4,1)(8,3,0)(7,4,1)(8,1,0)
3921	(W_(w2+1)^2)	T1	(0,0,0)(1,1,1)(2,1,1)(3,1,0)(1,1,1)(2,1,0)(3,2,1)(4,2,1)(5,2,0)(3,2,1)(4,2,0)(5,3,1)(6,3,1)(7,3,0)(5,3,0)(6,4,1)(7,4,1)(8,3,0)(7,4,1)(8,3,0)
3922	(W_(w2+1)^W_(w2+1))	T1	(0,0,0)(1,1,1)(2,1,1)(3,1,0)(1,1,1)(2,1,0)(3,2,1)(4,2,1)(5,2,0)(3,2,1)(4,2,0)(5,3,1)(6,3,1)(7,3,0)(5,3,0)(6,4,1)(7,4,1)(8,3,0)(8,3,0)
3923	psi_W_(w2+2)(W_(w2+2))	T1	(0,0,0)(1,1,1)(2,1,1)(3,1,0)(1,1,1)(2,1,0)(3,2,1)(4,2,1)(5,2,0)(3,2,1)(4,2,0)(5,3,1)(6,3,1)(7,3,0)(5,3,0)(6,4,1)(7,4,1)(8,3,0)(9,3,0)
3924	W_(w2+2)	T1	(0,0,0)(1,1,1)(2,1,1)(3,1,0)(1,1,1)(2,1,0)(3,2,1)(4,2,1)(5,2,0)(3,2,1)(4,2,0)(5,3,1)(6,3,1)(7,3,0)(5,3,0)(6,4,1)(7,4,1)(8,4,0)
3925	W_(w2+3)	T1	(0,0,0)(1,1,1)(2,1,1)(3,1,0)(1,1,1)(2,1,0)(3,2,1)(4,2,1)(5,2,0)(3,2,1)(4,2,0)(5,3,1)(6,3,1)(7,3,0)(5,3,0)(6,4,1)(7,4,1)(8,4,0)(6,4,0)(7,5,1)(8,5,1)(9,5,0)
3926	W_(w3)	T2	(0,0,0)(1,1,1)(2,1,1)(3,1,0)(1,1,1)(2,1,0)(3,2,1)(4,2,1)(5,2,0)(3,2,1)(4,2,0)(5,3,1)(6,3,1)(7,3,0)(5,3,1)
3942	(W_(w3)+1)	T1	(0,0,0)(1,1,1)(2,1,1)(3,1,0)(1,1,1)(2,1,0)(3,2,1)(4,2,1)(5,2,0)(3,2,1)(4,2,0)(5,3,1)(6,3,1)(7,3,0)(5,3,1)(6,3,0)(7,4,1)(8,4,1)(9,3,0)(8,4,0)(9,5,0)
3943	(W_(w3)+w)	T2	(0,0,0)(1,1,1)(2,1,1)(3,1,0)(1,1,1)(2,1,0)(3,2,1)(4,2,1)(5,2,0)(3,2,1)(4,2,0)(5,3,1)(6,3,1)(7,3,0)(5,3,1)(6,3,0)(7,4,1)(8,4,1)(9,3,0)(8,4,0)(9,5,1)
3944	(W_(w3)+w^2)	T2	(0,0,0)(1,1,1)(2,1,1)(3,1,0)(1,1,1)(2,1,0)(3,2,1)(4,2,1)(5,2,0)(3,2,1)(4,2,0)(5,3,1)(6,3,1)(7,3,0)(5,3,1)(6,3,0)(7,4,1)(8,4,1)(9,3,0)(8,4,0)(9,5,1)(10,5,1)
3945	(W_(w3)+W)	T1	(0,0,0)(1,1,1)(2,1,1)(3,1,0)(1,1,1)(2,1,0)(3,2,1)(4,2,1)(5,2,0)(3,2,1)(4,2,0)(5,3,1)(6,3,1)(7,3,0)(5,3,1)(6,3,0)(7,4,1)(8,4,1)(9,3,0)(8,4,0)(9,5,1)(10,5,1)(11,1,0)
3946	(W_(w3)+W_(w2+1))	T1	(0,0,0)(1,1,1)(2,1,1)(3,1,0)(1,1,1)(2,1,0)(3,2,1)(4,2,1)(5,2,0)(3,2,1)(4,2,0)(5,3,1)(6,3,1)(7,3,0)(5,3,1)(6,3,0)(7,4,1)(8,4,1)(9,3,0)(8,4,0)(9,5,1)(10,5,1)(11,3,0)
3947	(W_(w3)*2)	T2	(0,0,0)(1,1,1)(2,1,1)(3,1,0)(1,1,1)(2,1,0)(3,2,1)(4,2,1)(5,2,0)(3,2,1)(4,2,0)(5,3,1)(6,3,1)(7,3,0)(5,3,1)(6,3,0)(7,4,1)(8,4,1)(9,3,0)(8,4,0)(9,5,1)(10,5,1)(11,3,0)(5,3,1)
3948	(W_(w3)*w)	T2	(0,0,0)(1,1,1)(2,1,1)(3,1,0)(1,1,1)(2,1,0)(3,2,1)(4,2,1)(5,2,0)(3,2,1)(4,2,0)(5,3,1)(6,3,1)(7,3,0)(5,3,1)(6,3,0)(7,4,1)(8,4,1)(9,3,0)(8,4,1)
3949	(W_(w3)^2)	T2	(0,0,0)(1,1,1)(2,1,1)(3,1,0)(1,1,1)(2,1,0)(3,2,1)(4,2,1)(5,2,0)(3,2,1)(4,2,0)(5,3,1)(6,3,1)(7,3,0)(5,3,1)(6,3,0)(7,4,1)(8,4,1)(9,3,0)(8,4,1)(9,3,0)(5,3,1)
3950	psi_W_(w3+1)(W_(w3+1))	T1	(0,0,0)(1,1,1)(2,1,1)(3,1,0)(1,1,1)(2,1,0)(3,2,1)(4,2,1)(5,2,0)(3,2,1)(4,2,0)(5,3,1)(6,3,1)(7,3,0)(5,3,1)(6,3,0)(7,4,1)(8,4,1)(9,3,0)(10,4,0)
3951	W_(w3+1)	T1	(0,0,0)(1,1,1)(2,1,1)(3,1,0)(1,1,1)(2,1,0)(3,2,1)(4,2,1)(5,2,0)(3,2,1)(4,2,0)(5,3,1)(6,3,1)(7,3,0)(5,3,1)(6,3,0)(7,4,1)(8,4,1)(9,4,0)
3952	W_(w4)	T2	(0,0,0)(1,1,1)(2,1,1)(3,1,0)(1,1,1)(2,1,0)(3,2,1)(4,2,1)(5,2,0)(3,2,1)(4,2,0)(5,3,1)(6,3,1)(7,3,0)(5,3,1)(6,3,0)(7,4,1)(8,4,1)(9,4,0)(7,4,1)
3953	W_(w5)	T2	(0,0,0)(1,1,1)(2,1,1)(3,1,0)(1,1,1)(2,1,0)(3,2,1)(4,2,1)(5,2,0)(3,2,1)(4,2,0)(5,3,1)(6,3,1)(7,3,0)(5,3,1)(6,3,0)(7,4,1)(8,4,1)(9,4,0)(7,4,1)(8,4,0)(9,5,1)(10,5,1)(11,5,0)(10,5,1)
3954	W_(w^2)	T2	(0,0,0)(1,1,1)(2,1,1)(3,1,0)(1,1,1)(2,1,1)
4186	(W_(w^2)+1)	T1	(0,0,0)(1,1,1)(2,1,1)(3,1,0)(1,1,1)(2,1,1)(2,1,0)(3,2,1)(4,2,1)(5,1,0)(4,2,0)(5,3,0)
4189	(W_(w^2)+2)	T1	(0,0,0)(1,1,1)(2,1,1)(3,1,0)(1,1,1)(2,1,1)(2,1,0)(3,2,1)(4,2,1)(5,1,0)(4,2,0)(5,3,0)(6,4,0)
4190	(W_(w^2)+w)	T2	(0,0,0)(1,1,1)(2,1,1)(3,1,0)(1,1,1)(2,1,1)(2,1,0)(3,2,1)(4,2,1)(5,1,0)(4,2,0)(5,3,1)
4191	(W_(w^2)+w+1)	T1	(0,0,0)(1,1,1)(2,1,1)(3,1,0)(1,1,1)(2,1,1)(2,1,0)(3,2,1)(4,2,1)(5,1,0)(4,2,0)(5,3,1)(6,3,0)(7,4,0)
4192	(W_(w^2)+w2)	T2	(0,0,0)(1,1,1)(2,1,1)(3,1,0)(1,1,1)(2,1,1)(2,1,0)(3,2,1)(4,2,1)(5,1,0)(4,2,0)(5,3,1)(6,3,0)(7,4,1)
4193	(W_(w^2)+w^2)	T2	(0,0,0)(1,1,1)(2,1,1)(3,1,0)(1,1,1)(2,1,1)(2,1,0)(3,2,1)(4,2,1)(5,1,0)(4,2,0)(5,3,1)(6,3,1)
4194	(W_(w^2)+W)	T1	(0,0,0)(1,1,1)(2,1,1)(3,1,0)(1,1,1)(2,1,1)(2,1,0)(3,2,1)(4,2,1)(5,1,0)(4,2,0)(5,3,1)(6,3,1)(7,1,0)
4195	(W_(w^2)+W_w)	T2	(0,0,0)(1,1,1)(2,1,1)(3,1,0)(1,1,1)(2,1,1)(2,1,0)(3,2,1)(4,2,1)(5,1,0)(4,2,0)(5,3,1)(6,3,1)(7,1,0)(1,1,1)
4196	(W_(w^2)*2)	T2	(0,0,0)(1,1,1)(2,1,1)(3,1,0)(1,1,1)(2,1,1)(2,1,0)(3,2,1)(4,2,1)(5,1,0)(4,2,0)(5,3,1)(6,3,1)(7,1,0)(1,1,1)(2,1,1)
4197	(W_(w^2)*3)	T2	(0,0,0)(1,1,1)(2,1,1)(3,1,0)(1,1,1)(2,1,1)(2,1,0)(3,2,1)(4,2,1)(5,1,0)(4,2,0)(5,3,1)(6,3,1)(7,1,0)(6,3,0)(7,4,1)(8,4,1)(9,1,0)(1,1,1)(2,1,1)
4198	(W_(w^2)*w)	T2	(0,0,0)(1,1,1)(2,1,1)(3,1,0)(1,1,1)(2,1,1)(2,1,0)(3,2,1)(4,2,1)(5,1,0)(4,2,1)
4199	(W_(w^2)*w+1)	T1	(0,0,0)(1,1,1)(2,1,1)(3,1,0)(1,1,1)(2,1,1)(2,1,0)(3,2,1)(4,2,1)(5,1,0)(4,2,1)(4,2,0)(5,3,0)
4200	(W_(w^2)*w+w)	T2	(0,0,0)(1,1,1)(2,1,1)(3,1,0)(1,1,1)(2,1,1)(2,1,0)(3,2,1)(4,2,1)(5,1,0)(4,2,1)(4,2,0)(5,3,1)
4201	(W_(w^2)*w+W)	T1	(0,0,0)(1,1,1)(2,1,1)(3,1,0)(1,1,1)(2,1,1)(2,1,0)(3,2,1)(4,2,1)(5,1,0)(4,2,1)(4,2,0)(5,3,1)(6,3,1)(7,1,0)
4202	(W_(w^2)*w+W_(w^2))	T2	(0,0,0)(1,1,1)(2,1,1)(3,1,0)(1,1,1)(2,1,1)(2,1,0)(3,2,1)(4,2,1)(5,1,0)(4,2,1)(4,2,0)(5,3,1)(6,3,1)(7,1,0)(1,1,1)(2,1,1)
4203	(W_(w^2)*w2)	T2	(0,0,0)(1,1,1)(2,1,1)(3,1,0)(1,1,1)(2,1,1)(2,1,0)(3,2,1)(4,2,1)(5,1,0)(4,2,1)(4,2,0)(5,3,1)(6,3,1)(7,1,0)(6,3,1)
4204	(W_(w^2)*w^2)	T2	(0,0,0)(1,1,1)(2,1,1)(3,1,0)(1,1,1)(2,1,1)(2,1,0)(3,2,1)(4,2,1)(5,1,0)(4,2,1)(4,2,1)
4205	(W_(w^2)*w^w)	T0	(0,0,0)(1,1,1)(2,1,1)(3,1,0)(1,1,1)(2,1,1)(2,1,0)(3,2,1)(4,2,1)(5,1,0)(4,2,1)(5,0,0)
4206	(W_(w^2)*W)	T1	(0,0,0)(1,1,1)(2,1,1)(3,1,0)(1,1,1)(2,1,1)(2,1,0)(3,2,1)(4,2,1)(5,1,0)(4,2,1)(5,1,0)
4207	(W_(w^2)*W_w)	T2	(0,0,0)(1,1,1)(2,1,1)(3,1,0)(1,1,1)(2,1,1)(2,1,0)(3,2,1)(4,2,1)(5,1,0)(4,2,1)(5,1,0)(1,1,1)
4208	(W_(w^2)^2)	T2	(0,0,0)(1,1,1)(2,1,1)(3,1,0)(1,1,1)(2,1,1)(2,1,0)(3,2,1)(4,2,1)(5,1,0)(4,2,1)(5,1,0)(1,1,1)(2,1,1)
4209	(W_(w^2)^W)	T1	(0,0,0)(1,1,1)(2,1,1)(3,1,0)(1,1,1)(2,1,1)(2,1,0)(3,2,1)(4,2,1)(5,1,0)(5,1,0)
4210	(W_(w^2)^W_(w^2))	T2	(0,0,0)(1,1,1)(2,1,1)(3,1,0)(1,1,1)(2,1,1)(2,1,0)(3,2,1)(4,2,1)(5,1,0)(5,1,0)(1,1,1)(2,1,1)
4211	psi_W_(w^2+1)(W_(w^2+1))	T1	(0,0,0)(1,1,1)(2,1,1)(3,1,0)(1,1,1)(2,1,1)(2,1,0)(3,2,1)(4,2,1)(5,1,0)(6,2,0)
4212	psi_W_(w^2+1)(W_W)	T1	(0,0,0)(1,1,1)(2,1,1)(3,1,0)(1,1,1)(2,1,1)(2,1,0)(3,2,1)(4,2,1)(5,1,0)(6,2,1)(7,2,1)(8,1,0)
4213	W_(w^2+1)	T1	(0,0,0)(1,1,1)(2,1,1)(3,1,0)(1,1,1)(2,1,1)(2,1,0)(3,2,1)(4,2,1)(5,2,0)
4248	(W_(w^2+1)+1)	T1	(0,0,0)(1,1,1)(2,1,1)(3,1,0)(1,1,1)(2,1,1)(2,1,0)(3,2,1)(4,2,1)(5,2,0)(3,2,0)(4,3,1)(5,3,1)(6,2,0)(5,3,0)(6,4,0)
4249	(W_(w^2+1)+2)	T1	(0,0,0)(1,1,1)(2,1,1)(3,1,0)(1,1,1)(2,1,1)(2,1,0)(3,2,1)(4,2,1)(5,2,0)(3,2,0)(4,3,1)(5,3,1)(6,2,0)(5,3,0)(6,4,0)(7,5,0)
4250	(W_(w^2+1)+w)	T2	(0,0,0)(1,1,1)(2,1,1)(3,1,0)(1,1,1)(2,1,1)(2,1,0)(3,2,1)(4,2,1)(5,2,0)(3,2,0)(4,3,1)(5,3,1)(6,2,0)(5,3,0)(6,4,1)
4251	(W_(w^2+1)+W)	T1	(0,0,0)(1,1,1)(2,1,1)(3,1,0)(1,1,1)(2,1,1)(2,1,0)(3,2,1)(4,2,1)(5,2,0)(3,2,0)(4,3,1)(5,3,1)(6,2,0)(5,3,0)(6,4,1)(7,4,1)(8,1,0)
4252	(W_(w^2+1)+W_(w^2))	T2	(0,0,0)(1,1,1)(2,1,1)(3,1,0)(1,1,1)(2,1,1)(2,1,0)(3,2,1)(4,2,1)(5,2,0)(3,2,0)(4,3,1)(5,3,1)(6,2,0)(5,3,0)(6,4,1)(7,4,1)(8,1,0)(1,1,1)(2,1,1)
4253	(W_(w^2+1)*2)	T1	(0,0,0)(1,1,1)(2,1,1)(3,1,0)(1,1,1)(2,1,1)(2,1,0)(3,2,1)(4,2,1)(5,2,0)(3,2,0)(4,3,1)(5,3,1)(6,2,0)(5,3,0)(6,4,1)(7,4,1)(8,2,0)
4254	(W_(w^2+1)*w)	T2	(0,0,0)(1,1,1)(2,1,1)(3,1,0)(1,1,1)(2,1,1)(2,1,0)(3,2,1)(4,2,1)(5,2,0)(3,2,0)(4,3,1)(5,3,1)(6,2,0)(5,3,1)
4255	(W_(w^2+1)*W)	T1	(0,0,0)(1,1,1)(2,1,1)(3,1,0)(1,1,1)(2,1,1)(2,1,0)(3,2,1)(4,2,1)(5,2,0)(3,2,0)(4,3,1)(5,3,1)(6,2,0)(5,3,1)(6,1,0)
4256	(W_(w^2+1)*W_(w^2))	T2	(0,0,0)(1,1,1)(2,1,1)(3,1,0)(1,1,1)(2,1,1)(2,1,0)(3,2,1)(4,2,1)(5,2,0)(3,2,0)(4,3,1)(5,3,1)(6,2,0)(5,3,1)(6,1,0)(1,1,1)(2,1,1)
4257	(W_(w^2+1)^2)	T1	(0,0,0)(1,1,1)(2,1,1)(3,1,0)(1,1,1)(2,1,1)(2,1,0)(3,2,1)(4,2,1)(5,2,0)(3,2,0)(4,3,1)(5,3,1)(6,2,0)(5,3,1)(6,2,0)
4258	(W_(w^2+1)^W_(w^2+1))	T1	(0,0,0)(1,1,1)(2,1,1)(3,1,0)(1,1,1)(2,1,1)(2,1,0)(3,2,1)(4,2,1)(5,2,0)(3,2,0)(4,3,1)(5,3,1)(6,2,0)(6,2,0)
4259	psi_W_(w^2+2)(W_(w^2+2))	T1	(0,0,0)(1,1,1)(2,1,1)(3,1,0)(1,1,1)(2,1,1)(2,1,0)(3,2,1)(4,2,1)(5,2,0)(3,2,0)(4,3,1)(5,3,1)(6,2,0)(7,3,0)
4260	W_(w^2+2)	T1	(0,0,0)(1,1,1)(2,1,1)(3,1,0)(1,1,1)(2,1,1)(2,1,0)(3,2,1)(4,2,1)(5,2,0)(3,2,0)(4,3,1)(5,3,1)(6,3,0)
4261	W_(w^2+3)	T1	(0,0,0)(1,1,1)(2,1,1)(3,1,0)(1,1,1)(2,1,1)(2,1,0)(3,2,1)(4,2,1)(5,2,0)(3,2,0)(4,3,1)(5,3,1)(6,3,0)(4,3,0)(5,4,1)(6,4,1)(7,4,0)
4262	W_(w^2+w)	T2	(0,0,0)(1,1,1)(2,1,1)(3,1,0)(1,1,1)(2,1,1)(2,1,0)(3,2,1)(4,2,1)(5,2,0)(3,2,1)
4291	(W_(w^2+w)+1)	T1	(0,0,0)(1,1,1)(2,1,1)(3,1,0)(1,1,1)(2,1,1)(2,1,0)(3,2,1)(4,2,1)(5,2,0)(3,2,1)(4,2,0)(5,3,1)(6,3,1)(7,2,0)(6,3,0)(7,4,0)
4292	(W_(w^2+w)+2)	T1	(0,0,0)(1,1,1)(2,1,1)(3,1,0)(1,1,1)(2,1,1)(2,1,0)(3,2,1)(4,2,1)(5,2,0)(3,2,1)(4,2,0)(5,3,1)(6,3,1)(7,2,0)(6,3,0)(7,4,0)(8,5,0)
4293	(W_(w^2+w)+w)	T2	(0,0,0)(1,1,1)(2,1,1)(3,1,0)(1,1,1)(2,1,1)(2,1,0)(3,2,1)(4,2,1)(5,2,0)(3,2,1)(4,2,0)(5,3,1)(6,3,1)(7,2,0)(6,3,0)(7,4,1)
4294	(W_(w^2+w)+W)	T1	(0,0,0)(1,1,1)(2,1,1)(3,1,0)(1,1,1)(2,1,1)(2,1,0)(3,2,1)(4,2,1)(5,2,0)(3,2,1)(4,2,0)(5,3,1)(6,3,1)(7,2,0)(6,3,0)(7,4,1)(8,4,1)(9,1,0)
4295	(W_(w^2+w)+W_(w^2))	T2	(0,0,0)(1,1,1)(2,1,1)(3,1,0)(1,1,1)(2,1,1)(2,1,0)(3,2,1)(4,2,1)(5,2,0)(3,2,1)(4,2,0)(5,3,1)(6,3,1)(7,2,0)(6,3,0)(7,4,1)(8,4,1)(9,1,0)(1,1,1)(2,1,1)
4296	(W_(w^2+w)+W_(w^2+1))	T1	(0,0,0)(1,1,1)(2,1,1)(3,1,0)(1,1,1)(2,1,1)(2,1,0)(3,2,1)(4,2,1)(5,2,0)(3,2,1)(4,2,0)(5,3,1)(6,3,1)(7,2,0)(6,3,0)(7,4,1)(8,4,1)(9,2,0)
4297	(W_(w^2+w)*2)	T2	(0,0,0)(1,1,1)(2,1,1)(3,1,0)(1,1,1)(2,1,1)(2,1,0)(3,2,1)(4,2,1)(5,2,0)(3,2,1)(4,2,0)(5,3,1)(6,3,1)(7,2,0)(6,3,0)(7,4,1)(8,4,1)(9,2,0)(3,2,1)
4298	(W_(w^2+w)*w)	T2	(0,0,0)(1,1,1)(2,1,1)(3,1,0)(1,1,1)(2,1,1)(2,1,0)(3,2,1)(4,2,1)(5,2,0)(3,2,1)(4,2,0)(5,3,1)(6,3,1)(7,2,0)(6,3,1)
4299	(W_(w^2+w)*W)	T1	(0,0,0)(1,1,1)(2,1,1)(3,1,0)(1,1,1)(2,1,1)(2,1,0)(3,2,1)(4,2,1)(5,2,0)(3,2,1)(4,2,0)(5,3,1)(6,3,1)(7,2,0)(6,3,1)(7,1,0)
4300	(W_(w^2+w)*W_(w^2))	T2	(0,0,0)(1,1,1)(2,1,1)(3,1,0)(1,1,1)(2,1,1)(2,1,0)(3,2,1)(4,2,1)(5,2,0)(3,2,1)(4,2,0)(5,3,1)(6,3,1)(7,2,0)(6,3,1)(7,1,0)(1,1,1)(2,1,1)
4301	(W_(w^2+w)*W_(w^2+1))	T1	(0,0,0)(1,1,1)(2,1,1)(3,1,0)(1,1,1)(2,1,1)(2,1,0)(3,2,1)(4,2,1)(5,2,0)(3,2,1)(4,2,0)(5,3,1)(6,3,1)(7,2,0)(6,3,1)(7,2,0)
4302	(W_(w^2+w)^2)	T2	(0,0,0)(1,1,1)(2,1,1)(3,1,0)(1,1,1)(2,1,1)(2,1,0)(3,2,1)(4,2,1)(5,2,0)(3,2,1)(4,2,0)(5,3,1)(6,3,1)(7,2,0)(6,3,1)(7,2,0)(3,2,1)
4303	(W_(w^2+w)^W_(w^2+w))	T2	(0,0,0)(1,1,1)(2,1,1)(3,1,0)(1,1,1)(2,1,1)(2,1,0)(3,2,1)(4,2,1)(5,2,0)(3,2,1)(4,2,0)(5,3,1)(6,3,1)(7,2,0)(8,2,0)(3,2,1)
4304	psi_W_(w^2+w+1)(W_(w^2+w+1))	T1	(0,0,0)(1,1,1)(2,1,1)(3,1,0)(1,1,1)(2,1,1)(2,1,0)(3,2,1)(4,2,1)(5,2,0)(3,2,1)(4,2,0)(5,3,1)(6,3,1)(7,2,0)(8,3,0)
4305	W_(w^2+w+1)	T1	(0,0,0)(1,1,1)(2,1,1)(3,1,0)(1,1,1)(2,1,1)(2,1,0)(3,2,1)(4,2,1)(5,2,0)(3,2,1)(4,2,0)(5,3,1)(6,3,1)(7,3,0)
4306	W_(w^2+w+2)	T1	(0,0,0)(1,1,1)(2,1,1)(3,1,0)(1,1,1)(2,1,1)(2,1,0)(3,2,1)(4,2,1)(5,2,0)(3,2,1)(4,2,0)(5,3,1)(6,3,1)(7,3,0)(6,3,0)(7,4,1)(8,4,1)(9,4,0)
4307	W_(w^2+w2)	T2	(0,0,0)(1,1,1)(2,1,1)(3,1,0)(1,1,1)(2,1,1)(2,1,0)(3,2,1)(4,2,1)(5,2,0)(3,2,1)(4,2,0)(5,3,1)(6,3,1)(7,3,0)(6,3,1)
4308	W_(w^2+w3)	T2	(0,0,0)(1,1,1)(2,1,1)(3,1,0)(1,1,1)(2,1,1)(2,1,0)(3,2,1)(4,2,1)(5,2,0)(3,2,1)(4,2,0)(5,3,1)(6,3,1)(7,3,0)(6,3,1)(6,3,0)(7,4,1)(8,4,1)(9,4,0)(8,4,1)
4309	W_(w^2*2)	T2	(0,0,0)(1,1,1)(2,1,1)(3,1,0)(1,1,1)(2,1,1)(2,1,0)(3,2,1)(4,2,1)(5,2,0)(3,2,1)(4,2,1)
4330	(W_(w^2*2)+1)	T1	(0,0,0)(1,1,1)(2,1,1)(3,1,0)(1,1,1)(2,1,1)(2,1,0)(3,2,1)(4,2,1)(5,2,0)(3,2,1)(4,2,1)(4,2,0)(5,3,1)(6,3,1)(7,2,0)(6,3,0)(7,4,0)
4331	(W_(w^2*2)+w)	T2	(0,0,0)(1,1,1)(2,1,1)(3,1,0)(1,1,1)(2,1,1)(2,1,0)(3,2,1)(4,2,1)(5,2,0)(3,2,1)(4,2,1)(4,2,0)(5,3,1)(6,3,1)(7,2,0)(6,3,0)(7,4,1)
4332	(W_(w^2*2)+W)	T1	(0,0,0)(1,1,1)(2,1,1)(3,1,0)(1,1,1)(2,1,1)(2,1,0)(3,2,1)(4,2,1)(5,2,0)(3,2,1)(4,2,1)(4,2,0)(5,3,1)(6,3,1)(7,2,0)(6,3,0)(7,4,1)(8,4,1)(9,1,0)
4333	(W_(w^2*2)+W_(w^2))	T2	(0,0,0)(1,1,1)(2,1,1)(3,1,0)(1,1,1)(2,1,1)(2,1,0)(3,2,1)(4,2,1)(5,2,0)(3,2,1)(4,2,1)(4,2,0)(5,3,1)(6,3,1)(7,2,0)(6,3,0)(7,4,1)(8,4,1)(9,1,0)(1,1,1)(2,1,1)
4334	(W_(w^2*2)+W_(w^2+1))	T1	(0,0,0)(1,1,1)(2,1,1)(3,1,0)(1,1,1)(2,1,1)(2,1,0)(3,2,1)(4,2,1)(5,2,0)(3,2,1)(4,2,1)(4,2,0)(5,3,1)(6,3,1)(7,2,0)(6,3,0)(7,4,1)(8,4,1)(9,2,0)
4335	(W_(w^2*2)*2)	T2	(0,0,0)(1,1,1)(2,1,1)(3,1,0)(1,1,1)(2,1,1)(2,1,0)(3,2,1)(4,2,1)(5,2,0)(3,2,1)(4,2,1)(4,2,0)(5,3,1)(6,3,1)(7,2,0)(6,3,0)(7,4,1)(8,4,1)(9,2,0)(3,2,1)(4,2,1)
4336	(W_(w^2*2)*w)	T2	(0,0,0)(1,1,1)(2,1,1)(3,1,0)(1,1,1)(2,1,1)(2,1,0)(3,2,1)(4,2,1)(5,2,0)(3,2,1)(4,2,1)(4,2,0)(5,3,1)(6,3,1)(7,2,0)(6,3,1)
4337	(W_(w^2*2)*W)	T1	(0,0,0)(1,1,1)(2,1,1)(3,1,0)(1,1,1)(2,1,1)(2,1,0)(3,2,1)(4,2,1)(5,2,0)(3,2,1)(4,2,1)(4,2,0)(5,3,1)(6,3,1)(7,2,0)(6,3,1)(7,1,0)
4338	(W_(w^2*2)*W_(w^2+1))	T1	(0,0,0)(1,1,1)(2,1,1)(3,1,0)(1,1,1)(2,1,1)(2,1,0)(3,2,1)(4,2,1)(5,2,0)(3,2,1)(4,2,1)(4,2,0)(5,3,1)(6,3,1)(7,2,0)(6,3,1)(7,2,0)
4339	(W_(w^2*2)^2)	T2	(0,0,0)(1,1,1)(2,1,1)(3,1,0)(1,1,1)(2,1,1)(2,1,0)(3,2,1)(4,2,1)(5,2,0)(3,2,1)(4,2,1)(4,2,0)(5,3,1)(6,3,1)(7,2,0)(6,3,1)(7,2,0)(3,2,1)(4,2,1)
4340	(W_(w^2*2)^W_(w^2*2))	T2	(0,0,0)(1,1,1)(2,1,1)(3,1,0)(1,1,1)(2,1,1)(2,1,0)(3,2,1)(4,2,1)(5,2,0)(3,2,1)(4,2,1)(4,2,0)(5,3,1)(6,3,1)(7,2,0)(7,2,0)(3,2,1)(4,2,1)
4341	psi_W_(w^2*2+1)(W_(w^2*2+1))	T1	(0,0,0)(1,1,1)(2,1,1)(3,1,0)(1,1,1)(2,1,1)(2,1,0)(3,2,1)(4,2,1)(5,2,0)(3,2,1)(4,2,1)(4,2,0)(5,3,1)(6,3,1)(7,2,0)(8,3,0)
4342	W_(w^2*2+1)	T1	(0,0,0)(1,1,1)(2,1,1)(3,1,0)(1,1,1)(2,1,1)(2,1,0)(3,2,1)(4,2,1)(5,2,0)(3,2,1)(4,2,1)(4,2,0)(5,3,1)(6,3,1)(7,3,0)
4343	W_(w^2*2+w)	T2	(0,0,0)(1,1,1)(2,1,1)(3,1,0)(1,1,1)(2,1,1)(2,1,0)(3,2,1)(4,2,1)(5,2,0)(3,2,1)(4,2,1)(4,2,0)(5,3,1)(6,3,1)(7,3,0)(5,3,1)
4344	W_(w^2*3)	T2	(0,0,0)(1,1,1)(2,1,1)(3,1,0)(1,1,1)(2,1,1)(2,1,0)(3,2,1)(4,2,1)(5,2,0)(3,2,1)(4,2,1)(4,2,0)(5,3,1)(6,3,1)(7,3,0)(5,3,1)(6,3,1)
4345	W_(w^2*4)	T2	(0,0,0)(1,1,1)(2,1,1)(3,1,0)(1,1,1)(2,1,1)(2,1,0)(3,2,1)(4,2,1)(5,2,0)(3,2,1)(4,2,1)(4,2,0)(5,3,1)(6,3,1)(7,3,0)(5,3,1)(6,3,1)(6,3,0)(7,4,1)(8,4,1)(9,4,0)(7,4,1)(8,4,1)
4346	W_(w^3)	T2	(0,0,0)(1,1,1)(2,1,1)(3,1,0)(1,1,1)(2,1,1)(2,1,1)
4364	(W_(w^3)+1)	T1	(0,0,0)(1,1,1)(2,1,1)(3,1,0)(1,1,1)(2,1,1)(2,1,1)(2,1,0)(3,2,1)(4,2,1)(5,1,0)(4,2,0)(5,3,0)
4365	(W_(w^3)+w)	T2	(0,0,0)(1,1,1)(2,1,1)(3,1,0)(1,1,1)(2,1,1)(2,1,1)(2,1,0)(3,2,1)(4,2,1)(5,1,0)(4,2,0)(5,3,1)
4366	(W_(w^3)+W)	T1	(0,0,0)(1,1,1)(2,1,1)(3,1,0)(1,1,1)(2,1,1)(2,1,1)(2,1,0)(3,2,1)(4,2,1)(5,1,0)(4,2,0)(5,3,1)(6,3,1)(7,1,0)
4367	(W_(w^3)*2)	T2	(0,0,0)(1,1,1)(2,1,1)(3,1,0)(1,1,1)(2,1,1)(2,1,1)(2,1,0)(3,2,1)(4,2,1)(5,1,0)(4,2,0)(5,3,1)(6,3,1)(7,1,0)(1,1,1)(2,1,1)(2,1,1)
4368	(W_(w^3)*w)	T2	(0,0,0)(1,1,1)(2,1,1)(3,1,0)(1,1,1)(2,1,1)(2,1,1)(2,1,0)(3,2,1)(4,2,1)(5,1,0)(4,2,1)
4369	(W_(w^3*W)	T1	(0,0,0)(1,1,1)(2,1,1)(3,1,0)(1,1,1)(2,1,1)(2,1,1)(2,1,0)(3,2,1)(4,2,1)(5,1,0)(4,2,1)(5,1,0)
4370	(W_(w^3)^2)	T2	(0,0,0)(1,1,1)(2,1,1)(3,1,0)(1,1,1)(2,1,1)(2,1,1)(2,1,0)(3,2,1)(4,2,1)(5,1,0)(4,2,1)(5,1,0)(1,1,1)(2,1,1)(2,1,1)
4371	(W_(w^3)^W_(w^3))	T2	(0,0,0)(1,1,1)(2,1,1)(3,1,0)(1,1,1)(2,1,1)(2,1,1)(2,1,0)(3,2,1)(4,2,1)(5,1,0)(5,1,0)(1,1,1)(2,1,1)(2,1,1)
4372	psi_W_(w^3+1)(W_(w^3+1))	T1	(0,0,0)(1,1,1)(2,1,1)(3,1,0)(1,1,1)(2,1,1)(2,1,1)(2,1,0)(3,2,1)(4,2,1)(5,1,0)(6,2,0)
4373	W_(w^3+1)	T1	(0,0,0)(1,1,1)(2,1,1)(3,1,0)(1,1,1)(2,1,1)(2,1,1)(2,1,0)(3,2,1)(4,2,1)(5,2,0)
4374	W_(w^3+2)	T1	(0,0,0)(1,1,1)(2,1,1)(3,1,0)(1,1,1)(2,1,1)(2,1,1)(2,1,0)(3,2,1)(4,2,1)(5,2,0)(3,2,0)(4,3,1)(5,3,1)(6,3,0)
4375	W_(w^3+w)	T2	(0,0,0)(1,1,1)(2,1,1)(3,1,0)(1,1,1)(2,1,1)(2,1,1)(2,1,0)(3,2,1)(4,2,1)(5,2,0)(3,2,1)
4376	W_(w^3+w^2)	T2	(0,0,0)(1,1,1)(2,1,1)(3,1,0)(1,1,1)(2,1,1)(2,1,1)(2,1,0)(3,2,1)(4,2,1)(5,2,0)(3,2,1)(4,2,1)
4377	W_(w^3*2)	T2	(0,0,0)(1,1,1)(2,1,1)(3,1,0)(1,1,1)(2,1,1)(2,1,1)(2,1,0)(3,2,1)(4,2,1)(5,2,0)(3,2,1)(4,2,1)(4,2,1)
4378	W_(w^3*3)	T2	(0,0,0)(1,1,1)(2,1,1)(3,1,0)(1,1,1)(2,1,1)(2,1,1)(2,1,0)(3,2,1)(4,2,1)(5,2,0)(3,2,1)(4,2,1)(4,2,1)(4,2,0)(5,3,1)(6,3,1)(7,3,0)(5,3,1)(6,3,1)(6,3,1)
4379	W_(w^4)	T2	(0,0,0)(1,1,1)(2,1,1)(3,1,0)(1,1,1)(2,1,1)(2,1,1)(2,1,1)
4380	W_(w^5)	T2	(0,0,0)(1,1,1)(2,1,1)(3,1,0)(1,1,1)(2,1,1)(2,1,1)(2,1,1)(2,1,1)
4381	W_(w^w)	T0	(0,0,0)(1,1,1)(2,1,1)(3,1,0)(1,1,1)(2,1,1)(3,0,0)
4382	W_(w^w+1)	T1	(0,0,0)(1,1,1)(2,1,1)(3,1,0)(1,1,1)(2,1,1)(3,0,0)(2,1,0)(3,2,1)(4,2,1)(5,2,0)
4383	W_(w^w+w)	T2	(0,0,0)(1,1,1)(2,1,1)(3,1,0)(1,1,1)(2,1,1)(3,0,0)(2,1,0)(3,2,1)(4,2,1)(5,2,0)(3,2,1)
4384	W_(w^2*2)	T0	(0,0,0)(1,1,1)(2,1,1)(3,1,0)(1,1,1)(2,1,1)(3,0,0)(2,1,0)(3,2,1)(4,2,1)(5,2,0)(3,2,1)(4,2,1)(5,0,0)
4385	W_(w^(w+1))	T2	(0,0,0)(1,1,1)(2,1,1)(3,1,0)(1,1,1)(2,1,1)(3,0,0)(2,1,1)
4386	W_(w^(w2))	T0	(0,0,0)(1,1,1)(2,1,1)(3,1,0)(1,1,1)(2,1,1)(3,0,0)(2,1,1)(3,0,0)
4387	W_(w^w^2)	T0	(0,0,0)(1,1,1)(2,1,1)(3,1,0)(1,1,1)(2,1,1)(3,0,0)(3,0,0)
4388	W_(w^w^w)	T0	(0,0,0)(1,1,1)(2,1,1)(3,1,0)(1,1,1)(2,1,1)(3,0,0)(4,0,0)
4389	W_psi(W)	T1	(0,0,0)(1,1,1)(2,1,1)(3,1,0)(1,1,1)(2,1,1)(3,0,0)(4,1,0)
4390	W_psi(W_w)	T2	(0,0,0)(1,1,1)(2,1,1)(3,1,0)(1,1,1)(2,1,1)(3,0,0)(4,1,1)
4391	W_psi(W_W)	T1	(0,0,0)(1,1,1)(2,1,1)(3,1,0)(1,1,1)(2,1,1)(3,0,0)(4,1,1)(5,1,1)(6,1,0)
4392	W_W	T1	(0,0,0)(1,1,1)(2,1,1)(3,1,0)(1,1,1)(2,1,1)(3,1,0)
4450	(W_W+1)	T1	(0,0,0)(1,1,1)(2,1,1)(3,1,0)(1,1,1)(2,1,1)(3,1,0)(1,1,0)(2,2,1)(3,2,1)(4,2,0)(2,2,1)(3,2,1)(4,1,0)(3,2,0)(4,3,1)(5,3,1)(6,2,0)(5,3,0)(6,4,0)
4452	(W_W+2)	T1	(0,0,0)(1,1,1)(2,1,1)(3,1,0)(1,1,1)(2,1,1)(3,1,0)(1,1,0)(2,2,1)(3,2,1)(4,2,0)(2,2,1)(3,2,1)(4,1,0)(3,2,0)(4,3,1)(5,3,1)(6,2,0)(5,3,0)(6,4,0)(7,5,0)
4453	(W_W+w)	T2	(0,0,0)(1,1,1)(2,1,1)(3,1,0)(1,1,1)(2,1,1)(3,1,0)(1,1,0)(2,2,1)(3,2,1)(4,2,0)(2,2,1)(3,2,1)(4,1,0)(3,2,0)(4,3,1)(5,3,1)(6,2,0)(5,3,0)(6,4,1)
4454	(W_W+w^2)	T2	(0,0,0)(1,1,1)(2,1,1)(3,1,0)(1,1,1)(2,1,1)(3,1,0)(1,1,0)(2,2,1)(3,2,1)(4,2,0)(2,2,1)(3,2,1)(4,1,0)(3,2,0)(4,3,1)(5,3,1)(6,2,0)(5,3,0)(6,4,1)(7,4,1)
4455	(W_W+W)	T1	(0,0,0)(1,1,1)(2,1,1)(3,1,0)(1,1,1)(2,1,1)(3,1,0)(1,1,0)(2,2,1)(3,2,1)(4,2,0)(2,2,1)(3,2,1)(4,1,0)(3,2,0)(4,3,1)(5,3,1)(6,2,0)(5,3,0)(6,4,1)(7,4,1)(8,1,0)
4456	(W_W+W_2)	T1	(0,0,0)(1,1,1)(2,1,1)(3,1,0)(1,1,1)(2,1,1)(3,1,0)(1,1,0)(2,2,1)(3,2,1)(4,2,0)(2,2,1)(3,2,1)(4,1,0)(3,2,0)(4,3,1)(5,3,1)(6,2,0)(5,3,0)(6,4,1)(7,4,1)(8,2,0)
4457	(W_W+W_w)	T2	(0,0,0)(1,1,1)(2,1,1)(3,1,0)(1,1,1)(2,1,1)(3,1,0)(1,1,0)(2,2,1)(3,2,1)(4,2,0)(2,2,1)(3,2,1)(4,1,0)(3,2,0)(4,3,1)(5,3,1)(6,2,0)(5,3,0)(6,4,1)(7,4,1)(8,2,0)(2,2,1)
4458	(W_W*2)	T1	(0,0,0)(1,1,1)(2,1,1)(3,1,0)(1,1,1)(2,1,1)(3,1,0)(1,1,0)(2,2,1)(3,2,1)(4,2,0)(2,2,1)(3,2,1)(4,1,0)(3,2,0)(4,3,1)(5,3,1)(6,2,0)(5,3,0)(6,4,1)(7,4,1)(8,2,0)(2,2,1)(3,2,1)(4,1,0)
4459	(W_W*3)	T1	(0,0,0)(1,1,1)(2,1,1)(3,1,0)(1,1,1)(2,1,1)(3,1,0)(1,1,0)(2,2,1)(3,2,1)(4,2,0)(2,2,1)(3,2,1)(4,1,0)(3,2,0)(4,3,1)(5,3,1)(6,2,0)(5,3,0)(6,4,1)(7,4,1)(8,2,0)(7,4,0)(8,5,1)(9,5,1)(10,2,0)(2,2,1)(3,2,1)(4,1,0)
4460	(W_W*w)	T2	(0,0,0)(1,1,1)(2,1,1)(3,1,0)(1,1,1)(2,1,1)(3,1,0)(1,1,0)(2,2,1)(3,2,1)(4,2,0)(2,2,1)(3,2,1)(4,1,0)(3,2,0)(4,3,1)(5,3,1)(6,2,0)(5,3,1)
4461	(W_W*W)	T1	(0,0,0)(1,1,1)(2,1,1)(3,1,0)(1,1,1)(2,1,1)(3,1,0)(1,1,0)(2,2,1)(3,2,1)(4,2,0)(2,2,1)(3,2,1)(4,1,0)(3,2,0)(4,3,1)(5,3,1)(6,2,0)(5,3,1)(6,1,0)
4462	(W_W*W_2)	T1	(0,0,0)(1,1,1)(2,1,1)(3,1,0)(1,1,1)(2,1,1)(3,1,0)(1,1,0)(2,2,1)(3,2,1)(4,2,0)(2,2,1)(3,2,1)(4,1,0)(3,2,0)(4,3,1)(5,3,1)(6,2,0)(5,3,1)(6,2,0)
4463	(W_W*W_w)	T2	(0,0,0)(1,1,1)(2,1,1)(3,1,0)(1,1,1)(2,1,1)(3,1,0)(1,1,0)(2,2,1)(3,2,1)(4,2,0)(2,2,1)(3,2,1)(4,1,0)(3,2,0)(4,3,1)(5,3,1)(6,2,0)(5,3,1)(6,2,0)(2,2,1)
4464	(W_W^2)	T1	(0,0,0)(1,1,1)(2,1,1)(3,1,0)(1,1,1)(2,1,1)(3,1,0)(1,1,0)(2,2,1)(3,2,1)(4,2,0)(2,2,1)(3,2,1)(4,1,0)(3,2,0)(4,3,1)(5,3,1)(6,2,0)(5,3,1)(6,2,0)(2,2,1)(3,2,1)(4,1,0)
4465	(W_W^W_W)	T1	(0,0,0)(1,1,1)(2,1,1)(3,1,0)(1,1,1)(2,1,1)(3,1,0)(1,1,0)(2,2,1)(3,2,1)(4,2,0)(2,2,1)(3,2,1)(4,1,0)(3,2,0)(4,3,1)(5,3,1)(6,2,0)(6,2,0)(2,2,1)(3,2,1)(4,1,0)
4466	psi_W_(W+1)(W_(W+1))	T1	(0,0,0)(1,1,1)(2,1,1)(3,1,0)(1,1,1)(2,1,1)(3,1,0)(1,1,0)(2,2,1)(3,2,1)(4,2,0)(2,2,1)(3,2,1)(4,1,0)(3,2,0)(4,3,1)(5,3,1)(6,2,0)(7,3,0)
4467	psi_W_(W+1)(W_W_2)	T1	(0,0,0)(1,1,1)(2,1,1)(3,1,0)(1,1,1)(2,1,1)(3,1,0)(1,1,0)(2,2,1)(3,2,1)(4,2,0)(2,2,1)(3,2,1)(4,1,0)(3,2,0)(4,3,1)(5,3,1)(6,2,0)(7,3,1)(8,3,1)(9,2,0)
4468	W_(W+1)	T1	(0,0,0)(1,1,1)(2,1,1)(3,1,0)(1,1,1)(2,1,1)(3,1,0)(1,1,0)(2,2,1)(3,2,1)(4,2,0)(2,2,1)(3,2,1)(4,1,0)(3,2,0)(4,3,1)(5,3,1)(6,3,0)
4485	(W_(W+1)+1)	T1	(0,0,0)(1,1,1)(2,1,1)(3,1,0)(1,1,1)(2,1,1)(3,1,0)(1,1,0)(2,2,1)(3,2,1)(4,2,0)(2,2,1)(3,2,1)(4,1,0)(3,2,0)(4,3,1)(5,3,1)(6,3,0)(4,3,0)(5,4,1)(6,4,1)(7,3,0)(6,4,0)(7,5,0)
4486	(W_(W+1)+w)	T2	(0,0,0)(1,1,1)(2,1,1)(3,1,0)(1,1,1)(2,1,1)(3,1,0)(1,1,0)(2,2,1)(3,2,1)(4,2,0)(2,2,1)(3,2,1)(4,1,0)(3,2,0)(4,3,1)(5,3,1)(6,3,0)(4,3,0)(5,4,1)(6,4,1)(7,3,0)(6,4,0)(7,5,1)
4487	(W_(W+1)+W_2)	T1	(0,0,0)(1,1,1)(2,1,1)(3,1,0)(1,1,1)(2,1,1)(3,1,0)(1,1,0)(2,2,1)(3,2,1)(4,2,0)(2,2,1)(3,2,1)(4,1,0)(3,2,0)(4,3,1)(5,3,1)(6,3,0)(4,3,0)(5,4,1)(6,4,1)(7,3,0)(6,4,0)(7,5,1)(8,5,1)(9,2,0)
4488	(W_(W+1)+W_W)	T1	(0,0,0)(1,1,1)(2,1,1)(3,1,0)(1,1,1)(2,1,1)(3,1,0)(1,1,0)(2,2,1)(3,2,1)(4,2,0)(2,2,1)(3,2,1)(4,1,0)(3,2,0)(4,3,1)(5,3,1)(6,3,0)(4,3,0)(5,4,1)(6,4,1)(7,3,0)(6,4,0)(7,5,1)(8,5,1)(9,2,0)(2,2,1)(3,2,1)(4,1,0)
4489	(W_(W+1)*2)	T1	(0,0,0)(1,1,1)(2,1,1)(3,1,0)(1,1,1)(2,1,1)(3,1,0)(1,1,0)(2,2,1)(3,2,1)(4,2,0)(2,2,1)(3,2,1)(4,1,0)(3,2,0)(4,3,1)(5,3,1)(6,3,0)(4,3,0)(5,4,1)(6,4,1)(7,3,0)(6,4,0)(7,5,1)(8,5,1)(9,3,0)
4490	(W_(W+1)*w)	T2	(0,0,0)(1,1,1)(2,1,1)(3,1,0)(1,1,1)(2,1,1)(3,1,0)(1,1,0)(2,2,1)(3,2,1)(4,2,0)(2,2,1)(3,2,1)(4,1,0)(3,2,0)(4,3,1)(5,3,1)(6,3,0)(4,3,0)(5,4,1)(6,4,1)(7,3,0)(6,4,1)
4491	(W_(W+1)^2)	T1	(0,0,0)(1,1,1)(2,1,1)(3,1,0)(1,1,1)(2,1,1)(3,1,0)(1,1,0)(2,2,1)(3,2,1)(4,2,0)(2,2,1)(3,2,1)(4,1,0)(3,2,0)(4,3,1)(5,3,1)(6,3,0)(4,3,0)(5,4,1)(6,4,1)(7,3,0)(6,4,1)(7,3,0)
4492	psi_W_(W+2)(W_(W+2))	T1	(0,0,0)(1,1,1)(2,1,1)(3,1,0)(1,1,1)(2,1,1)(3,1,0)(1,1,0)(2,2,1)(3,2,1)(4,2,0)(2,2,1)(3,2,1)(4,1,0)(3,2,0)(4,3,1)(5,3,1)(6,3,0)(4,3,0)(5,4,1)(6,4,1)(7,3,0)(8,4,0)
4493	W_(W+2)	T1	(0,0,0)(1,1,1)(2,1,1)(3,1,0)(1,1,1)(2,1,1)(3,1,0)(1,1,0)(2,2,1)(3,2,1)(4,2,0)(2,2,1)(3,2,1)(4,1,0)(3,2,0)(4,3,1)(5,3,1)(6,3,0)(4,3,0)(5,4,1)(6,4,1)(7,4,0)
4494	W_(W+3)	T1	(0,0,0)(1,1,1)(2,1,1)(3,1,0)(1,1,1)(2,1,1)(3,1,0)(1,1,0)(2,2,1)(3,2,1)(4,2,0)(2,2,1)(3,2,1)(4,1,0)(3,2,0)(4,3,1)(5,3,1)(6,3,0)(4,3,0)(5,4,1)(6,4,1)(7,4,0)(5,4,0)(6,5,1)(7,5,1)(8,5,0)
4495	W_(W+w)	T2	(0,0,0)(1,1,1)(2,1,1)(3,1,0)(1,1,1)(2,1,1)(3,1,0)(1,1,0)(2,2,1)(3,2,1)(4,2,0)(2,2,1)(3,2,1)(4,1,0)(3,2,0)(4,3,1)(5,3,1)(6,3,0)(4,3,1)
4496	(W_(W+w)+1)	T2	(0,0,0)(1,1,1)(2,1,1)(3,1,0)(1,1,1)(2,1,1)(3,1,0)(1,1,0)(2,2,1)(3,2,1)(4,2,0)(2,2,1)(3,2,1)(4,1,0)(3,2,0)(4,3,1)(5,3,1)(6,3,0)(4,3,1)(5,3,0)(6,4,1)(7,4,1)(8,3,0)(7,4,0)(8,5,1)
4497	(W_(W+w)*w)	T2	(0,0,0)(1,1,1)(2,1,1)(3,1,0)(1,1,1)(2,1,1)(3,1,0)(1,1,0)(2,2,1)(3,2,1)(4,2,0)(2,2,1)(3,2,1)(4,1,0)(3,2,0)(4,3,1)(5,3,1)(6,3,0)(4,3,1)(5,3,0)(6,4,1)(7,4,1)(8,3,0)(7,4,1)
4498	W_(W+w+1)	T1	(0,0,0)(1,1,1)(2,1,1)(3,1,0)(1,1,1)(2,1,1)(3,1,0)(1,1,0)(2,2,1)(3,2,1)(4,2,0)(2,2,1)(3,2,1)(4,1,0)(3,2,0)(4,3,1)(5,3,1)(6,3,0)(4,3,1)(5,3,0)(6,4,1)(7,4,1)(8,4,0)
4499	W_(W+w2)	T2	(0,0,0)(1,1,1)(2,1,1)(3,1,0)(1,1,1)(2,1,1)(3,1,0)(1,1,0)(2,2,1)(3,2,1)(4,2,0)(2,2,1)(3,2,1)(4,1,0)(3,2,0)(4,3,1)(5,3,1)(6,3,0)(4,3,1)(5,3,0)(6,4,1)(7,4,1)(8,4,0)(7,4,1)
4500	W_(W+w^2)	T2	(0,0,0)(1,1,1)(2,1,1)(3,1,0)(1,1,1)(2,1,1)(3,1,0)(1,1,0)(2,2,1)(3,2,1)(4,2,0)(2,2,1)(3,2,1)(4,1,0)(3,2,0)(4,3,1)(5,3,1)(6,3,0)(4,3,1)(5,3,1)
4501	W_(W+w^w)	T0	(0,0,0)(1,1,1)(2,1,1)(3,1,0)(1,1,1)(2,1,1)(3,1,0)(1,1,0)(2,2,1)(3,2,1)(4,2,0)(2,2,1)(3,2,1)(4,1,0)(3,2,0)(4,3,1)(5,3,1)(6,3,0)(4,3,1)(5,3,1)(6,0,0)
4502	W_(W2)	T1	(0,0,0)(1,1,1)(2,1,1)(3,1,0)(1,1,1)(2,1,1)(3,1,0)(1,1,0)(2,2,1)(3,2,1)(4,2,0)(2,2,1)(3,2,1)(4,1,0)(3,2,0)(4,3,1)(5,3,1)(6,3,0)(4,3,1)(5,3,1)(6,1,0)
4503	W_(W3)	T1	(0,0,0)(1,1,1)(2,1,1)(3,1,0)(1,1,1)(2,1,1)(3,1,0)(1,1,0)(2,2,1)(3,2,1)(4,2,0)(2,2,1)(3,2,1)(4,1,0)(3,2,0)(4,3,1)(5,3,1)(6,3,0)(4,3,1)(5,3,1)(6,1,0)(5,3,0)(6,4,1)(7,4,1)(8,4,0)(6,4,1)(7,4,1)(8,1,0)
4504	W_(W*w)	T2	(0,0,0)(1,1,1)(2,1,1)(3,1,0)(1,1,1)(2,1,1)(3,1,0)(1,1,0)(2,2,1)(3,2,1)(4,2,0)(2,2,1)(3,2,1)(4,1,0)(3,2,1)
4505	W_(W*w^2)	T2	(0,0,0)(1,1,1)(2,1,1)(3,1,0)(1,1,1)(2,1,1)(3,1,0)(1,1,0)(2,2,1)(3,2,1)(4,2,0)(2,2,1)(3,2,1)(4,1,0)(3,2,1)(3,2,1)
4506	W_(W^2)	T1	(0,0,0)(1,1,1)(2,1,1)(3,1,0)(1,1,1)(2,1,1)(3,1,0)(1,1,0)(2,2,1)(3,2,1)(4,2,0)(2,2,1)(3,2,1)(4,1,0)(3,2,1)(4,1,0)
4507	W_(W^W)	T1	(0,0,0)(1,1,1)(2,1,1)(3,1,0)(1,1,1)(2,1,1)(3,1,0)(1,1,0)(2,2,1)(3,2,1)(4,2,0)(2,2,1)(3,2,1)(4,1,0)(4,1,0)
4508	W_psi_1(W_2)	T1	(0,0,0)(1,1,1)(2,1,1)(3,1,0)(1,1,1)(2,1,1)(3,1,0)(1,1,0)(2,2,1)(3,2,1)(4,2,0)(2,2,1)(3,2,1)(4,1,0)(5,2,0)
4509	W_psi_1(W_W)	T1	(0,0,0)(1,1,1)(2,1,1)(3,1,0)(1,1,1)(2,1,1)(3,1,0)(1,1,0)(2,2,1)(3,2,1)(4,2,0)(2,2,1)(3,2,1)(4,1,0)(5,2,1)(6,2,1)(7,1,0)
4510	W_W_2	T1	(0,0,0)(1,1,1)(2,1,1)(3,1,0)(1,1,1)(2,1,1)(3,1,0)(1,1,0)(2,2,1)(3,2,1)(4,2,0)(2,2,1)(3,2,1)(4,2,0)
4519	(W_W_2+1)	T1	(0,0,0)(1,1,1)(2,1,1)(3,1,0)(1,1,1)(2,1,1)(3,1,0)(1,1,0)(2,2,1)(3,2,1)(4,2,0)(2,2,1)(3,2,1)(4,2,0)(2,2,0)(3,3,1)(4,4,1)(5,3,0)(3,3,1)(4,3,1)(5,2,0)(4,3,0)(5,4,1)(6,4,1)(7,3,0)(6,4,0)(7,5,0)
4520	(W_W_2+w)	T2	(0,0,0)(1,1,1)(2,1,1)(3,1,0)(1,1,1)(2,1,1)(3,1,0)(1,1,0)(2,2,1)(3,2,1)(4,2,0)(2,2,1)(3,2,1)(4,2,0)(2,2,0)(3,3,1)(4,4,1)(5,3,0)(3,3,1)(4,3,1)(5,2,0)(4,3,0)(5,4,1)(6,4,1)(7,3,0)(6,4,0)(7,5,1)
4521	(W_W_2+W)	T1	(0,0,0)(1,1,1)(2,1,1)(3,1,0)(1,1,1)(2,1,1)(3,1,0)(1,1,0)(2,2,1)(3,2,1)(4,2,0)(2,2,1)(3,2,1)(4,2,0)(2,2,0)(3,3,1)(4,4,1)(5,3,0)(3,3,1)(4,3,1)(5,2,0)(4,3,0)(5,4,1)(6,4,1)(7,3,0)(6,4,0)(7,5,1)(8,5,1)(9,1,0)
4523	(W_W_2*2)	T1	(0,0,0)(1,1,1)(2,1,1)(3,1,0)(1,1,1)(2,1,1)(3,1,0)(1,1,0)(2,2,1)(3,2,1)(4,2,0)(2,2,1)(3,2,1)(4,2,0)(2,2,0)(3,3,1)(4,4,1)(5,3,0)(3,3,1)(4,3,1)(5,2,0)(4,3,0)(5,4,1)(6,4,1)(7,3,0)(6,4,0)(7,5,1)(8,5,1)(9,3,0)(3,3,1)(4,3,1)(5,2,0)
4524	(W_W_2*w)	T2	(0,0,0)(1,1,1)(2,1,1)(3,1,0)(1,1,1)(2,1,1)(3,1,0)(1,1,0)(2,2,1)(3,2,1)(4,2,0)(2,2,1)(3,2,1)(4,2,0)(2,2,0)(3,3,1)(4,4,1)(5,3,0)(3,3,1)(4,3,1)(5,2,0)(4,3,0)(5,4,1)(6,4,1)(7,3,0)(6,4,1)
4525	(W_W_2^2)	T1	(0,0,0)(1,1,1)(2,1,1)(3,1,0)(1,1,1)(2,1,1)(3,1,0)(1,1,0)(2,2,1)(3,2,1)(4,2,0)(2,2,1)(3,2,1)(4,2,0)(2,2,0)(3,3,1)(4,4,1)(5,3,0)(3,3,1)(4,3,1)(5,2,0)(4,3,0)(5,4,1)(6,4,1)(7,3,0)(6,4,1)(7,3,0)(3,3,1)(4,3,1)(5,2,0)
4526	psi_W_(W_2+1)(W_(W_2+1))	T1	(0,0,0)(1,1,1)(2,1,1)(3,1,0)(1,1,1)(2,1,1)(3,1,0)(1,1,0)(2,2,1)(3,2,1)(4,2,0)(2,2,1)(3,2,1)(4,2,0)(2,2,0)(3,3,1)(4,4,1)(5,3,0)(3,3,1)(4,3,1)(5,2,0)(4,3,0)(5,4,1)(6,4,1)(7,3,0)(8,4,0)
4527	W_(W_2+1)	T1	(0,0,0)(1,1,1)(2,1,1)(3,1,0)(1,1,1)(2,1,1)(3,1,0)(1,1,0)(2,2,1)(3,2,1)(4,2,0)(2,2,1)(3,2,1)(4,2,0)(2,2,0)(3,3,1)(4,4,1)(5,3,0)(3,3,1)(4,3,1)(5,2,0)(4,3,0)(5,4,1)(6,4,1)(7,4,0)
4528	W_(W_2+w)	T2	(0,0,0)(1,1,1)(2,1,1)(3,1,0)(1,1,1)(2,1,1)(3,1,0)(1,1,0)(2,2,1)(3,2,1)(4,2,0)(2,2,1)(3,2,1)(4,2,0)(2,2,0)(3,3,1)(4,4,1)(5,3,0)(3,3,1)(4,3,1)(5,2,0)(4,3,0)(5,4,1)(6,4,1)(7,4,0)(5,4,1)
4529	W_(W_2*2)	T1	(0,0,0)(1,1,1)(2,1,1)(3,1,0)(1,1,1)(2,1,1)(3,1,0)(1,1,0)(2,2,1)(3,2,1)(4,2,0)(2,2,1)(3,2,1)(4,2,0)(2,2,0)(3,3,1)(4,4,1)(5,3,0)(3,3,1)(4,3,1)(5,2,0)(4,3,0)(5,4,1)(6,4,1)(7,4,0)(5,4,1)(6,4,1)(7,2,0)
4530	W_(W_2*w)	T2	(0,0,0)(1,1,1)(2,1,1)(3,1,0)(1,1,1)(2,1,1)(3,1,0)(1,1,0)(2,2,1)(3,2,1)(4,2,0)(2,2,1)(3,2,1)(4,2,0)(2,2,0)(3,3,1)(4,4,1)(5,3,0)(3,3,1)(4,3,1)(5,2,0)(4,3,1)
4531	W_(W_2^2)	T1	(0,0,0)(1,1,1)(2,1,1)(3,1,0)(1,1,1)(2,1,1)(3,1,0)(1,1,0)(2,2,1)(3,2,1)(4,2,0)(2,2,1)(3,2,1)(4,2,0)(2,2,0)(3,3,1)(4,4,1)(5,3,0)(3,3,1)(4,3,1)(5,2,0)(4,3,1)(5,3,0)
4532	W_(W_2^W_2)	T1	(0,0,0)(1,1,1)(2,1,1)(3,1,0)(1,1,1)(2,1,1)(3,1,0)(1,1,0)(2,2,1)(3,2,1)(4,2,0)(2,2,1)(3,2,1)(4,2,0)(2,2,0)(3,3,1)(4,4,1)(5,3,0)(3,3,1)(4,3,1)(5,2,0)(5,2,0)
4533	W_psi_2(W_3)	T1	(0,0,0)(1,1,1)(2,1,1)(3,1,0)(1,1,1)(2,1,1)(3,1,0)(1,1,0)(2,2,1)(3,2,1)(4,2,0)(2,2,1)(3,2,1)(4,2,0)(2,2,0)(3,3,1)(4,4,1)(5,3,0)(3,3,1)(4,3,1)(5,2,0)(6,3,0)
4534	W_W_3	T1	(0,0,0)(1,1,1)(2,1,1)(3,1,0)(1,1,1)(2,1,1)(3,1,0)(1,1,0)(2,2,1)(3,2,1)(4,2,0)(2,2,1)(3,2,1)(4,2,0)(2,2,0)(3,3,1)(4,4,1)(5,3,0)(3,3,1)(4,3,1)(5,3,0)
4535	W_W_4	T1	(0,0,0)(1,1,1)(2,1,1)(3,1,0)(1,1,1)(2,1,1)(3,1,0)(1,1,0)(2,2,1)(3,2,1)(4,2,0)(2,2,1)(3,2,1)(4,2,0)(2,2,0)(3,3,1)(4,4,1)(5,3,0)(3,3,1)(4,3,1)(5,3,0)(3,3,0)(4,4,1)(5,4,1)(6,4,0)(4,4,1)(5,4,1)(6,4,0)
4536	W_W_w	T2	(0,0,0)(1,1,1)(2,1,1)(3,1,0)(1,1,1)(2,1,1)(3,1,0)(1,1,1)
4606	(W_W_w+1)	T1	(0,0,0)(1,1,1)(2,1,1)(3,1,0)(1,1,1)(2,1,1)(3,1,0)(1,1,1)(2,1,0)(3,2,1)(4,2,1)(5,2,0)(3,2,1)(4,2,1)(5,1,0)(4,2,0)(5,3,1)(6,3,1)(7,2,0)(6,3,0)(7,4,0)
4607	(W_W_w+w)	T2	(0,0,0)(1,1,1)(2,1,1)(3,1,0)(1,1,1)(2,1,1)(3,1,0)(1,1,1)(2,1,0)(3,2,1)(4,2,1)(5,2,0)(3,2,1)(4,2,1)(5,1,0)(4,2,0)(5,3,1)(6,3,1)(7,2,0)(6,3,0)(7,4,1)
4608	(W_W_w+W)	T1	(0,0,0)(1,1,1)(2,1,1)(3,1,0)(1,1,1)(2,1,1)(3,1,0)(1,1,1)(2,1,0)(3,2,1)(4,2,1)(5,2,0)(3,2,1)(4,2,1)(5,1,0)(4,2,0)(5,3,1)(6,3,1)(7,2,0)(6,3,0)(7,4,1)(8,4,1)(9,1,0)
4609	(W_W_w+W_w)	T2	(0,0,0)(1,1,1)(2,1,1)(3,1,0)(1,1,1)(2,1,1)(3,1,0)(1,1,1)(2,1,0)(3,2,1)(4,2,1)(5,2,0)(3,2,1)(4,2,1)(5,1,0)(4,2,0)(5,3,1)(6,3,1)(7,2,0)(6,3,0)(7,4,1)(8,4,1)(9,1,0)(1,1,1)
4610	(W_W_w+W_(w+1))	T1	(0,0,0)(1,1,1)(2,1,1)(3,1,0)(1,1,1)(2,1,1)(3,1,0)(1,1,1)(2,1,0)(3,2,1)(4,2,1)(5,2,0)(3,2,1)(4,2,1)(5,1,0)(4,2,0)(5,3,1)(6,3,1)(7,2,0)(6,3,0)(7,4,1)(8,4,1)(9,2,0)
4611	(W_W_w+W_(w2)	T2	(0,0,0)(1,1,1)(2,1,1)(3,1,0)(1,1,1)(2,1,1)(3,1,0)(1,1,1)(2,1,0)(3,2,1)(4,2,1)(5,2,0)(3,2,1)(4,2,1)(5,1,0)(4,2,0)(5,3,1)(6,3,1)(7,2,0)(6,3,0)(7,4,1)(8,4,1)(9,2,0)(3,2,1)
4612	(W_W_w+W_W)	T1	(0,0,0)(1,1,1)(2,1,1)(3,1,0)(1,1,1)(2,1,1)(3,1,0)(1,1,1)(2,1,0)(3,2,1)(4,2,1)(5,2,0)(3,2,1)(4,2,1)(5,1,0)(4,2,0)(5,3,1)(6,3,1)(7,2,0)(6,3,0)(7,4,1)(8,4,1)(9,2,0)(3,2,1)(4,2,1)(5,1,0)
4613	(W_W_w*2)	T2	(0,0,0)(1,1,1)(2,1,1)(3,1,0)(1,1,1)(2,1,1)(3,1,0)(1,1,1)(2,1,0)(3,2,1)(4,2,1)(5,2,0)(3,2,1)(4,2,1)(5,1,0)(4,2,0)(5,3,1)(6,3,1)(7,2,0)(6,3,0)(7,4,1)(8,4,1)(9,2,0)(3,2,1)(4,2,1)(5,1,0)(1,1,1)
4614	(W_W_w*w)	T2	(0,0,0)(1,1,1)(2,1,1)(3,1,0)(1,1,1)(2,1,1)(3,1,0)(1,1,1)(2,1,0)(3,2,1)(4,2,1)(5,2,0)(3,2,1)(4,2,1)(5,1,0)(4,2,0)(5,3,1)(6,3,1)(7,2,0)(6,3,1)
4615	(W_W_w*W)	T1	(0,0,0)(1,1,1)(2,1,1)(3,1,0)(1,1,1)(2,1,1)(3,1,0)(1,1,1)(2,1,0)(3,2,1)(4,2,1)(5,2,0)(3,2,1)(4,2,1)(5,1,0)(4,2,0)(5,3,1)(6,3,1)(7,2,0)(6,3,1)(7,1,0)
4616	(W_W_w*W_(w+1))	T1	(0,0,0)(1,1,1)(2,1,1)(3,1,0)(1,1,1)(2,1,1)(3,1,0)(1,1,1)(2,1,0)(3,2,1)(4,2,1)(5,2,0)(3,2,1)(4,2,1)(5,1,0)(4,2,0)(5,3,1)(6,3,1)(7,2,0)(6,3,1)(7,2,0)
4617	(W_W_w*W_W)	T1	(0,0,0)(1,1,1)(2,1,1)(3,1,0)(1,1,1)(2,1,1)(3,1,0)(1,1,1)(2,1,0)(3,2,1)(4,2,1)(5,2,0)(3,2,1)(4,2,1)(5,1,0)(4,2,0)(5,3,1)(6,3,1)(7,2,0)(6,3,1)(7,2,0)(3,2,1)(4,2,1)(5,1,0)
4618	(W_W_w^2)	T2	(0,0,0)(1,1,1)(2,1,1)(3,1,0)(1,1,1)(2,1,1)(3,1,0)(1,1,1)(2,1,0)(3,2,1)(4,2,1)(5,2,0)(3,2,1)(4,2,1)(5,1,0)(4,2,0)(5,3,1)(6,3,1)(7,2,0)(6,3,1)(7,2,0)(3,2,1)(4,2,1)(5,1,0)(1,1,1)
4619	psi_W_(W_w+1)(W_(W_w+1))	T1	(0,0,0)(1,1,1)(2,1,1)(3,1,0)(1,1,1)(2,1,1)(3,1,0)(1,1,1)(2,1,0)(3,2,1)(4,2,1)(5,2,0)(3,2,1)(4,2,1)(5,1,0)(4,2,0)(5,3,1)(6,3,1)(7,2,0)(8,3,0)
4620	W_(W_w+1)	T1	(0,0,0)(1,1,1)(2,1,1)(3,1,0)(1,1,1)(2,1,1)(3,1,0)(1,1,1)(2,1,0)(3,2,1)(4,2,1)(5,2,0)(3,2,1)(4,2,1)(5,1,0)(4,2,0)(5,3,1)(6,3,1)(7,3,0)
4621	W_(W_w+2)	T1	(0,0,0)(1,1,1)(2,1,1)(3,1,0)(1,1,1)(2,1,1)(3,1,0)(1,1,1)(2,1,0)(3,2,1)(4,2,1)(5,2,0)(3,2,1)(4,2,1)(5,1,0)(4,2,0)(5,3,1)(6,3,1)(7,3,0)(5,3,0)(6,4,1)(7,4,1)(8,4,0)
4622	W_(W_w+w)	T2	(0,0,0)(1,1,1)(2,1,1)(3,1,0)(1,1,1)(2,1,1)(3,1,0)(1,1,1)(2,1,0)(3,2,1)(4,2,1)(5,2,0)(3,2,1)(4,2,1)(5,1,0)(4,2,0)(5,3,1)(6,3,1)(7,3,0)(5,3,1)
4623	W_(W_w*2)	T2	(0,0,0)(1,1,1)(2,1,1)(3,1,0)(1,1,1)(2,1,1)(3,1,0)(1,1,1)(2,1,0)(3,2,1)(4,2,1)(5,2,0)(3,2,1)(4,2,1)(5,1,0)(4,2,0)(5,3,1)(6,3,1)(7,3,0)(5,3,1)(6,3,1)(7,1,0)(1,1,1)
4624	W_(W_w*3)	T2	(0,0,0)(1,1,1)(2,1,1)(3,1,0)(1,1,1)(2,1,1)(3,1,0)(1,1,1)(2,1,0)(3,2,1)(4,2,1)(5,2,0)(3,2,1)(4,2,1)(5,1,0)(4,2,0)(5,3,1)(6,3,1)(7,3,0)(5,3,1)(6,3,1)(7,1,0)(6,3,0)(7,4,1)(8,4,1)(9,4,0)(7,4,1)(8,4,1)(9,1,0)(1,1,1)
4625	W_(W_w*w)	T2	(0,0,0)(1,1,1)(2,1,1)(3,1,0)(1,1,1)(2,1,1)(3,1,0)(1,1,1)(2,1,0)(3,2,1)(4,2,1)(5,2,0)(3,2,1)(4,2,1)(5,1,0)(4,2,1)
4626	W_(W_w*W)	T1	(0,0,0)(1,1,1)(2,1,1)(3,1,0)(1,1,1)(2,1,1)(3,1,0)(1,1,1)(2,1,0)(3,2,1)(4,2,1)(5,2,0)(3,2,1)(4,2,1)(5,1,0)(4,2,1)(5,1,0)
4627	W_(W_w^2)	T2	(0,0,0)(1,1,1)(2,1,1)(3,1,0)(1,1,1)(2,1,1)(3,1,0)(1,1,1)(2,1,0)(3,2,1)(4,2,1)(5,2,0)(3,2,1)(4,2,1)(5,1,0)(4,2,1)(5,1,0)(1,1,1)
4628	W_psi_W_(w+1)(W_(w+1))	T1	(0,0,0)(1,1,1)(2,1,1)(3,1,0)(1,1,1)(2,1,1)(3,1,0)(1,1,1)(2,1,0)(3,2,1)(4,2,1)(5,2,0)(3,2,1)(4,2,1)(5,1,0)(6,2,0)
4629	W_W_(w+1)	T1	(0,0,0)(1,1,1)(2,1,1)(3,1,0)(1,1,1)(2,1,1)(3,1,0)(1,1,1)(2,1,0)(3,2,1)(4,2,1)(5,2,0)(3,2,1)(4,2,1)(5,2,0)
4640	(W_W_(w+1)+1))	T1	(0,0,0)(1,1,1)(2,1,1)(3,1,0)(1,1,1)(2,1,1)(3,1,0)(1,1,1)(2,1,0)(3,2,1)(4,2,1)(5,2,0)(3,2,1)(4,2,1)(5,2,0)(3,2,0)(4,3,1)(5,3,1)(6,3,0)(4,3,1)(5,3,1)(6,2,0)(5,3,0)(6,4,1)(7,4,1)(8,3,0)(7,4,0)(8,5,0)
4641	(W_W_(w+1)*2)	T1	(0,0,0)(1,1,1)(2,1,1)(3,1,0)(1,1,1)(2,1,1)(3,1,0)(1,1,1)(2,1,0)(3,2,1)(4,2,1)(5,2,0)(3,2,1)(4,2,1)(5,2,0)(3,2,0)(4,3,1)(5,3,1)(6,3,0)(4,3,1)(5,3,1)(6,2,0)(5,3,0)(6,4,1)(7,4,1)(8,3,0)(7,4,0)(8,5,1)(9,5,1)(10,3,0)(4,3,1)(5,3,1)(6,2,0)
4642	(W_W_(w+1)*w)	T2	(0,0,0)(1,1,1)(2,1,1)(3,1,0)(1,1,1)(2,1,1)(3,1,0)(1,1,1)(2,1,0)(3,2,1)(4,2,1)(5,2,0)(3,2,1)(4,2,1)(5,2,0)(3,2,0)(4,3,1)(5,3,1)(6,3,0)(4,3,1)(5,3,1)(6,2,0)(5,3,0)(6,4,1)(7,4,1)(8,3,0)(7,4,1)
4643	(W_W_(w+1)^2)	T1	(0,0,0)(1,1,1)(2,1,1)(3,1,0)(1,1,1)(2,1,1)(3,1,0)(1,1,1)(2,1,0)(3,2,1)(4,2,1)(5,2,0)(3,2,1)(4,2,1)(5,2,0)(3,2,0)(4,3,1)(5,3,1)(6,3,0)(4,3,1)(5,3,1)(6,2,0)(5,3,0)(6,4,1)(7,4,1)(8,3,0)(7,4,1)(8,3,0)(4,3,1)(5,3,1)(6,2,0)
4644	W_(W_(w+1)+1)	T1	(0,0,0)(1,1,1)(2,1,1)(3,1,0)(1,1,1)(2,1,1)(3,1,0)(1,1,1)(2,1,0)(3,2,1)(4,2,1)(5,2,0)(3,2,1)(4,2,1)(5,2,0)(3,2,0)(4,3,1)(5,3,1)(6,3,0)(4,3,1)(5,3,1)(6,2,0)(5,3,0)(6,4,1)(7,4,1)(8,4,0)
4645	W_(W_(w+1)*2)	T1	(0,0,0)(1,1,1)(2,1,1)(3,1,0)(1,1,1)(2,1,1)(3,1,0)(1,1,1)(2,1,0)(3,2,1)(4,2,1)(5,2,0)(3,2,1)(4,2,1)(5,2,0)(3,2,0)(4,3,1)(5,3,1)(6,3,0)(4,3,1)(5,3,1)(6,2,0)(5,3,0)(6,4,1)(7,4,1)(8,4,0)(6,4,1)(7,4,1)(8,2,0)
4646	W_(W_(w+1)*w)	T2	(0,0,0)(1,1,1)(2,1,1)(3,1,0)(1,1,1)(2,1,1)(3,1,0)(1,1,1)(2,1,0)(3,2,1)(4,2,1)(5,2,0)(3,2,1)(4,2,1)(5,2,0)(3,2,0)(4,3,1)(5,3,1)(6,3,0)(4,3,1)(5,3,1)(6,2,0)(5,3,1)
4647	W_(W_(w+1)^2)	T1	(0,0,0)(1,1,1)(2,1,1)(3,1,0)(1,1,1)(2,1,1)(3,1,0)(1,1,1)(2,1,0)(3,2,1)(4,2,1)(5,2,0)(3,2,1)(4,2,1)(5,2,0)(3,2,0)(4,3,1)(5,3,1)(6,3,0)(4,3,1)(5,3,1)(6,2,0)(5,3,1)(6,2,0)
4648	W_W_(w+2)	T1	(0,0,0)(1,1,1)(2,1,1)(3,1,0)(1,1,1)(2,1,1)(3,1,0)(1,1,1)(2,1,0)(3,2,1)(4,2,1)(5,2,0)(3,2,1)(4,2,1)(5,2,0)(3,2,0)(4,3,1)(5,3,1)(6,3,0)(4,3,1)(5,3,1)(6,3,0)
4649	W_W_(w2)	T2	(0,0,0)(1,1,1)(2,1,1)(3,1,0)(1,1,1)(2,1,1)(3,1,0)(1,1,1)(2,1,0)(3,2,1)(4,2,1)(5,2,0)(3,2,1)(4,2,1)(5,2,0)(3,2,1)
4650	W_W_(w2+1)	T1	(0,0,0)(1,1,1)(2,1,1)(3,1,0)(1,1,1)(2,1,1)(3,1,0)(1,1,1)(2,1,0)(3,2,1)(4,2,1)(5,2,0)(3,2,1)(4,2,1)(5,2,0)(3,2,1)(4,2,0)(5,3,1)(6,3,1)(7,3,0)(5,3,1)(6,3,1)(7,3,0)
4651	W_W_(w3)	T2	(0,0,0)(1,1,1)(2,1,1)(3,1,0)(1,1,1)(2,1,1)(3,1,0)(1,1,1)(2,1,0)(3,2,1)(4,2,1)(5,2,0)(3,2,1)(4,2,1)(5,2,0)(3,2,1)(4,2,0)(5,3,1)(6,3,1)(7,3,0)(5,3,1)(6,3,1)(7,3,0)(5,3,1)
4652	W_W_(w^2)	T2	(0,0,0)(1,1,1)(2,1,1)(3,1,0)(1,1,1)(2,1,1)(3,1,0)(1,1,1)(2,1,1)
4665	(W_W_(w^2)+1)	T1	(0,0,0)(1,1,1)(2,1,1)(3,1,0)(1,1,1)(2,1,1)(3,1,0)(1,1,1)(2,1,1)(2,1,0)(3,2,1)(4,2,1)(5,2,0)(3,2,1)(4,2,1)(5,1,0)(4,2,0)(5,3,1)(6,3,1)(7,2,0)(6,3,0)(7,4,0)
4666	(W_W_(w^2)+W_(w^2+1))	T1	(0,0,0)(1,1,1)(2,1,1)(3,1,0)(1,1,1)(2,1,1)(3,1,0)(1,1,1)(2,1,1)(2,1,0)(3,2,1)(4,2,1)(5,2,0)(3,2,1)(4,2,1)(5,1,0)(4,2,0)(5,3,1)(6,3,1)(7,2,0)(6,3,0)(7,4,1)(8,4,1)(9,2,0)
4667	(W_W_(w^2)*2)	T2	(0,0,0)(1,1,1)(2,1,1)(3,1,0)(1,1,1)(2,1,1)(3,1,0)(1,1,1)(2,1,1)(2,1,0)(3,2,1)(4,2,1)(5,2,0)(3,2,1)(4,2,1)(5,1,0)(4,2,0)(5,3,1)(6,3,1)(7,2,0)(6,3,0)(7,4,1)(8,4,1)(9,2,0)(3,2,1)(4,2,1)(5,1,0)(1,1,1)(2,1,1)
4668	(W_W_(w^2)*w)	T2	(0,0,0)(1,1,1)(2,1,1)(3,1,0)(1,1,1)(2,1,1)(3,1,0)(1,1,1)(2,1,1)(2,1,0)(3,2,1)(4,2,1)(5,2,0)(3,2,1)(4,2,1)(5,1,0)(4,2,0)(5,3,1)(6,3,1)(7,2,0)(6,3,1)
4669	W_(W_(w^2)+1)	T1	(0,0,0)(1,1,1)(2,1,1)(3,1,0)(1,1,1)(2,1,1)(3,1,0)(1,1,1)(2,1,1)(2,1,0)(3,2,1)(4,2,1)(5,2,0)(3,2,1)(4,2,1)(5,1,0)(4,2,0)(5,3,1)(6,3,1)(7,3,0)
4670	W_(W_(w^2)+W)	T1	(0,0,0)(1,1,1)(2,1,1)(3,1,0)(1,1,1)(2,1,1)(3,1,0)(1,1,1)(2,1,1)(2,1,0)(3,2,1)(4,2,1)(5,2,0)(3,2,1)(4,2,1)(5,1,0)(4,2,0)(5,3,1)(6,3,1)(7,3,0)(5,3,1)(6,3,1)(7,1,0)
4671	W_(W_(w^2)*2)	T2	(0,0,0)(1,1,1)(2,1,1)(3,1,0)(1,1,1)(2,1,1)(3,1,0)(1,1,1)(2,1,1)(2,1,0)(3,2,1)(4,2,1)(5,2,0)(3,2,1)(4,2,1)(5,1,0)(4,2,0)(5,3,1)(6,3,1)(7,3,0)(5,3,1)(6,3,1)(7,1,0)(1,1,1)(2,1,1)
4672	W_(W_(w^2)*w)	T2	(0,0,0)(1,1,1)(2,1,1)(3,1,0)(1,1,1)(2,1,1)(3,1,0)(1,1,1)(2,1,1)(2,1,0)(3,2,1)(4,2,1)(5,2,0)(3,2,1)(4,2,1)(5,1,0)(4,2,1)
4673	W_(W_(w^2)^2)	T2	(0,0,0)(1,1,1)(2,1,1)(3,1,0)(1,1,1)(2,1,1)(3,1,0)(1,1,1)(2,1,1)(2,1,0)(3,2,1)(4,2,1)(5,2,0)(3,2,1)(4,2,1)(5,1,0)(4,2,1)(5,1,0)(1,1,1)(2,1,1)
4674	W_(psi_W_(w^2+1)(W_(w^2+1)))	T1	(0,0,0)(1,1,1)(2,1,1)(3,1,0)(1,1,1)(2,1,1)(3,1,0)(1,1,1)(2,1,1)(2,1,0)(3,2,1)(4,2,1)(5,2,0)(3,2,1)(4,2,1)(5,1,0)(6,2,0)
4675	W_W_(w^2+1)	T1	(0,0,0)(1,1,1)(2,1,1)(3,1,0)(1,1,1)(2,1,1)(3,1,0)(1,1,1)(2,1,1)(2,1,0)(3,2,1)(4,2,1)(5,2,0)(3,2,1)(4,2,1)(5,2,0)
4676	W_W_(w^2+2)	T1	(0,0,0)(1,1,1)(2,1,1)(3,1,0)(1,1,1)(2,1,1)(3,1,0)(1,1,1)(2,1,1)(2,1,0)(3,2,1)(4,2,1)(5,2,0)(3,2,1)(4,2,1)(5,2,0)(3,2,0)(4,3,1)(5,3,1)(6,3,0)(4,3,1)(5,3,1)(6,3,0)
4677	W_W_(w^2+w)	T2	(0,0,0)(1,1,1)(2,1,1)(3,1,0)(1,1,1)(2,1,1)(3,1,0)(1,1,1)(2,1,1)(2,1,0)(3,2,1)(4,2,1)(5,2,0)(3,2,1)(4,2,1)(5,2,0)(3,2,1)
4678	W_W_(w^2*2)	T2	(0,0,0)(1,1,1)(2,1,1)(3,1,0)(1,1,1)(2,1,1)(3,1,0)(1,1,1)(2,1,1)(2,1,0)(3,2,1)(4,2,1)(5,2,0)(3,2,1)(4,2,1)(5,2,0)(3,2,1)(4,2,1)
4679	W_W_(w^3)	T2	(0,0,0)(1,1,1)(2,1,1)(3,1,0)(1,1,1)(2,1,1)(3,1,0)(1,1,1)(2,1,1)(2,1,1)
4680	W_W_(w^4)	T2	(0,0,0)(1,1,1)(2,1,1)(3,1,0)(1,1,1)(2,1,1)(3,1,0)(1,1,1)(2,1,1)(2,1,1)(2,1,1)
4681	W_W_(w^w)	T0	(0,0,0)(1,1,1)(2,1,1)(3,1,0)(1,1,1)(2,1,1)(3,1,0)(1,1,1)(2,1,1)(3,0,0)
4682	W_W_psi(W_w)	T2	(0,0,0)(1,1,1)(2,1,1)(3,1,0)(1,1,1)(2,1,1)(3,1,0)(1,1,1)(2,1,1)(3,0,0)(4,1,1)
4683	W_W_W	T1	(0,0,0)(1,1,1)(2,1,1)(3,1,0)(1,1,1)(2,1,1)(3,1,0)(1,1,1)(2,1,1)(3,1,0)
4740	(W_W_W+1)	T1	(0,0,0)(1,1,1)(2,1,1)(3,1,0)(1,1,1)(2,1,1)(3,1,0)(1,1,1)(2,1,1)(3,1,0)(1,1,0)(2,2,1)(3,2,1)(4,2,0)(2,2,1)(3,2,1)(4,2,0)(2,2,1)(3,2,1)(4,1,0)(3,2,0)(4,3,1)(5,3,1)(6,3,0)(4,3,1)(5,3,1)(6,2,0)(5,3,0)(6,4,1)(7,4,1)(8,3,0)(7,4,0)(8,5,0)
4741	(W_W_W+w)	T2	(0,0,0)(1,1,1)(2,1,1)(3,1,0)(1,1,1)(2,1,1)(3,1,0)(1,1,1)(2,1,1)(3,1,0)(1,1,0)(2,2,1)(3,2,1)(4,2,0)(2,2,1)(3,2,1)(4,2,0)(2,2,1)(3,2,1)(4,1,0)(3,2,0)(4,3,1)(5,3,1)(6,3,0)(4,3,1)(5,3,1)(6,2,0)(5,3,0)(6,4,1)(7,4,1)(8,3,0)(7,4,0)(8,5,1)
4742	(W_W_W+W_2)	T1	(0,0,0)(1,1,1)(2,1,1)(3,1,0)(1,1,1)(2,1,1)(3,1,0)(1,1,1)(2,1,1)(3,1,0)(1,1,0)(2,2,1)(3,2,1)(4,2,0)(2,2,1)(3,2,1)(4,2,0)(2,2,1)(3,2,1)(4,1,0)(3,2,0)(4,3,1)(5,3,1)(6,3,0)(4,3,1)(5,3,1)(6,2,0)(5,3,0)(6,4,1)(7,4,1)(8,3,0)(7,4,0)(8,5,1)(9,5,1)(10,2,0)
4743	(W_W_W+W_w)	T2	(0,0,0)(1,1,1)(2,1,1)(3,1,0)(1,1,1)(2,1,1)(3,1,0)(1,1,1)(2,1,1)(3,1,0)(1,1,0)(2,2,1)(3,2,1)(4,2,0)(2,2,1)(3,2,1)(4,2,0)(2,2,1)(3,2,1)(4,1,0)(3,2,0)(4,3,1)(5,3,1)(6,3,0)(4,3,1)(5,3,1)(6,2,0)(5,3,0)(6,4,1)(7,4,1)(8,3,0)(7,4,0)(8,5,1)(9,5,1)(10,2,0)(2,2,1)
4744	(W_W_W+W_W)	T1	(0,0,0)(1,1,1)(2,1,1)(3,1,0)(1,1,1)(2,1,1)(3,1,0)(1,1,1)(2,1,1)(3,1,0)(1,1,0)(2,2,1)(3,2,1)(4,2,0)(2,2,1)(3,2,1)(4,2,0)(2,2,1)(3,2,1)(4,1,0)(3,2,0)(4,3,1)(5,3,1)(6,3,0)(4,3,1)(5,3,1)(6,2,0)(5,3,0)(6,4,1)(7,4,1)(8,3,0)(7,4,0)(8,5,1)(9,5,1)(10,2,0)(2,2,1)(3,2,1)(4,1,0)
4745	(W_W_W+W_(W+1))	T1	(0,0,0)(1,1,1)(2,1,1)(3,1,0)(1,1,1)(2,1,1)(3,1,0)(1,1,1)(2,1,1)(3,1,0)(1,1,0)(2,2,1)(3,2,1)(4,2,0)(2,2,1)(3,2,1)(4,2,0)(2,2,1)(3,2,1)(4,1,0)(3,2,0)(4,3,1)(5,3,1)(6,3,0)(4,3,1)(5,3,1)(6,2,0)(5,3,0)(6,4,1)(7,4,1)(8,3,0)(7,4,0)(8,5,1)(9,5,1)(10,3,0)
4746	(W_W_W+W_W_2)	T1	(0,0,0)(1,1,1)(2,1,1)(3,1,0)(1,1,1)(2,1,1)(3,1,0)(1,1,1)(2,1,1)(3,1,0)(1,1,0)(2,2,1)(3,2,1)(4,2,0)(2,2,1)(3,2,1)(4,2,0)(2,2,1)(3,2,1)(4,1,0)(3,2,0)(4,3,1)(5,3,1)(6,3,0)(4,3,1)(5,3,1)(6,2,0)(5,3,0)(6,4,1)(7,4,1)(8,3,0)(7,4,0)(8,5,1)(9,5,1)(10,3,0)(4,3,1)(5,3,1)(6,2,0)
4747	(W_W_W*2)	T1	(0,0,0)(1,1,1)(2,1,1)(3,1,0)(1,1,1)(2,1,1)(3,1,0)(1,1,1)(2,1,1)(3,1,0)(1,1,0)(2,2,1)(3,2,1)(4,2,0)(2,2,1)(3,2,1)(4,2,0)(2,2,1)(3,2,1)(4,1,0)(3,2,0)(4,3,1)(5,3,1)(6,3,0)(4,3,1)(5,3,1)(6,2,0)(5,3,0)(6,4,1)(7,4,1)(8,3,0)(7,4,0)(8,5,1)(9,5,1)(10,3,0)(4,3,1)(5,3,1)(6,2,0)(2,2,1)(3,2,1)(4,1,0)
4748	(W_W_W*w)	T2	(0,0,0)(1,1,1)(2,1,1)(3,1,0)(1,1,1)(2,1,1)(3,1,0)(1,1,1)(2,1,1)(3,1,0)(1,1,0)(2,2,1)(3,2,1)(4,2,0)(2,2,1)(3,2,1)(4,2,0)(2,2,1)(3,2,1)(4,1,0)(3,2,0)(4,3,1)(5,3,1)(6,3,0)(4,3,1)(5,3,1)(6,2,0)(5,3,0)(6,4,1)(7,4,1)(8,3,0)(7,4,1)
4749	(W_W_W*W_2)	T1	(0,0,0)(1,1,1)(2,1,1)(3,1,0)(1,1,1)(2,1,1)(3,1,0)(1,1,1)(2,1,1)(3,1,0)(1,1,0)(2,2,1)(3,2,1)(4,2,0)(2,2,1)(3,2,1)(4,2,0)(2,2,1)(3,2,1)(4,1,0)(3,2,0)(4,3,1)(5,3,1)(6,3,0)(4,3,1)(5,3,1)(6,2,0)(5,3,0)(6,4,1)(7,4,1)(8,3,0)(7,4,1)(8,2,0)
4750	(W_W_W*W_W)	T1	(0,0,0)(1,1,1)(2,1,1)(3,1,0)(1,1,1)(2,1,1)(3,1,0)(1,1,1)(2,1,1)(3,1,0)(1,1,0)(2,2,1)(3,2,1)(4,2,0)(2,2,1)(3,2,1)(4,2,0)(2,2,1)(3,2,1)(4,1,0)(3,2,0)(4,3,1)(5,3,1)(6,3,0)(4,3,1)(5,3,1)(6,2,0)(5,3,0)(6,4,1)(7,4,1)(8,3,0)(7,4,1)(8,2,0)(2,2,1)(3,2,1)(4,1,0)
4751	(W_W_W*W_(W+1))	T1	(0,0,0)(1,1,1)(2,1,1)(3,1,0)(1,1,1)(2,1,1)(3,1,0)(1,1,1)(2,1,1)(3,1,0)(1,1,0)(2,2,1)(3,2,1)(4,2,0)(2,2,1)(3,2,1)(4,2,0)(2,2,1)(3,2,1)(4,1,0)(3,2,0)(4,3,1)(5,3,1)(6,3,0)(4,3,1)(5,3,1)(6,2,0)(5,3,0)(6,4,1)(7,4,1)(8,3,0)(7,4,1)(8,3,0)
4752	(W_W_W*W_W_2)	T1	(0,0,0)(1,1,1)(2,1,1)(3,1,0)(1,1,1)(2,1,1)(3,1,0)(1,1,1)(2,1,1)(3,1,0)(1,1,0)(2,2,1)(3,2,1)(4,2,0)(2,2,1)(3,2,1)(4,2,0)(2,2,1)(3,2,1)(4,1,0)(3,2,0)(4,3,1)(5,3,1)(6,3,0)(4,3,1)(5,3,1)(6,2,0)(5,3,0)(6,4,1)(7,4,1)(8,3,0)(7,4,1)(8,3,0)(4,3,1)(5,3,1)(6,2,0)
4753	(W_W_W^2)	T1	(0,0,0)(1,1,1)(2,1,1)(3,1,0)(1,1,1)(2,1,1)(3,1,0)(1,1,1)(2,1,1)(3,1,0)(1,1,0)(2,2,1)(3,2,1)(4,2,0)(2,2,1)(3,2,1)(4,2,0)(2,2,1)(3,2,1)(4,1,0)(3,2,0)(4,3,1)(5,3,1)(6,3,0)(4,3,1)(5,3,1)(6,2,0)(5,3,0)(6,4,1)(7,4,1)(8,3,0)(7,4,1)(8,3,0)(4,3,1)(5,3,1)(6,2,0)(2,2,1)(3,2,1)(4,1,0)
4754	psi_W_(W_W+1)(W_(W_W+1))	T1	(0,0,0)(1,1,1)(2,1,1)(3,1,0)(1,1,1)(2,1,1)(3,1,0)(1,1,1)(2,1,1)(3,1,0)(1,1,0)(2,2,1)(3,2,1)(4,2,0)(2,2,1)(3,2,1)(4,2,0)(2,2,1)(3,2,1)(4,1,0)(3,2,0)(4,3,1)(5,3,1)(6,3,0)(4,3,1)(5,3,1)(6,2,0)(5,3,0)(6,4,1)(7,4,1)(8,3,0)(9,4,0)
4755	W_(W_W+1)	T1	(0,0,0)(1,1,1)(2,1,1)(3,1,0)(1,1,1)(2,1,1)(3,1,0)(1,1,1)(2,1,1)(3,1,0)(1,1,0)(2,2,1)(3,2,1)(4,2,0)(2,2,1)(3,2,1)(4,2,0)(2,2,1)(3,2,1)(4,1,0)(3,2,0)(4,3,1)(5,3,1)(6,3,0)(4,3,1)(5,3,1)(6,2,0)(5,3,0)(6,4,1)(7,4,1)(8,4,0)
4756	W_(W_W+w)	T2	(0,0,0)(1,1,1)(2,1,1)(3,1,0)(1,1,1)(2,1,1)(3,1,0)(1,1,1)(2,1,1)(3,1,0)(1,1,0)(2,2,1)(3,2,1)(4,2,0)(2,2,1)(3,2,1)(4,2,0)(2,2,1)(3,2,1)(4,1,0)(3,2,0)(4,3,1)(5,3,1)(6,3,0)(4,3,1)(5,3,1)(6,2,0)(5,3,0)(6,4,1)(7,4,1)(8,4,0)(6,4,1)
4757	W_(W_W+W_2)	T1	(0,0,0)(1,1,1)(2,1,1)(3,1,0)(1,1,1)(2,1,1)(3,1,0)(1,1,1)(2,1,1)(3,1,0)(1,1,0)(2,2,1)(3,2,1)(4,2,0)(2,2,1)(3,2,1)(4,2,0)(2,2,1)(3,2,1)(4,1,0)(3,2,0)(4,3,1)(5,3,1)(6,3,0)(4,3,1)(5,3,1)(6,2,0)(5,3,0)(6,4,1)(7,4,1)(8,4,0)(6,4,1)(7,4,1)(8,2,0)
4758	W_(W_W*2)	T1	(0,0,0)(1,1,1)(2,1,1)(3,1,0)(1,1,1)(2,1,1)(3,1,0)(1,1,1)(2,1,1)(3,1,0)(1,1,0)(2,2,1)(3,2,1)(4,2,0)(2,2,1)(3,2,1)(4,2,0)(2,2,1)(3,2,1)(4,1,0)(3,2,0)(4,3,1)(5,3,1)(6,3,0)(4,3,1)(5,3,1)(6,2,0)(5,3,0)(6,4,1)(7,4,1)(8,4,0)(6,4,1)(7,4,1)(8,2,0)(2,2,1)(3,2,1)(4,1,0)
4759	W_(W_W*w)	T2	(0,0,0)(1,1,1)(2,1,1)(3,1,0)(1,1,1)(2,1,1)(3,1,0)(1,1,1)(2,1,1)(3,1,0)(1,1,0)(2,2,1)(3,2,1)(4,2,0)(2,2,1)(3,2,1)(4,2,0)(2,2,1)(3,2,1)(4,1,0)(3,2,0)(4,3,1)(5,3,1)(6,3,0)(4,3,1)(5,3,1)(6,2,0)(5,3,1)
4760	W_(W_W*W_2)	T1	(0,0,0)(1,1,1)(2,1,1)(3,1,0)(1,1,1)(2,1,1)(3,1,0)(1,1,1)(2,1,1)(3,1,0)(1,1,0)(2,2,1)(3,2,1)(4,2,0)(2,2,1)(3,2,1)(4,2,0)(2,2,1)(3,2,1)(4,1,0)(3,2,0)(4,3,1)(5,3,1)(6,3,0)(4,3,1)(5,3,1)(6,2,0)(5,3,1)(6,2,0)
4761	W_(W_W^2)	T1	(0,0,0)(1,1,1)(2,1,1)(3,1,0)(1,1,1)(2,1,1)(3,1,0)(1,1,1)(2,1,1)(3,1,0)(1,1,0)(2,2,1)(3,2,1)(4,2,0)(2,2,1)(3,2,1)(4,2,0)(2,2,1)(3,2,1)(4,1,0)(3,2,0)(4,3,1)(5,3,1)(6,3,0)(4,3,1)(5,3,1)(6,2,0)(5,3,1)(6,2,0)(2,2,1)(3,2,1)(4,1,0)
4762	W_psi_W_(W+1)(W_(W+1))	T1	(0,0,0)(1,1,1)(2,1,1)(3,1,0)(1,1,1)(2,1,1)(3,1,0)(1,1,1)(2,1,1)(3,1,0)(1,1,0)(2,2,1)(3,2,1)(4,2,0)(2,2,1)(3,2,1)(4,2,0)(2,2,1)(3,2,1)(4,1,0)(3,2,0)(4,3,1)(5,3,1)(6,3,0)(4,3,1)(5,3,1)(6,2,0)(7,3,0)
4763	W_W_(W+1)	T1	(0,0,0)(1,1,1)(2,1,1)(3,1,0)(1,1,1)(2,1,1)(3,1,0)(1,1,1)(2,1,1)(3,1,0)(1,1,0)(2,2,1)(3,2,1)(4,2,0)(2,2,1)(3,2,1)(4,2,0)(2,2,1)(3,2,1)(4,1,0)(3,2,0)(4,3,1)(5,3,1)(6,3,0)(4,3,1)(5,3,1)(6,3,0)
4764	W_W_(W+w)	T2	(0,0,0)(1,1,1)(2,1,1)(3,1,0)(1,1,1)(2,1,1)(3,1,0)(1,1,1)(2,1,1)(3,1,0)(1,1,0)(2,2,1)(3,2,1)(4,2,0)(2,2,1)(3,2,1)(4,2,0)(2,2,1)(3,2,1)(4,1,0)(3,2,0)(4,3,1)(5,3,1)(6,3,0)(4,3,1)(5,3,1)(6,3,0)(4,3,1)
4765	W_W_(W2)	T1	(0,0,0)(1,1,1)(2,1,1)(3,1,0)(1,1,1)(2,1,1)(3,1,0)(1,1,1)(2,1,1)(3,1,0)(1,1,0)(2,2,1)(3,2,1)(4,2,0)(2,2,1)(3,2,1)(4,2,0)(2,2,1)(3,2,1)(4,1,0)(3,2,0)(4,3,1)(5,3,1)(6,3,0)(4,3,1)(5,3,1)(6,3,0)(4,3,1)(5,3,1)(6,1,0)
4766	W_W_(W*w)	T2	(0,0,0)(1,1,1)(2,1,1)(3,1,0)(1,1,1)(2,1,1)(3,1,0)(1,1,1)(2,1,1)(3,1,0)(1,1,0)(2,2,1)(3,2,1)(4,2,0)(2,2,1)(3,2,1)(4,2,0)(2,2,1)(3,2,1)(4,1,0)(3,2,1)
4767	W_W_(W^2)	T1	(0,0,0)(1,1,1)(2,1,1)(3,1,0)(1,1,1)(2,1,1)(3,1,0)(1,1,1)(2,1,1)(3,1,0)(1,1,0)(2,2,1)(3,2,1)(4,2,0)(2,2,1)(3,2,1)(4,2,0)(2,2,1)(3,2,1)(4,1,0)(3,2,1)(4,1,0)
4768	W_W_(W^W)	T1	(0,0,0)(1,1,1)(2,1,1)(3,1,0)(1,1,1)(2,1,1)(3,1,0)(1,1,1)(2,1,1)(3,1,0)(1,1,0)(2,2,1)(3,2,1)(4,2,0)(2,2,1)(3,2,1)(4,2,0)(2,2,1)(3,2,1)(4,1,0)(4,1,0)
4769	W_W_psi_1(W_2)	T1	(0,0,0)(1,1,1)(2,1,1)(3,1,0)(1,1,1)(2,1,1)(3,1,0)(1,1,1)(2,1,1)(3,1,0)(1,1,0)(2,2,1)(3,2,1)(4,2,0)(2,2,1)(3,2,1)(4,2,0)(2,2,1)(3,2,1)(4,1,0)(5,2,0)
4770	W_W_W_2	T1	(0,0,0)(1,1,1)(2,1,1)(3,1,0)(1,1,1)(2,1,1)(3,1,0)(1,1,1)(2,1,1)(3,1,0)(1,1,0)(2,2,1)(3,2,1)(4,2,0)(2,2,1)(3,2,1)(4,2,0)(2,2,1)(3,2,1)(4,2,0)
4771	W_W_W_3	T1	(0,0,0)(1,1,1)(2,1,1)(3,1,0)(1,1,1)(2,1,1)(3,1,0)(1,1,1)(2,1,1)(3,1,0)(1,1,0)(2,2,1)(3,2,1)(4,2,0)(2,2,1)(3,2,1)(4,2,0)(2,2,1)(3,2,1)(4,2,0)(2,2,0)(3,3,1)(4,3,1)(5,3,0)(3,3,1)(4,3,1)(5,3,0)(3,3,1)(4,3,1)(5,3,0)
4772	W_W_W_w	T2	(0,0,0)(1,1,1)(2,1,1)(3,1,0)(1,1,1)(2,1,1)(3,1,0)(1,1,1)(2,1,1)(3,1,0)(1,1,1)
4773	W_W_W_(w+1)	T1	(0,0,0)(1,1,1)(2,1,1)(3,1,0)(1,1,1)(2,1,1)(3,1,0)(1,1,1)(2,1,1)(3,1,0)(1,1,1)(2,1,0)(3,2,1)(4,2,1)(5,2,0)(3,2,1)(4,2,1)(5,2,0)(3,2,1)(4,2,1)(5,2,0)
4774	W_W_W_(w2)	T2	(0,0,0)(1,1,1)(2,1,1)(3,1,0)(1,1,1)(2,1,1)(3,1,0)(1,1,1)(2,1,1)(3,1,0)(1,1,1)(2,1,0)(3,2,1)(4,2,1)(5,2,0)(3,2,1)(4,2,1)(5,2,0)(3,2,1)(4,2,1)(5,2,0)(3,2,1)
4775	W_W_W_(w^2)	T2	(0,0,0)(1,1,1)(2,1,1)(3,1,0)(1,1,1)(2,1,1)(3,1,0)(1,1,1)(2,1,1)(3,1,0)(1,1,1)(2,1,1)
4776	W_W_W_(w^3)	T2	(0,0,0)(1,1,1)(2,1,1)(3,1,0)(1,1,1)(2,1,1)(3,1,0)(1,1,1)(2,1,1)(3,1,0)(1,1,1)(2,1,1)(2,1,1)
4777	W_W_W_(w^w)	T0	(0,0,0)(1,1,1)(2,1,1)(3,1,0)(1,1,1)(2,1,1)(3,1,0)(1,1,1)(2,1,1)(3,1,0)(1,1,1)(2,1,1)(3,0,0)
4778	W_W_W_W	T1	(0,0,0)(1,1,1)(2,1,1)(3,1,0)(1,1,1)(2,1,1)(3,1,0)(1,1,1)(2,1,1)(3,1,0)(1,1,1)(2,1,1)(3,1,0)
4779	W_W_W_W_2	T1	(0,0,0)(1,1,1)(2,1,1)(3,1,0)(1,1,1)(2,1,1)(3,1,0)(1,1,1)(2,1,1)(3,1,0)(1,1,1)(2,1,1)(3,1,0)(1,1,0)(2,2,1)(3,2,1)(4,2,0)(2,2,1)(3,2,1)(4,2,0)(2,2,1)(3,2,1)(4,2,0)(2,2,1)(3,2,1)(4,2,0)
4780	W_W_W_W_w	T2	(0,0,0)(1,1,1)(2,1,1)(3,1,0)(1,1,1)(2,1,1)(3,1,0)(1,1,1)(2,1,1)(3,1,0)(1,1,1)(2,1,1)(3,1,0)(1,1,1)
4781	W_W_W_W_(w^2)	T2	(0,0,0)(1,1,1)(2,1,1)(3,1,0)(1,1,1)(2,1,1)(3,1,0)(1,1,1)(2,1,1)(3,1,0)(1,1,1)(2,1,1)(3,1,0)(1,1,1)(2,1,1)
4782	W_W_W_W_W	T1	(0,0,0)(1,1,1)(2,1,1)(3,1,0)(1,1,1)(2,1,1)(3,1,0)(1,1,1)(2,1,1)(3,1,0)(1,1,1)(2,1,1)(3,1,0)(1,1,1)(2,1,1)(3,1,0)
4783	W_W_W_W_W_W	T1	(0,0,0)(1,1,1)(2,1,1)(3,1,0)(1,1,1)(2,1,1)(3,1,0)(1,1,1)(2,1,1)(3,1,0)(1,1,1)(2,1,1)(3,1,0)(1,1,1)(2,1,1)(3,1,0)(1,1,1)(2,1,1)(3,1,0)
